IncidentID,AgencyORI,AgencyName,IncidentStatusDesc,County,RdwyNumber,Street,RoadwayName,StreetSfx,StreetDir,IntersectionRdwy,IntersectionRdwyName,BetweenStRdwy1,BetweenStRdwyName1,BetweenStRdwy2,BetweenStRdwyName2,Latitude,Longitude,Milepoint,CollisionDate,CollisionTime,UnitsInvolved,MotorVehiclesInvolved,NumberKilled,NumberInjured,Weather,RdwyConditionCode,HitandRun,DirAnalysisCode,MannerofCollision,RdwyCharacter,LightCondition,RampFromRdwyId,RampToRdwyId,AcceptedDate,IsSecondaryCollision,OwnerBadge,IncidentStatus,
26543425,0568000,LOUISVILLE METRO POLICE DEPT,Accepted,JEFFERSON,KY1747,,FERN VALLEY,RD,,,JEANINE,,,,,38.157852485,-85.688547822,2.397,3/9/2020 12:00:00 AM,1400,2,2,0,0,CLOUDY,DRY,False,ANGLE COLLISION - ONE VEHICLE TURNING LEFT,ANGLE,STRAIGHT & LEVEL,DAYLIGHT,,,3/23/2020 11:35:06 AM,False,4693,Accepted,
26490864,0568000,LOUISVILLE METRO POLICE DEPT,Accepted,JEFFERSON,,,7TH,ST,S,,SHIPP,,,,,38.226189501,-85.769298696,0.615,3/9/2020 12:00:00 AM,1454,2,2,0,0,CLOUDY,DRY,False,ANGLE COLLISION - ONE VEHICLE TURNING LEFT,ANGLE,STRAIGHT & LEVEL,DAYLIGHT,,,3/10/2020 8:21:34 AM,False,7977,Accepted,
26484700,0568000,LOUISVILLE METRO POLICE DEPT,Accepted,JEFFERSON,KY1747,,HURSTBOURNE,PKWY,S,KY6159,BLUEGRASS PKWY ACCESS,,,,,38.220170919,-85.581442899,11.635,3/9/2020 12:00:00 AM,0526,2,2,0,0,CLEAR,DRY,False,ANGLE COLLISION - OTHER,ANGLE,STRAIGHT & LEVEL,DARK-HWY LIGHTED/ON,,,3/9/2020 8:51:49 AM,False,5117,Accepted,
26490860,0568000,LOUISVILLE METRO POLICE DEPT,Accepted,JEFFERSON,KY0061,,PRESTON,HWY,,,MCCAWLEY,,,,,38.144765573,-85.690231696,4.427,3/9/2020 12:00:00 AM,0722,2,2,0,2,CLOUDY,DRY,False,ANGLE COLLISION - OTHER,ANGLE,STRAIGHT & LEVEL,DARK (UNKNOWN ROADWAY LIGHTING),,,3/10/2020 8:21:20 AM,False,4693,Accepted,
26490876,0568000,LOUISVILLE METRO POLICE DEPT,Accepted,JEFFERSON,KY1865,,NEW CUT,RD,,KY1142,PALATKA,,,,,38.150819358,-85.776446153,3.005,3/9/2020 12:00:00 AM,1641,2,2,0,0,CLOUDY,DRY,False,ANGLE COLLISION - OTHER,ANGLE,STRAIGHT & LEVEL,DAYLIGHT,,,3/10/2020 8:22:20 AM,False,7234,Accepted,
26490865,0568000,LOUISVILLE METRO POLICE DEPT,Accepted,JEFFERSON,,,STRAWBERRY,LN,,,ESTELE,,,,,38.159603958,-85.762597418,0.152,3/9/2020 12:00:00 AM,1433,2,2,0,0,CLOUDY,DRY,False,ANGLE COLLISION - OTHER,ANGLE,STRAIGHT & LEVEL,DAYLIGHT,,,3/10/2020 8:21:37 AM,False,7768,Accepted,
26490848,0568000,LOUISVILLE METRO POLICE DEPT,Accepted,JEFFERSON,,,NORRIS,PL,,,STEVENS,,,,,38.229253514,-85.710295074,0.199,3/9/2020 12:00:00 AM,0810,2,2,0,0,CLEAR,DRY,False,ANGLE COLLISION - OTHER,ANGLE,STRAIGHT & LEVEL,DAYLIGHT,,,3/10/2020 8:20:21 AM,False,2100,Accepted,
26490871,0568000,LOUISVILLE METRO POLICE DEPT,Accepted,JEFFERSON,,,MAMARONECK,RD,,,KLONDIKE,,,,,38.203274519,-85.638462933,0.491,3/9/2020 12:00:00 AM,1455,2,2,0,0,CLOUDY,DRY,False,ANGLE COLLISION - OTHER,ANGLE,STRAIGHT & LEVEL,DAYLIGHT,,,3/10/2020 8:22:02 AM,False,5119,Accepted,
26496421,0568000,LOUISVILLE METRO POLICE DEPT,Accepted,JEFFERSON,,,BICKNELL,AVE,,KY1865,TAYLOR,,,,,38.183124787,-85.783730016,0.284,3/9/2020 12:00:00 AM,1527,2,2,0,0,CLEAR,DRY,False,ANGLE COLLISION - OTHER,ANGLE,STRAIGHT & LEVEL,DAYLIGHT,,,3/11/2020 8:30:40 AM,False,7471,Accepted,
26490894,0568000,LOUISVILLE METRO POLICE DEPT,Accepted,JEFFERSON,,,3RD,ST,S,,TENNY,,,,,38.176958060,-85.767067119,1.514,3/9/2020 12:00:00 AM,1447,2,2,0,0,CLEAR,DRY,False,ANGLE COLLISION - OTHER,ANGLE,STRAIGHT & LEVEL,DAYLIGHT,,,3/10/2020 8:23:05 AM,False,5052,Accepted,
26490907,0568000,LOUISVILLE METRO POLICE DEPT,Accepted,JEFFERSON,US0060,,SHELBYVILLE,RD,,,VIEUX CARRE,,,,,38.246203326,-85.574500793,7.989,3/9/2020 12:00:00 AM,1656,2,2,0,0,CLOUDY,DRY,False,OPPOSING LEFT TURN,OPPOSING LEFT TURN,STRAIGHT & LEVEL,DAYLIGHT,,,3/10/2020 8:23:46 AM,False,7751,Accepted,
26490870,0568000,LOUISVILLE METRO POLICE DEPT,Accepted,JEFFERSON,US0031W,,DIXIE,HWY,,,FLINTLOCK,,,,,38.160131944,-85.832901930,12.737,3/9/2020 12:00:00 AM,1504,2,2,0,0,CLOUDY,DRY,False,SIDESWIPE-SAME DIRECTION,SIDESWIPE-SAME DIRECTION,STRAIGHT & LEVEL,DAYLIGHT,,,3/10/2020 8:21:58 AM,False,7356,Accepted,
26490872,0568000,LOUISVILLE METRO POLICE DEPT,Accepted,JEFFERSON,KY3082,,BANK,ST,,,31ST,,,,,38.272194845,-85.798889589,0.615,3/9/2020 12:00:00 AM,1658,2,2,0,0,CLEAR,DRY,False,SIDESWIPE-SAME DIRECTION,SIDESWIPE-SAME DIRECTION,STRAIGHT & LEVEL,DAYLIGHT,,,3/10/2020 8:22:06 AM,False,7220,Accepted,
26490904,0568000,LOUISVILLE METRO POLICE DEPT,Accepted,JEFFERSON,KY1065,,OUTER,LOOP,,,NOLTEMEYER WYNDE,,,,,38.138278546,-85.680382185,6.415,3/9/2020 12:00:00 AM,2040,2,2,0,0,CLEAR,DRY,False,SIDESWIPE-SAME DIRECTION,SIDESWIPE-SAME DIRECTION,STRAIGHT & LEVEL,DARK-HWY LIGHTED/ON,,,3/10/2020 8:23:36 AM,False,5141,Accepted,
26490898,0568000,LOUISVILLE METRO POLICE DEPT,Accepted,JEFFERSON,,,STRAWBERRY,LN,,,CRITTENDEN DR CONN,,,,,38.172476121,-85.752511721,1.313,3/9/2020 12:00:00 AM,2130,2,2,0,0,CLEAR,DRY,False,SIDESWIPE-SAME DIRECTION,SIDESWIPE-SAME DIRECTION,STRAIGHT & LEVEL,DARK-HWY LIGHTED/OFF,,,3/10/2020 8:23:17 AM,False,5245,Accepted,
26490899,0568000,LOUISVILLE METRO POLICE DEPT,Accepted,JEFFERSON,,,BROOK,ST,S,,MUHAMMAD ALI,,,,,38.250538288,-85.751659543,3.202,3/9/2020 12:00:00 AM,2313,2,2,0,0,RAINING,WET,False,SIDESWIPE-SAME DIRECTION,SIDESWIPE-SAME DIRECTION,STRAIGHT & LEVEL,DARK-HWY LIGHTED/ON,,,3/10/2020 8:23:20 AM,False,7862,Accepted,
26518900,0568000,LOUISVILLE METRO POLICE DEPT,Accepted,JEFFERSON,,,MUHAMMAD ALI,BLVD,E,KY0061,PRESTON,,,,,38.250047464,-85.746812140,0.719,3/9/2020 12:00:00 AM,1859,2,2,0,0,CLEAR,DRY,False,SIDESWIPE-SAME DIRECTION,SIDESWIPE-SAME DIRECTION,STRAIGHT & LEVEL,DUSK,,,3/16/2020 9:01:00 AM,False,5251,Accepted,
26490878,0568000,LOUISVILLE METRO POLICE DEPT,Accepted,JEFFERSON,KY1631,,CRITTENDEN,DR,,,BOXLEY,,,,,38.205351895,-85.750825500,1.201,3/9/2020 12:00:00 AM,1422,2,2,0,0,CLOUDY,DRY,False,SIDESWIPE-SAME DIRECTION,SIDESWIPE-SAME DIRECTION,STRAIGHT & LEVEL,DAYLIGHT,,,3/10/2020 8:22:29 AM,False,7495,Accepted,
26490869,0568000,LOUISVILLE METRO POLICE DEPT,Accepted,JEFFERSON,,,ALDER,AVE,,,NORTON,,,,,38.173897971,-85.714419597,0.106,3/9/2020 12:00:00 AM,1553,2,2,0,0,CLOUDY,DRY,False,OTHER INTERSECTION COLLISIONS,REAR TO REAR,STRAIGHT & LEVEL,DAYLIGHT,,,3/10/2020 8:21:54 AM,False,2796,Accepted,
26533041,0568000,LOUISVILLE METRO POLICE DEPT,Accepted,JEFFERSON,,,ST CATHERINE,ST,W,,7TH,,,,,38.237713703,-85.764659310,0.536,3/9/2020 12:00:00 AM,1427,2,2,0,0,CLOUDY,DRY,False,OTHER INTERSECTION COLLISIONS,REAR END,STRAIGHT & LEVEL,DAYLIGHT,,,3/19/2020 8:24:22 AM,False,7619,Accepted,
26490851,0568000,LOUISVILLE METRO POLICE DEPT,Accepted,JEFFERSON,US0060,,SHELBYVILLE,RD,,,WILDWOOD,,,,,38.246144924,-85.573275702,8.059,3/9/2020 12:00:00 AM,0921,2,2,0,0,CLEAR,DRY,False,OTHER INTERSECTION COLLISIONS,REAR END,STRAIGHT & LEVEL,DAYLIGHT,,,3/10/2020 8:20:35 AM,False,2109,Accepted,
26490866,0568000,LOUISVILLE METRO POLICE DEPT,Accepted,JEFFERSON,KY1703,,NEWBURG,RD,,,RICHMOND,,,,,38.220394472,-85.709916954,4.108,3/9/2020 12:00:00 AM,1520,2,2,0,0,CLOUDY,DRY,True,OTHER INTERSECTION COLLISIONS,REAR TO REAR,STRAIGHT & LEVEL,DAYLIGHT,,,3/10/2020 8:21:43 AM,False,2100,Accepted,
26490905,0568000,LOUISVILLE METRO POLICE DEPT,Accepted,JEFFERSON,US0060A,,EASTERN,PKWY,,,BRADLEY,,,,,38.212513248,-85.747042277,4.278,3/9/2020 12:00:00 AM,1915,2,2,0,0,CLOUDY,DRY,False,OTHER INTERSECTION COLLISIONS,REAR END,STRAIGHT & LEVEL,DUSK,,,3/10/2020 8:23:40 AM,False,5037,Accepted,
26496419,0568000,LOUISVILLE METRO POLICE DEPT,Accepted,JEFFERSON,,,TAYLOR,AVE,,KY0864,POPLAR LEVEL,,,,,38.199149797,-85.708257003,0.643,3/9/2020 12:00:00 AM,1911,2,2,0,0,CLEAR,DRY,False,OTHER INTERSECTION COLLISIONS,REAR END,STRAIGHT & LEVEL,DAYLIGHT,,,3/11/2020 8:30:15 AM,False,5106,Accepted,
26484701,0568000,LOUISVILLE METRO POLICE DEPT,Accepted,JEFFERSON,,1445,BEECH,ST,,,,,,,,38.233597794,-85.804985181,0.338,3/9/2020 12:00:00 AM,0654,2,2,0,0,CLEAR,DRY,False,COLLISION WITH FIXED OBJECT NON - INTERSECTION - FIRST EVENT COLLISION 09 - 32 EXCLUDING 16,SIDESWIPE-SAME DIRECTION,CURVE & LEVEL,DARK-HWY LIGHTED/ON,,,3/9/2020 8:51:52 AM,False,5256,Accepted,
26496420,0568000,LOUISVILLE METRO POLICE DEPT,Accepted,JEFFERSON,,1128,ASHLAND,AVE,W,,,,,,,38.184993531,-85.762426925,0.011,3/9/2020 12:00:00 AM,0600,1,1,0,0,CLEAR,DRY,True,1 VEHICLE PARKED POSITION (NOT PARKING LOT/DRIVEWAY),SINGLE VEHICLE,STRAIGHT & LEVEL,DAYLIGHT,,,3/11/2020 8:30:34 AM,False,7471,Accepted,
26490890,0568000,LOUISVILLE METRO POLICE DEPT,Accepted,JEFFERSON,,,VILLAGE,DR,,,,,SPRING,,DOROTHY,38.227602621,-85.694252275,0.183,3/9/2020 12:00:00 AM,1843,2,2,0,0,CLOUDY,DRY,False,1 VEHICLE PARKED POSITION (NOT PARKING LOT/DRIVEWAY),SIDESWIPE-SAME DIRECTION,STRAIGHT & LEVEL,DAYLIGHT,,,3/10/2020 8:22:52 AM,False,2100,Accepted,
26490900,0568000,LOUISVILLE METRO POLICE DEPT,Accepted,JEFFERSON,,5604,LAGOONA,DR,,,,,,,,38.166194535,-85.677089001,0.436,3/9/2020 12:00:00 AM,2332,2,2,0,0,CLOUDY,DRY,False,1 VEHICLE PARKED POSITION (NOT PARKING LOT/DRIVEWAY),SIDESWIPE-OPPOSITE DIRECTION,STRAIGHT & LEVEL,DARK-HWY NOT LIGHTED,,,3/10/2020 8:23:23 AM,False,2737,Accepted,
26490901,0568000,LOUISVILLE METRO POLICE DEPT,Accepted,JEFFERSON,US0060,,FRANKFORT,AVE,,,,,STATE,,POPE,38.256731960,-85.716203060,0.112,3/9/2020 12:00:00 AM,2323,5,5,0,1,CLOUDY,DRY,False,1 VEHICLE PARKED POSITION (NOT PARKING LOT/DRIVEWAY),SIDESWIPE-OPPOSITE DIRECTION,STRAIGHT & GRADE,DARK-HWY LIGHTED/ON,,,3/10/2020 8:23:27 AM,False,2229,Accepted,
26490903,0568000,LOUISVILLE METRO POLICE DEPT,Accepted,JEFFERSON,KY0155,,TAYLORSVILLE,RD,,,,,POPE LICK,KY2265,ROUTT,38.190982121,-85.485555228,4.798,3/9/2020 12:00:00 AM,2000,2,2,0,0,CLEAR,DRY,False,REAR END IN TRAFFIC LANES BOTH VEHICLES MOVING,REAR END,STRAIGHT & LEVEL,DARK-HWY NOT LIGHTED,,,3/10/2020 8:23:33 AM,False,5141,Accepted,
26543465,0568000,LOUISVILLE METRO POLICE DEPT,Accepted,JEFFERSON,KY0864,,POPLAR LEVEL,RD,,,,,,,,38.171539940,-85.684818784,9.210,3/9/2020 12:00:00 AM,1400,2,2,0,0,CLOUDY,DRY,True,REAR END IN TRAFFIC LANES BOTH VEHICLES MOVING,REAR END,STRAIGHT & LEVEL,DAYLIGHT,,,3/23/2020 11:38:00 AM,False,4693,Accepted,
26490875,0568000,LOUISVILLE METRO POLICE DEPT,Accepted,JEFFERSON,US0031W,,DIXIE,HWY,,,,,,,,38.130562196,-85.847577145,10.476,3/9/2020 12:00:00 AM,1250,2,2,0,0,CLOUDY,DRY,False,REAR END IN TRAFFIC LANES BOTH VEHICLES MOVING,REAR END,STRAIGHT & LEVEL,DAYLIGHT,,,3/10/2020 8:22:17 AM,False,7234,Accepted,
26490874,0568000,LOUISVILLE METRO POLICE DEPT,Accepted,JEFFERSON,US0031W,,DIXIE,HWY,,,,,,,,38.165504156,-85.830051492,13.053,3/9/2020 12:00:00 AM,1324,3,3,0,0,CLOUDY,DRY,False,REAR END IN TRAFFIC LANES BOTH VEHICLES MOVING,REAR END,STRAIGHT & LEVEL,DAYLIGHT,,,3/10/2020 8:22:13 AM,False,7234,Accepted,
26490861,0568000,LOUISVILLE METRO POLICE DEPT,Accepted,JEFFERSON,,,OLD BARDSTOWN,RD,,,,,,,,38.116465115,-85.571865939,1.027,3/9/2020 12:00:00 AM,0739,2,2,0,0,CLOUDY,DRY,False,REAR END IN TRAFFIC LANES BOTH VEHICLES MOVING,REAR END,STRAIGHT & LEVEL,DARK (UNKNOWN ROADWAY LIGHTING),,,3/10/2020 8:21:23 AM,False,4693,Accepted,
26490862,0568000,LOUISVILLE METRO POLICE DEPT,Accepted,JEFFERSON,KY1932,,BRECKENRIDGE,LN,,,,,,,,38.219044566,-85.629328659,2.766,3/9/2020 12:00:00 AM,1220,2,2,0,0,CLOUDY,DRY,False,SIDESWIPE COLLISION - SAME DIRECTION,SIDESWIPE-SAME DIRECTION,STRAIGHT & LEVEL,DAYLIGHT,,,3/10/2020 8:21:27 AM,False,4693,Accepted,
26490863,0568000,LOUISVILLE METRO POLICE DEPT,Accepted,JEFFERSON,,,16TH,ST,S,,,,CHESTNUT,,PLYMOUTH,38.250840332,-85.777789416,0.555,3/9/2020 12:00:00 AM,1400,2,2,0,0,CLOUDY,DRY,False,SIDESWIPE COLLISION - SAME DIRECTION,SIDESWIPE-SAME DIRECTION,STRAIGHT & LEVEL,DAYLIGHT,,,3/10/2020 8:21:30 AM,False,7241,Accepted,
26490853,0568000,LOUISVILLE METRO POLICE DEPT,Accepted,JEFFERSON,US0031E,,BARDSTOWN,RD,,,,US0031E,US31E CROSSOVER,,BARDSTOWN BLUFF,38.090664367,-85.557013578,1.043,3/9/2020 12:00:00 AM,1052,2,2,0,0,CLOUDY,DRY,False,SIDESWIPE COLLISION - SAME DIRECTION,SIDESWIPE-SAME DIRECTION,STRAIGHT & GRADE,DAYLIGHT,,,3/10/2020 8:20:44 AM,False,2017,Accepted,
26490859,0568000,LOUISVILLE METRO POLICE DEPT,Accepted,JEFFERSON,US0031E,,BUECHEL,BYP,,,,,,,,38.191029428,-85.652248679,10.284,3/9/2020 12:00:00 AM,1409,2,2,0,0,CLOUDY,DRY,False,SIDESWIPE COLLISION - SAME DIRECTION,SIDESWIPE-SAME DIRECTION,STRAIGHT & GRADE,DAYLIGHT,,,3/10/2020 8:21:16 AM,False,7307,Accepted,
26502488,0568000,LOUISVILLE METRO POLICE DEPT,Accepted,JEFFERSON,I 0264,,I264 E,,,,,,,,,38.244362172,-85.620863879,19.388,3/9/2020 12:00:00 AM,0737,2,2,0,0,CLOUDY,DRY,False,SIDESWIPE COLLISION - SAME DIRECTION,SIDESWIPE-SAME DIRECTION,STRAIGHT & LEVEL,DAYLIGHT,,,3/12/2020 8:48:39 AM,False,4903,Accepted,
26490877,0568000,LOUISVILLE METRO POLICE DEPT,Accepted,JEFFERSON,KY3064,2620,PORTLAND,AVE,,,,,,,,38.271718532,-85.791734706,0.551,3/9/2020 12:00:00 AM,1744,2,2,0,0,CLOUDY,DRY,False,SIDESWIPE COLLISION - SAME DIRECTION,SIDESWIPE-SAME DIRECTION,STRAIGHT & LEVEL,DAYLIGHT,,,3/10/2020 8:22:23 AM,False,7345,Accepted,
26490891,0568000,LOUISVILLE METRO POLICE DEPT,Accepted,JEFFERSON,KY0061,,PRESTON,HWY,,,,,MINOR,,RACHEL,38.144065123,-85.689839062,4.374,3/9/2020 12:00:00 AM,1632,2,2,0,0,CLEAR,DRY,False,SIDESWIPE COLLISION - OPPOSITE DIRECTION,SIDESWIPE-OPPOSITE DIRECTION,STRAIGHT & LEVEL,DAYLIGHT,,,3/10/2020 8:22:55 AM,False,2324,Accepted,
26490893,0568000,LOUISVILLE METRO POLICE DEPT,Accepted,JEFFERSON,,7300B,ARNOLDTOWN,RD,,,,,,,,38.146118391,-85.823153432,0.241,3/9/2020 12:00:00 AM,1453,2,2,0,0,CLEAR,DRY,False,SIDESWIPE COLLISION - OPPOSITE DIRECTION,SIDESWIPE-OPPOSITE DIRECTION,STRAIGHT & LEVEL,DAYLIGHT,,,3/10/2020 8:23:02 AM,False,7149,Accepted,
26484694,0568000,LOUISVILLE METRO POLICE DEPT,Accepted,JEFFERSON,,,CHAMBERLAIN,LN,,,,,,,,38.297017634,-85.541191957,1.941,3/9/2020 12:00:00 AM,0542,2,2,0,1,CLEAR,DRY,False,1 VEHICLE ENTERING/LEAVING ENTRANCE,ANGLE,STRAIGHT & LEVEL,DARK-HWY LIGHTED/OFF,,,3/9/2020 8:51:34 AM,False,7944,Accepted,
26490873,0568000,LOUISVILLE METRO POLICE DEPT,Accepted,JEFFERSON,,,LOWER HUNTERS,TRCE,,,,,,,,38.164706161,-85.865600713,1.836,3/9/2020 12:00:00 AM,1125,2,2,0,0,CLOUDY,DRY,False,1 VEHICLE ENTERING/LEAVING ENTRANCE,ANGLE,STRAIGHT & LEVEL,DAYLIGHT,,,3/10/2020 8:22:10 AM,False,7234,Accepted,
26490884,0568000,LOUISVILLE METRO POLICE DEPT,Accepted,JEFFERSON,I 0265,,I265 S,,,,,,,,,38.222249099,-85.505794892,25.413,3/9/2020 12:00:00 AM,1437,2,2,0,0,CLEAR,DRY,False,OTHER ROADWAY OR MID-BLOCK COLLISION,REAR END,STRAIGHT & LEVEL,DAYLIGHT,,,3/10/2020 8:22:42 AM,False,8278,Accepted,
26490909,0568000,LOUISVILLE METRO POLICE DEPT,Accepted,JEFFERSON,KY2054,,ALGONQUIN,PKWY,,,,,,,,38.223068615,-85.790993941,1.695,3/9/2020 12:00:00 AM,1930,2,2,0,0,CLOUDY,WET,False,OTHER ROADWAY OR MID-BLOCK COLLISION,OPPOSING LEFT TURN,STRAIGHT & LEVEL,DARK-HWY LIGHTED/ON,,,3/10/2020 8:23:52 AM,False,7461,Accepted,
26562325,0568000,LOUISVILLE METRO POLICE DEPT,Accepted,JEFFERSON,,,MURPHY,LN,,,,,,,,38.304214660,-85.534118672,0.173,3/9/2020 12:00:00 AM,0730,2,2,0,0,CLEAR,DRY,False,OTHER ROADWAY OR MID-BLOCK COLLISION,REAR TO REAR,STRAIGHT & LEVEL,DAYLIGHT,,,3/30/2020 8:19:52 AM,False,7615,Accepted,
26490852,0568000,LOUISVILLE METRO POLICE DEPT,Accepted,JEFFERSON,I 0071,,,,,,,,,,,38.313118776,-85.578075616,0.120,3/9/2020 12:00:00 AM,1140,1,1,0,0,CLEAR,DRY,False,COLLISION WITH FIXED OBJECT NOT IN GORE ,SINGLE VEHICLE,CURVE & GRADE,DAYLIGHT,I 0071,I 0071,3/10/2020 8:20:39 AM,False,4903,Accepted,
26496368,0568000,LOUISVILLE METRO POLICE DEPT,Accepted,JEFFERSON,I 0065,,,,,,,,,,,38.242282952,-85.752657522,0.002,3/9/2020 12:00:00 AM,0738,2,2,0,0,CLEAR,DRY,False,OTHER RAMP RELATED COLLISIONS NOT LISTED ABOVE,REAR END,STRAIGHT & GRADE,DAYLIGHT,I 0065,S BROOK ST,3/11/2020 8:27:05 AM,False,7720,Accepted,
26490902,0568000,LOUISVILLE METRO POLICE DEPT,Accepted,JEFFERSON,I 0064,,,,,,,,,,,38.259233565,-85.765600876,0.225,3/9/2020 12:00:00 AM,2300,2,2,0,0,RAINING,WET,False,OTHER RAMP RELATED COLLISIONS NOT LISTED ABOVE,HEAD ON,CURVE & GRADE,DARK-HWY LIGHTED/ON,US31W,I 0064,3/10/2020 8:23:30 AM,False,5195,Accepted,
26496374,0568000,LOUISVILLE METRO POLICE DEPT,Accepted,JEFFERSON,I 0065,,,,,,,,,,,38.137956483,-85.709177034,1.421,3/9/2020 12:00:00 AM,0850,2,2,0,1,CLOUDY,DRY,False,OTHER RAMP RELATED COLLISIONS NOT LISTED ABOVE,REAR END,CURVE & LEVEL,DAYLIGHT,I 0065,KY1065,3/11/2020 8:27:32 AM,False,4656,Accepted,
26494930,0560300,ST. MATTHEWS POLICE DEPARTMENT,Accepted,JEFFERSON,I 0264,,,,,,,,,,,38.248943210,-85.620689430,0.295,3/9/2020 12:00:00 AM,1936,1,1,0,0,CLEAR,DRY,False,OTHER RAMP RELATED COLLISIONS NOT LISTED ABOVE,SINGLE VEHICLE,STRAIGHT & LEVEL,DARK-HWY LIGHTED/ON,I 0264,US0060,3/10/2020 11:44:27 PM,False,9170,Accepted,
26608085,0568000,LOUISVILLE METRO POLICE DEPT,Accepted,JEFFERSON,I 0065,,,,,,,,,,,38.227140083,-85.751651794,0.032,3/9/2020 12:00:00 AM,1400,2,2,0,0,CLEAR,DRY,False,OTHER RAMP RELATED COLLISIONS NOT LISTED ABOVE,REAR END,STRAIGHT & LEVEL,DAYLIGHT,I 0065,KY0061,4/16/2020 8:20:13 AM,False,7296,Accepted,
26484668,0568000,LOUISVILLE METRO POLICE DEPT,Accepted,JEFFERSON,US0150,200,BROADWAY,,E,,,,BROOK,,FLOYD,38.245468882,-85.751289823,2.755,3/8/2020 12:00:00 AM,1425,2,2,0,0,CLEAR,DRY,False,COLLISION IN PARKING LOT,BACKING,STRAIGHT & LEVEL,DAYLIGHT,,,3/9/2020 8:50:21 AM,False,6360,Accepted,
26484693,0568000,LOUISVILLE METRO POLICE DEPT,Accepted,JEFFERSON,KY1447,10301,WESTPORT,RD,,,SPRINGHURST,,,,,38.293605042,-85.559527147,6.010,3/8/2020 12:00:00 AM,2004,2,2,0,0,CLOUDY,DRY,True,COLLISION IN PARKING LOT,SIDESWIPE-SAME DIRECTION,STRAIGHT & LEVEL,DAYLIGHT,,,3/9/2020 8:51:31 AM,False,7944,Accepted,
26484643,0568000,LOUISVILLE METRO POLICE DEPT,Accepted,JEFFERSON,,3201,LEITH,LN,,,,,GOLDSMITH,,BISHOP,38.202236303,-85.681652707,0.476,3/8/2020 12:00:00 AM,1700,2,2,0,0,CLEAR,DRY,False,COLLISION IN PARKING LOT,BACKING,STRAIGHT & LEVEL,DAYLIGHT,,,3/9/2020 8:49:20 AM,False,2307,Accepted,
26484649,0568000,LOUISVILLE METRO POLICE DEPT,Accepted,JEFFERSON,I 0264,,,,,,,,,,,38.254038493,-85.805336757,0.008,3/8/2020 12:00:00 AM,1331,2,2,0,0,CLOUDY,DRY,False,OTHER RAMP RELATED COLLISIONS NOT LISTED ABOVE,REAR END,STRAIGHT & GRADE,DAYLIGHT,I 0264,MUHAMMAD ALI BLVD,3/9/2020 8:49:51 AM,False,5000,Accepted,
26484635,0568000,LOUISVILLE METRO POLICE DEPT,Accepted,JEFFERSON,,3614,GREEN MEADOWS,DR,,,,,,,,38.201856908,-85.657842812,0.080,3/8/2020 12:00:00 AM,1230,2,2,0,0,CLEAR,DRY,False,COLLISION IN PARKING LOT,REAR TO REAR,STRAIGHT & LEVEL,DAYLIGHT,,,3/9/2020 8:48:41 AM,False,7448,Accepted,
26484647,0568000,LOUISVILLE METRO POLICE DEPT,Accepted,JEFFERSON,I 0065,,,,,,,,,,,38.191385446,-85.730998844,0.428,3/8/2020 12:00:00 AM,1043,1,1,0,0,CLEAR,DRY,False,COLLISION WITH FIXED OBJECT NOT IN GORE ,SINGLE VEHICLE,CURVE & HILLCREST,DAYLIGHT,I 0065,I 0065,3/9/2020 8:49:43 AM,False,7398,Accepted,
26484632,0568000,LOUISVILLE METRO POLICE DEPT,Accepted,JEFFERSON,US0060,,SHELBYVILLE,RD,,,,,CHESTNUT GLEN,,FLAT ROCK,38.235864963,-85.444312153,15.420,3/8/2020 12:00:00 AM,1145,2,2,0,0,CLEAR,DRY,False,OTHER ROADWAY OR MID-BLOCK COLLISION,REAR END,STRAIGHT & LEVEL,DAYLIGHT,,,3/9/2020 8:48:28 AM,False,6953,Accepted,
26484634,0568000,LOUISVILLE METRO POLICE DEPT,Accepted,JEFFERSON,KY2054,3811,ALGONQUIN,PKWY,,,,,,,,38.225612127,-85.819585190,0.155,3/8/2020 12:00:00 AM,1322,2,2,0,0,CLEAR,DRY,True,OTHER ROADWAY OR MID-BLOCK COLLISION,REAR END,STRAIGHT & LEVEL,DAYLIGHT,,,3/9/2020 8:48:37 AM,False,2569,Accepted,
26484612,0568000,LOUISVILLE METRO POLICE DEPT,Accepted,JEFFERSON,KY0146,,NEW LA GRANGE,RD,,,,,WASHBURN,,SUNDANCE,38.254627770,-85.611199898,0.502,3/8/2020 12:00:00 AM,0335,2,2,0,0,CLOUDY,DRY,False,OTHER ROADWAY OR MID-BLOCK COLLISION,OPPOSING LEFT TURN,STRAIGHT & LEVEL,DARK-HWY NOT LIGHTED,,,3/9/2020 8:47:24 AM,False,7944,Accepted,
26484645,0568000,LOUISVILLE METRO POLICE DEPT,Accepted,JEFFERSON,,,TOWNE CENTER,DR,,,,,,,,38.298190619,-85.556082953,0.206,3/8/2020 12:00:00 AM,1507,2,2,0,0,CLEAR,DRY,False,OTHER ROADWAY OR MID-BLOCK COLLISION,OPPOSING LEFT TURN,STRAIGHT & LEVEL,DAYLIGHT,,,3/9/2020 8:49:35 AM,False,7839,Accepted,
26484636,0568000,LOUISVILLE METRO POLICE DEPT,Accepted,JEFFERSON,KY0022,,BROWNSBORO,RD,,,,,,,,38.310845671,-85.570496638,4.252,3/8/2020 12:00:00 AM,1505,2,2,0,0,CLEAR,DRY,False,OTHER ROADWAY OR MID-BLOCK COLLISION,REAR END,STRAIGHT & LEVEL,DAYLIGHT,,,3/9/2020 8:48:45 AM,False,2489,Accepted,