IncidentID,AgencyORI,AgencyName,IncidentStatusDesc,County,RdwyNumber,Street,RoadwayName,StreetSfx,StreetDir,IntersectionRdwy,IntersectionRdwyName,BetweenStRdwy1,BetweenStRdwyName1,BetweenStRdwy2,BetweenStRdwyName2,Latitude,Longitude,Milepoint,CollisionDate,CollisionTime,UnitsInvolved,MotorVehiclesInvolved,NumberKilled,NumberInjured,Weather,RdwyConditionCode,HitandRun,DirAnalysisCode,MannerofCollision,RdwyCharacter,LightCondition,RampFromRdwyId,RampToRdwyId,AcceptedDate,IsSecondaryCollision,OwnerBadge,IncidentStatus,
26484544,0568000,LOUISVILLE METRO POLICE DEPT,Accepted,JEFFERSON,KY0061,,PRESTON,HWY,,,LACLEDE,,,,,38.162608760,-85.700375973,5.796,3/7/2020 12:00:00 AM,1526,2,2,0,0,CLEAR,DRY,False,OPPOSING LEFT TURN,OPPOSING LEFT TURN,STRAIGHT & LEVEL,DAYLIGHT,,,3/9/2020 8:44:10 AM,False,5027,Accepted,
26484672,0568000,LOUISVILLE METRO POLICE DEPT,Accepted,JEFFERSON,US0150,,BROADWAY,,W,,DIXIE,,,,,38.248952601,-85.782071125,1.070,3/7/2020 12:00:00 AM,1549,2,2,0,0,CLEAR,DRY,False,SIDESWIPE-SAME DIRECTION,SIDESWIPE-SAME DIRECTION,STRAIGHT & LEVEL,DAYLIGHT,,,3/9/2020 8:50:29 AM,False,5187,Accepted,
26484555,0568000,LOUISVILLE METRO POLICE DEPT,Accepted,JEFFERSON,,,ACCOMACK,DR,,,BRIDGEWOOD,,,,,38.302543885,-85.540261381,0.190,3/7/2020 12:00:00 AM,1641,2,2,0,0,CLEAR,DRY,True,SIDESWIPE-SAME DIRECTION,SIDESWIPE-SAME DIRECTION,STRAIGHT & LEVEL,DAYLIGHT,,,3/9/2020 8:44:55 AM,False,7355,Accepted,
26484616,0568000,LOUISVILLE METRO POLICE DEPT,Accepted,JEFFERSON,,,SILS,AVE,,US0031E,BARDSTOWN,,,,,38.223974047,-85.690113307,0.013,3/7/2020 12:00:00 AM,1921,2,2,0,0,CLEAR,DRY,False,REAR END - ONE VEHICLE TURNING LEFT,REAR END,STRAIGHT & LEVEL,DARK-HWY LIGHTED/OFF,,,3/9/2020 8:47:41 AM,False,2230,Accepted,
26668724,0568000,LOUISVILLE METRO POLICE DEPT,Accepted,JEFFERSON,KY1747,,FERN VALLEY,RD,,KY0061,PRESTON,,,,,38.157047779,-85.696614153,1.961,3/7/2020 12:00:00 AM,1230,3,3,0,1,CLEAR,DRY,False,OTHER INTERSECTION COLLISIONS,REAR END,STRAIGHT & LEVEL,DAYLIGHT,,,5/7/2020 9:13:45 AM,False,7269,Accepted,
26484550,0568000,LOUISVILLE METRO POLICE DEPT,Accepted,JEFFERSON,KY0864,,POPLAR LEVEL,RD,,,FINCASTLE,,,,,38.207675661,-85.715364724,12.281,3/7/2020 12:00:00 AM,1704,2,2,0,2,CLEAR,DRY,False,OTHER INTERSECTION COLLISIONS,REAR END,STRAIGHT & LEVEL,DAYLIGHT,,,3/9/2020 8:44:40 AM,False,2532,Accepted,
26484539,0568000,LOUISVILLE METRO POLICE DEPT,Accepted,JEFFERSON,US0031E,,BARDSTOWN,RD,,,FERN CREEK,,,,,38.157575089,-85.590946745,6.161,3/7/2020 12:00:00 AM,1220,3,3,0,0,CLEAR,DRY,False,OTHER INTERSECTION COLLISIONS,REAR END,STRAIGHT & LEVEL,DAYLIGHT,,,3/9/2020 8:43:56 AM,False,6494,Accepted,
26484605,0568000,LOUISVILLE METRO POLICE DEPT,Accepted,JEFFERSON,KY1747,,HURSTBOURNE,PKWY,,US0031E,BARDSTOWN,,,,,38.168769404,-85.605134479,7.475,3/7/2020 12:00:00 AM,2039,2,2,0,0,CLEAR,DRY,True,OTHER INTERSECTION COLLISIONS,REAR END,STRAIGHT & GRADE,DUSK,,,3/9/2020 8:47:01 AM,False,7315,Accepted,
26484547,0568000,LOUISVILLE METRO POLICE DEPT,Accepted,JEFFERSON,,,LAUREL RIDGE,RD,,KY1065,OUTER,,,,,38.137879537,-85.673783542,0.003,3/7/2020 12:00:00 AM,1605,2,2,0,0,CLEAR,DRY,False,OTHER INTERSECTION COLLISIONS,REAR END,STRAIGHT & LEVEL,DAYLIGHT,,,3/9/2020 8:44:28 AM,False,7465,Accepted,
26484545,0568000,LOUISVILLE METRO POLICE DEPT,Accepted,JEFFERSON,US0031E,,BARDSTOWN,RD,,,HARVARD,,,,,38.224353176,-85.693308115,13.603,3/7/2020 12:00:00 AM,1518,2,2,0,0,CLEAR,DRY,False,OTHER INTERSECTION COLLISIONS,REAR END,STRAIGHT & LEVEL,DAYLIGHT,,,3/9/2020 8:44:18 AM,False,7570,Accepted,
26484683,0568000,LOUISVILLE METRO POLICE DEPT,Accepted,JEFFERSON,I 0065,,I65 S,,,,,,,,,38.114868900,-85.701715175,125.149,3/7/2020 12:00:00 AM,2014,1,1,0,0,CLEAR,DRY,False,COLLISION WITH FIXED OBJECT NON - INTERSECTION - FIRST EVENT COLLISION 09 - 32 EXCLUDING 16,SINGLE VEHICLE,STRAIGHT & LEVEL,DARK (UNKNOWN ROADWAY LIGHTING),,,3/9/2020 8:51:12 AM,False,7829,Accepted,
26484642,0568000,LOUISVILLE METRO POLICE DEPT,Accepted,JEFFERSON,KY0841,,GENE SNYDER,FWY,,,,KY1020,NATIONAL,KY0841,KY841 RAMP FROM KY1020,38.117492338,-85.747021733,7.708,3/7/2020 12:00:00 AM,1534,1,1,0,0,CLEAR,DRY,False,COLLISION WITH FIXED OBJECT NON - INTERSECTION - FIRST EVENT COLLISION 09 - 32 EXCLUDING 16,SINGLE VEHICLE,STRAIGHT & LEVEL,DAYLIGHT,,,3/9/2020 8:49:13 AM,False,7202,Accepted,
26484520,0568000,LOUISVILLE METRO POLICE DEPT,Accepted,JEFFERSON,,,HILL,ST,W,,,,,,,38.227975864,-85.780157309,1.271,3/7/2020 12:00:00 AM,0125,1,1,0,0,CLEAR,DRY,True,COLLISION WITH FIXED OBJECT NON - INTERSECTION - FIRST EVENT COLLISION 09 - 32 EXCLUDING 16,SINGLE VEHICLE,STRAIGHT & HILLCREST,DARK-HWY LIGHTED/ON,,,3/9/2020 8:42:45 AM,False,7434,Accepted,
26484531,0568000,LOUISVILLE METRO POLICE DEPT,Accepted,JEFFERSON,,5435,MINOR,LN,,,,,,,,38.144937583,-85.700643063,0.553,3/7/2020 12:00:00 AM,1150,1,1,0,0,CLEAR,DRY,False,RAN OFF ROADWAY (1 VEHICLE WITH/EARTH EMBANKMENT/DITCH),SINGLE VEHICLE,CURVE & LEVEL,DAYLIGHT,,,3/9/2020 8:43:25 AM,False,7269,Accepted,
26484618,0568000,LOUISVILLE METRO POLICE DEPT,Accepted,JEFFERSON,,4207,NORENE,LN,,,,,,,,38.166559957,-85.683435876,0.316,3/7/2020 12:00:00 AM,1634,2,2,0,0,CLEAR,DRY,False,1 VEHICLE PARKED POSITION (NOT PARKING LOT/DRIVEWAY),BACKING,STRAIGHT & LEVEL,DAYLIGHT,,,3/9/2020 8:47:49 AM,False,5027,Accepted,
26484559,0568000,LOUISVILLE METRO POLICE DEPT,Accepted,JEFFERSON,,3520,WHEELER,AVE,,,,,,,,38.194962747,-85.788312469,0.103,3/7/2020 12:00:00 AM,0710,2,2,0,0,CLEAR,DRY,False,1 VEHICLE PARKED POSITION (NOT PARKING LOT/DRIVEWAY),SIDESWIPE-SAME DIRECTION,STRAIGHT & LEVEL,DAYLIGHT,,,3/9/2020 8:45:10 AM,False,7418,Accepted,
26484565,0568000,LOUISVILLE METRO POLICE DEPT,Accepted,JEFFERSON,I 0264,,I264 E,,,,,I 0264,I264 E EXIT9 ON RAMP FROM KY1865,I 0264,I264 E EXIT10 OFF RAMP TO KY1020,38.189286272,-85.774082653,9.646,3/7/2020 12:00:00 AM,1151,2,2,0,0,CLEAR,DRY,False,REAR END IN TRAFFIC LANES BOTH VEHICLES MOVING,REAR END,STRAIGHT & LEVEL,DAYLIGHT,,,3/9/2020 8:45:41 AM,False,7418,Accepted,
26484560,0568000,LOUISVILLE METRO POLICE DEPT,Accepted,JEFFERSON,,1213,6TH,ST,S,,,,,,,38.234388768,-85.763889322,1.574,3/7/2020 12:00:00 AM,0821,2,2,0,0,CLEAR,DRY,False,1 VEHICLE PARKED POSITION (NOT PARKING LOT/DRIVEWAY),SIDESWIPE-SAME DIRECTION,STRAIGHT & LEVEL,DAYLIGHT,,,3/9/2020 8:45:20 AM,False,7418,Accepted,
26484569,0568000,LOUISVILLE METRO POLICE DEPT,Accepted,JEFFERSON,,1303,MORTON,AVE,,,,,,,,38.241024345,-85.726040618,0.052,3/7/2020 12:00:00 AM,1237,2,2,0,0,CLEAR,DRY,True,1 VEHICLE PARKED POSITION (NOT PARKING LOT/DRIVEWAY),SIDESWIPE-SAME DIRECTION,STRAIGHT & LEVEL,DAYLIGHT,,,3/9/2020 8:45:57 AM,False,5006,Accepted,
26484541,0568000,LOUISVILLE METRO POLICE DEPT,Accepted,JEFFERSON,KY1065,4840,OUTER,LOOP,,,,,,,,38.137784065,-85.671710245,6.879,3/7/2020 12:00:00 AM,1358,2,2,0,0,CLEAR,DRY,False,REAR END IN TRAFFIC LANES BOTH VEHICLES MOVING,REAR END,STRAIGHT & LEVEL,DAYLIGHT,,,3/9/2020 8:44:00 AM,False,7379,Accepted,
28409922,0568000,LOUISVILLE METRO POLICE DEPT,Accepted,JEFFERSON,,,CEDAR,ST,,,,,6TH,,7TH,38.252878747,-85.761170455,0.033,3/7/2020 12:00:00 AM,1245,2,2,0,0,CLEAR,DRY,False,1 VEHICLE PARKED POSITION (NOT PARKING LOT/DRIVEWAY),REAR END,STRAIGHT & LEVEL,DARK-HWY LIGHTED/ON,,,7/26/2021 8:04:27 AM,False,7823,Accepted,
26484604,0568000,LOUISVILLE METRO POLICE DEPT,Accepted,JEFFERSON,KY0864,,FEGENBUSH,LN,,,,,GLASER,,ARTHUR GOINS,38.139930723,-85.617801753,4.541,3/7/2020 12:00:00 AM,1950,2,2,0,0,CLEAR,DRY,True,REAR END IN TRAFFIC LANES BOTH VEHICLES MOVING,REAR END,STRAIGHT & LEVEL,DARK-HWY LIGHTED/ON,,,3/9/2020 8:46:57 AM,False,5116,Accepted,
26484644,0568000,LOUISVILLE METRO POLICE DEPT,Accepted,JEFFERSON,,,INDIAN,TRL,E,,,,HELMWOOD,KY0061,PRESTON,38.168710833,-85.703559205,0.165,3/7/2020 12:00:00 AM,1641,2,2,0,0,CLEAR,DRY,False,REAR END IN TRAFFIC LANES BOTH VEHICLES MOVING,REAR END,STRAIGHT & LEVEL,DAYLIGHT,,,3/9/2020 8:49:27 AM,False,7830,Accepted,
26484611,0568000,LOUISVILLE METRO POLICE DEPT,Accepted,JEFFERSON,KY1703,3815,NEWBURG,RD,,,,,,,,38.181759199,-85.662173622,0.250,3/7/2020 12:00:00 AM,2053,2,2,0,3,CLEAR,DRY,False,HEAD-ON COLLISION,HEAD ON,STRAIGHT & LEVEL,OTHER,,,3/9/2020 8:47:19 AM,False,5001,Accepted,
26484601,0568000,LOUISVILLE METRO POLICE DEPT,Accepted,JEFFERSON,,2212,CRITTENDEN,DR,,,,,,,,38.214822467,-85.750887817,0.141,3/7/2020 12:00:00 AM,1903,2,2,0,0,CLEAR,DRY,False,SIDESWIPE COLLISION - SAME DIRECTION,SIDESWIPE-SAME DIRECTION,STRAIGHT & LEVEL,DARK-HWY LIGHTED/ON,,,3/9/2020 8:46:45 AM,False,7094,Accepted,
26484592,0568000,LOUISVILLE METRO POLICE DEPT,Accepted,JEFFERSON,,,ESTELE,AVE,,,,,,,,38.160414030,-85.763622140,0.286,3/7/2020 12:00:00 AM,1444,2,2,0,0,CLEAR,DRY,True,SIDESWIPE COLLISION - SAME DIRECTION,SIDESWIPE-SAME DIRECTION,STRAIGHT & LEVEL,DAYLIGHT,,,3/9/2020 8:46:13 AM,False,7331,Accepted,
26484597,0568000,LOUISVILLE METRO POLICE DEPT,Accepted,JEFFERSON,I 0064,,I64 W,,,,,,,,,38.260201380,-85.768107498,3.645,3/7/2020 12:00:00 AM,1720,2,2,0,0,CLEAR,DRY,False,SIDESWIPE COLLISION - SAME DIRECTION,SIDESWIPE-SAME DIRECTION,STRAIGHT & LEVEL,DAYLIGHT,,,3/9/2020 8:46:30 AM,False,7216,Accepted,
26484619,0568000,LOUISVILLE METRO POLICE DEPT,Accepted,JEFFERSON,KY1065,4200B,OUTER,LOOP,,,,,,,,38.138296950,-85.684181264,6.197,3/7/2020 12:00:00 AM,1414,2,2,0,0,CLEAR,DRY,False,SIDESWIPE COLLISION - SAME DIRECTION,SIDESWIPE-SAME DIRECTION,STRAIGHT & LEVEL,DAYLIGHT,,,3/9/2020 8:47:53 AM,False,7669,Accepted,
26484563,0568000,LOUISVILLE METRO POLICE DEPT,Accepted,JEFFERSON,,,7TH,ST,S,,,,HILL,,BURNETT,38.226841389,-85.768962664,0.664,3/7/2020 12:00:00 AM,0955,2,2,0,0,CLEAR,DRY,False,SIDESWIPE COLLISION - SAME DIRECTION,SIDESWIPE-SAME DIRECTION,STRAIGHT & LEVEL,DAYLIGHT,,,3/9/2020 8:45:31 AM,False,7418,Accepted,
26484530,0568000,LOUISVILLE METRO POLICE DEPT,Accepted,JEFFERSON,I 0071,,I71 S,,,,,I 0071,I71 TURN AROUND6,I 0071,I71 TURN AROUND8,38.301131288,-85.611127790,7.205,3/7/2020 12:00:00 AM,0845,2,2,0,0,CLEAR,DRY,True,SIDESWIPE COLLISION - SAME DIRECTION,SIDESWIPE-SAME DIRECTION,STRAIGHT & LEVEL,DAYLIGHT,,,3/9/2020 8:43:22 AM,False,2969,Accepted,
26490889,0568000,LOUISVILLE METRO POLICE DEPT,Accepted,JEFFERSON,KY1703,,NEWBURG,RD,,,,,,,,38.215010985,-85.703483977,3.569,3/7/2020 12:00:00 AM,1739,2,2,0,0,CLOUDY,DRY,False,SIDESWIPE COLLISION - OPPOSITE DIRECTION,SIDESWIPE-OPPOSITE DIRECTION,STRAIGHT & LEVEL,DAYLIGHT,,,3/10/2020 8:22:49 AM,False,8278,Accepted,
26546167,0568000,LOUISVILLE METRO POLICE DEPT,Accepted,JEFFERSON,US0042,,BROWNSBORO,RD,,,,,REBEL,,HILLCREST,38.260474311,-85.686120953,2.726,3/7/2020 12:00:00 AM,0700,2,2,0,0,CLEAR,DRY,False,SIDESWIPE COLLISION - SAME DIRECTION,SIDESWIPE-SAME DIRECTION,STRAIGHT & LEVEL,DARK-HWY LIGHTED/ON,,,3/24/2020 8:46:37 AM,False,7180,Accepted,
26496367,0568000,LOUISVILLE METRO POLICE DEPT,Accepted,JEFFERSON,,912,CAMDEN,AVE,,,,,,,,38.192972660,-85.773883541,0.303,3/7/2020 12:00:00 AM,1453,2,2,0,0,CLEAR,DRY,False,VEHICLE BACKING NON INTERSECTION,BACKING,STRAIGHT & LEVEL,DAYLIGHT,,,3/11/2020 8:27:01 AM,False,7418,Accepted,
26484554,0568000,LOUISVILLE METRO POLICE DEPT,Accepted,JEFFERSON,KY1747,4590,HURSTBOURNE,PKWY,S,,,,,,,38.185858013,-85.606142252,8.706,3/7/2020 12:00:00 AM,1641,2,2,0,0,CLEAR,WET,True,VEHICLE BACKING NON INTERSECTION,BACKING,STRAIGHT & LEVEL,DAYLIGHT,,,3/9/2020 8:44:51 AM,False,7338,Accepted,
26524055,0568000,LOUISVILLE METRO POLICE DEPT,Accepted,JEFFERSON,US0031E,6900,BARDSTOWN,RD,,,,,,,,38.147049225,-85.585884012,5.332,3/7/2020 12:00:00 AM,1730,2,2,0,0,CLOUDY,DRY,True,VEHICLE BACKING NON INTERSECTION,BACKING,STRAIGHT & LEVEL,DAYLIGHT,,,3/17/2020 8:25:24 AM,False,6494,Accepted,
26484552,0568000,LOUISVILLE METRO POLICE DEPT,Accepted,JEFFERSON,I 0264,,I264 W,,,,,,,,,38.231778679,-85.820588200,3.389,3/7/2020 12:00:00 AM,1152,1,1,0,1,CLEAR,DRY,False,OTHER ROADWAY OR MID-BLOCK COLLISION,SINGLE VEHICLE,STRAIGHT & LEVEL,DAYLIGHT,,,3/9/2020 8:44:48 AM,False,5290,Accepted,
26484658,0568000,LOUISVILLE METRO POLICE DEPT,Accepted,JEFFERSON,KY1020,,SOUTHSIDE,DR,,,,,,,,38.157778268,-85.764636996,6.006,3/7/2020 12:00:00 AM,1245,3,3,0,0,CLEAR,DRY,False,OTHER ROADWAY OR MID-BLOCK COLLISION,REAR END,STRAIGHT & LEVEL,DAYLIGHT,,,3/9/2020 8:50:07 AM,False,7053,Accepted,
26490844,0568000,LOUISVILLE METRO POLICE DEPT,Accepted,JEFFERSON,KY1932,3039,BRECKENRIDGE,LN,,,,,,,,38.217587504,-85.627227421,2.619,3/7/2020 12:00:00 AM,1258,1,1,0,0,CLEAR,DRY,False,OTHER ROADWAY OR MID-BLOCK COLLISION,SINGLE VEHICLE,STRAIGHT & LEVEL,DAYLIGHT,,,3/10/2020 8:20:05 AM,False,7482,Accepted,
26484590,0568000,LOUISVILLE METRO POLICE DEPT,Accepted,JEFFERSON,I 0264,,I264 E,,,,,I 0264,I264 E EXIT9 ON RAMP FROM KY1865,I 0264,I264 E EXIT10 OFF RAMP TO KY1020,38.189579641,-85.771688056,9.780,3/7/2020 12:00:00 AM,1900,2,2,0,0,CLEAR,DRY,False,OTHER ROADWAY OR MID-BLOCK COLLISION,REAR END,STRAIGHT & LEVEL,DARK-HWY LIGHTED/ON,,,3/9/2020 8:46:08 AM,False,7048,Accepted,
26484549,0568000,LOUISVILLE METRO POLICE DEPT,Accepted,JEFFERSON,KY1747,,HURSTBOURNE,PKWY,S,,,,,,,38.200422986,-85.602974507,9.710,3/7/2020 12:00:00 AM,1702,2,2,0,0,CLEAR,DRY,False,OTHER ROADWAY OR MID-BLOCK COLLISION,REAR END,STRAIGHT & LEVEL,DAYLIGHT,,,3/9/2020 8:44:36 AM,False,7739,Accepted,
26496456,0568000,LOUISVILLE METRO POLICE DEPT,Accepted,JEFFERSON,US0031E,956,BAXTER,AVE,,,,,,,,38.241146786,-85.724989576,15.717,3/7/2020 12:00:00 AM,0323,2,2,0,0,CLEAR,DRY,False,OTHER ROADWAY OR MID-BLOCK COLLISION,OPPOSING LEFT TURN,STRAIGHT & GRADE,DARK-HWY LIGHTED/ON,,,3/11/2020 8:31:13 AM,False,7376,Accepted,
26484562,0568000,LOUISVILLE METRO POLICE DEPT,Accepted,JEFFERSON,I 0065,,,,,,,,,,,38.190668005,-85.731387962,0.459,3/7/2020 12:00:00 AM,0849,1,1,0,0,CLEAR,DRY,False,COLLISION WITH FIXED OBJECT NOT IN GORE ,SINGLE VEHICLE,STRAIGHT & LEVEL,DAYLIGHT,I 0065,I 0065,3/9/2020 8:45:27 AM,False,7418,Accepted,
26484629,0568000,LOUISVILLE METRO POLICE DEPT,Accepted,JEFFERSON,KY0061,4704,PRESTON,HWY,,,,,,,,38.179393559,-85.717858744,7.343,3/7/2020 12:00:00 AM,2006,2,2,0,0,CLEAR,DRY,True,COLLISION IN PARKING LOT,BACKING,STRAIGHT & LEVEL,DARK-HWY LIGHTED/ON,,,3/9/2020 8:48:12 AM,False,7830,Accepted,
26484546,0568000,LOUISVILLE METRO POLICE DEPT,Accepted,JEFFERSON,,3706,DIANN MARIE,RD,,,,,,,,38.300586403,-85.544806465,0.063,3/7/2020 12:00:00 AM,1533,2,2,0,0,CLEAR,DRY,False,COLLISION IN PARKING LOT,SIDESWIPE-SAME DIRECTION,STRAIGHT & LEVEL,DAYLIGHT,,,3/9/2020 8:44:23 AM,False,2489,Accepted,
26484638,0568000,LOUISVILLE METRO POLICE DEPT,Accepted,JEFFERSON,I 0265,,,,,,,,,,,38.108332349,-85.676654955,0.348,3/7/2020 12:00:00 AM,1402,2,2,0,0,CLEAR,DRY,False,OTHER RAMP RELATED COLLISIONS NOT LISTED ABOVE,REAR END,CURVE & LEVEL,DAYLIGHT,I 0265,KY0061,3/9/2020 8:48:49 AM,False,7991,Accepted,
26474644,0568000,LOUISVILLE METRO POLICE DEPT,Accepted,JEFFERSON,I 0264,,,,,,,,,,,38.194548903,-85.708279883,0.263,3/6/2020 12:00:00 AM,0803,2,2,0,0,CLOUDY,DRY,False,OTHER RAMP RELATED COLLISIONS NOT LISTED ABOVE,REAR END,CURVE & GRADE,DAYLIGHT,I 0264,KY0864,3/6/2020 4:05:23 PM,False,4693,Accepted,
26484529,0568000,LOUISVILLE METRO POLICE DEPT,Accepted,JEFFERSON,I 0065,,,,,,,,,,,38.157397922,-85.716402165,0.478,3/6/2020 12:00:00 AM,1730,2,2,0,0,CLEAR,DRY,False,OTHER RAMP RELATED COLLISIONS NOT LISTED ABOVE,REAR END,CURVE & HILLCREST,DAYLIGHT,I 0065,KY1631,3/9/2020 8:43:18 AM,False,7669,Accepted,
26474634,0568000,LOUISVILLE METRO POLICE DEPT,Accepted,JEFFERSON,I 0064,,,,,,,,,,,38.240745706,-85.621656498,0.652,3/6/2020 12:00:00 AM,0621,2,2,0,1,CLOUDY,DRY,True,OTHER RAMP RELATED COLLISIONS NOT LISTED ABOVE,REAR END,CURVE & LEVEL,DARK-HWY LIGHTED/ON,I 0064,I 0264,3/6/2020 4:05:10 PM,False,4656,Accepted,
26484450,0568000,LOUISVILLE METRO POLICE DEPT,Accepted,JEFFERSON,,,SPRINGHURST,BLVD,,,,,,,,38.298737996,-85.560214571,0.359,3/6/2020 12:00:00 AM,1556,2,2,0,0,,,True,COLLISION IN PARKING LOT,SIDESWIPE-SAME DIRECTION,,,,,3/9/2020 8:40:16 AM,False,7839,Accepted,
26484525,0568000,LOUISVILLE METRO POLICE DEPT,Accepted,JEFFERSON,,604,HIGHWOOD,PL,,,,,,,,38.268793395,-85.702785770,0.011,3/6/2020 12:00:00 AM,2131,2,2,0,0,CLEAR,DRY,True,COLLISION IN PARKING LOT,REAR END,CURVE & HILLCREST,DARK-HWY LIGHTED/ON,,,3/9/2020 8:43:07 AM,False,5171,Accepted,
26484518,0568000,LOUISVILLE METRO POLICE DEPT,Accepted,JEFFERSON,KY0841,,,,,,,,,,,38.121504930,-85.777909851,0.078,3/6/2020 12:00:00 AM,2150,1,1,0,0,CLEAR,DRY,False,COLLISION WITH FIXED OBJECT NOT IN GORE ,SINGLE VEHICLE,CURVE & LEVEL,DARK-HWY LIGHTED/ON,KY1865,KY0841,3/9/2020 8:42:35 AM,False,5209,Accepted,
26508180,0568000,LOUISVILLE METRO POLICE DEPT,Accepted,JEFFERSON,KY1934,,CANE RUN,RD,,,,,,,,38.189965748,-85.849738980,8.258,3/6/2020 12:00:00 AM,2124,3,3,0,1,CLEAR,DRY,False,OTHER ROADWAY OR MID-BLOCK COLLISION,OPPOSING LEFT TURN,STRAIGHT & LEVEL,DARK-HWY NOT LIGHTED,,,3/13/2020 9:14:44 AM,False,5160,Accepted,
26474619,0568000,LOUISVILLE METRO POLICE DEPT,Accepted,JEFFERSON,I 0064,,I64 E,,,,,,,,,38.249021603,-85.706694449,7.714,3/6/2020 12:00:00 AM,0654,2,2,0,0,CLOUDY,DRY,False,OTHER ROADWAY OR MID-BLOCK COLLISION,REAR END,STRAIGHT & LEVEL,DAYLIGHT,,,3/6/2020 4:04:08 PM,False,4903,Accepted,
26484514,0568000,LOUISVILLE METRO POLICE DEPT,Accepted,JEFFERSON,US0031W,,DIXIE,HWY,,,,KY0907,VALLEY STATION,,VESPER,38.107355254,-85.866910288,8.611,3/6/2020 12:00:00 AM,2105,2,2,0,0,CLEAR,DRY,False,OTHER ROADWAY OR MID-BLOCK COLLISION,REAR END,STRAIGHT & LEVEL,DARK-HWY LIGHTED/ON,,,3/9/2020 8:42:13 AM,False,2721,Accepted,
26472172,0568000,LOUISVILLE METRO POLICE DEPT,Accepted,JEFFERSON,KY1230,,CANE RUN,RD,,,,,,,,38.175463028,-85.888860229,6.821,3/6/2020 12:00:00 AM,0025,1,1,0,0,CLEAR,DRY,False,OTHER ROADWAY OR MID-BLOCK COLLISION,SINGLE VEHICLE,CURVE & LEVEL,DARK-HWY LIGHTED/OFF,,,3/6/2020 8:27:19 AM,False,5170,Accepted,
26502476,0568000,LOUISVILLE METRO POLICE DEPT,Accepted,JEFFERSON,I 0264,,I264 E,,,,,I 0065,I264 E EXIT12 ON RAMP,I 0264,I264 E EXIT14 OFF RAMP TO KY864,38.191928992,-85.713598198,12.963,3/6/2020 12:00:00 AM,0720,2,2,0,0,CLEAR,DRY,False,OTHER ROADWAY OR MID-BLOCK COLLISION,REAR END,STRAIGHT & LEVEL,DAYLIGHT,,,3/12/2020 8:47:57 AM,False,7938,Accepted,
26484506,0568000,LOUISVILLE METRO POLICE DEPT,Accepted,JEFFERSON,,,WILLS,CT,,,,,,,,38.232362859,-85.809166874,0.015,3/6/2020 12:00:00 AM,1149,2,2,0,0,CLEAR,DRY,False,VEHICLE BACKING NON INTERSECTION,BACKING,STRAIGHT & LEVEL,DAYLIGHT,,,3/9/2020 8:41:26 AM,False,5179,Accepted,
26484434,0568000,LOUISVILLE METRO POLICE DEPT,Accepted,JEFFERSON,,1500,DIXIE,HWY,,,,,,,,38.228283518,-85.790485629,1.498,3/6/2020 12:00:00 AM,1723,2,2,0,0,CLOUDY,DRY,False,1 VEHICLE ENTERING/LEAVING ENTRANCE,ANGLE,STRAIGHT & LEVEL,DAYLIGHT,,,3/9/2020 8:40:01 AM,False,7070,Accepted,
26484515,0568000,LOUISVILLE METRO POLICE DEPT,Accepted,JEFFERSON,KY1747,,FERN VALLEY,RD,,,,KY0061,PRESTON,KY1747,KY1747 CROSSOVER,38.157038092,-85.696427036,1.970,3/6/2020 12:00:00 AM,2321,2,2,0,0,CLEAR,DRY,False,1 VEHICLE ENTERING/LEAVING ENTRANCE,ANGLE,STRAIGHT & LEVEL,DARK-HWY LIGHTED/ON,,,3/9/2020 8:42:19 AM,False,7735,Accepted,
26487627,0560600,WEST BUECHEL POLICE DEPT.,Accepted,JEFFERSON,US0031E,3616,BUECHEL,BYP,,,,,,,,38.198775415,-85.661593241,11.020,3/6/2020 12:00:00 AM,1726,2,2,0,0,CLEAR,DRY,False,1 VEHICLE ENTERING/LEAVING ENTRANCE,ANGLE,STRAIGHT & LEVEL,DAYLIGHT,,,3/9/2020 3:27:45 PM,False,1290,Accepted,
26484436,0568000,LOUISVILLE METRO POLICE DEPT,Accepted,JEFFERSON,US0031W,,DIXIE,HWY,,,,,,,,38.165860308,-85.829805930,13.132,3/6/2020 12:00:00 AM,1352,2,2,0,0,CLOUDY,DRY,False,SIDESWIPE COLLISION - SAME DIRECTION,SIDESWIPE-SAME DIRECTION,STRAIGHT & LEVEL,DAYLIGHT,,,3/9/2020 8:40:04 AM,False,7234,Accepted,
26474628,0568000,LOUISVILLE METRO POLICE DEPT,Accepted,JEFFERSON,US0031E,,MAIN,ST,E,,,,,,,38.254300397,-85.734635536,16.857,3/6/2020 12:00:00 AM,0957,2,2,0,1,CLOUDY,DRY,False,SIDESWIPE COLLISION - SAME DIRECTION,SIDESWIPE-SAME DIRECTION,STRAIGHT & LEVEL,DAYLIGHT,,,3/6/2020 4:04:50 PM,False,7216,Accepted,
26490854,0568000,LOUISVILLE METRO POLICE DEPT,Accepted,JEFFERSON,I 0065,,I65 S,,,,,,,,,38.112706714,-85.701628039,125.000,3/6/2020 12:00:00 AM,1618,2,2,0,0,CLOUDY,DRY,False,SIDESWIPE COLLISION - SAME DIRECTION,SIDESWIPE-SAME DIRECTION,STRAIGHT & LEVEL,DAYLIGHT,,,3/10/2020 8:21:00 AM,False,8278,Accepted,