IncidentID,AgencyORI,AgencyName,IncidentStatusDesc,County,RdwyNumber,Street,RoadwayName,StreetSfx,StreetDir,IntersectionRdwy,IntersectionRdwyName,BetweenStRdwy1,BetweenStRdwyName1,BetweenStRdwy2,BetweenStRdwyName2,Latitude,Longitude,Milepoint,CollisionDate,CollisionTime,UnitsInvolved,MotorVehiclesInvolved,NumberKilled,NumberInjured,Weather,RdwyConditionCode,HitandRun,DirAnalysisCode,MannerofCollision,RdwyCharacter,LightCondition,RampFromRdwyId,RampToRdwyId,AcceptedDate,IsSecondaryCollision,OwnerBadge,IncidentStatus,
26484526,0568000,LOUISVILLE METRO POLICE DEPT,Accepted,JEFFERSON,I 0265,,I265 E,,,,,,,,,38.118763632,-85.638786780,13.808,3/6/2020 12:00:00 AM,2150,2,2,0,0,CLEAR,DRY,True,SIDESWIPE COLLISION - SAME DIRECTION,SIDESWIPE-SAME DIRECTION,STRAIGHT & LEVEL,DARK-HWY LIGHTED/ON,,,3/9/2020 8:43:10 AM,False,5182,Accepted,
26484424,0568000,LOUISVILLE METRO POLICE DEPT,Accepted,JEFFERSON,,,CHESTNUT,ST,E,,,KY0061,PRESTON,KY0061,JACKSON,38.247721745,-85.746478193,0.353,3/6/2020 12:00:00 AM,1617,2,2,0,0,CLOUDY,DRY,False,SIDESWIPE COLLISION - SAME DIRECTION,SIDESWIPE-SAME DIRECTION,STRAIGHT & LEVEL,DAYLIGHT,,,3/9/2020 8:39:53 AM,False,6360,Accepted,
26484398,0568000,LOUISVILLE METRO POLICE DEPT,Accepted,JEFFERSON,,,43RD,ST,S,,,,,,,38.242660135,-85.825099919,1.594,3/6/2020 12:00:00 AM,1302,2,2,0,0,CLOUDY,DRY,True,SIDESWIPE COLLISION - SAME DIRECTION,SIDESWIPE-SAME DIRECTION,STRAIGHT & GRADE,DAYLIGHT,,,3/9/2020 8:39:28 AM,False,7357,Accepted,
26484498,0568000,LOUISVILLE METRO POLICE DEPT,Accepted,JEFFERSON,,,5TH,ST,S,,,,BRECKINRIDGE,,YORK,38.242817724,-85.760593316,2.835,3/6/2020 12:00:00 AM,1401,2,2,0,0,CLEAR,DRY,False,SIDESWIPE COLLISION - SAME DIRECTION,SIDESWIPE-SAME DIRECTION,STRAIGHT & LEVEL,DAYLIGHT,,,3/9/2020 8:41:08 AM,False,7418,Accepted,
26472177,0568000,LOUISVILLE METRO POLICE DEPT,Accepted,JEFFERSON,,,STONY BROOK,DR,,,,,,,,38.173669866,-85.601158025,0.250,3/6/2020 12:00:00 AM,0534,2,2,0,0,CLOUDY,DRY,True,HEAD-ON COLLISION,HEAD ON,STRAIGHT & LEVEL,DARK-HWY NOT LIGHTED,,,3/6/2020 8:27:34 AM,False,2775,Accepted,
26490887,0568000,LOUISVILLE METRO POLICE DEPT,Accepted,JEFFERSON,I 0071,,I71 N,,,,,,,,,38.313533500,-85.584286452,8.933,3/6/2020 12:00:00 AM,1726,2,2,0,1,CLOUDY,DRY,False,REAR END IN TRAFFIC LANES BOTH VEHICLES MOVING,REAR END,STRAIGHT & GRADE,DAYLIGHT,,,3/10/2020 8:22:45 AM,False,8278,Accepted,
26474620,0568000,LOUISVILLE METRO POLICE DEPT,Accepted,JEFFERSON,I 0064,,I64 E,,,,,,,,,38.248887481,-85.706010698,7.752,3/6/2020 12:00:00 AM,0654,2,2,0,0,CLOUDY,DRY,False,REAR END IN TRAFFIC LANES BOTH VEHICLES MOVING,REAR END,STRAIGHT & LEVEL,DAYLIGHT,,,3/6/2020 4:04:11 PM,True,4903,Accepted,
26472175,0568000,LOUISVILLE METRO POLICE DEPT,Accepted,JEFFERSON,I 0071,,I71 N,,,,,I 0071,I71 TURN AROUND8,I 0071,I71 N EXIT9A RAMP TO I265 E,38.311518073,-85.588281456,8.673,3/6/2020 12:00:00 AM,0553,2,2,0,1,CLOUDY,DRY,True,REAR END IN TRAFFIC LANES BOTH VEHICLES MOVING,REAR END,STRAIGHT & LEVEL,DARK-HWY LIGHTED/ON,,,3/6/2020 8:27:31 AM,False,7159,Accepted,
26474631,0568000,LOUISVILLE METRO POLICE DEPT,Accepted,JEFFERSON,I 0065,,I65 S,,,,,I 0065,I65 S EXIT125 ON RAMP FROM KY481,KY2317,BARRICKS,38.087975629,-85.701294444,123.293,3/6/2020 12:00:00 AM,0946,2,2,0,0,CLEAR,DRY,False,REAR END IN TRAFFIC LANES BOTH VEHICLES MOVING,REAR END,STRAIGHT & LEVEL,DAYLIGHT,,,3/6/2020 4:05:00 PM,False,2017,Accepted,
26474645,0568000,LOUISVILLE METRO POLICE DEPT,Accepted,JEFFERSON,US0031E,,BARDSTOWN,RD,,,,,,,,38.207488267,-85.668098852,11.698,3/6/2020 12:00:00 AM,1306,2,2,0,0,CLOUDY,DRY,False,REAR END IN TRAFFIC LANES BOTH VEHICLES MOVING,REAR END,STRAIGHT & LEVEL,DAYLIGHT,,,3/6/2020 4:05:26 PM,False,4693,Accepted,
26484511,0568000,LOUISVILLE METRO POLICE DEPT,Accepted,JEFFERSON,US0031E,,BARDSTOWN,RD,,,,,LONGEST,,BEECHWOOD,38.235987194,-85.716586775,15.131,3/6/2020 12:00:00 AM,2131,2,2,0,0,CLEAR,DRY,False,REAR END IN TRAFFIC LANES BOTH VEHICLES MOVING,REAR END,STRAIGHT & LEVEL,DARK-HWY LIGHTED/ON,,,3/9/2020 8:41:56 AM,False,7049,Accepted,
26484513,0568000,LOUISVILLE METRO POLICE DEPT,Accepted,JEFFERSON,US0031W,10907,DIXIE,HWY,,,,,,,,38.096675646,-85.873274050,7.797,3/6/2020 12:00:00 AM,1944,2,2,0,0,CLOUDY,DRY,False,REAR END IN TRAFFIC LANES BOTH VEHICLES MOVING,REAR END,STRAIGHT & LEVEL,DARK-HWY LIGHTED/ON,,,3/9/2020 8:42:08 AM,False,5033,Accepted,
26474617,0568000,LOUISVILLE METRO POLICE DEPT,Accepted,JEFFERSON,I 0264,,I264 E,,,,,,,,,38.230868980,-85.631361938,18.236,3/6/2020 12:00:00 AM,0733,2,2,0,0,CLOUDY,DRY,False,REAR END IN TRAFFIC LANES BOTH VEHICLES MOVING,REAR END,STRAIGHT & LEVEL,DAYLIGHT,,,3/6/2020 4:04:00 PM,False,7358,Accepted,
26484519,0568000,LOUISVILLE METRO POLICE DEPT,Accepted,JEFFERSON,,5206,ROBINWOOD,RD,,,,,,,,38.174636447,-85.666350700,0.038,3/6/2020 12:00:00 AM,2112,2,2,0,0,CLEAR,DRY,False,1 VEHICLE PARKED POSITION (NOT PARKING LOT/DRIVEWAY),BACKING,STRAIGHT & LEVEL,DARK (UNKNOWN ROADWAY LIGHTING),,,3/9/2020 8:42:41 AM,False,5288,Accepted,
26484557,0568000,LOUISVILLE METRO POLICE DEPT,Accepted,JEFFERSON,US0150,,BROADWAY,,W,,,,4TH,,5TH,38.246100228,-85.758474499,2.377,3/6/2020 12:00:00 AM,1319,2,2,0,0,CLEAR,DRY,True,1 VEHICLE PARKED POSITION (NOT PARKING LOT/DRIVEWAY),SIDESWIPE-SAME DIRECTION,STRAIGHT & LEVEL,DAYLIGHT,,,3/9/2020 8:45:03 AM,False,5173,Accepted,
26484533,0568000,LOUISVILLE METRO POLICE DEPT,Accepted,JEFFERSON,US0031E,,BARDSTOWN,RD,,,,,DEER PARK,,SPEED,38.228669197,-85.701361750,14.112,3/6/2020 12:00:00 AM,1300,2,2,0,0,CLOUDY,DRY,True,1 VEHICLE PARKED POSITION (NOT PARKING LOT/DRIVEWAY),SIDESWIPE-SAME DIRECTION,STRAIGHT & LEVEL,DAYLIGHT,,,3/9/2020 8:43:33 AM,False,7793,Accepted,
26472173,0568000,LOUISVILLE METRO POLICE DEPT,Accepted,JEFFERSON,,142,WEBSTER,ST,,,,,,,,38.256881695,-85.726634548,0.019,3/6/2020 12:00:00 AM,0457,2,2,0,0,CLEAR,DRY,True,1 VEHICLE PARKED POSITION (NOT PARKING LOT/DRIVEWAY),SIDESWIPE-SAME DIRECTION,STRAIGHT & LEVEL,DARK-HWY NOT LIGHTED,,,3/6/2020 8:27:22 AM,False,5195,Accepted,
26484509,0568000,LOUISVILLE METRO POLICE DEPT,Accepted,JEFFERSON,US0031E,,BARDSTOWN,RD,,,,,SHERWOOD,,ALTA,38.231434594,-85.706927674,14.495,3/6/2020 12:00:00 AM,1240,1,1,0,0,CLOUDY,DRY,False,COLLISION WITH FIXED OBJECT NON - INTERSECTION - FIRST EVENT COLLISION 09 - 32 EXCLUDING 16,SINGLE VEHICLE,STRAIGHT & LEVEL,DAYLIGHT,,,3/9/2020 8:41:43 AM,False,7960,Accepted,
26484517,0568000,LOUISVILLE METRO POLICE DEPT,Accepted,JEFFERSON,,13310,CAIN,LN,,,,,,,,38.293614924,-85.511265840,0.226,3/6/2020 12:00:00 AM,2230,1,1,0,0,CLOUDY,DRY,False,COLLISION WITH FIXED OBJECT NON - INTERSECTION - FIRST EVENT COLLISION 09 - 32 EXCLUDING 16,SINGLE VEHICLE,STRAIGHT & LEVEL,DARK-HWY LIGHTED/ON,,,3/9/2020 8:42:30 AM,False,2920,Accepted,
26484408,0568000,LOUISVILLE METRO POLICE DEPT,Accepted,JEFFERSON,,1487,FRANKFORT,AVE,,,,,,,,38.260299209,-85.722670500,0.121,3/6/2020 12:00:00 AM,1141,1,1,0,0,CLOUDY,DRY,False,COLLISION WITH FIXED OBJECT NON - INTERSECTION - FIRST EVENT COLLISION 09 - 32 EXCLUDING 16,SINGLE VEHICLE,CURVE & GRADE,DAYLIGHT,,,3/9/2020 8:39:37 AM,False,7720,Accepted,
26484543,0568000,LOUISVILLE METRO POLICE DEPT,Accepted,JEFFERSON,KY1932,,BRECKENRIDGE,LN,,KY0155,TAYLORSVILLE,,,,,38.220028525,-85.630424844,2.876,3/6/2020 12:00:00 AM,1533,2,2,0,0,CLOUDY,DRY,False,OTHER INTERSECTION COLLISIONS,REAR END,STRAIGHT & LEVEL,DAYLIGHT,,,3/9/2020 8:44:07 AM,False,7482,Accepted,
26484523,0568000,LOUISVILLE METRO POLICE DEPT,Accepted,JEFFERSON,KY1934,,CANE RUN,RD,,,ROCKFORD,,,,,38.184493335,-85.854710544,7.780,3/6/2020 12:00:00 AM,2107,3,3,0,0,CLEAR,DRY,False,OTHER INTERSECTION COLLISIONS,REAR END,STRAIGHT & LEVEL,DARK-HWY LIGHTED/ON,,,3/9/2020 8:42:58 AM,False,5262,Accepted,
26484440,0568000,LOUISVILLE METRO POLICE DEPT,Accepted,JEFFERSON,,,TERRA CROSSING,BLVD,,KY3084,OLD HENRY,,,,,38.272080214,-85.495751111,0.069,3/6/2020 12:00:00 AM,1719,2,2,0,0,CLOUDY,DRY,False,OTHER INTERSECTION COLLISIONS,REAR END,STRAIGHT & LEVEL,DAYLIGHT,,,3/9/2020 8:40:08 AM,False,6334,Accepted,
26484488,0568000,LOUISVILLE METRO POLICE DEPT,Accepted,JEFFERSON,,,BICKNELL,AVE,,KY1865,TAYLOR,,,,,38.183114864,-85.783780225,0.285,3/6/2020 12:00:00 AM,1207,2,2,0,0,CLEAR,DRY,False,OTHER INTERSECTION COLLISIONS,REAR END,STRAIGHT & LEVEL,DAYLIGHT,,,3/9/2020 8:40:48 AM,False,7418,Accepted,
26474650,0568000,LOUISVILLE METRO POLICE DEPT,Accepted,JEFFERSON,US0031W,,DIXIE,HWY,,KY1931,GREENWOOD,,,,,38.143801920,-85.839565940,11.709,3/6/2020 12:00:00 AM,1426,2,2,0,0,CLEAR,DRY,True,OTHER INTERSECTION COLLISIONS,REAR END,STRAIGHT & LEVEL,DAYLIGHT,,,3/6/2020 4:05:36 PM,False,7267,Accepted,
26484695,0568000,LOUISVILLE METRO POLICE DEPT,Accepted,JEFFERSON,US0031E,,BARDSTOWN,RD,,,TYLER,,,,,38.217860855,-85.677448371,12.589,3/6/2020 12:00:00 AM,2340,2,2,0,2,CLOUDY,DRY,False,OTHER INTERSECTION COLLISIONS,REAR END,STRAIGHT & LEVEL,DARK-HWY LIGHTED/ON,,,3/9/2020 8:51:38 AM,False,7916,Accepted,
26490897,0568000,LOUISVILLE METRO POLICE DEPT,Accepted,JEFFERSON,US0031W,,DIXIE,HWY,,,FLOWERVALE,,,,,38.085350943,-85.879741443,6.937,3/6/2020 12:00:00 AM,0541,2,2,0,0,CLEAR,DRY,False,OTHER INTERSECTION COLLISIONS,REAR END,STRAIGHT & LEVEL,DARK-HWY NOT LIGHTED,,,3/10/2020 8:23:14 AM,False,7277,Accepted,
26474649,0568000,LOUISVILLE METRO POLICE DEPT,Accepted,JEFFERSON,KY1931,,GREENWOOD,RD,,,SKY BLUE,,,,,38.144058564,-85.852231636,2.449,3/6/2020 12:00:00 AM,1130,2,2,0,0,CLEAR,DRY,False,SIDESWIPE-SAME DIRECTION,SIDESWIPE-SAME DIRECTION,STRAIGHT & LEVEL,DAYLIGHT,,,3/6/2020 4:05:33 PM,False,7267,Accepted,
26490895,0568000,LOUISVILLE METRO POLICE DEPT,Accepted,JEFFERSON,,,JEFFERSON,ST,W,,8TH,,,,,38.254573361,-85.763656636,0.634,3/6/2020 12:00:00 AM,1500,2,2,0,0,CLOUDY,DRY,False,SIDESWIPE-SAME DIRECTION,SIDESWIPE-SAME DIRECTION,STRAIGHT & GRADE,DAYLIGHT,,,3/10/2020 8:23:08 AM,False,2661,Accepted,
26474632,0568000,LOUISVILLE METRO POLICE DEPT,Accepted,JEFFERSON,,,WHITTINGTON,PKWY,N,,HURSTBOURNE,,,,,38.250642906,-85.583566559,0.310,3/6/2020 12:00:00 AM,1215,2,2,0,0,CLOUDY,DRY,False,OPPOSING LEFT TURN,OPPOSING LEFT TURN,STRAIGHT & LEVEL,DAYLIGHT,,,3/6/2020 4:05:04 PM,False,6406,Accepted,
26484699,0568000,LOUISVILLE METRO POLICE DEPT,Accepted,JEFFERSON,,,BROWNS,LN,,KY0155,TAYLORSVILLE,,,,,38.219927464,-85.625709772,3.025,3/6/2020 12:00:00 AM,2335,2,2,0,0,CLEAR,DRY,True,VEHICLE BACKING IN INTERSECTION,BACKING,STRAIGHT & LEVEL,DARK-HWY LIGHTED/ON,,,3/9/2020 8:51:45 AM,False,5117,Accepted,
26484512,0568000,LOUISVILLE METRO POLICE DEPT,Accepted,JEFFERSON,KY1934,,CANE RUN,RD,,KY1727,TERRY,,,,,38.178133440,-85.861891864,7.187,3/6/2020 12:00:00 AM,2049,2,2,0,0,CLOUDY,DRY,False,ANGLE COLLISION - OTHER,ANGLE,STRAIGHT & LEVEL,DARK-HWY NOT LIGHTED,,,3/9/2020 8:42:02 AM,False,7980,Accepted,
26484521,0568000,LOUISVILLE METRO POLICE DEPT,Accepted,JEFFERSON,,,7TH,ST,S,,HILL,,,,,38.227378505,-85.768698525,0.695,3/6/2020 12:00:00 AM,2045,2,2,0,1,CLEAR,DRY,False,ANGLE COLLISION - OTHER,ANGLE,STRAIGHT & LEVEL,DUSK,,,3/9/2020 8:42:50 AM,False,7400,Accepted,
26484522,0568000,LOUISVILLE METRO POLICE DEPT,Accepted,JEFFERSON,KY1020,,SOUTHERN,PKWY,,,3RD,,,,,38.200746575,-85.764982712,9.163,3/6/2020 12:00:00 AM,0234,2,2,0,0,CLEAR,DRY,False,ANGLE COLLISION - OTHER,ANGLE,STRAIGHT & LEVEL,DUSK,,,3/9/2020 8:42:54 AM,False,7400,Accepted,
26474642,0568000,LOUISVILLE METRO POLICE DEPT,Accepted,JEFFERSON,,,COOPER CHAPEL,RD,,,CHARLESWOOD,,,,,38.103405230,-85.662026496,0.575,3/6/2020 12:00:00 AM,0717,2,2,0,0,CLOUDY,DRY,False,ANGLE COLLISION - OTHER,ANGLE,STRAIGHT & LEVEL,DAYLIGHT,,,3/6/2020 4:05:17 PM,False,4693,Accepted,
26484469,0568000,LOUISVILLE METRO POLICE DEPT,Accepted,JEFFERSON,,,CHESTNUT,ST,E,KY0061,JACKSON,,,,,38.247533003,-85.745123014,0.421,3/6/2020 12:00:00 AM,1815,2,2,0,0,CLOUDY,DRY,False,ANGLE COLLISION - OTHER,ANGLE,STRAIGHT & LEVEL,DUSK,,,3/9/2020 8:40:33 AM,False,7852,Accepted,
26484510,0568000,LOUISVILLE METRO POLICE DEPT,Accepted,JEFFERSON,,,LOWER HUNTERS,TRCE,,US0031W,DIXIE,,,,,38.156292611,-85.836230302,0.094,3/6/2020 12:00:00 AM,1724,2,2,0,0,CLEAR,DRY,False,ANGLE COLLISION - OTHER,ANGLE,STRAIGHT & LEVEL,DAYLIGHT,,,3/9/2020 8:41:50 AM,False,7267,Accepted,
26474636,0568000,LOUISVILLE METRO POLICE DEPT,Accepted,JEFFERSON,US0042,,BROWNSBORO,RD,,,IDLEWYLDE,,,,,38.258441762,-85.700255958,1.940,3/6/2020 12:00:00 AM,1339,2,2,0,0,CLEAR,DRY,False,ANGLE COLLISION - OTHER,ANGLE,CURVE & HILLCREST,DAYLIGHT,,,3/6/2020 4:05:14 PM,False,7028,Accepted,
26484420,0568000,LOUISVILLE METRO POLICE DEPT,Accepted,JEFFERSON,US0031W,,DR W J HODGE,ST,,,ANDERSON,,,,,38.248474482,-85.786631990,19.601,3/6/2020 12:00:00 AM,0954,2,2,0,0,CLOUDY,DRY,False,ANGLE COLLISION - OTHER,ANGLE,STRAIGHT & LEVEL,DAYLIGHT,,,3/9/2020 8:39:49 AM,False,7805,Accepted,
26484551,0568000,LOUISVILLE METRO POLICE DEPT,Accepted,JEFFERSON,,,34TH,ST,S,,GREENWOOD,,,,,38.243133875,-85.809525025,1.343,3/6/2020 12:00:00 AM,0842,2,2,0,0,CLOUDY,DRY,False,ANGLE COLLISION - OTHER,ANGLE,STRAIGHT & LEVEL,DAYLIGHT,,,3/9/2020 8:44:44 AM,False,5290,Accepted,
26524083,0568000,LOUISVILLE METRO POLICE DEPT,Accepted,JEFFERSON,KY0022,,BROWNSBORO,RD,,,CHAMBERLAIN,,,,,38.312605835,-85.567405376,4.437,3/6/2020 12:00:00 AM,1310,2,2,1,0,CLOUDY,DRY,False,ANGLE COLLISION - OTHER,ANGLE,STRAIGHT & LEVEL,DAYLIGHT,,,3/17/2020 8:26:25 AM,False,7840,Accepted,
26474624,0568000,LOUISVILLE METRO POLICE DEPT,Accepted,JEFFERSON,,,COLUMBINE,DR,,,JESSAMINE,,,,,38.139522356,-85.864747311,0.342,3/6/2020 12:00:00 AM,0918,2,2,0,0,CLOUDY,DRY,False,ANGLE COLLISION - OTHER,ANGLE,STRAIGHT & LEVEL,DAYLIGHT,,,3/6/2020 4:04:32 PM,False,7073,Accepted,
26484516,0568000,LOUISVILLE METRO POLICE DEPT,Accepted,JEFFERSON,,,NORTON HEALTHCARE,BLVD,,,VON ALLMEN,,,,,38.312053546,-85.571356690,0.103,3/6/2020 12:00:00 AM,2117,2,2,0,3,CLEAR,DRY,False,ANGLE COLLISION - OTHER,ANGLE,STRAIGHT & LEVEL,DARK-HWY LIGHTED/ON,,,3/9/2020 8:42:24 AM,False,5155,Accepted,
26484459,0568000,LOUISVILLE METRO POLICE DEPT,Accepted,JEFFERSON,,,7TH,ST,S,KY2054,ALGONQUIN,,,,,38.220101726,-85.777381350,0.003,3/6/2020 12:00:00 AM,1130,2,2,0,1,CLEAR,DRY,False,ANGLE COLLISION - OTHER,ANGLE,STRAIGHT & LEVEL,DAYLIGHT,,,3/9/2020 8:40:24 AM,False,5273,Accepted,
26484483,0568000,LOUISVILLE METRO POLICE DEPT,Accepted,JEFFERSON,,,6TH,ST,S,,OAK,,,,,38.235321846,-85.763651051,1.508,3/6/2020 12:00:00 AM,1036,2,2,0,0,CLOUDY,DRY,False,ANGLE COLLISION - OTHER,ANGLE,STRAIGHT & LEVEL,DAYLIGHT,,,3/9/2020 8:40:44 AM,False,7418,Accepted,
26484446,0568000,LOUISVILLE METRO POLICE DEPT,Accepted,JEFFERSON,,,GARLAND,AVE,,,CECIL,,,,,38.246956417,-85.820913393,2.908,3/6/2020 12:00:00 AM,1731,2,2,0,1,CLEAR,DRY,False,ANGLE COLLISION - ONE VEHICLE TURNING LEFT,ANGLE,STRAIGHT & LEVEL,DAYLIGHT,,,3/9/2020 8:40:11 AM,False,7460,Accepted,
26484478,0568000,LOUISVILLE METRO POLICE DEPT,Accepted,JEFFERSON,,,SHELBY,ST,S,,BURNETT,,,,,38.224786589,-85.742267895,0.422,3/6/2020 12:00:00 AM,0845,2,2,0,0,CLOUDY,DRY,True,ANGLE COLLISION - ONE VEHICLE TURNING LEFT,ANGLE,STRAIGHT & LEVEL,DAYLIGHT,,,3/9/2020 8:40:40 AM,False,7418,Accepted,
26484416,0568000,LOUISVILLE METRO POLICE DEPT,Accepted,JEFFERSON,,,MUHAMMAD ALI,BLVD,W,,32ND,,,,,38.256382685,-85.804949348,2.876,3/6/2020 12:00:00 AM,0900,2,2,0,0,CLOUDY,DRY,False,ANGLE COLLISION - ONE VEHICLE TURNING LEFT,ANGLE,STRAIGHT & LEVEL,DAYLIGHT,,,3/9/2020 8:39:46 AM,False,7805,Accepted,
26484464,0568000,LOUISVILLE METRO POLICE DEPT,Accepted,JEFFERSON,KY2054,,ALGONQUIN,PKWY,,,WINGFIELD,,,,,38.222430492,-85.783874247,2.110,3/6/2020 12:00:00 AM,1600,2,2,0,0,CLEAR,DRY,False,ANGLE COLLISION - ONE VEHICLE TURNING LEFT,ANGLE,STRAIGHT & LEVEL,DAYLIGHT,,,3/9/2020 8:40:28 AM,False,5273,Accepted,
26484504,0568000,LOUISVILLE METRO POLICE DEPT,Accepted,JEFFERSON,KY0061,,PRESTON,ST,S,,PRESIDENTS,,,,,38.215467187,-85.743933259,10.197,3/6/2020 12:00:00 AM,1454,2,1,0,1,CLEAR,DRY,False,COLLISION WITH PEDESTRIAN IN INTERSECTION,SINGLE VEHICLE,STRAIGHT & LEVEL,DAYLIGHT,,,3/9/2020 8:41:18 AM,False,7418,Accepted,
26543463,0568000,LOUISVILLE METRO POLICE DEPT,Accepted,JEFFERSON,,,SIX MILE,LN,,,WISTERIA LANDING,,,,,38.197962366,-85.634702174,1.064,3/5/2020 12:00:00 AM,1333,1,1,0,1,CLEAR,DRY,False,COLLISION WITH FIXED OBJECT IN INTERSECTION - FIRST EVENT COLLISION 09 - 32,SINGLE VEHICLE,STRAIGHT & LEVEL,DAYLIGHT,,,3/23/2020 11:37:50 AM,False,4693,Accepted,
26472144,0568000,LOUISVILLE METRO POLICE DEPT,Accepted,JEFFERSON,,,HANCOCK,ST,S,US0150,BROADWAY,,,,,38.244974333,-85.743558286,0.697,3/5/2020 12:00:00 AM,1617,2,2,0,1,CLEAR,DRY,False,NON-COLLISION OBJECT COLLISION,ANGLE,STRAIGHT & LEVEL,DAYLIGHT,,,3/6/2020 8:25:31 AM,False,7266,Accepted,
26472085,0568000,LOUISVILLE METRO POLICE DEPT,Accepted,JEFFERSON,KY1747,,FERN VALLEY,RD,,KY0061,PRESTON,,,,,38.157008065,-85.696903830,1.922,3/5/2020 12:00:00 AM,0357,1,1,0,0,CLEAR,DRY,False,COLLISION WITH FIXED OBJECT IN INTERSECTION - FIRST EVENT COLLISION 09 - 32,SINGLE VEHICLE,STRAIGHT & LEVEL,DARK-HWY LIGHTED/ON,,,3/6/2020 8:22:10 AM,False,7016,Accepted,
26472151,0568000,LOUISVILLE METRO POLICE DEPT,Accepted,JEFFERSON,,,DRESDEN,AVE,,,CLIFF,,,,,38.197597331,-85.774837042,0.438,3/5/2020 12:00:00 AM,1010,1,1,0,0,CLEAR,DRY,False,COLLISION WITH FIXED OBJECT IN INTERSECTION - FIRST EVENT COLLISION 09 - 32,SINGLE VEHICLE,STRAIGHT & LEVEL,DAYLIGHT,,,3/6/2020 8:26:00 AM,False,7977,Accepted,
26472163,0568000,LOUISVILLE METRO POLICE DEPT,Accepted,JEFFERSON,KY0864,,POPLAR LEVEL,RD,,I 0264,I264 W EXIT14 OFF RAMP TO KY864 S,,,,,38.194975247,-85.707472390,11.281,3/5/2020 12:00:00 AM,2322,2,2,0,3,CLEAR,DRY,True,ANGLE COLLISION - ONE VEHICLE TURNING LEFT,ANGLE,STRAIGHT & LEVEL,DARK-HWY LIGHTED/ON,,,3/6/2020 8:26:45 AM,False,5164,Accepted,
26472164,0568000,LOUISVILLE METRO POLICE DEPT,Accepted,JEFFERSON,,,BANK,ST,,,20TH,,,,,38.265384181,-85.782081635,0.114,3/5/2020 12:00:00 AM,2000,5,4,0,1,CLEAR,DRY,False,COLLISION WITH PARKED VEHICLE,SIDESWIPE-SAME DIRECTION,STRAIGHT & LEVEL,DAYLIGHT,,,3/6/2020 8:26:49 AM,False,7416,Accepted,
26472131,0568000,LOUISVILLE METRO POLICE DEPT,Accepted,JEFFERSON,,,LOVIN,CT,,,HUFF,,,,,38.187069554,-85.866913777,0.067,3/5/2020 12:00:00 AM,0800,2,2,0,0,CLEAR,DRY,True,COLLISION WITH PARKED VEHICLE,SIDESWIPE-OPPOSITE DIRECTION,STRAIGHT & LEVEL,DAYLIGHT,,,3/6/2020 8:24:54 AM,False,5208,Accepted,
26472133,0568000,LOUISVILLE METRO POLICE DEPT,Accepted,JEFFERSON,KY1931,,ST ANDREWS CHURCH,RD,,,ST ANDREWS CHURCH,,,,,38.153727498,-85.810649241,4.958,3/5/2020 12:00:00 AM,0750,2,2,0,0,CLEAR,DRY,False,ANGLE COLLISION - OTHER,ANGLE,CURVE & LEVEL,DAYLIGHT,,,3/6/2020 8:25:01 AM,False,7177,Accepted,
26472102,0568000,LOUISVILLE METRO POLICE DEPT,Accepted,JEFFERSON,,,LEXINGTON,RD,,,COOPER,,,,,38.249357071,-85.729212434,0.234,3/5/2020 12:00:00 AM,1600,2,2,0,0,CLEAR,DRY,False,ANGLE COLLISION - OTHER,ANGLE,STRAIGHT & LEVEL,DAYLIGHT,,,3/6/2020 8:23:02 AM,False,7900,Accepted,
26496376,0568000,LOUISVILLE METRO POLICE DEPT,Accepted,JEFFERSON,KY0061,,PRESTON,ST,S,,BARBEE,,,,,38.218816687,-85.747018431,10.566,3/5/2020 12:00:00 AM,1600,2,2,0,0,CLEAR,DRY,False,ANGLE COLLISION - OTHER,ANGLE,STRAIGHT & LEVEL,DAYLIGHT,,,3/11/2020 8:27:43 AM,False,7116,Accepted,
26472108,0568000,LOUISVILLE METRO POLICE DEPT,Accepted,JEFFERSON,,,SENECA,TRL,,KY1020,SOUTHSIDE,,,,,38.159402366,-85.764929875,0.014,3/5/2020 12:00:00 AM,1631,2,2,0,0,CLEAR,DRY,False,SIDESWIPE-SAME DIRECTION,SIDESWIPE-SAME DIRECTION,STRAIGHT & LEVEL,DAYLIGHT,,,3/6/2020 8:23:34 AM,False,7427,Accepted,
26472130,0568000,LOUISVILLE METRO POLICE DEPT,Accepted,JEFFERSON,,,EUREKA,AVE,,KY2051,LEES,,,,,38.187190565,-85.862242145,0.003,3/5/2020 12:00:00 AM,1707,2,2,0,0,CLEAR,DRY,False,OPPOSITE DIRECTION - BOTH VEHICLES GOING STRAIGHT AHEAD,SIDESWIPE-OPPOSITE DIRECTION,STRAIGHT & LEVEL,DAYLIGHT,,,3/6/2020 8:24:51 AM,False,5208,Accepted,
26472118,0568000,LOUISVILLE METRO POLICE DEPT,Accepted,JEFFERSON,,,BROOK,ST,S,,JEFFERSON,,,,,38.253121139,-85.750434807,3.392,3/5/2020 12:00:00 AM,1043,2,2,0,0,CLEAR,DRY,False,SIDESWIPE-SAME DIRECTION,SIDESWIPE-SAME DIRECTION,STRAIGHT & GRADE,DAYLIGHT,,,3/6/2020 8:24:15 AM,False,7239,Accepted,
26472159,0568000,LOUISVILLE METRO POLICE DEPT,Accepted,JEFFERSON,KY1934,,CANE RUN,RD,,,ROCKFORD,,,,,38.184422080,-85.854582267,7.780,3/5/2020 12:00:00 AM,1911,2,2,0,0,CLEAR,DRY,False,SIDESWIPE-SAME DIRECTION,SIDESWIPE-SAME DIRECTION,STRAIGHT & LEVEL,DARK-HWY LIGHTED/OFF,,,3/6/2020 8:26:33 AM,False,7437,Accepted,