IncidentID,AgencyORI,AgencyName,IncidentStatusDesc,County,RdwyNumber,Street,RoadwayName,StreetSfx,StreetDir,IntersectionRdwy,IntersectionRdwyName,BetweenStRdwy1,BetweenStRdwyName1,BetweenStRdwy2,BetweenStRdwyName2,Latitude,Longitude,Milepoint,CollisionDate,CollisionTime,UnitsInvolved,MotorVehiclesInvolved,NumberKilled,NumberInjured,Weather,RdwyConditionCode,HitandRun,DirAnalysisCode,MannerofCollision,RdwyCharacter,LightCondition,RampFromRdwyId,RampToRdwyId,AcceptedDate,IsSecondaryCollision,OwnerBadge,IncidentStatus,
26472127,0568000,LOUISVILLE METRO POLICE DEPT,Accepted,JEFFERSON,KY0907,,SOUTHSIDE,DR,,KY1142,PALATKA,,,,,38.148725673,-85.771796393,6.595,3/5/2020 12:00:00 AM,1758,2,2,0,0,CLEAR,DRY,False,SIDESWIPE-SAME DIRECTION,SIDESWIPE-SAME DIRECTION,STRAIGHT & LEVEL,DAYLIGHT,,,3/6/2020 8:24:43 AM,False,7427,Accepted,
26496373,0568000,LOUISVILLE METRO POLICE DEPT,Accepted,JEFFERSON,US0150,,BROADWAY,,W,KY1020,2ND,,,,,38.245832006,-85.755070879,2.559,3/5/2020 12:00:00 AM,1700,2,2,0,0,CLEAR,DRY,False,SIDESWIPE-SAME DIRECTION,SIDESWIPE-SAME DIRECTION,STRAIGHT & LEVEL,DAYLIGHT,,,3/11/2020 8:27:25 AM,False,7937,Accepted,
26472165,0568000,LOUISVILLE METRO POLICE DEPT,Accepted,JEFFERSON,US0042,,MELLWOOD,AVE,,US0060,FRANKFORT,,,,,38.257718147,-85.719489590,0.804,3/5/2020 12:00:00 AM,1806,2,2,0,0,CLEAR,DRY,False,SIDESWIPE-SAME DIRECTION,SIDESWIPE-SAME DIRECTION,STRAIGHT & LEVEL,DAYLIGHT,,,3/6/2020 8:26:55 AM,False,5029,Accepted,
26472120,0568000,LOUISVILLE METRO POLICE DEPT,Accepted,JEFFERSON,KY0061,,PRESTON,ST,S,US0150,BROADWAY,,,,,38.245312623,-85.747617292,12.163,3/5/2020 12:00:00 AM,1730,2,2,0,1,CLEAR,DRY,True,OTHER INTERSECTION COLLISIONS,REAR END,STRAIGHT & LEVEL,DAYLIGHT,,,3/6/2020 8:24:22 AM,False,7239,Accepted,
26472168,0568000,LOUISVILLE METRO POLICE DEPT,Accepted,JEFFERSON,US0031E,,BARDSTOWN,RD,,,ALTA,,,,,38.231143807,-85.706020638,14.448,3/5/2020 12:00:00 AM,1942,3,3,0,0,CLEAR,DRY,False,OTHER INTERSECTION COLLISIONS,REAR END,CURVE & LEVEL,DARK-HWY LIGHTED/ON,,,3/6/2020 8:27:05 AM,False,7101,Accepted,
26474630,0568000,LOUISVILLE METRO POLICE DEPT,Accepted,JEFFERSON,,,3RD,ST,N,KY3077,RIVER,,,,,38.258573215,-85.754440369,0.143,3/5/2020 12:00:00 AM,1650,2,2,0,0,CLEAR,DRY,False,OTHER INTERSECTION COLLISIONS,REAR END,STRAIGHT & HILLCREST,DAYLIGHT,,,3/6/2020 4:04:57 PM,False,7058,Accepted,
26474622,0568000,LOUISVILLE METRO POLICE DEPT,Accepted,JEFFERSON,KY1727,,TERRY,RD,,KY1934,CANE RUN,,,,,38.178067444,-85.861852188,4.055,3/5/2020 12:00:00 AM,0925,2,2,0,0,CLEAR,DRY,False,OTHER INTERSECTION COLLISIONS,REAR END,CURVE & LEVEL,DAYLIGHT,,,3/6/2020 4:04:25 PM,False,7292,Accepted,
26472148,0568000,LOUISVILLE METRO POLICE DEPT,Accepted,JEFFERSON,KY1747,,HURSTBOURNE,PKWY,S,,WATTERSON,,,,,38.162941590,-85.612975057,6.846,3/5/2020 12:00:00 AM,1825,2,2,0,0,CLEAR,DRY,False,OTHER INTERSECTION COLLISIONS,REAR END,STRAIGHT & LEVEL,DUSK,,,3/6/2020 8:25:48 AM,False,6937,Accepted,
26472124,0568000,LOUISVILLE METRO POLICE DEPT,Accepted,JEFFERSON,KY1747,,FERN VALLEY,RD,,,ULRICH,,,,,38.156999588,-85.708004028,1.323,3/5/2020 12:00:00 AM,1658,3,3,0,0,CLEAR,DRY,False,OTHER INTERSECTION COLLISIONS,REAR END,STRAIGHT & LEVEL,DAYLIGHT,,,3/6/2020 8:24:31 AM,False,2547,Accepted,
26504076,0568000,LOUISVILLE METRO POLICE DEPT,Accepted,JEFFERSON,KY1934,,CANE RUN,RD,,KY2056,BELLS,,,,,38.221088404,-85.812461507,11.208,3/5/2020 12:00:00 AM,1130,2,2,0,0,CLOUDY,DRY,False,OTHER INTERSECTION COLLISIONS,REAR END,STRAIGHT & LEVEL,DAYLIGHT,,,3/12/2020 1:56:51 PM,False,2569,Accepted,
26472093,0568000,LOUISVILLE METRO POLICE DEPT,Accepted,JEFFERSON,KY0061,,PRESTON,HWY,,,,,ST RITA,,TRIO,38.128657823,-85.681341748,3.232,3/5/2020 12:00:00 AM,1123,1,1,0,0,CLEAR,DRY,False,COLLISION WITH FIXED OBJECT NON - INTERSECTION - FIRST EVENT COLLISION 09 - 32 EXCLUDING 16,SINGLE VEHICLE,STRAIGHT & LEVEL,DAYLIGHT,,,3/6/2020 8:22:37 AM,False,2324,Accepted,
26472078,0568000,LOUISVILLE METRO POLICE DEPT,Accepted,JEFFERSON,I 0071,,I71 S,,,,,,,,,38.308672874,-85.594696671,8.256,3/5/2020 12:00:00 AM,0814,1,1,0,0,CLEAR,DRY,False,RAN OFF ROADWAY (1 VEHICLE WITH/EARTH EMBANKMENT/DITCH),SINGLE VEHICLE,STRAIGHT & LEVEL,DAYLIGHT,,,3/6/2020 8:21:39 AM,False,4903,Accepted,
26472152,0568000,LOUISVILLE METRO POLICE DEPT,Accepted,JEFFERSON,,1376,6TH,ST,S,,,,,,,38.230165930,-85.764589429,1.816,3/5/2020 12:00:00 AM,1745,1,1,0,0,CLEAR,DRY,False,COLLISION WITH FIXED OBJECT NON - INTERSECTION - FIRST EVENT COLLISION 09 - 32 EXCLUDING 16,SINGLE VEHICLE,STRAIGHT & LEVEL,DAYLIGHT,,,3/6/2020 8:26:04 AM,False,7705,Accepted,
26472140,0568000,LOUISVILLE METRO POLICE DEPT,Accepted,JEFFERSON,,,EASTVIEW,AVE,,,,,,,,38.218592418,-85.689979448,0.573,3/5/2020 12:00:00 AM,1219,3,3,0,0,CLEAR,DRY,False,1 VEHICLE PARKED POSITION (NOT PARKING LOT/DRIVEWAY),BACKING,CURVE & GRADE,DAYLIGHT,,,3/6/2020 8:25:20 AM,False,6813,Accepted,
26490868,0568000,LOUISVILLE METRO POLICE DEPT,Accepted,JEFFERSON,I 0264,,I264 E,,,,,,,,,38.202582449,-85.685908604,14.675,3/5/2020 12:00:00 AM,1749,2,2,0,0,CLEAR,DRY,False,REAR END IN TRAFFIC LANES BOTH VEHICLES MOVING,REAR END,STRAIGHT & LEVEL,DAYLIGHT,,,3/10/2020 8:21:50 AM,False,2673,Accepted,
26472154,0568000,LOUISVILLE METRO POLICE DEPT,Accepted,JEFFERSON,KY1931,4401,MANSLICK,RD,,,,,,,,38.189370518,-85.801286050,7.937,3/5/2020 12:00:00 AM,1918,2,2,0,2,CLEAR,DRY,False,REAR END IN TRAFFIC LANES BOTH VEHICLES MOVING,REAR END,STRAIGHT & LEVEL,DARK-HWY LIGHTED/ON,,,3/6/2020 8:26:12 AM,False,5260,Accepted,
26472134,0568000,LOUISVILLE METRO POLICE DEPT,Accepted,JEFFERSON,I 0264,,I264 E,,,,,I 0264,I264 E EXIT11 OFF RAMP,I 0264,I264 E EXIT10 ON RAMP FROM KY1020,38.190166261,-85.756242933,10.622,3/5/2020 12:00:00 AM,1701,2,2,0,0,CLEAR,DRY,False,REAR END IN TRAFFIC LANES BOTH VEHICLES MOVING,REAR END,STRAIGHT & LEVEL,DAYLIGHT,,,3/6/2020 8:25:05 AM,False,7207,Accepted,
26472139,0568000,LOUISVILLE METRO POLICE DEPT,Accepted,JEFFERSON,I 0065,,I65 N,,,,,I 0065,I65 N EXIT128 ON RAMP FROM KY1631,I 0065,I65 N EXIT130 OFF RAMP TO KY61,38.173515860,-85.720151558,129.398,3/5/2020 12:00:00 AM,1618,2,2,0,0,CLEAR,DRY,False,REAR END IN TRAFFIC LANES BOTH VEHICLES MOVING,REAR END,STRAIGHT & LEVEL,DAYLIGHT,,,3/6/2020 8:25:16 AM,False,5233,Accepted,
26472132,0568000,LOUISVILLE METRO POLICE DEPT,Accepted,JEFFERSON,I 0065,,I65 S,,,,,I 0065,I65 S EXIT134 ON RAMP FROM  ARTHUR ST,I 0065,I65 S EXIT133 OFF RAMP TO  ARTHUR ST,38.217256259,-85.752341397,133.255,3/5/2020 12:00:00 AM,1735,2,2,0,0,CLEAR,DRY,False,REAR END IN TRAFFIC LANES BOTH VEHICLES MOVING,REAR END,STRAIGHT & GRADE,DAYLIGHT,,,3/6/2020 8:24:58 AM,False,7390,Accepted,
26472155,0568000,LOUISVILLE METRO POLICE DEPT,Accepted,JEFFERSON,KY1065,,OUTER,LOOP,,,,,BRIARCLIFF,,LONE OAK,38.136255864,-85.696492979,5.504,3/5/2020 12:00:00 AM,1811,3,3,0,0,CLEAR,DRY,False,REAR END IN TRAFFIC LANES BOTH VEHICLES MOVING,REAR END,STRAIGHT & LEVEL,DAYLIGHT,,,3/6/2020 8:26:17 AM,False,7397,Accepted,
26472170,0568000,LOUISVILLE METRO POLICE DEPT,Accepted,JEFFERSON,,1711,MAGAZINE,ST,,,,,,,,38.250066604,-85.779983228,0.704,3/5/2020 12:00:00 AM,1957,2,2,0,0,CLEAR,DRY,False,1 VEHICLE PARKED POSITION (NOT PARKING LOT/DRIVEWAY),REAR END,STRAIGHT & LEVEL,DARK-HWY NOT LIGHTED,,,3/6/2020 8:27:12 AM,False,5148,Accepted,
26472113,0568000,LOUISVILLE METRO POLICE DEPT,Accepted,JEFFERSON,,5248,OLDSHIRE,RD,,,,,,,,38.109081589,-85.666654090,0.143,3/5/2020 12:00:00 AM,1618,2,2,0,0,CLEAR,DRY,False,1 VEHICLE PARKED POSITION (NOT PARKING LOT/DRIVEWAY),SIDESWIPE-SAME DIRECTION,STRAIGHT & LEVEL,DAYLIGHT,,,3/6/2020 8:23:49 AM,False,7989,Accepted,
26468566,0560300,ST. MATTHEWS POLICE DEPARTMENT,Accepted,JEFFERSON,KY1932,,KY1932 TURN LANE,,,,,,,,,38.253090883,-85.655750454,0.017,3/5/2020 12:00:00 AM,0758,2,2,0,0,CLEAR,DRY,False,REAR END IN TRAFFIC LANES BOTH VEHICLES MOVING,REAR END,CURVE & LEVEL,DAYLIGHT,,,3/5/2020 3:58:45 PM,False,9131,Accepted,
26472087,0568000,LOUISVILLE METRO POLICE DEPT,Accepted,JEFFERSON,KY0864,,POPLAR LEVEL,RD,,,,,,,,38.192861963,-85.706321522,11.114,3/5/2020 12:00:00 AM,1054,2,2,0,0,CLEAR,DRY,True,REAR END IN TRAFFIC LANES BOTH VEHICLES MOVING,REAR END,STRAIGHT & LEVEL,DAYLIGHT,,,3/6/2020 8:22:13 AM,False,4693,Accepted,
26472145,0568000,LOUISVILLE METRO POLICE DEPT,Accepted,JEFFERSON,I 0264,,I264 W,,,,,,,,,38.193434077,-85.711332864,13.124,3/5/2020 12:00:00 AM,1400,2,2,0,0,CLEAR,DRY,False,REAR END IN TRAFFIC LANES BOTH VEHICLES MOVING,REAR END,STRAIGHT & GRADE,DAYLIGHT,,,3/6/2020 8:25:34 AM,False,5130,Accepted,
26472098,0568000,LOUISVILLE METRO POLICE DEPT,Accepted,JEFFERSON,US0031W,9100B,DIXIE,HWY,,,,,,,,38.122245688,-85.854807485,9.836,3/5/2020 12:00:00 AM,0936,2,2,0,0,CLEAR,DRY,False,REAR END IN TRAFFIC LANES BOTH VEHICLES MOVING,REAR END,STRAIGHT & LEVEL,DAYLIGHT,,,3/6/2020 8:22:46 AM,False,7149,Accepted,
26472100,0568000,LOUISVILLE METRO POLICE DEPT,Accepted,JEFFERSON,I 0264,,I264 E,,,,,,,,,38.285128853,-85.642087672,22.582,3/5/2020 12:00:00 AM,1525,2,2,0,0,CLEAR,DRY,False,REAR END IN TRAFFIC LANES BOTH VEHICLES MOVING,REAR END,STRAIGHT & LEVEL,DAYLIGHT,,,3/6/2020 8:22:53 AM,False,2454,Accepted,
26472091,0568000,LOUISVILLE METRO POLICE DEPT,Accepted,JEFFERSON,,,CRESCENT,AVE,,,,,ENGLISH,US0060,FRANKFORT,38.254999754,-85.686833830,0.024,3/5/2020 12:00:00 AM,1250,2,2,0,0,CLEAR,DRY,False,REAR END IN TRAFFIC LANES BOTH VEHICLES MOVING,REAR END,STRAIGHT & LEVEL,DAYLIGHT,,,3/6/2020 8:22:29 AM,False,5250,Accepted,
26472082,0568000,LOUISVILLE METRO POLICE DEPT,Accepted,JEFFERSON,KY1065,,OUTER,LOOP,,,,,,,,38.138450188,-85.649574138,8.095,3/5/2020 12:00:00 AM,0740,2,2,0,0,CLEAR,DRY,False,REAR END IN TRAFFIC LANES BOTH VEHICLES MOVING,REAR END,STRAIGHT & LEVEL,DAYLIGHT,,,3/6/2020 8:21:56 AM,False,7573,Accepted,
26472160,0568000,LOUISVILLE METRO POLICE DEPT,Accepted,JEFFERSON,I 0264,,I264 E,,,,,,,,,38.189492897,-85.772603265,9.729,3/5/2020 12:00:00 AM,0735,2,2,0,0,CLEAR,DRY,True,SIDESWIPE COLLISION - SAME DIRECTION,SIDESWIPE-SAME DIRECTION,STRAIGHT & LEVEL,DARK-HWY LIGHTED/ON,,,3/6/2020 8:26:38 AM,False,5052,Accepted,
26472146,0568000,LOUISVILLE METRO POLICE DEPT,Accepted,JEFFERSON,US0031E,,BARDSTOWN,RD,,,,,,,,38.160414879,-85.592465455,6.324,3/5/2020 12:00:00 AM,1911,2,2,0,0,CLEAR,DRY,False,SIDESWIPE COLLISION - SAME DIRECTION,SIDESWIPE-SAME DIRECTION,STRAIGHT & LEVEL,DARK-HWY NOT LIGHTED,,,3/6/2020 8:25:38 AM,False,7573,Accepted,
26472079,0568000,LOUISVILLE METRO POLICE DEPT,Accepted,JEFFERSON,,600B,11TH,ST,S,,,,,,,38.247641855,-85.769924055,0.716,3/5/2020 12:00:00 AM,0907,2,2,0,2,CLOUDY,DRY,True,SIDESWIPE COLLISION - SAME DIRECTION,SIDESWIPE-SAME DIRECTION,STRAIGHT & LEVEL,DAYLIGHT,,,3/6/2020 8:21:43 AM,False,7937,Accepted,
26472117,0568000,LOUISVILLE METRO POLICE DEPT,Accepted,JEFFERSON,I 0265,,I265 W,,,,,,,,,38.126573222,-85.609167389,15.454,3/5/2020 12:00:00 AM,1536,2,2,0,0,CLEAR,DRY,True,SIDESWIPE COLLISION - SAME DIRECTION,SIDESWIPE-SAME DIRECTION,STRAIGHT & LEVEL,DAYLIGHT,,,3/6/2020 8:24:10 AM,False,2321,Accepted,
26472125,0568000,LOUISVILLE METRO POLICE DEPT,Accepted,JEFFERSON,US0031W,,DIXIE,HWY,,,,,LOWER HUNTERS,,KERRICK,38.154084227,-85.835672740,12.314,3/5/2020 12:00:00 AM,0814,2,2,0,1,CLEAR,DRY,False,SIDESWIPE COLLISION - SAME DIRECTION,SIDESWIPE-SAME DIRECTION,STRAIGHT & LEVEL,DAYLIGHT,,,3/6/2020 8:24:36 AM,False,6877,Accepted,
26472074,0568000,LOUISVILLE METRO POLICE DEPT,Accepted,JEFFERSON,I 0264,,I264 W,,,,,,,,,38.203136616,-85.685105413,14.733,3/5/2020 12:00:00 AM,0740,2,2,0,0,CLEAR,DRY,False,SIDESWIPE COLLISION - SAME DIRECTION,SIDESWIPE-SAME DIRECTION,STRAIGHT & LEVEL,DAYLIGHT,,,3/6/2020 8:21:29 AM,False,7284,Accepted,
26472075,0568000,LOUISVILLE METRO POLICE DEPT,Accepted,JEFFERSON,KY0841,,GENE SNYDER,FWY,,,,,,,,38.118440404,-85.784423719,5.635,3/5/2020 12:00:00 AM,0603,2,2,0,0,CLEAR,DRY,False,SIDESWIPE COLLISION - SAME DIRECTION,SIDESWIPE-SAME DIRECTION,STRAIGHT & LEVEL,DARK-HWY LIGHTED/ON,,,3/6/2020 8:21:32 AM,False,4903,Accepted,
26472080,0568000,LOUISVILLE METRO POLICE DEPT,Accepted,JEFFERSON,KY0061,,PRESTON,HWY,,,,,OKOLONA,,LAMBERT,38.136306528,-85.685567260,3.799,3/5/2020 12:00:00 AM,0849,2,2,0,0,CLEAR,DRY,False,SIDESWIPE COLLISION - SAME DIRECTION,SIDESWIPE-SAME DIRECTION,STRAIGHT & LEVEL,DAYLIGHT,,,3/6/2020 8:21:46 AM,False,2324,Accepted,
26472122,0568000,LOUISVILLE METRO POLICE DEPT,Accepted,JEFFERSON,I 0071,,I71 N,,,,,,,,,38.297730020,-85.624115499,6.473,3/5/2020 12:00:00 AM,1231,2,2,0,0,CLOUDY,DRY,False,SIDESWIPE COLLISION - SAME DIRECTION,SIDESWIPE-SAME DIRECTION,STRAIGHT & HILLCREST,DAYLIGHT,,,3/6/2020 8:24:27 AM,False,7751,Accepted,
26472107,0568000,LOUISVILLE METRO POLICE DEPT,Accepted,JEFFERSON,,,OXMOOR,LN,,,,,OXMOOR,,BULLITT,38.246363105,-85.613235837,0.213,3/5/2020 12:00:00 AM,1120,2,2,0,0,CLEAR,DRY,False,SIDESWIPE COLLISION - SAME DIRECTION,SIDESWIPE-SAME DIRECTION,STRAIGHT & LEVEL,DAYLIGHT,,,3/6/2020 8:23:29 AM,False,5109,Accepted,
26472111,0568000,LOUISVILLE METRO POLICE DEPT,Accepted,JEFFERSON,US0031W,,DIXIE,HWY,,,,,,,,38.130185532,-85.847755398,10.495,3/5/2020 12:00:00 AM,0956,2,2,0,2,CLEAR,DRY,True,1 VEHICLE ENTERING/LEAVING ENTRANCE,ANGLE,STRAIGHT & LEVEL,DAYLIGHT,,,3/6/2020 8:23:41 AM,False,7234,Accepted,
26472112,0568000,LOUISVILLE METRO POLICE DEPT,Accepted,JEFFERSON,KY0907,,VALLEY STATION,RD,,,,,,,,38.107483923,-85.866247227,0.028,3/5/2020 12:00:00 AM,1529,2,2,0,0,CLEAR,DRY,False,1 VEHICLE ENTERING/LEAVING ENTRANCE,ANGLE,STRAIGHT & LEVEL,DAYLIGHT,,,3/6/2020 8:23:45 AM,False,7234,Accepted,
26472128,0568000,LOUISVILLE METRO POLICE DEPT,Accepted,JEFFERSON,US0031W,,DIXIE,HWY,,,,,,,,38.085540353,-85.879888268,6.932,3/5/2020 12:00:00 AM,0842,2,2,0,0,CLEAR,DRY,False,1 VEHICLE ENTERING/LEAVING ENTRANCE,ANGLE,STRAIGHT & LEVEL,DAYLIGHT,,,3/6/2020 8:24:47 AM,False,7634,Accepted,
26472142,0568000,LOUISVILLE METRO POLICE DEPT,Accepted,JEFFERSON,,,GARDINER,LN,,,,,TREMONT,,TREMONT,38.209481738,-85.678200327,0.827,3/5/2020 12:00:00 AM,1523,2,2,0,0,CLEAR,DRY,False,1 VEHICLE ENTERING/LEAVING ENTRANCE,ANGLE,STRAIGHT & LEVEL,DAYLIGHT,,,3/6/2020 8:25:24 AM,False,6813,Accepted,
26472147,0568000,LOUISVILLE METRO POLICE DEPT,Accepted,JEFFERSON,,1040,CHEROKEE,RD,,,,,HIGHLAND,KY2860,GRINSTEAD,38.240255274,-85.721276097,0.397,3/5/2020 12:00:00 AM,1812,2,2,0,0,CLEAR,DRY,False,1 VEHICLE ENTERING/LEAVING ENTRANCE,ANGLE,STRAIGHT & LEVEL,DUSK,,,3/6/2020 8:25:43 AM,False,5020,Accepted,
26472138,0568000,LOUISVILLE METRO POLICE DEPT,Accepted,JEFFERSON,I 0065,,I65 S,,,,,,,,,38.157629078,-85.718593456,128.285,3/5/2020 12:00:00 AM,1607,1,1,0,0,CLEAR,DRY,False,OTHER ROADWAY OR MID-BLOCK COLLISION,SINGLE VEHICLE,STRAIGHT & LEVEL,DAYLIGHT,,,3/6/2020 8:25:13 AM,False,5233,Accepted,
26472256,KSP0400,KY STATE POLICE POST 04,Accepted,JEFFERSON,I 0264,,I264 W,,,,,,,,,38.192561572,-85.712891033,13.019,3/5/2020 12:00:00 AM,1555,2,2,0,0,CLEAR,DRY,False,OTHER ROADWAY OR MID-BLOCK COLLISION,REAR TO REAR,STRAIGHT & LEVEL,DAYLIGHT,,,3/6/2020 8:41:35 AM,False,331,Accepted,
26472115,0568000,LOUISVILLE METRO POLICE DEPT,Accepted,JEFFERSON,US0031E,,BARDSTOWN,RD,,,,,,,,38.164758370,-85.598673306,6.786,3/5/2020 12:00:00 AM,1623,3,3,0,0,CLEAR,DRY,False,OTHER ROADWAY OR MID-BLOCK COLLISION,REAR END,STRAIGHT & LEVEL,DAYLIGHT,,,3/6/2020 8:23:57 AM,False,7755,Accepted,
26472106,0568000,LOUISVILLE METRO POLICE DEPT,Accepted,JEFFERSON,KY1065,,OUTER,LOOP,,,,,APPLE VALLEY,KY0864,FEGENBUSH,38.137640569,-85.617312170,9.891,3/5/2020 12:00:00 AM,1635,2,2,0,0,CLEAR,DRY,False,OTHER ROADWAY OR MID-BLOCK COLLISION,REAR END,STRAIGHT & LEVEL,DAYLIGHT,,,3/6/2020 8:23:22 AM,False,2959,Accepted,
26474629,0568000,LOUISVILLE METRO POLICE DEPT,Accepted,JEFFERSON,,1487,FRANKFORT,AVE,,,WASHINGTON,,,,,38.259983379,-85.722378448,0.075,3/5/2020 12:00:00 AM,1040,2,2,0,0,CLEAR,DRY,False,COLLISION IN PARKING LOT,BACKING,STRAIGHT & LEVEL,DAYLIGHT,,,3/6/2020 4:04:54 PM,False,7058,Accepted,
26580837,0568000,LOUISVILLE METRO POLICE DEPT,Accepted,JEFFERSON,KY2860,,GRINSTEAD,DR,,,,,WILLOW,,GRINSTEAD,38.240605855,-85.714847280,0.386,3/5/2020 12:00:00 AM,0835,1,1,0,0,CLEAR,DRY,True,COLLISION IN PARKING LOT,SINGLE VEHICLE,STRAIGHT & LEVEL,DUSK,,,4/6/2020 8:41:37 AM,False,7129,Accepted,
26472088,0568000,LOUISVILLE METRO POLICE DEPT,Accepted,JEFFERSON,,,HELMWOOD,DR,,,,,,,,38.170223789,-85.703166837,0.106,3/5/2020 12:00:00 AM,1120,2,2,0,0,CLEAR,DRY,True,COLLISION IN PARKING LOT,ANGLE,STRAIGHT & LEVEL,DAYLIGHT,,,3/6/2020 8:22:17 AM,False,4693,Accepted,
26472143,0568000,LOUISVILLE METRO POLICE DEPT,Accepted,JEFFERSON,I 0064,,,,,,,,,,,38.258024088,-85.723651463,0.142,3/5/2020 12:00:00 AM,1825,2,2,0,0,CLEAR,DRY,False,OTHER RAMP RELATED COLLISIONS NOT LISTED ABOVE,REAR END,CURVE & GRADE,DUSK,I 0064,STORY AVE,3/6/2020 8:25:27 AM,False,5251,Accepted,
26472104,0568000,LOUISVILLE METRO POLICE DEPT,Accepted,JEFFERSON,I 0064,,,,,,,,,,,38.257929479,-85.723653648,0.149,3/5/2020 12:00:00 AM,0946,2,2,0,0,CLEAR,DRY,False,OTHER RAMP RELATED COLLISIONS NOT LISTED ABOVE,REAR END,CURVE & GRADE,DAYLIGHT,I 0064,STORY AVE,3/6/2020 8:23:14 AM,False,8278,Accepted,
26490850,0568000,LOUISVILLE METRO POLICE DEPT,Accepted,JEFFERSON,I 0071,,,,,,,,,,,38.273916601,-85.696649198,0.280,3/5/2020 12:00:00 AM,1812,2,2,0,0,CLEAR,DRY,False,OTHER RAMP RELATED COLLISIONS NOT LISTED ABOVE,REAR END,CURVE & LEVEL,DAYLIGHT,I 0071,ZORN AVE,3/10/2020 8:20:29 AM,False,7632,Accepted,
26466037,0568000,LOUISVILLE METRO POLICE DEPT,Accepted,JEFFERSON,I 0064,,,,,,,,,,,38.258784659,-85.754474791,0.237,3/4/2020 12:00:00 AM,1615,2,2,0,0,CLOUDY,DRY,False,OTHER RAMP RELATED COLLISIONS NOT LISTED ABOVE,SIDESWIPE-SAME DIRECTION,CURVE & GRADE,DAYLIGHT,I 0064,N  3RD ST,3/5/2020 8:36:33 AM,False,5251,Accepted,
26496356,0568000,LOUISVILLE METRO POLICE DEPT,Accepted,JEFFERSON,I 0071,,,,,,,,,,,38.274057991,-85.696869924,0.264,3/4/2020 12:00:00 AM,1310,2,2,0,0,CLEAR,DRY,False,OTHER RAMP RELATED COLLISIONS NOT LISTED ABOVE,REAR END,STRAIGHT & LEVEL,DAYLIGHT,I 0071,CS1004B,3/11/2020 8:26:25 AM,False,5250,Accepted,
26472153,0568000,LOUISVILLE METRO POLICE DEPT,Accepted,JEFFERSON,I 0064,,,,,,,,,,,38.258149899,-85.723610617,0.133,3/4/2020 12:00:00 AM,2114,2,2,0,0,CLOUDY,DRY,True,OTHER RAMP RELATED COLLISIONS NOT LISTED ABOVE,REAR END,CURVE & GRADE,DARK-HWY LIGHTED/ON,I 0064,STORY AVE,3/6/2020 8:26:08 AM,False,5195,Accepted,
26472089,0568000,LOUISVILLE METRO POLICE DEPT,Accepted,JEFFERSON,I 0065,,I65 N,,,,,I 0065,I65 N EXIT133A OFF RAMP TO  EASTERN PKWY,I 0065,I65 N EXIT132 ON RAMP FROM  CRITTENDEN DR,38.206733362,-85.748296826,132.392,3/4/2020 12:00:00 AM,0900,2,2,0,0,CLEAR,DRY,False,OTHER ROADWAY OR MID-BLOCK COLLISION,REAR END,CURVE & LEVEL,DAYLIGHT,,,3/6/2020 8:22:21 AM,False,7116,Accepted,
26466019,0568000,LOUISVILLE METRO POLICE DEPT,Accepted,JEFFERSON,,,MURPHY,LN,,,,KY1447,WESTPORT,,NANSEMOND,38.302288066,-85.532685047,0.019,3/4/2020 12:00:00 AM,0712,2,2,0,0,CLEAR,DRY,False,OTHER ROADWAY OR MID-BLOCK COLLISION,REAR END,STRAIGHT & HILLCREST,DAYLIGHT,,,3/5/2020 8:35:35 AM,False,7751,Accepted,
26465951,0568000,LOUISVILLE METRO POLICE DEPT,Accepted,JEFFERSON,KY0907,,VALLEY STATION,RD,,,,,,,,38.105217950,-85.857654748,0.535,3/4/2020 12:00:00 AM,0713,2,2,0,0,CLEAR,DRY,False,1 VEHICLE ENTERING/LEAVING ENTRANCE,ANGLE,STRAIGHT & LEVEL,DAYLIGHT,,,3/5/2020 8:31:57 AM,False,7174,Accepted,
26465953,0568000,LOUISVILLE METRO POLICE DEPT,Accepted,JEFFERSON,,,3RD,ST,S,,,,,,,38.188719644,-85.764991084,0.767,3/4/2020 12:00:00 AM,0958,2,2,0,0,CLEAR,DRY,False,1 VEHICLE ENTERING/LEAVING ENTRANCE,ANGLE,STRAIGHT & LEVEL,DAYLIGHT,,,3/5/2020 8:32:04 AM,False,7977,Accepted,
26466009,0568000,LOUISVILLE METRO POLICE DEPT,Accepted,JEFFERSON,US0031E,,BAXTER,AVE,,,,,MORTON,,HIGHLAND,38.240284137,-85.724278693,15.654,3/4/2020 12:00:00 AM,0858,2,2,0,0,CLEAR,DRY,False,1 VEHICLE ENTERING/LEAVING ENTRANCE,ANGLE,STRAIGHT & LEVEL,DAYLIGHT,,,3/5/2020 8:34:54 AM,False,2228,Accepted,
26466018,0568000,LOUISVILLE METRO POLICE DEPT,Accepted,JEFFERSON,KY0061,8230,PRESTON,HWY,,,,,SERENITY HOPE,KY1450,BLUE LICK,38.132751244,-85.683607023,3.540,3/4/2020 12:00:00 AM,1631,2,2,0,0,CLEAR,DRY,False,1 VEHICLE ENTERING/LEAVING ENTRANCE,ANGLE,STRAIGHT & LEVEL,DAYLIGHT,,,3/5/2020 8:35:31 AM,False,2324,Accepted,