IncidentID,AgencyORI,AgencyName,IncidentStatusDesc,County,RdwyNumber,Street,RoadwayName,StreetSfx,StreetDir,IntersectionRdwy,IntersectionRdwyName,BetweenStRdwy1,BetweenStRdwyName1,BetweenStRdwy2,BetweenStRdwyName2,Latitude,Longitude,Milepoint,CollisionDate,CollisionTime,UnitsInvolved,MotorVehiclesInvolved,NumberKilled,NumberInjured,Weather,RdwyConditionCode,HitandRun,DirAnalysisCode,MannerofCollision,RdwyCharacter,LightCondition,RampFromRdwyId,RampToRdwyId,AcceptedDate,IsSecondaryCollision,OwnerBadge,IncidentStatus,
26472114,0568000,LOUISVILLE METRO POLICE DEPT,Accepted,JEFFERSON,,5207,CHENOWETH RUN,RD,,,,,,,,38.167376987,-85.550144718,2.319,3/4/2020 12:00:00 AM,1153,2,2,0,0,CLEAR,DRY,True,1 VEHICLE ENTERING/LEAVING ENTRANCE,ANGLE,STRAIGHT & LEVEL,DAYLIGHT,,,3/6/2020 8:23:53 AM,False,7755,Accepted,
26466041,0568000,LOUISVILLE METRO POLICE DEPT,Accepted,JEFFERSON,KY1020,,3RD,ST,S,,,,LEE,,GAULBERT,38.223443741,-85.760714904,10.524,3/4/2020 12:00:00 AM,0642,2,2,0,0,CLEAR,DRY,False,1 VEHICLE ENTERING/LEAVING ENTRANCE,ANGLE,STRAIGHT & LEVEL,DAYLIGHT,,,3/5/2020 8:36:49 AM,False,7429,Accepted,
26466005,0568000,LOUISVILLE METRO POLICE DEPT,Accepted,JEFFERSON,KY1020,5540,NATIONAL,TPKE,,,,,,,,38.150327140,-85.762242227,5.440,3/4/2020 12:00:00 AM,1545,3,3,0,1,CLEAR,DRY,False,1 VEHICLE ENTERING/LEAVING ENTRANCE,ANGLE,STRAIGHT & LEVEL,DAYLIGHT,,,3/5/2020 8:34:34 AM,False,7232,Accepted,
26466013,0568000,LOUISVILLE METRO POLICE DEPT,Accepted,JEFFERSON,US0031W,,DIXIE,HWY,,,,,,,,38.021927232,-85.917724621,1.961,3/4/2020 12:00:00 AM,1511,2,2,0,0,CLOUDY,DRY,False,1 VEHICLE ENTERING/LEAVING ENTRANCE,ANGLE,STRAIGHT & LEVEL,DAYLIGHT,,,3/5/2020 8:35:10 AM,False,7234,Accepted,
26465975,0568000,LOUISVILLE METRO POLICE DEPT,Accepted,JEFFERSON,US0060A,,EASTERN,PKWY,,,,KY1703,BAXTER,,QUADRANT,38.229168791,-85.714672337,6.478,3/4/2020 12:00:00 AM,1426,2,2,0,0,CLEAR,DRY,False,1 VEHICLE ENTERING/LEAVING ENTRANCE,ANGLE,STRAIGHT & LEVEL,DAYLIGHT,,,3/5/2020 8:33:42 AM,False,7900,Accepted,
26466008,0568000,LOUISVILLE METRO POLICE DEPT,Accepted,JEFFERSON,,,MADISON,ST,W,,,,13TH,,15TH,38.251795497,-85.773823581,0.067,3/4/2020 12:00:00 AM,1558,2,2,0,0,CLEAR,DRY,False,SIDESWIPE COLLISION - SAME DIRECTION,SIDESWIPE-SAME DIRECTION,STRAIGHT & LEVEL,DAYLIGHT,,,3/5/2020 8:34:50 AM,False,7229,Accepted,
26465955,0568000,LOUISVILLE METRO POLICE DEPT,Accepted,JEFFERSON,I 0264,,I264 E,,,,,,,,,38.211478652,-85.670467611,15.717,3/4/2020 12:00:00 AM,0829,2,2,0,1,CLEAR,DRY,False,SIDESWIPE COLLISION - SAME DIRECTION,SIDESWIPE-SAME DIRECTION,STRAIGHT & LEVEL,DAYLIGHT,,,3/5/2020 8:32:14 AM,False,4656,Accepted,
26465989,0568000,LOUISVILLE METRO POLICE DEPT,Accepted,JEFFERSON,US0060A,,TAYLOR,BLVD,,,,,CENTRAL,,BURTON,38.206776443,-85.775652418,2.335,3/4/2020 12:00:00 AM,1459,2,2,0,0,CLEAR,DRY,False,SIDESWIPE COLLISION - SAME DIRECTION,SIDESWIPE-SAME DIRECTION,STRAIGHT & LEVEL,DAYLIGHT,,,3/5/2020 8:34:13 AM,False,2499,Accepted,
26466012,0568000,LOUISVILLE METRO POLICE DEPT,Accepted,JEFFERSON,KY0864,,POPLAR LEVEL,RD,,,,,BRAIDWOOD,,MARTY,38.160157242,-85.673319222,8.159,3/4/2020 12:00:00 AM,1555,2,2,0,0,CLEAR,DRY,False,SIDESWIPE COLLISION - SAME DIRECTION,SIDESWIPE-SAME DIRECTION,STRAIGHT & LEVEL,DAYLIGHT,,,3/5/2020 8:35:05 AM,False,5036,Accepted,
26496365,0568000,LOUISVILLE METRO POLICE DEPT,Accepted,JEFFERSON,I 0071,,I71 N,,,,,,,,,38.310293739,-85.590714174,8.515,3/4/2020 12:00:00 AM,1016,2,2,0,1,CLEAR,DRY,False,SIDESWIPE COLLISION - SAME DIRECTION,SIDESWIPE-SAME DIRECTION,STRAIGHT & GRADE,DAYLIGHT,,,3/11/2020 8:26:53 AM,False,6886,Accepted,
26496462,0568000,LOUISVILLE METRO POLICE DEPT,Accepted,JEFFERSON,,301,WARNOCK,ST,,,,,,,,38.214620448,-85.754905379,0.351,3/4/2020 12:00:00 AM,2111,2,2,0,0,CLEAR,DRY,False,SIDESWIPE COLLISION - SAME DIRECTION,SIDESWIPE-SAME DIRECTION,STRAIGHT & LEVEL,DARK-HWY LIGHTED/ON,,,3/11/2020 8:31:33 AM,False,7423,Accepted,
26472077,0568000,LOUISVILLE METRO POLICE DEPT,Accepted,JEFFERSON,US0031W,5138B,DIXIE,HWY,,,,,,,,38.164670305,-85.830577722,13.062,3/4/2020 12:00:00 AM,2000,2,2,0,0,CLEAR,DRY,False,SIDESWIPE COLLISION - SAME DIRECTION,SIDESWIPE-SAME DIRECTION,STRAIGHT & LEVEL,DARK-HWY LIGHTED/ON,,,3/6/2020 8:21:36 AM,False,7365,Accepted,
26465970,0568000,LOUISVILLE METRO POLICE DEPT,Accepted,JEFFERSON,KY0061,8100,PRESTON,HWY,,,,,,,,38.136103195,-85.685457139,3.784,3/4/2020 12:00:00 AM,1220,3,3,0,0,CLEAR,DRY,False,SIDESWIPE COLLISION - SAME DIRECTION,SIDESWIPE-SAME DIRECTION,STRAIGHT & LEVEL,DAYLIGHT,,,3/5/2020 8:33:21 AM,False,2017,Accepted,
26472090,0568000,LOUISVILLE METRO POLICE DEPT,Accepted,JEFFERSON,,,4TH,ST,S,,BLOOM,,,,,38.222083714,-85.762601397,2.405,3/4/2020 12:00:00 AM,1820,3,3,0,1,CLEAR,DRY,False,HEAD-ON COLLISION,HEAD ON,STRAIGHT & LEVEL,DARK-HWY LIGHTED/ON,,,3/6/2020 8:22:25 AM,False,7116,Accepted,
26466025,0568000,LOUISVILLE METRO POLICE DEPT,Accepted,JEFFERSON,KY1865,,TAYLOR,BLVD,,,,,,,,38.189887223,-85.783538160,5.709,3/4/2020 12:00:00 AM,1734,2,2,0,0,CLEAR,DRY,False,REAR END IN TRAFFIC LANES BOTH VEHICLES MOVING,REAR END,STRAIGHT & LEVEL,DAYLIGHT,,,3/5/2020 8:35:53 AM,False,7495,Accepted,
26465991,0568000,LOUISVILLE METRO POLICE DEPT,Accepted,JEFFERSON,,,HILL,ST,W,,,,MCCLOSKEY,,DIXIE,38.228361293,-85.789943471,1.811,3/4/2020 12:00:00 AM,1519,2,2,0,0,CLEAR,DRY,False,REAR END IN TRAFFIC LANES BOTH VEHICLES MOVING,REAR END,STRAIGHT & LEVEL,DAYLIGHT,,,3/5/2020 8:34:17 AM,False,7538,Accepted,
26472105,0568000,LOUISVILLE METRO POLICE DEPT,Accepted,JEFFERSON,KY1865,5859,NEW CUT,RD,,,,,,,,38.128422426,-85.774979911,1.418,3/4/2020 12:00:00 AM,1809,2,2,0,0,CLOUDY,DRY,False,REAR END IN TRAFFIC LANES BOTH VEHICLES MOVING,REAR END,STRAIGHT & GRADE,DAYLIGHT,,,3/6/2020 8:23:18 AM,False,7232,Accepted,
26472103,0568000,LOUISVILLE METRO POLICE DEPT,Accepted,JEFFERSON,I 0065,,,,,,,,,,,38.191127632,-85.724144406,0.147,3/4/2020 12:00:00 AM,1439,2,2,0,0,CLEAR,DRY,False,REAR END IN TRAFFIC LANES BOTH VEHICLES MOVING,REAR END,STRAIGHT & LEVEL,DAYLIGHT,,,3/6/2020 8:23:10 AM,False,8278,Accepted,
26465977,0568000,LOUISVILLE METRO POLICE DEPT,Accepted,JEFFERSON,KY1747,,FERN VALLEY,RD,,,,KY2052,SHEPHERDSVILLE,KY1747,KY1747 CROSSOVER,38.155839072,-85.656934717,4.104,3/4/2020 12:00:00 AM,1444,2,2,0,0,CLOUDY,DRY,False,REAR END IN TRAFFIC LANES BOTH VEHICLES MOVING,REAR END,STRAIGHT & LEVEL,DAYLIGHT,,,3/5/2020 8:33:49 AM,False,2959,Accepted,
26465952,0568000,LOUISVILLE METRO POLICE DEPT,Accepted,JEFFERSON,I 0065,,I65 N,,,,,,,,,38.224426678,-85.751021276,133.759,3/4/2020 12:00:00 AM,0841,2,2,0,0,CLEAR,DRY,False,REAR END IN TRAFFIC LANES BOTH VEHICLES MOVING,REAR END,STRAIGHT & LEVEL,DAYLIGHT,,,3/5/2020 8:32:01 AM,False,4903,Accepted,
26466027,0568000,LOUISVILLE METRO POLICE DEPT,Accepted,JEFFERSON,,,1ST,ST,S,,,,,,,38.249320260,-85.752769652,0.470,3/4/2020 12:00:00 AM,0958,2,2,0,0,CLEAR,DRY,False,REAR END IN TRAFFIC LANES BOTH VEHICLES MOVING,REAR END,STRAIGHT & LEVEL,DAYLIGHT,,,3/5/2020 8:35:59 AM,False,7239,Accepted,
26465962,0568000,LOUISVILLE METRO POLICE DEPT,Accepted,JEFFERSON,KY1747,,HURSTBOURNE,PKWY,S,,,,,,,38.199359024,-85.603065425,9.636,3/4/2020 12:00:00 AM,0924,2,2,0,0,CLEAR,DRY,False,REAR END IN TRAFFIC LANES BOTH VEHICLES MOVING,REAR END,STRAIGHT & LEVEL,DAYLIGHT,,,3/5/2020 8:32:51 AM,False,4693,Accepted,
26460180,0568000,LOUISVILLE METRO POLICE DEPT,Accepted,JEFFERSON,KY1747,2000,FERN VALLEY,RD,,,,,,,,38.157663676,-85.727938032,0.223,3/4/2020 12:00:00 AM,0559,2,2,0,0,CLEAR,DRY,False,REAR END IN TRAFFIC LANES BOTH VEHICLES MOVING,REAR END,STRAIGHT & LEVEL,DARK-HWY LIGHTED/ON,,,3/4/2020 8:19:55 AM,False,5040,Accepted,
26466029,0568000,LOUISVILLE METRO POLICE DEPT,Accepted,JEFFERSON,,,BROOK,ST,S,,,I 0065,I65 N EXIT136A OFF RAMP TO  S BROOK ST,US0150,BROADWAY,38.245285986,-85.751778964,2.830,3/4/2020 12:00:00 AM,1051,2,2,0,0,CLEAR,DRY,False,REAR END IN TRAFFIC LANES BOTH VEHICLES MOVING,REAR END,STRAIGHT & LEVEL,DAYLIGHT,,,3/5/2020 8:36:07 AM,False,7266,Accepted,
26465968,0568000,LOUISVILLE METRO POLICE DEPT,Accepted,JEFFERSON,,,AIR COMMERCE,DR,,,,,,,,38.128046841,-85.717321019,0.513,3/4/2020 12:00:00 AM,0742,2,2,0,1,CLEAR,DRY,False,1 VEHICLE PARKED POSITION (NOT PARKING LOT/DRIVEWAY),REAR END,STRAIGHT & LEVEL,DAYLIGHT,,,3/5/2020 8:33:14 AM,False,2017,Accepted,
26465972,0568000,LOUISVILLE METRO POLICE DEPT,Accepted,JEFFERSON,,,FERNDALE,RD,,,,,FERN CREST,,TRADESMILL,38.155534716,-85.609910380,1.093,3/4/2020 12:00:00 AM,1343,2,2,0,0,CLEAR,DRY,False,1 VEHICLE PARKED POSITION (NOT PARKING LOT/DRIVEWAY),BACKING,STRAIGHT & LEVEL,DAYLIGHT,,,3/5/2020 8:33:29 AM,False,6937,Accepted,
26466017,0568000,LOUISVILLE METRO POLICE DEPT,Accepted,JEFFERSON,,,4TH,ST,S,,,,MUHAMMAD ALI,,CHESTNUT,38.249942686,-85.757717955,0.465,3/4/2020 12:00:00 AM,1723,2,2,0,0,CLEAR,DRY,False,1 VEHICLE PARKED POSITION (NOT PARKING LOT/DRIVEWAY),REAR END,STRAIGHT & LEVEL,DAYLIGHT,,,3/5/2020 8:35:27 AM,False,7937,Accepted,
26490892,0568000,LOUISVILLE METRO POLICE DEPT,Accepted,JEFFERSON,I 0064,,I64 E,,,,,,,,,38.223430297,-85.529348691,17.695,3/4/2020 12:00:00 AM,1739,2,2,0,0,CLEAR,DRY,False,REAR END IN TRAFFIC LANES BOTH VEHICLES MOVING,REAR END,STRAIGHT & GRADE,DAYLIGHT,,,3/10/2020 8:22:58 AM,False,7899,Accepted,
26565548,0568000,LOUISVILLE METRO POLICE DEPT,Accepted,JEFFERSON,,,39TH,ST,S,,,,,,,38.225085918,-85.821319449,0.184,3/4/2020 12:00:00 AM,0621,2,2,0,0,CLEAR,DRY,False,1 VEHICLE PARKED POSITION (NOT PARKING LOT/DRIVEWAY),SIDESWIPE-SAME DIRECTION,STRAIGHT & LEVEL,DARK-HWY LIGHTED/ON,,,3/31/2020 8:02:48 AM,False,7476,Accepted,
26466036,0568000,LOUISVILLE METRO POLICE DEPT,Accepted,JEFFERSON,,,ROY WILKINS,AVE,,,,,MAGAZINE,,ESQUIRE,38.248428874,-85.766375419,0.622,3/4/2020 12:00:00 AM,1418,1,1,0,0,CLEAR,DRY,False,COLLISION WITH FIXED OBJECT NON - INTERSECTION - FIRST EVENT COLLISION 09 - 32 EXCLUDING 16,SINGLE VEHICLE,STRAIGHT & LEVEL,DAYLIGHT,,,3/5/2020 8:36:28 AM,False,5251,Accepted,
26472169,0568000,LOUISVILLE METRO POLICE DEPT,Accepted,JEFFERSON,,3401,GREENWOOD,AVE,,,,,,,,38.243217599,-85.810545760,1.157,3/4/2020 12:00:00 AM,2110,1,1,0,0,CLEAR,DRY,True,COLLISION WITH FIXED OBJECT NON - INTERSECTION - FIRST EVENT COLLISION 09 - 32 EXCLUDING 16,SINGLE VEHICLE,STRAIGHT & LEVEL,DARK-HWY LIGHTED/ON,,,3/6/2020 8:27:09 AM,False,5181,Accepted,
26466020,0568000,LOUISVILLE METRO POLICE DEPT,Accepted,JEFFERSON,,,FREYS HILL,RD,,,,,EVERGREEN,,LAKELAND,38.282633634,-85.549300974,1.156,3/4/2020 12:00:00 AM,1653,1,1,0,0,CLOUDY,DRY,False,COLLISION WITH FIXED OBJECT NON - INTERSECTION - FIRST EVENT COLLISION 09 - 32 EXCLUDING 16,SINGLE VEHICLE,STRAIGHT & LEVEL,DAYLIGHT,,,3/5/2020 8:35:38 AM,False,7751,Accepted,
26465979,0568000,LOUISVILLE METRO POLICE DEPT,Accepted,JEFFERSON,KY0864,,FEGENBUSH,LN,,,GREEN MANOR,,,,,38.146854982,-85.628014429,5.306,3/4/2020 12:00:00 AM,1512,2,2,0,0,CLEAR,DRY,False,OTHER INTERSECTION COLLISIONS,REAR END,STRAIGHT & LEVEL,DAYLIGHT,,,3/5/2020 8:33:56 AM,False,6937,Accepted,
26466028,0568000,LOUISVILLE METRO POLICE DEPT,Accepted,JEFFERSON,KY0864,,FEGENBUSH,LN,,KY1747,HURSTBOURNE,,,,,38.161061862,-85.640719600,6.590,3/4/2020 12:00:00 AM,1747,2,2,0,0,CLEAR,DRY,False,OTHER INTERSECTION COLLISIONS,REAR END,STRAIGHT & GRADE,DAYLIGHT,,,3/5/2020 8:36:03 AM,False,6937,Accepted,
26466004,0568000,LOUISVILLE METRO POLICE DEPT,Accepted,JEFFERSON,KY0061,,PRESTON,HWY,,KY1065,OUTER,,,,,38.137365759,-85.686194500,3.879,3/4/2020 12:00:00 AM,1704,2,2,0,0,CLOUDY,DRY,False,OTHER INTERSECTION COLLISIONS,REAR END,STRAIGHT & LEVEL,DAYLIGHT,,,3/5/2020 8:34:31 AM,False,5026,Accepted,
26465986,0568000,LOUISVILLE METRO POLICE DEPT,Accepted,JEFFERSON,,,16TH,ST,N,,PORTLAND,,,,,38.262751103,-85.774943064,0.089,3/4/2020 12:00:00 AM,1502,2,2,0,1,CLEAR,DRY,False,OTHER INTERSECTION COLLISIONS,REAR END,STRAIGHT & LEVEL,DAYLIGHT,,,3/5/2020 8:34:07 AM,False,7463,Accepted,
26466030,0568000,LOUISVILLE METRO POLICE DEPT,Accepted,JEFFERSON,US0031W,,DIXIE,HWY,,,TRENT,,,,,38.162474181,-85.831598612,12.904,3/4/2020 12:00:00 AM,0908,3,3,0,1,CLEAR,DRY,False,OTHER INTERSECTION COLLISIONS,REAR END,STRAIGHT & LEVEL,DAYLIGHT,,,3/5/2020 8:36:11 AM,False,7177,Accepted,
26466039,0568000,LOUISVILLE METRO POLICE DEPT,Accepted,JEFFERSON,KY1020,,3RD,ST,S,,HEYWOOD,,,,,38.206259095,-85.763718413,9.576,3/4/2020 12:00:00 AM,1229,2,2,0,0,CLEAR,DRY,True,OTHER INTERSECTION COLLISIONS,REAR END,STRAIGHT & LEVEL,DAYLIGHT,,,3/5/2020 8:36:41 AM,False,7360,Accepted,
26466015,0568000,LOUISVILLE METRO POLICE DEPT,Accepted,JEFFERSON,,,LOWER HUNTERS,TRCE,,US0031W,DIXIE,,,,,38.156212984,-85.834787507,0.018,3/4/2020 12:00:00 AM,0834,2,2,0,0,CLEAR,DRY,False,OTHER INTERSECTION COLLISIONS,REAR END,STRAIGHT & LEVEL,DAYLIGHT,,,3/5/2020 8:35:18 AM,False,7356,Accepted,
26466042,0568000,LOUISVILLE METRO POLICE DEPT,Accepted,JEFFERSON,,,1ST,ST,S,,MUHAMMAD ALI,,,,,38.250644841,-85.752553754,0.378,3/4/2020 12:00:00 AM,2130,2,2,0,0,CLEAR,DRY,False,OTHER INTERSECTION COLLISIONS,REAR END,STRAIGHT & LEVEL,DARK-HWY LIGHTED/ON,,,3/5/2020 8:36:52 AM,False,7862,Accepted,
26465971,0568000,LOUISVILLE METRO POLICE DEPT,Accepted,JEFFERSON,,,RIVER PARK,DR,,,31ST,,,,,38.254152331,-85.804769185,1.218,3/4/2020 12:00:00 AM,1400,2,2,0,1,CLEAR,DRY,True,SIDESWIPE-SAME DIRECTION,SIDESWIPE-SAME DIRECTION,STRAIGHT & LEVEL,DAYLIGHT,,,3/5/2020 8:33:25 AM,False,7463,Accepted,
26466021,0568000,LOUISVILLE METRO POLICE DEPT,Accepted,JEFFERSON,KY1747,,FERN VALLEY,RD,,KY0061,PRESTON,,,,,38.156592863,-85.697521786,1.902,3/4/2020 12:00:00 AM,1728,2,2,0,0,CLOUDY,DRY,False,SIDESWIPE-SAME DIRECTION,SIDESWIPE-SAME DIRECTION,STRAIGHT & LEVEL,DAYLIGHT,,,3/5/2020 8:35:41 AM,False,7397,Accepted,
26466038,0568000,LOUISVILLE METRO POLICE DEPT,Accepted,JEFFERSON,,,HILLOCK,DR,,,OLD BARDSTOWN,,,,,38.130339037,-85.577844439,0.004,3/4/2020 12:00:00 AM,1830,2,2,0,0,CLEAR,DRY,False,SIDESWIPE-SAME DIRECTION,SIDESWIPE-SAME DIRECTION,STRAIGHT & GRADE,DAYLIGHT,,,3/5/2020 8:36:38 AM,False,2321,Accepted,
26466003,0568000,LOUISVILLE METRO POLICE DEPT,Accepted,JEFFERSON,,,3RD,ST,S,,KENTON,,,,,38.198175558,-85.765062289,0.167,3/4/2020 12:00:00 AM,1510,2,2,0,0,CLEAR,DRY,True,SIDESWIPE-SAME DIRECTION,SIDESWIPE-SAME DIRECTION,STRAIGHT & LEVEL,DAYLIGHT,,,3/5/2020 8:34:28 AM,False,2499,Accepted,
26466035,0568000,LOUISVILLE METRO POLICE DEPT,Accepted,JEFFERSON,KY1931,,MANSLICK,RD,,,KNIGHT,,,,,38.174596764,-85.797808377,6.889,3/4/2020 12:00:00 AM,1418,2,2,0,1,CLEAR,DRY,True,SIDESWIPE-SAME DIRECTION,SIDESWIPE-SAME DIRECTION,STRAIGHT & LEVEL,DAYLIGHT,,,3/5/2020 8:36:25 AM,False,5260,Accepted,
26466010,0568000,LOUISVILLE METRO POLICE DEPT,Accepted,JEFFERSON,KY0864,,POPLAR LEVEL,RD,,I 0264,I264 E EXIT14 ON RAMP FROM KY864 N,,,,,38.195447453,-85.707663165,11.313,3/4/2020 12:00:00 AM,1356,2,2,0,0,CLEAR,DRY,True,SIDESWIPE-SAME DIRECTION,SIDESWIPE-SAME DIRECTION,CURVE & GRADE,DAYLIGHT,,,3/5/2020 8:34:57 AM,False,5036,Accepted,
26496386,0568000,LOUISVILLE METRO POLICE DEPT,Accepted,JEFFERSON,,,OAK,ST,W,KY1020,3RD,,,,,38.234826173,-85.758684195,0.179,3/4/2020 12:00:00 AM,1639,2,2,0,1,CLOUDY,DRY,False,SIDESWIPE-SAME DIRECTION,SIDESWIPE-SAME DIRECTION,STRAIGHT & LEVEL,DAYLIGHT,,,3/11/2020 8:28:12 AM,False,7619,Accepted,
26466040,0568000,LOUISVILLE METRO POLICE DEPT,Accepted,JEFFERSON,KY1065,,OUTER,LOOP,,I 0065,I65 S EXIT127 ON RAMP FROM KY1065,,,,,38.136773448,-85.712131005,4.618,3/4/2020 12:00:00 AM,1933,2,2,0,2,CLEAR,DRY,False,OPPOSING LEFT TURN,OPPOSING LEFT TURN,STRAIGHT & HILLCREST,DARK-HWY LIGHTED/ON,,,3/5/2020 8:36:45 AM,False,7016,Accepted,
26465961,0568000,LOUISVILLE METRO POLICE DEPT,Accepted,JEFFERSON,,,INDIAN,TRL,E,KY1703,NEWBURG,,,,,38.184619825,-85.665341180,2.624,3/4/2020 12:00:00 AM,0652,2,2,0,0,CLEAR,DRY,False,OPPOSING LEFT TURN,OPPOSING LEFT TURN,STRAIGHT & LEVEL,DARK (UNKNOWN ROADWAY LIGHTING),,,3/5/2020 8:32:48 AM,False,4693,Accepted,
26467812,0568000,LOUISVILLE METRO POLICE DEPT,Accepted,JEFFERSON,,,OAK,ST,W,,DIXIE,,,,,38.237398560,-85.786286656,1.695,3/4/2020 12:00:00 AM,0855,2,1,0,0,CLEAR,DRY,False,VEHICLE BACKING IN INTERSECTION,BACKING,STRAIGHT & LEVEL,DARK-HWY LIGHTED/ON,,,3/5/2020 2:02:41 PM,False,5229,Accepted,
26466007,0568000,LOUISVILLE METRO POLICE DEPT,Accepted,JEFFERSON,,,FLOYD,ST,S,,ST CATHERINE,,,,,38.236470079,-85.751280874,1.338,3/4/2020 12:00:00 AM,1533,2,2,0,0,CLEAR,DRY,False,SIDESWIPE-SAME DIRECTION,SIDESWIPE-SAME DIRECTION,STRAIGHT & LEVEL,DAYLIGHT,,,3/5/2020 8:34:46 AM,False,7390,Accepted,
26465964,0568000,LOUISVILLE METRO POLICE DEPT,Accepted,JEFFERSON,KY1934,,CANE RUN,RD,,,VAN WINKLE,,,,,38.201950490,-85.833931961,9.464,3/4/2020 12:00:00 AM,0917,2,2,0,0,CLEAR,DRY,False,SIDESWIPE-SAME DIRECTION,SIDESWIPE-SAME DIRECTION,STRAIGHT & LEVEL,DAYLIGHT,,,3/5/2020 8:32:58 AM,False,5208,Accepted,
26490849,0568000,LOUISVILLE METRO POLICE DEPT,Accepted,JEFFERSON,,,6TH,ST,S,,OAK,,,,,38.235346173,-85.763649751,1.510,3/4/2020 12:00:00 AM,1625,2,2,0,0,CLEAR,DRY,False,ANGLE COLLISION - OTHER,ANGLE,STRAIGHT & LEVEL,DAYLIGHT,,,3/10/2020 8:20:24 AM,False,7296,Accepted,
26472101,0568000,LOUISVILLE METRO POLICE DEPT,Accepted,JEFFERSON,KY0907,,VALLEY STATION,RD,,,MILLERS,,,,,38.105933269,-85.851002288,0.899,3/4/2020 12:00:00 AM,1813,2,2,0,0,CLEAR,DRY,False,ANGLE COLLISION - OTHER,ANGLE,STRAIGHT & LEVEL,DUSK,,,3/6/2020 8:22:58 AM,False,7263,Accepted,
26519003,0568000,LOUISVILLE METRO POLICE DEPT,Accepted,JEFFERSON,,,BROOK,ST,S,,KENTUCKY,,,,,38.238187198,-85.753096486,2.332,3/4/2020 12:00:00 AM,1624,2,2,0,1,CLEAR,DRY,False,ANGLE COLLISION - OTHER,ANGLE,STRAIGHT & LEVEL,DAYLIGHT,,,3/16/2020 9:03:27 AM,False,7429,Accepted,
26472166,0568000,LOUISVILLE METRO POLICE DEPT,Accepted,JEFFERSON,,,25TH,ST,S,,STANDARD,,,,,38.232613760,-85.795903367,1.114,3/4/2020 12:00:00 AM,2232,2,2,0,1,CLEAR,,True,ANGLE COLLISION - OTHER,ANGLE,STRAIGHT & LEVEL,DARK-HWY LIGHTED/ON,,,3/6/2020 8:27:00 AM,False,5239,Accepted,
26465950,0568000,LOUISVILLE METRO POLICE DEPT,Accepted,JEFFERSON,KY1747,,FERN VALLEY,RD,,KY0864,POPLAR LEVEL,,,,,38.157802789,-85.645890220,4.767,3/4/2020 12:00:00 AM,0541,2,2,0,3,CLEAR,DRY,False,ANGLE COLLISION - OTHER,ANGLE,STRAIGHT & LEVEL,DARK-HWY LIGHTED/OFF,,,3/5/2020 8:31:52 AM,False,7415,Accepted,
26466032,0568000,LOUISVILLE METRO POLICE DEPT,Accepted,JEFFERSON,,,INDIAN,TRL,E,,BUTTERNUT,,,,,38.168577634,-85.699291235,0.402,3/4/2020 12:00:00 AM,1430,3,3,0,0,CLEAR,DRY,False,ANGLE COLLISION - OTHER,ANGLE,STRAIGHT & GRADE,DAYLIGHT,,,3/5/2020 8:36:15 AM,False,5130,Accepted,
26465982,0568000,LOUISVILLE METRO POLICE DEPT,Accepted,JEFFERSON,,,DUMESNIL,ST,,,DIXIE,,,,,38.236378469,-85.787196558,1.740,3/4/2020 12:00:00 AM,1200,2,2,0,4,CLEAR,DRY,False,ANGLE COLLISION - OTHER,ANGLE,STRAIGHT & LEVEL,DAYLIGHT,,,3/5/2020 8:33:59 AM,False,5280,Accepted,
26465969,0568000,LOUISVILLE METRO POLICE DEPT,Accepted,JEFFERSON,KY1747,,FERN VALLEY,RD,,,FERN GRADE,,,,,38.157768097,-85.725747216,0.339,3/4/2020 12:00:00 AM,1017,2,2,0,2,CLEAR,DRY,False,ANGLE COLLISION - ONE VEHICLE TURNING LEFT,ANGLE,STRAIGHT & LEVEL,DAYLIGHT,,,3/5/2020 8:33:17 AM,False,2017,Accepted,
26465994,0568000,LOUISVILLE METRO POLICE DEPT,Accepted,JEFFERSON,US0031E,,BUECHEL,BYP,,KY2251,KY2251 CROSSOVER,,,,,38.190533086,-85.644474117,9.895,3/4/2020 12:00:00 AM,1542,2,2,0,0,CLOUDY,DRY,False,ANGLE COLLISION - ONE VEHICLE TURNING LEFT,ANGLE,STRAIGHT & LEVEL,DAYLIGHT,,,3/5/2020 8:34:21 AM,False,7307,Accepted,
26486211,0561500,UNIV. OF LOUISVILLE POLICE,Accepted,JEFFERSON,,,CLAY,ST,S,,MADISON,,,,,38.248223608,-85.740954029,0.473,3/4/2020 12:00:00 AM,0833,2,2,0,0,CLEAR,DRY,False,COLLISION WITH PARKED VEHICLE,SIDESWIPE-SAME DIRECTION,STRAIGHT & LEVEL,DAYLIGHT,,,3/9/2020 11:42:03 AM,False,5690,Accepted,
26466014,0568000,LOUISVILLE METRO POLICE DEPT,Accepted,JEFFERSON,KY1934,,GREENBELT,HWY,,KY1931,GREENWOOD,,,,,38.146955238,-85.886417613,4.449,3/4/2020 12:00:00 AM,0849,2,2,0,0,CLEAR,DRY,False,ANGLE COLLISION - ONE VEHICLE TURNING LEFT,ANGLE,STRAIGHT & LEVEL,DAYLIGHT,,,3/5/2020 8:35:15 AM,False,7356,Accepted,
26466022,0568000,LOUISVILLE METRO POLICE DEPT,Accepted,JEFFERSON,KY0061,,PRESTON,HWY,,,STANDIFORD,,,,,38.182393908,-85.720885031,7.566,3/4/2020 12:00:00 AM,1512,2,2,0,3,CLEAR,DRY,False,ANGLE COLLISION - ONE VEHICLE TURNING LEFT,ANGLE,STRAIGHT & LEVEL,DAYLIGHT,,,3/5/2020 8:35:44 AM,False,5233,Accepted,