IncidentID,AgencyORI,AgencyName,IncidentStatusDesc,County,RdwyNumber,Street,RoadwayName,StreetSfx,StreetDir,IntersectionRdwy,IntersectionRdwyName,BetweenStRdwy1,BetweenStRdwyName1,BetweenStRdwy2,BetweenStRdwyName2,Latitude,Longitude,Milepoint,CollisionDate,CollisionTime,UnitsInvolved,MotorVehiclesInvolved,NumberKilled,NumberInjured,Weather,RdwyConditionCode,HitandRun,DirAnalysisCode,MannerofCollision,RdwyCharacter,LightCondition,RampFromRdwyId,RampToRdwyId,AcceptedDate,IsSecondaryCollision,OwnerBadge,IncidentStatus,
26472081,0568000,LOUISVILLE METRO POLICE DEPT,Accepted,JEFFERSON,KY0864,,POPLAR LEVEL,RD,,,MERCER,,,,,38.201374311,-85.709691659,11.742,3/4/2020 12:00:00 AM,1353,2,2,0,3,CLEAR,DRY,False,ANGLE COLLISION - ONE VEHICLE TURNING LEFT,ANGLE,STRAIGHT & LEVEL,DAYLIGHT,,,3/6/2020 8:21:52 AM,False,4693,Accepted,
26466006,0568000,LOUISVILLE METRO POLICE DEPT,Accepted,JEFFERSON,,,TEXAS,AVE,,,BURNETT,,,,,38.221430382,-85.737277851,0.460,3/4/2020 12:00:00 AM,1256,2,2,0,0,CLEAR,DRY,True,COLLISION WITH PARKED VEHICLE,SIDESWIPE-SAME DIRECTION,STRAIGHT & LEVEL,DAYLIGHT,,,3/5/2020 8:34:41 AM,False,7390,Accepted,
26460176,0568000,LOUISVILLE METRO POLICE DEPT,Accepted,JEFFERSON,,,41ST,ST,S,,GARLAND,,,,,38.246779291,-85.819463566,0.768,3/4/2020 12:00:00 AM,0351,2,2,0,0,CLEAR,DRY,True,COLLISION WITH PARKED VEHICLE,SIDESWIPE-SAME DIRECTION,STRAIGHT & LEVEL,DARK-HWY LIGHTED/ON,,,3/4/2020 8:19:43 AM,False,5057,Accepted,
26465978,0568000,LOUISVILLE METRO POLICE DEPT,Accepted,JEFFERSON,,,DODGE,LN,S,,SILVER CREEK,,,,,38.100093976,-85.846433495,0.253,3/4/2020 12:00:00 AM,1440,1,1,0,3,CLEAR,DRY,False,COLLISION WITH FIXED OBJECT IN INTERSECTION - FIRST EVENT COLLISION 09 - 32,SINGLE VEHICLE,STRAIGHT & LEVEL,DAYLIGHT,,,3/5/2020 8:33:52 AM,False,7149,Accepted,
26466033,0568000,LOUISVILLE METRO POLICE DEPT,Accepted,JEFFERSON,,,MILLERS,LN,,KY1934,CANE RUN,,,,,38.215600735,-85.817427099,1.187,3/4/2020 12:00:00 AM,1804,1,1,0,0,CLEAR,DRY,False,COLLISION WITH FIXED OBJECT IN INTERSECTION - FIRST EVENT COLLISION 09 - 32,SINGLE VEHICLE,STRAIGHT & LEVEL,DUSK,,,3/5/2020 8:36:18 AM,False,5208,Accepted,
26466026,0568000,LOUISVILLE METRO POLICE DEPT,Accepted,JEFFERSON,,,OAK,ST,W,KY1020,2ND,,,,,38.234715989,-85.757013604,0.090,3/4/2020 12:00:00 AM,0747,2,1,0,0,CLOUDY,DRY,False,COLLISION WITH BICYCLE IN INTERSECTION,SINGLE VEHICLE,STRAIGHT & LEVEL,DAYLIGHT,,,3/5/2020 8:35:56 AM,False,7619,Accepted,
26496366,0568000,LOUISVILLE METRO POLICE DEPT,Accepted,JEFFERSON,,,4TH,ST,S,,YORK,,,,,38.244227012,-85.758696067,0.861,3/4/2020 12:00:00 AM,1327,2,1,0,1,CLOUDY,DRY,False,COLLISION WITH BICYCLE IN INTERSECTION,SINGLE VEHICLE,STRAIGHT & LEVEL,DAYLIGHT,,,3/11/2020 8:26:57 AM,False,7619,Accepted,
26472150,0568000,LOUISVILLE METRO POLICE DEPT,Accepted,JEFFERSON,US0150,,BROADWAY,,W,,8TH,,,,,38.246707335,-85.765018277,2.016,3/4/2020 12:00:00 AM,1654,2,1,0,1,CLOUDY,DRY,True,COLLISION WITH BICYCLE IN INTERSECTION,SINGLE VEHICLE,STRAIGHT & LEVEL,DAYLIGHT,,,3/6/2020 8:25:54 AM,False,2854,Accepted,
26454360,0568000,LOUISVILLE METRO POLICE DEPT,Accepted,JEFFERSON,,,CRITTENDEN,DR,,US0060A,EASTERN,,,,,38.211652755,-85.751286898,0.364,3/3/2020 12:00:00 AM,0215,2,2,0,0,RAINING,WET,False,COLLISION WITH PARKED VEHICLE,ANGLE,STRAIGHT & LEVEL,DARK-HWY LIGHTED/ON,,,3/3/2020 8:32:48 AM,False,7725,Accepted,
26474625,0568000,LOUISVILLE METRO POLICE DEPT,Accepted,JEFFERSON,,,BROOK,ST,S,,MUHAMMAD ALI,,,,,38.250661453,-85.751562066,3.207,3/3/2020 12:00:00 AM,1627,2,2,0,0,CLEAR,DRY,False,ANGLE COLLISION - ONE VEHICLE TURNING LEFT,ANGLE,STRAIGHT & LEVEL,DAYLIGHT,,,3/6/2020 4:04:35 PM,False,5168,Accepted,
26460074,0568000,LOUISVILLE METRO POLICE DEPT,Accepted,JEFFERSON,US0042,,BROWNSBORO,RD,,,HITE,,,,,38.258789188,-85.697825222,2.077,3/3/2020 12:00:00 AM,1445,2,2,0,0,CLEAR,DRY,False,ANGLE COLLISION - OTHER,ANGLE,STRAIGHT & LEVEL,DAYLIGHT,,,3/4/2020 8:16:41 AM,False,7028,Accepted,
26460090,0568000,LOUISVILLE METRO POLICE DEPT,Accepted,JEFFERSON,US0031W,,22ND,ST,S,,OAK,,,,,38.237462412,-85.790292504,18.745,3/3/2020 12:00:00 AM,1742,2,2,0,0,CLEAR,DRY,False,ANGLE COLLISION - OTHER,ANGLE,STRAIGHT & LEVEL,DAYLIGHT,,,3/4/2020 8:17:04 AM,False,7326,Accepted,
26460174,0568000,LOUISVILLE METRO POLICE DEPT,Accepted,JEFFERSON,,,PAYNE,ST,,,LEXINGTON,,,,,38.250639613,-85.720850921,0.640,3/3/2020 12:00:00 AM,1023,2,2,0,0,CLEAR,DRY,False,ANGLE COLLISION - OTHER,ANGLE,STRAIGHT & LEVEL,DARK-HWY LIGHTED/ON,,,3/4/2020 8:19:37 AM,False,5243,Accepted,
26454366,0568000,LOUISVILLE METRO POLICE DEPT,Accepted,JEFFERSON,,,LIBERTY,ST,W,,1ST,,,,,38.252629317,-85.753187275,0.825,3/3/2020 12:00:00 AM,0700,2,2,0,0,RAINING,WET,False,ANGLE COLLISION - OTHER,ANGLE,STRAIGHT & LEVEL,DAYLIGHT,,,3/3/2020 8:33:04 AM,False,5254,Accepted,
26460140,0568000,LOUISVILLE METRO POLICE DEPT,Accepted,JEFFERSON,,,8TH,ST,S,,BRECKINRIDGE,,,,,38.242788742,-85.765679177,1.010,3/3/2020 12:00:00 AM,1150,2,2,0,1,CLEAR,DRY,False,ANGLE COLLISION - OTHER,ANGLE,STRAIGHT & LEVEL,DAYLIGHT,,,3/4/2020 8:18:38 AM,False,7418,Accepted,
26460071,0568000,LOUISVILLE METRO POLICE DEPT,Accepted,JEFFERSON,,,STRAWBERRY,LN,,,ESTELE,,,,,38.159540055,-85.762693379,0.146,3/3/2020 12:00:00 AM,1654,2,2,0,1,CLEAR,DRY,False,ANGLE COLLISION - OTHER,ANGLE,STRAIGHT & LEVEL,DAYLIGHT,,,3/4/2020 8:16:34 AM,False,7139,Accepted,
26460088,0568000,LOUISVILLE METRO POLICE DEPT,Accepted,JEFFERSON,,,3RD,ST,S,,WELLINGTON,,,,,38.183907655,-85.765798616,1.155,3/3/2020 12:00:00 AM,1558,2,2,0,0,CLEAR,DRY,False,ANGLE COLLISION - OTHER,ANGLE,STRAIGHT & LEVEL,DAYLIGHT,,,3/4/2020 8:17:01 AM,False,7301,Accepted,
26460130,0568000,LOUISVILLE METRO POLICE DEPT,Accepted,JEFFERSON,US0031W,,DIXIE,HWY,,,OAK PARK,,,,,38.135634845,-85.844411356,10.989,3/3/2020 12:00:00 AM,1828,2,2,0,0,CLEAR,DRY,False,ANGLE COLLISION - OTHER,ANGLE,CURVE & GRADE,DAYLIGHT,,,3/4/2020 8:18:12 AM,False,2021,Accepted,
26460036,0568000,LOUISVILLE METRO POLICE DEPT,Accepted,JEFFERSON,US0031E,,BARDSTOWN,RD,,,LAKESIDE,,,,,38.222468943,-85.683661185,13.059,3/3/2020 12:00:00 AM,1300,2,2,0,0,CLEAR,DRY,False,ANGLE COLLISION - OTHER,ANGLE,STRAIGHT & LEVEL,DAYLIGHT,,,3/4/2020 8:16:04 AM,False,7306,Accepted,
26460136,0568000,LOUISVILLE METRO POLICE DEPT,Accepted,JEFFERSON,KY0061,,PRESTON,ST,S,,BARBEE,,,,,38.218725290,-85.747046518,10.564,3/3/2020 12:00:00 AM,0744,2,2,0,0,CLOUDY,WET,False,ANGLE COLLISION - OTHER,ANGLE,STRAIGHT & LEVEL,DAYLIGHT,,,3/4/2020 8:18:25 AM,False,7418,Accepted,
26460143,0568000,LOUISVILLE METRO POLICE DEPT,Accepted,JEFFERSON,KY1631,,CRITTENDEN,DR,,,BOXLEY,,,,,38.205378055,-85.750763451,1.199,3/3/2020 12:00:00 AM,1602,2,2,0,0,CLEAR,DRY,False,ANGLE COLLISION - OTHER,ANGLE,STRAIGHT & LEVEL,DAYLIGHT,,,3/4/2020 8:18:47 AM,False,7418,Accepted,
26460145,0568000,LOUISVILLE METRO POLICE DEPT,Accepted,JEFFERSON,,,7TH,ST,S,,YORK,,,,,38.244724495,-85.763679790,1.900,3/3/2020 12:00:00 AM,1707,2,2,0,0,CLEAR,DRY,False,ANGLE COLLISION - OTHER,ANGLE,STRAIGHT & LEVEL,DAYLIGHT,,,3/4/2020 8:18:56 AM,False,7418,Accepted,
26460146,0568000,LOUISVILLE METRO POLICE DEPT,Accepted,JEFFERSON,,,39TH,ST,S,KY2056,BELLS,,,,,38.222584527,-85.821574481,0.006,3/3/2020 12:00:00 AM,1910,2,2,0,1,CLEAR,DRY,False,ANGLE COLLISION - OTHER,ANGLE,STRAIGHT & LEVEL,DARK-HWY LIGHTED/ON,,,3/4/2020 8:18:59 AM,False,7439,Accepted,
26460179,0568000,LOUISVILLE METRO POLICE DEPT,Accepted,JEFFERSON,KY1934,,GREENBELT,HWY,,,TRADE PORT,,,,,38.125437285,-85.892990704,2.883,3/3/2020 12:00:00 AM,2134,2,2,0,0,CLEAR,DRY,False,ANGLE COLLISION - OTHER,ANGLE,STRAIGHT & GRADE,DARK-HWY NOT LIGHTED,,,3/4/2020 8:19:52 AM,False,5043,Accepted,
26460147,0568000,LOUISVILLE METRO POLICE DEPT,Accepted,JEFFERSON,,,JEFFERSON,ST,E,KY0061,PRESTON,,,,,38.252719524,-85.746583279,0.725,3/3/2020 12:00:00 AM,1848,2,2,0,0,CLEAR,DRY,False,SIDESWIPE-SAME DIRECTION,SIDESWIPE-SAME DIRECTION,STRAIGHT & LEVEL,DARK-HWY LIGHTED/ON,,,3/4/2020 8:19:03 AM,False,7862,Accepted,
26460066,0568000,LOUISVILLE METRO POLICE DEPT,Accepted,JEFFERSON,,,4TH,ST,S,,LEE,,,,,38.223379995,-85.762382501,2.314,3/3/2020 12:00:00 AM,1202,2,2,0,0,CLOUDY,WET,False,SIDESWIPE-SAME DIRECTION,SIDESWIPE-SAME DIRECTION,STRAIGHT & LEVEL,DAYLIGHT,,,3/4/2020 8:16:17 AM,False,5111,Accepted,
26460125,0568000,LOUISVILLE METRO POLICE DEPT,Accepted,JEFFERSON,,,7TH,ST,S,US0150,BROADWAY,,,,,38.246184833,-85.763476597,2.003,3/3/2020 12:00:00 AM,1215,2,2,0,0,CLEAR,DRY,False,SIDESWIPE-SAME DIRECTION,SIDESWIPE-SAME DIRECTION,STRAIGHT & LEVEL,DAYLIGHT,,,3/4/2020 8:18:09 AM,False,5168,Accepted,
26460137,0568000,LOUISVILLE METRO POLICE DEPT,Accepted,JEFFERSON,,,ST CATHERINE,ST,E,,CLAY,,,,,38.234888937,-85.743280908,0.643,3/3/2020 12:00:00 AM,0723,2,2,0,0,CLOUDY,WET,True,SIDESWIPE-SAME DIRECTION,SIDESWIPE-SAME DIRECTION,STRAIGHT & LEVEL,DAYLIGHT,,,3/4/2020 8:18:29 AM,False,7418,Accepted,
26460076,0568000,LOUISVILLE METRO POLICE DEPT,Accepted,JEFFERSON,US0031,,CLARK MEMORIAL,BRG,,US0031E,MAIN,,,,,38.256467730,-85.753368098,0.014,3/3/2020 12:00:00 AM,1531,2,2,0,0,CLEAR,DRY,True,SIDESWIPE-SAME DIRECTION,SIDESWIPE-SAME DIRECTION,STRAIGHT & LEVEL,DAYLIGHT,,,3/4/2020 8:16:44 AM,False,5187,Accepted,
26460102,0568000,LOUISVILLE METRO POLICE DEPT,Accepted,JEFFERSON,US0150,,BROADWAY,,E,,BROOK,,,,,38.245588166,-85.751677071,2.728,3/3/2020 12:00:00 AM,1730,2,2,0,0,CLEAR,DRY,False,SIDESWIPE-SAME DIRECTION,SIDESWIPE-SAME DIRECTION,STRAIGHT & LEVEL,DAYLIGHT,,,3/4/2020 8:17:41 AM,False,7786,Accepted,
26460135,0568000,LOUISVILLE METRO POLICE DEPT,Accepted,JEFFERSON,KY2055,,MANSLICK,RD,W,,STARLET,,,,,38.108268758,-85.762462917,1.632,3/3/2020 12:00:00 AM,1858,2,2,0,0,CLEAR,DRY,False,SIDESWIPE-SAME DIRECTION,SIDESWIPE-SAME DIRECTION,STRAIGHT & LEVEL,DARK (UNKNOWN ROADWAY LIGHTING),,,3/4/2020 8:18:22 AM,False,7483,Accepted,
26484429,0568000,LOUISVILLE METRO POLICE DEPT,Accepted,JEFFERSON,,,MANSLICK,RD,,,CRISTLAND,,,,,38.143853889,-85.792136574,0.658,3/3/2020 12:00:00 AM,1645,2,2,0,0,CLEAR,DRY,True,REAR END - ONE VEHICLE TURNING LEFT,REAR END,STRAIGHT & LEVEL,DAYLIGHT,,,3/9/2020 8:39:57 AM,False,7053,Accepted,
26460115,0568000,LOUISVILLE METRO POLICE DEPT,Accepted,JEFFERSON,KY2251,,BARDSTOWN,RD,,US0031E,BUECHEL,,,,,38.200181860,-85.662247411,1.189,3/3/2020 12:00:00 AM,1336,2,2,0,0,CLEAR,DRY,False,REAR END - ONE VEHICLE TURNING RIGHT,REAR END,STRAIGHT & LEVEL,DAYLIGHT,,,3/4/2020 8:17:54 AM,False,5247,Accepted,
26460103,0568000,LOUISVILLE METRO POLICE DEPT,Accepted,JEFFERSON,KY1727,,TERRY,RD,,KY1934,CANE RUN,,,,,38.178052454,-85.861850849,4.054,3/3/2020 12:00:00 AM,1130,3,3,0,2,CLOUDY,DRY,True,REAR END - ONE VEHICLE TURNING RIGHT,REAR END,CURVE & LEVEL,DAYLIGHT,,,3/4/2020 8:17:44 AM,False,7340,Accepted,
26484624,0568000,LOUISVILLE METRO POLICE DEPT,Accepted,JEFFERSON,KY0907,,SOUTHSIDE,DR,,,,,LILLIAN,KY1865,NEW CUT,38.146871953,-85.774210929,6.406,3/3/2020 12:00:00 AM,1456,2,1,0,1,CLEAR,DRY,False,COLLISION WITH PEDESTRIAN NON - INTERSECTION,SINGLE VEHICLE,STRAIGHT & LEVEL,DAYLIGHT,,,3/9/2020 8:48:08 AM,False,7840,Accepted,
26472110,0568000,LOUISVILLE METRO POLICE DEPT,Accepted,JEFFERSON,,,MUHAMMAD ALI,BLVD,W,,7TH,,,,,38.251731236,-85.762538531,0.540,3/3/2020 12:00:00 AM,1338,3,3,0,3,CLEAR,DRY,False,OTHER INTERSECTION COLLISIONS,REAR END,STRAIGHT & LEVEL,DAYLIGHT,,,3/6/2020 8:23:37 AM,False,2217,Accepted,
26454364,0568000,LOUISVILLE METRO POLICE DEPT,Accepted,JEFFERSON,US0031W,,DIXIE,HWY,,,BRICK KILN,,,,,38.170529616,-85.826867272,13.459,3/3/2020 12:00:00 AM,0623,2,2,0,0,RAINING,WET,True,OTHER INTERSECTION COLLISIONS,REAR END,STRAIGHT & LEVEL,DARK-HWY LIGHTED/ON,,,3/3/2020 8:32:58 AM,False,5048,Accepted,
26460155,0568000,LOUISVILLE METRO POLICE DEPT,Accepted,JEFFERSON,KY1931,,MANSLICK,RD,,,HOLLY PARK,,,,,38.159514587,-85.798053213,5.841,3/3/2020 12:00:00 AM,2113,2,2,0,2,CLEAR,DRY,False,OTHER INTERSECTION COLLISIONS,REAR END,STRAIGHT & HILLCREST,DARK-HWY NOT LIGHTED,,,3/4/2020 8:19:17 AM,False,7980,Accepted,
26474626,0568000,LOUISVILLE METRO POLICE DEPT,Accepted,JEFFERSON,US0150,,BROADWAY,,W,,4TH,,,,,38.246090068,-85.758445072,2.378,3/3/2020 12:00:00 AM,1718,2,2,0,0,CLEAR,DRY,False,OTHER INTERSECTION COLLISIONS,REAR END,STRAIGHT & LEVEL,DAYLIGHT,,,3/6/2020 4:04:41 PM,False,5168,Accepted,
26602263,0568000,LOUISVILLE METRO POLICE DEPT,Accepted,JEFFERSON,US0060A,,GRINSTEAD,DR,,,ETLEY,,,,,38.244070110,-85.704250137,7.827,3/3/2020 12:00:00 AM,1532,2,2,0,0,CLOUDY,DRY,False,OTHER INTERSECTION COLLISIONS,REAR END,STRAIGHT & HILLCREST,DAYLIGHT,,,4/14/2020 8:20:40 AM,False,7960,Accepted,
26474618,0568000,LOUISVILLE METRO POLICE DEPT,Accepted,JEFFERSON,,8010,GREYLING,DR,,,,,,,,38.118972048,-85.796272490,0.056,3/3/2020 12:00:00 AM,0843,1,1,0,0,RAINING,WET,False,COLLISION WITH FIXED OBJECT NON - INTERSECTION - FIRST EVENT COLLISION 09 - 32 EXCLUDING 16,SINGLE VEHICLE,CURVE & LEVEL,DAYLIGHT,,,3/6/2020 4:04:04 PM,False,2098,Accepted,
26460005,0568000,LOUISVILLE METRO POLICE DEPT,Accepted,JEFFERSON,,,3RD,ST,S,,,KY2801,SOUTHERN HEIGHTS,KY2801,FLORENCE,38.190137726,-85.764866970,0.722,3/3/2020 12:00:00 AM,0859,1,1,0,0,CLOUDY,WET,False,COLLISION WITH FIXED OBJECT NON - INTERSECTION - FIRST EVENT COLLISION 09 - 32 EXCLUDING 16,SINGLE VEHICLE,STRAIGHT & LEVEL,DAYLIGHT,,,3/4/2020 8:14:33 AM,False,7872,Accepted,
26474633,0568000,LOUISVILLE METRO POLICE DEPT,Accepted,JEFFERSON,,8208,3RD,ST,S,,,,,,,38.180211612,-85.767373055,1.419,3/3/2020 12:00:00 AM,2114,1,1,0,1,CLEAR,DRY,False,RAN OFF ROADWAY (1 VEHICLE WITH/EARTH EMBANKMENT/DITCH),SINGLE VEHICLE,CURVE & LEVEL,DARK (UNKNOWN ROADWAY LIGHTING),,,3/6/2020 4:05:07 PM,False,2905,Accepted,
26472171,0568000,LOUISVILLE METRO POLICE DEPT,Accepted,JEFFERSON,I 0071,,I71 S,,,,,I 0071,I71 S EXIT35B ON RAMP FROM KY841 S,I 0071,I71 TURN AROUND8,38.312241164,-85.587406169,8.733,3/3/2020 12:00:00 AM,1752,3,3,0,0,CLEAR,DRY,True,REAR END IN TRAFFIC LANES BOTH VEHICLES MOVING,REAR END,STRAIGHT & LEVEL,DAYLIGHT,,,3/6/2020 8:27:15 AM,False,2969,Accepted,
26454357,0568000,LOUISVILLE METRO POLICE DEPT,Accepted,JEFFERSON,,3131,NORTHWESTERN,PKWY,,,,,,,,38.275070026,-85.799086841,1.682,3/3/2020 12:00:00 AM,0001,3,3,0,5,CLEAR,DRY,False,1 VEHICLE PARKED POSITION (NOT PARKING LOT/DRIVEWAY),ANGLE,STRAIGHT & LEVEL,DARK-HWY LIGHTED/ON,,,3/3/2020 8:32:30 AM,False,7190,Accepted,
26465967,0568000,LOUISVILLE METRO POLICE DEPT,Accepted,JEFFERSON,,6907,ARBOR CREEK,DR,,,,,,,,38.122559982,-85.616073688,0.251,3/3/2020 12:00:00 AM,1336,2,2,0,0,CLEAR,DRY,False,1 VEHICLE PARKED POSITION (NOT PARKING LOT/DRIVEWAY),SIDESWIPE-SAME DIRECTION,STRAIGHT & LEVEL,DAYLIGHT,,,3/5/2020 8:33:10 AM,False,2017,Accepted,
26460094,0568000,LOUISVILLE METRO POLICE DEPT,Accepted,JEFFERSON,US0031W,,DR W J HODGE,ST,,,,US0150,BROADWAY,,MAGAZINE,38.250060024,-85.786364687,19.712,3/3/2020 12:00:00 AM,1153,4,4,0,0,CLEAR,DRY,False,1 VEHICLE PARKED POSITION (NOT PARKING LOT/DRIVEWAY),ANGLE,STRAIGHT & LEVEL,DAYLIGHT,,,3/4/2020 8:17:15 AM,False,7805,Accepted,
26460078,0568000,LOUISVILLE METRO POLICE DEPT,Accepted,JEFFERSON,KY0864,5013,POPLAR LEVEL,RD,,,,,,,,38.167115096,-85.681556570,8.893,3/3/2020 12:00:00 AM,1400,2,2,0,0,CLEAR,DRY,True,1 VEHICLE PARKED POSITION (NOT PARKING LOT/DRIVEWAY),ANGLE,STRAIGHT & LEVEL,DAYLIGHT,,,3/4/2020 8:16:48 AM,False,7451,Accepted,
26460013,0568000,LOUISVILLE METRO POLICE DEPT,Accepted,JEFFERSON,I 0064,,I64 W,,,,,,,,,38.250656234,-85.713546782,7.052,3/3/2020 12:00:00 AM,0958,2,2,0,0,RAINING,WET,False,REAR END IN TRAFFIC LANES BOTH VEHICLES MOVING,REAR END,STRAIGHT & LEVEL,DAYLIGHT,,,3/4/2020 8:14:52 AM,False,4903,Accepted,
26460069,0568000,LOUISVILLE METRO POLICE DEPT,Accepted,JEFFERSON,,,BROWNS,LN,,,,KY0155,TAYLORSVILLE,,RICHLAND,38.219944086,-85.625565692,3.021,3/3/2020 12:00:00 AM,1451,2,2,0,0,CLEAR,DRY,False,REAR END IN TRAFFIC LANES BOTH VEHICLES MOVING,REAR END,STRAIGHT & LEVEL,DAYLIGHT,,,3/4/2020 8:16:28 AM,False,7448,Accepted,
26460070,0568000,LOUISVILLE METRO POLICE DEPT,Accepted,JEFFERSON,I 0065,,,,,,,I 0065,I65 S EXIT131A RAMP TO I264 E,I 0264,I264 E,38.190508736,-85.721655072,0.440,3/3/2020 12:00:00 AM,1613,2,2,0,0,CLEAR,DRY,False,REAR END IN TRAFFIC LANES BOTH VEHICLES MOVING,REAR END,STRAIGHT & LEVEL,DAYLIGHT,,,3/4/2020 8:16:31 AM,False,7431,Accepted,
26460068,0568000,LOUISVILLE METRO POLICE DEPT,Accepted,JEFFERSON,,,TOWNE CENTER,DR,,,,,,,,38.296483951,-85.553485489,0.004,3/3/2020 12:00:00 AM,1500,2,2,0,0,CLEAR,DRY,False,REAR END IN TRAFFIC LANES BOTH VEHICLES MOVING,REAR END,STRAIGHT & LEVEL,DAYLIGHT,,,3/4/2020 8:16:24 AM,False,7839,Accepted,
26460018,0568000,LOUISVILLE METRO POLICE DEPT,Accepted,JEFFERSON,I 0265,,I265 E,,,,,,,,,38.204143066,-85.507257263,24.193,3/3/2020 12:00:00 AM,0837,2,2,0,0,CLOUDY,WET,False,REAR END IN TRAFFIC LANES BOTH VEHICLES MOVING,REAR END,STRAIGHT & HILLCREST,DAYLIGHT,,,3/4/2020 8:15:16 AM,False,2395,Accepted,
26460023,0568000,LOUISVILLE METRO POLICE DEPT,Accepted,JEFFERSON,I 0071,,I71 S,,,,,,,,,38.276882984,-85.694318480,2.000,3/3/2020 12:00:00 AM,0859,2,2,0,0,RAINING,WET,False,REAR END IN TRAFFIC LANES BOTH VEHICLES MOVING,REAR END,STRAIGHT & LEVEL,DAYLIGHT,,,3/4/2020 8:15:37 AM,False,4656,Accepted,
26460097,0568000,LOUISVILLE METRO POLICE DEPT,Accepted,JEFFERSON,I 0064,,I64 E,,,,,,,,,38.223397365,-85.552197290,16.469,3/3/2020 12:00:00 AM,1624,3,3,0,0,CLOUDY,DRY,False,REAR END IN TRAFFIC LANES BOTH VEHICLES MOVING,REAR END,STRAIGHT & GRADE,DAYLIGHT,,,3/4/2020 8:17:20 AM,False,2218,Accepted,
26460098,0568000,LOUISVILLE METRO POLICE DEPT,Accepted,JEFFERSON,,3900,ACCOMACK,DR,,,,,,,,38.300313296,-85.538786307,0.016,3/3/2020 12:00:00 AM,1749,2,2,0,0,CLEAR,DRY,False,REAR END IN TRAFFIC LANES BOTH VEHICLES MOVING,REAR END,STRAIGHT & LEVEL,DAYLIGHT,,,3/4/2020 8:17:24 AM,False,2489,Accepted,
26460099,0568000,LOUISVILLE METRO POLICE DEPT,Accepted,JEFFERSON,I 0064,,I64 E,,,,,,,,,38.258648497,-85.747266287,5.080,3/3/2020 12:00:00 AM,1749,2,2,0,0,CLEAR,DRY,False,REAR END IN TRAFFIC LANES BOTH VEHICLES MOVING,REAR END,STRAIGHT & LEVEL,DUSK,,,3/4/2020 8:17:29 AM,False,7216,Accepted,
26460100,0568000,LOUISVILLE METRO POLICE DEPT,Accepted,JEFFERSON,I 0264,,I264 E,,,,,,,,,38.228224428,-85.636234276,17.914,3/3/2020 12:00:00 AM,1637,3,3,0,0,CLEAR,DRY,False,REAR END IN TRAFFIC LANES BOTH VEHICLES MOVING,REAR END,STRAIGHT & LEVEL,DAYLIGHT,,,3/4/2020 8:17:34 AM,False,7306,Accepted,
26460141,0568000,LOUISVILLE METRO POLICE DEPT,Accepted,JEFFERSON,I 0065,,I65 S,,,,,I 0065,I65 S EXIT134 ON RAMP FROM  ARTHUR ST,I 0065,I65 S EXIT133 OFF RAMP TO  ARTHUR ST,38.217818240,-85.752335642,133.293,3/3/2020 12:00:00 AM,1338,2,2,0,0,CLEAR,DRY,False,REAR END IN TRAFFIC LANES BOTH VEHICLES MOVING,REAR END,STRAIGHT & LEVEL,DAYLIGHT,,,3/4/2020 8:18:41 AM,False,7418,Accepted,
26460134,0568000,LOUISVILLE METRO POLICE DEPT,Accepted,JEFFERSON,KY1020,7201,NATIONAL,TPKE,,,,,,,,38.143386168,-85.755924446,4.848,3/3/2020 12:00:00 AM,1115,2,2,0,0,CLEAR,DRY,True,REAR END IN TRAFFIC LANES BOTH VEHICLES MOVING,REAR END,STRAIGHT & LEVEL,DAYLIGHT,,,3/4/2020 8:18:18 AM,False,7483,Accepted,
26465957,0568000,LOUISVILLE METRO POLICE DEPT,Accepted,JEFFERSON,KY2052,,SHEPHERDSVILLE,RD,,,,,,,,38.154917511,-85.659732886,1.126,3/3/2020 12:00:00 AM,0831,4,4,0,0,RAINING,WET,False,REAR END IN TRAFFIC LANES BOTH VEHICLES MOVING,REAR END,STRAIGHT & LEVEL,DAYLIGHT,,,3/5/2020 8:32:23 AM,False,4693,Accepted,
26465958,0568000,LOUISVILLE METRO POLICE DEPT,Accepted,JEFFERSON,KY1703,,NEWBURG,RD,,,,,,,,38.200870129,-85.686191352,2.109,3/3/2020 12:00:00 AM,0939,2,2,0,0,RAINING,WET,False,REAR END IN TRAFFIC LANES BOTH VEHICLES MOVING,REAR END,STRAIGHT & GRADE,DAYLIGHT,,,3/5/2020 8:32:35 AM,False,4693,Accepted,
26460016,0568000,LOUISVILLE METRO POLICE DEPT,Accepted,JEFFERSON,I 0265,,I265 E,,,,,I 0265,I265 E EXIT15 ON RAMP FROM KY864,I 0265,I265 E EXIT17 OFF RAMP TO US31E,38.131102486,-85.602017505,16.022,3/3/2020 12:00:00 AM,0717,1,1,0,0,RAINING,WET,False,OTHER COLLISIONS ON SHOULDER,SINGLE VEHICLE,STRAIGHT & GRADE,DAYLIGHT,,,3/4/2020 8:15:02 AM,False,2000,Accepted,