IncidentID,AgencyORI,AgencyName,IncidentStatusDesc,County,RdwyNumber,Street,RoadwayName,StreetSfx,StreetDir,IntersectionRdwy,IntersectionRdwyName,BetweenStRdwy1,BetweenStRdwyName1,BetweenStRdwy2,BetweenStRdwyName2,Latitude,Longitude,Milepoint,CollisionDate,CollisionTime,UnitsInvolved,MotorVehiclesInvolved,NumberKilled,NumberInjured,Weather,RdwyConditionCode,HitandRun,DirAnalysisCode,MannerofCollision,RdwyCharacter,LightCondition,RampFromRdwyId,RampToRdwyId,AcceptedDate,IsSecondaryCollision,OwnerBadge,IncidentStatus,
26460138,0568000,LOUISVILLE METRO POLICE DEPT,Accepted,JEFFERSON,,,SOUTHERN,PKWY,,,,KY1020,KENWOOD,,SOUTHERN PKWY FRONTAGE RD 1,38.181296168,-85.769180780,0.046,3/3/2020 12:00:00 AM,0827,2,2,0,0,RAINING,WET,False,SIDESWIPE COLLISION - SAME DIRECTION,SIDESWIPE-SAME DIRECTION,STRAIGHT & LEVEL,DAYLIGHT,,,3/4/2020 8:18:32 AM,False,7418,Accepted,
26460144,0568000,LOUISVILLE METRO POLICE DEPT,Accepted,JEFFERSON,KY0061,,PRESTON,ST,S,,,,OAK,,GWENDOLYN,38.233765122,-85.749527282,11.447,3/3/2020 12:00:00 AM,1730,2,2,0,0,CLEAR,DRY,False,SIDESWIPE COLLISION - SAME DIRECTION,SIDESWIPE-SAME DIRECTION,STRAIGHT & LEVEL,DAYLIGHT,,,3/4/2020 8:18:51 AM,False,7418,Accepted,
26460027,0568000,LOUISVILLE METRO POLICE DEPT,Accepted,JEFFERSON,KY1065,,OUTER,LOOP,,,,,CAROL,KY0061,PRESTON,38.138451350,-85.685627780,6.113,3/3/2020 12:00:00 AM,1244,2,2,0,0,CLEAR,DRY,False,SIDESWIPE COLLISION - SAME DIRECTION,SIDESWIPE-SAME DIRECTION,STRAIGHT & LEVEL,DAYLIGHT,,,3/4/2020 8:15:50 AM,False,2017,Accepted,
26460120,0568000,LOUISVILLE METRO POLICE DEPT,Accepted,JEFFERSON,KY1931,,ST ANDREWS CHURCH,RD,,,,,,,,38.143415250,-85.837962646,3.236,3/3/2020 12:00:00 AM,1839,2,2,0,0,CLEAR,DRY,False,SIDESWIPE COLLISION - SAME DIRECTION,SIDESWIPE-SAME DIRECTION,STRAIGHT & LEVEL,DAYLIGHT,,,3/4/2020 8:18:01 AM,False,7496,Accepted,
26465965,0568000,LOUISVILLE METRO POLICE DEPT,Accepted,JEFFERSON,,,ST CATHERINE,ST,W,,,,,,,38.239949814,-85.783463651,1.032,3/3/2020 12:00:00 AM,0830,2,2,0,0,RAINING,WET,False,SIDESWIPE COLLISION - SAME DIRECTION,SIDESWIPE-SAME DIRECTION,STRAIGHT & LEVEL,DAWN,,,3/5/2020 8:33:02 AM,False,5114,Accepted,
26460139,0568000,LOUISVILLE METRO POLICE DEPT,Accepted,JEFFERSON,,,CRITTENDEN,DR,,,,,PARK,,WOODLAWN,38.192112175,-85.756198844,0.651,3/3/2020 12:00:00 AM,1005,2,2,0,0,RAINING,WET,True,SIDESWIPE COLLISION - SAME DIRECTION,SIDESWIPE-SAME DIRECTION,STRAIGHT & LEVEL,DAYLIGHT,,,3/4/2020 8:18:35 AM,False,7418,Accepted,
26460067,0568000,LOUISVILLE METRO POLICE DEPT,Accepted,JEFFERSON,KY1934,,CANE RUN,RD,,,,,ROCKFORD,,POPLAR VIEW,38.184465520,-85.854549157,7.783,3/3/2020 12:00:00 AM,1520,2,2,0,0,CLEAR,DRY,False,SIDESWIPE COLLISION - SAME DIRECTION,SIDESWIPE-SAME DIRECTION,STRAIGHT & LEVEL,DAYLIGHT,,,3/4/2020 8:16:21 AM,False,7339,Accepted,
26467636,0568000,LOUISVILLE METRO POLICE DEPT,Accepted,JEFFERSON,I 0264,,I264 E,,,,,,,,,38.191398871,-85.715264022,12.865,3/3/2020 12:00:00 AM,0558,4,1,0,0,RAINING,WET,False,SIDESWIPE COLLISION - SAME DIRECTION,SIDESWIPE-SAME DIRECTION,STRAIGHT & LEVEL,DARK-HWY LIGHTED/ON,,,3/5/2020 1:39:21 PM,True,4903,Accepted,
26460106,0568000,LOUISVILLE METRO POLICE DEPT,Accepted,JEFFERSON,KY1747,213,HURSTBOURNE,PKWY,N,,,,,,,38.246944117,-85.576727790,13.540,3/3/2020 12:00:00 AM,0858,2,2,0,0,RAINING,WET,True,1 VEHICLE ENTERING/LEAVING ENTRANCE,ANGLE,STRAIGHT & LEVEL,DAYLIGHT,,,3/4/2020 8:17:47 AM,False,7802,Accepted,
26460025,0568000,LOUISVILLE METRO POLICE DEPT,Accepted,JEFFERSON,,,OAK,ST,E,,,,,,,38.234563790,-85.755356128,0.001,3/3/2020 12:00:00 AM,0805,2,2,0,0,RAINING,WET,False,1 VEHICLE ENTERING/LEAVING ENTRANCE,ANGLE,STRAIGHT & LEVEL,DAYLIGHT,,,3/4/2020 8:15:43 AM,False,5258,Accepted,
26484505,0568000,LOUISVILLE METRO POLICE DEPT,Accepted,JEFFERSON,KY1020,,3RD,ST,S,,,,HEYWOOD,,CENTRAL,38.204863231,-85.763939510,9.478,3/3/2020 12:00:00 AM,1601,2,2,0,0,CLEAR,DRY,False,1 VEHICLE ENTERING/LEAVING ENTRANCE,ANGLE,STRAIGHT & LEVEL,DAYLIGHT,,,3/9/2020 8:41:22 AM,False,7418,Accepted,
26484454,0568000,LOUISVILLE METRO POLICE DEPT,Accepted,JEFFERSON,,,JEFFERSON,BLVD,,,,,,,,38.156774574,-85.671648519,0.075,3/3/2020 12:00:00 AM,1810,3,3,0,1,CLEAR,DRY,False,1 VEHICLE ENTERING/LEAVING ENTRANCE,ANGLE,STRAIGHT & LEVEL,DUSK,,,3/9/2020 8:40:19 AM,False,7379,Accepted,
26460026,0568000,LOUISVILLE METRO POLICE DEPT,Accepted,JEFFERSON,KY0864,,POPLAR LEVEL,RD,,,,,,,,38.201265078,-85.709721147,11.751,3/3/2020 12:00:00 AM,1400,2,2,0,1,CLOUDY,DRY,False,1 VEHICLE ENTERING/LEAVING ENTRANCE,ANGLE,STRAIGHT & LEVEL,DAYLIGHT,,,3/4/2020 8:15:47 AM,False,6148,Accepted,
26460060,0568000,LOUISVILLE METRO POLICE DEPT,Accepted,JEFFERSON,,7200B,LOGISTICS,DR,,,,,,,,38.167338708,-85.881871023,0.233,3/3/2020 12:00:00 AM,1449,2,2,0,0,CLEAR,DRY,True,1 VEHICLE ENTERING/LEAVING ENTRANCE,ANGLE,STRAIGHT & LEVEL,DAYLIGHT,,,3/4/2020 8:16:10 AM,False,7144,Accepted,
26460011,0568000,LOUISVILLE METRO POLICE DEPT,Accepted,JEFFERSON,I 0264,,I264 E,,,,,,,,,38.191283366,-85.715535624,12.849,3/3/2020 12:00:00 AM,0558,3,3,0,0,RAINING,WET,True,1 VEHICLE ENTERING/LEAVING ENTRANCE,ANGLE,STRAIGHT & LEVEL,DARK-HWY LIGHTED/ON,,,3/4/2020 8:14:47 AM,False,4903,Accepted,
26460160,0568000,LOUISVILLE METRO POLICE DEPT,Accepted,JEFFERSON,,7511,ST ANDREWS CHURCH,RD,,,,,,,,38.153890981,-85.811002754,0.141,3/3/2020 12:00:00 AM,2242,2,2,0,0,CLEAR,DRY,False,1 VEHICLE ENTERING/LEAVING ENTRANCE,ANGLE,STRAIGHT & LEVEL,DARK-HWY NOT LIGHTED,,,3/4/2020 8:19:27 AM,False,7992,Accepted,
26463230,0561500,UNIV. OF LOUISVILLE POLICE,Accepted,JEFFERSON,US0060A,,EASTERN,PKWY,,,,,SOUTH 3RD ,,HAHN,38.213376596,-85.759462074,,3/3/2020 12:00:00 AM,0900,3,3,0,0,RAINING,WET,False,OTHER ROADWAY OR MID-BLOCK COLLISION,REAR END,STRAIGHT & LEVEL,DAYLIGHT,,,3/4/2020 5:06:24 PM,False,5618,Accepted,
26460152,0568000,LOUISVILLE METRO POLICE DEPT,Accepted,JEFFERSON,US0060,,SHELBYVILLE,RD,,,,,,,,38.248825825,-85.606676412,6.227,3/3/2020 12:00:00 AM,1900,2,2,0,2,CLEAR,DRY,False,OTHER ROADWAY OR MID-BLOCK COLLISION,REAR END,STRAIGHT & LEVEL,DARK-HWY LIGHTED/ON,,,3/4/2020 8:19:13 AM,False,6777,Accepted,
26460020,0568000,LOUISVILLE METRO POLICE DEPT,Accepted,JEFFERSON,I 0265,,I265 E,,,,,,,,,38.179036799,-85.510138458,22.432,3/3/2020 12:00:00 AM,0910,2,2,0,0,RAINING,WET,False,OTHER ROADWAY OR MID-BLOCK COLLISION,REAR END,STRAIGHT & LEVEL,DAYLIGHT,,,3/4/2020 8:15:22 AM,False,2395,Accepted,
26484493,0568000,LOUISVILLE METRO POLICE DEPT,Accepted,JEFFERSON,I 0065,,I65 S,,,,,I 0065,I65 S EXIT136 ON RAMP FROM  S 1ST ST,I 0065,I65 S EXIT136 ON RAMP FROM  W CHESTNUT ST,38.247425194,-85.752176162,135.375,3/3/2020 12:00:00 AM,1104,1,1,0,0,CLEAR,DRY,False,OTHER ROADWAY OR MID-BLOCK COLLISION,SINGLE VEHICLE,STRAIGHT & LEVEL,DAYLIGHT,,,3/9/2020 8:40:53 AM,False,7418,Accepted,
26484568,0568000,LOUISVILLE METRO POLICE DEPT,Accepted,JEFFERSON,,,SPRING,ST,N,,,,,,,38.256669254,-85.724014026,0.068,3/3/2020 12:00:00 AM,1321,1,1,0,0,CLEAR,DRY,False,OTHER ROADWAY OR MID-BLOCK COLLISION,SINGLE VEHICLE,STRAIGHT & LEVEL,DAYLIGHT,,,3/9/2020 8:45:53 AM,False,5006,Accepted,
26460080,0568000,LOUISVILLE METRO POLICE DEPT,Accepted,JEFFERSON,KY1747,,HURSTBOURNE,PKWY,,,,US0031E,BARDSTOWN,,HAMES,38.167242741,-85.606084773,7.360,3/3/2020 12:00:00 AM,1650,3,3,0,3,CLEAR,DRY,False,OTHER ROADWAY OR MID-BLOCK COLLISION,OPPOSING LEFT TURN,STRAIGHT & LEVEL,DAYLIGHT,,,3/4/2020 8:16:51 AM,False,7497,Accepted,
26460110,0568000,LOUISVILLE METRO POLICE DEPT,Accepted,JEFFERSON,US0031E,,BARDSTOWN,RD,,,,,DEERWOOD,,MARYLAND,38.229112938,-85.702095326,14.193,3/3/2020 12:00:00 AM,1531,2,2,0,0,CLEAR,DRY,False,OTHER ROADWAY OR MID-BLOCK COLLISION,OPPOSING LEFT TURN,STRAIGHT & LEVEL,DAYLIGHT,,,3/4/2020 8:17:50 AM,False,5274,Accepted,
26460142,0568000,LOUISVILLE METRO POLICE DEPT,Accepted,JEFFERSON,,,HILL,ST,W,,,,7TH,,6TH,38.226559467,-85.767092374,0.558,3/3/2020 12:00:00 AM,1524,1,1,0,2,CLEAR,DRY,False,OTHER ROADWAY OR MID-BLOCK COLLISION,SINGLE VEHICLE,STRAIGHT & LEVEL,DAYLIGHT,,,3/4/2020 8:18:44 AM,False,7418,Accepted,
26460092,0568000,LOUISVILLE METRO POLICE DEPT,Accepted,JEFFERSON,KY1447,,WESTPORT,RD,,,,,,,,38.286564948,-85.574909953,5.073,3/3/2020 12:00:00 AM,1744,2,2,0,0,CLEAR,DRY,False,OTHER ROADWAY OR MID-BLOCK COLLISION,OPPOSING LEFT TURN,STRAIGHT & LEVEL,DAYLIGHT,,,3/4/2020 8:17:10 AM,False,6929,Accepted,
26454365,0568000,LOUISVILLE METRO POLICE DEPT,Accepted,JEFFERSON,I 0264,,I264 E,,,,,,,,,38.189581829,-85.747543515,11.098,3/3/2020 12:00:00 AM,0646,1,1,0,0,RAINING,WET,False,OTHER ROADWAY OR MID-BLOCK COLLISION,SINGLE VEHICLE,STRAIGHT & LEVEL,DARK-HWY LIGHTED/ON,,,3/3/2020 8:33:01 AM,True,4656,Accepted,
26460150,0568000,LOUISVILLE METRO POLICE DEPT,Accepted,JEFFERSON,US0031E,,BARDSTOWN,RD,,,,,CREWS,KY1932,KY1932 TURN LANE,38.180318637,-85.625443114,8.599,3/3/2020 12:00:00 AM,1912,2,2,0,2,CLEAR,DRY,True,OTHER ROADWAY OR MID-BLOCK COLLISION,REAR END,STRAIGHT & LEVEL,DARK-HWY NOT LIGHTED,,,3/4/2020 8:19:06 AM,False,6668,Accepted,
26460004,0568000,LOUISVILLE METRO POLICE DEPT,Accepted,JEFFERSON,I 0265,,,,,,,,,,,38.309038870,-85.572955800,0.224,3/3/2020 12:00:00 AM,0819,2,2,0,0,RAINING,WET,False,OTHER RAMP RELATED COLLISIONS NOT LISTED ABOVE,REAR END,STRAIGHT & LEVEL,DAYLIGHT,I 0265,KY0022,3/4/2020 8:14:29 AM,False,6929,Accepted,
26460170,0568000,LOUISVILLE METRO POLICE DEPT,Accepted,JEFFERSON,I 0065,,,,,,,,,,,38.244196618,-85.752067907,0.139,3/3/2020 12:00:00 AM,1858,2,2,0,0,CLEAR,DRY,True,OTHER RAMP RELATED COLLISIONS NOT LISTED ABOVE,REAR END,STRAIGHT & GRADE,DARK-HWY LIGHTED/ON,I 0065,S BROOK ST,3/4/2020 8:19:34 AM,False,5236,Accepted,
26466023,0568000,LOUISVILLE METRO POLICE DEPT,Accepted,JEFFERSON,I 0065,,,,,,,,,,,38.188735011,-85.727217507,0.420,3/3/2020 12:00:00 AM,1729,2,2,0,0,CLEAR,DRY,False,OTHER RAMP RELATED COLLISIONS NOT LISTED ABOVE,REAR END,STRAIGHT & LEVEL,DAYLIGHT,I 0065,I 0264,3/5/2020 8:35:48 AM,False,5233,Accepted,
26460123,0568000,LOUISVILLE METRO POLICE DEPT,Accepted,JEFFERSON,,,BEECHER,ST,,,WARREN,,,,,38.191458453,-85.778409673,0.264,3/3/2020 12:00:00 AM,1708,2,2,0,0,CLEAR,DRY,True,COLLISION IN PARKING LOT,BACKING,STRAIGHT & LEVEL,DAYLIGHT,,,3/4/2020 8:18:06 AM,False,5123,Accepted,
26460133,0568000,LOUISVILLE METRO POLICE DEPT,Accepted,JEFFERSON,US0060A,3506,TAYLOR,BLVD,,,,,,,,38.196231868,-85.782971847,1.477,3/3/2020 12:00:00 AM,1609,2,2,0,0,CLEAR,DRY,True,COLLISION IN PARKING LOT,SIDESWIPE-OPPOSITE DIRECTION,STRAIGHT & LEVEL,DAYLIGHT,,,3/4/2020 8:18:16 AM,False,7422,Accepted,
26460048,0568000,LOUISVILLE METRO POLICE DEPT,Accepted,JEFFERSON,,,26TH,ST,S,,BROADWAY,,,,,38.249450780,-85.794911918,0.780,3/3/2020 12:00:00 AM,1044,2,2,0,0,CLEAR,DRY,True,COLLISION IN PARKING LOT,SIDESWIPE-SAME DIRECTION,STRAIGHT & LEVEL,DAYLIGHT,,,3/4/2020 8:16:07 AM,False,7479,Accepted,
26484594,0568000,LOUISVILLE METRO POLICE DEPT,Accepted,JEFFERSON,US0031W,5110,DIXIE,HWY,,,,,,,,38.167510151,-85.829131779,13.215,3/2/2020 12:00:00 AM,1208,2,2,0,0,RAINING,WET,False,COLLISION IN PARKING LOT,BACKING,STRAIGHT & LEVEL,DAYLIGHT,,,3/9/2020 8:46:21 AM,False,7817,Accepted,
26460022,0568000,LOUISVILLE METRO POLICE DEPT,Accepted,JEFFERSON,I 0071,,I71 S,,,,,,,,,38.292046613,-85.651217342,4.797,3/2/2020 12:00:00 AM,0836,2,2,0,2,RAINING,WET,False,OTHER ROADWAY OR MID-BLOCK COLLISION,REAR END,STRAIGHT & LEVEL,DAYLIGHT,,,3/4/2020 8:15:33 AM,False,4656,Accepted,
26454319,0568000,LOUISVILLE METRO POLICE DEPT,Accepted,JEFFERSON,KY0155,,TAYLORSVILLE,RD,,,,,,,,38.189159802,-85.507789726,5.990,3/2/2020 12:00:00 AM,0700,2,2,0,1,RAINING,WET,False,OTHER ROADWAY OR MID-BLOCK COLLISION,OPPOSING LEFT TURN,STRAIGHT & LEVEL,DARK (UNKNOWN ROADWAY LIGHTING),,,3/3/2020 8:29:41 AM,False,4693,Accepted,
26454336,0568000,LOUISVILLE METRO POLICE DEPT,Accepted,JEFFERSON,KY0022,,BROWNSBORO,RD,,,,,,,,38.311385061,-85.569770351,4.302,3/2/2020 12:00:00 AM,1642,3,3,0,0,CLOUDY,DRY,False,OTHER ROADWAY OR MID-BLOCK COLLISION,REAR END,STRAIGHT & LEVEL,DAYLIGHT,,,3/3/2020 8:30:46 AM,False,2489,Accepted,
26460085,0568000,LOUISVILLE METRO POLICE DEPT,Accepted,JEFFERSON,,,BRECKINRIDGE,ST,E,,,,SWAN,KY0864,LOGAN,38.239566574,-85.737259340,0.674,3/2/2020 12:00:00 AM,0846,1,1,0,0,RAINING,WATER (STANDING OR MOVING),False,OTHER ROADWAY OR MID-BLOCK COLLISION,SINGLE VEHICLE,STRAIGHT & HILLCREST,DAYLIGHT,,,3/4/2020 8:16:58 AM,False,7322,Accepted,
26454306,0568000,LOUISVILLE METRO POLICE DEPT,Accepted,JEFFERSON,I 0064,,,,,,,,,,,38.262084360,-85.725956202,0.050,3/2/2020 12:00:00 AM,1150,1,1,0,0,RAINING,WET,False,COLLISION WITH FIXED OBJECT NOT IN GORE ,SINGLE VEHICLE,CURVE & LEVEL,DAYLIGHT,I 0064,I 0064,3/3/2020 8:28:49 AM,False,4903,Accepted,
26454330,0568000,LOUISVILLE METRO POLICE DEPT,Accepted,JEFFERSON,US0031W,,DIXIE,HWY,,,,,,,,38.166932840,-85.829239027,13.182,3/2/2020 12:00:00 AM,1356,2,2,0,0,CLOUDY,WET,False,1 VEHICLE ENTERING/LEAVING ENTRANCE,ANGLE,STRAIGHT & LEVEL,DAYLIGHT,,,3/3/2020 8:30:16 AM,False,7234,Accepted,
26496469,0568000,LOUISVILLE METRO POLICE DEPT,Accepted,JEFFERSON,,,HIKES,LN,,,,,,,,38.219996013,-85.625534929,3.168,3/2/2020 12:00:00 AM,1115,2,2,0,2,RAINING,WET,False,1 VEHICLE ENTERING/LEAVING ENTRANCE,ANGLE,STRAIGHT & LEVEL,DAYLIGHT,,,3/11/2020 8:31:57 AM,False,5159,Accepted,
26460030,0568000,LOUISVILLE METRO POLICE DEPT,Accepted,JEFFERSON,,,35TH,ST,S,,,,STRATTON,,BOHNE,38.229345285,-85.813768145,0.998,3/2/2020 12:00:00 AM,1835,2,2,0,0,CLOUDY,DRY,False,VEHICLE BACKING NON INTERSECTION,BACKING,STRAIGHT & LEVEL,DARK-HWY LIGHTED/ON,,,3/4/2020 8:16:00 AM,False,7656,Accepted,
26465966,0568000,LOUISVILLE METRO POLICE DEPT,Accepted,JEFFERSON,,,3RD,ST,S,,,,,,,38.169490895,-85.768395266,2.028,3/2/2020 12:00:00 AM,1649,2,2,0,0,CLOUDY,DRY,True,1 VEHICLE ENTERING/LEAVING ENTRANCE,ANGLE,STRAIGHT & LEVEL,DAYLIGHT,,,3/5/2020 8:33:06 AM,False,7234,Accepted,
26454340,0568000,LOUISVILLE METRO POLICE DEPT,Accepted,JEFFERSON,US0150,,BROADWAY,,W,,,,5TH,,6TH,38.246264398,-85.760892827,2.232,3/2/2020 12:00:00 AM,1226,2,2,0,0,CLOUDY,WET,False,SIDESWIPE COLLISION - SAME DIRECTION,SIDESWIPE-SAME DIRECTION,STRAIGHT & LEVEL,DAYLIGHT,,,3/3/2020 8:31:04 AM,False,5187,Accepted,
26460017,0568000,LOUISVILLE METRO POLICE DEPT,Accepted,JEFFERSON,I 0265,,I265 S,,,,,,,,,38.227022344,-85.505307959,25.743,3/2/2020 12:00:00 AM,0818,3,3,0,0,RAINING,WET,True,SIDESWIPE COLLISION - SAME DIRECTION,SIDESWIPE-SAME DIRECTION,STRAIGHT & LEVEL,DAWN,,,3/4/2020 8:15:05 AM,False,2395,Accepted,
26454353,0568000,LOUISVILLE METRO POLICE DEPT,Accepted,JEFFERSON,,521,HILL,ST,W,,,,,,,38.226305905,-85.764802251,0.432,3/2/2020 12:00:00 AM,1937,3,3,0,0,CLOUDY,DRY,False,SIDESWIPE COLLISION - SAME DIRECTION,SIDESWIPE-SAME DIRECTION,STRAIGHT & LEVEL,DARK-HWY LIGHTED/ON,,,3/3/2020 8:32:03 AM,False,5236,Accepted,
26454314,0568000,LOUISVILLE METRO POLICE DEPT,Accepted,JEFFERSON,I 0064,,I64 E,,,,,,,,,38.235670288,-85.649243412,11.041,3/2/2020 12:00:00 AM,0603,2,2,0,0,RAINING,WET,False,SIDESWIPE COLLISION - SAME DIRECTION,SIDESWIPE-SAME DIRECTION,STRAIGHT & LEVEL,DARK-HWY LIGHTED/ON,,,3/3/2020 8:29:23 AM,False,4656,Accepted,
26490846,0568000,LOUISVILLE METRO POLICE DEPT,Accepted,JEFFERSON,I 0065,,I65 N,,,,,,,,,38.154104515,-85.716051902,128.015,3/2/2020 12:00:00 AM,0729,2,2,0,0,RAINING,WET,False,SIDESWIPE COLLISION - SAME DIRECTION,SIDESWIPE-SAME DIRECTION,STRAIGHT & LEVEL,DAYLIGHT,,,3/10/2020 8:20:12 AM,False,7772,Accepted,
27036950,0568000,LOUISVILLE METRO POLICE DEPT,Accepted,JEFFERSON,I 0065,,I65 N EXIT130 TRANSIT,,,,,,,,,38.183935998,-85.722853204,0.556,3/2/2020 12:00:00 AM,0825,2,2,0,0,RAINING,WET,False,SIDESWIPE COLLISION - SAME DIRECTION,SIDESWIPE-SAME DIRECTION,STRAIGHT & LEVEL,DAYLIGHT,,,8/4/2020 10:40:09 AM,False,7772,Accepted,
26454337,0568000,LOUISVILLE METRO POLICE DEPT,Accepted,JEFFERSON,,,DURRETT,LN,,,,,BREITENSTEIN,,CURTIS,38.191171411,-85.714796710,0.617,3/2/2020 12:00:00 AM,1529,2,2,0,0,CLOUDY,WET,False,SIDESWIPE COLLISION - OPPOSITE DIRECTION,SIDESWIPE-OPPOSITE DIRECTION,CURVE & LEVEL,DAYLIGHT,,,3/3/2020 8:30:50 AM,False,7451,Accepted,
26449192,0568000,LOUISVILLE METRO POLICE DEPT,Accepted,JEFFERSON,I 0065,,I65 S,,,,,,,,,38.248956964,-85.752216398,135.480,3/2/2020 12:00:00 AM,0652,1,1,0,0,RAINING,WATER (STANDING OR MOVING),False,OTHER COLLISIONS ON SHOULDER,SINGLE VEHICLE,CURVE & LEVEL,DARK-HWY LIGHTED/ON,,,3/2/2020 9:07:54 AM,False,4903,Accepted,
26449184,0568000,LOUISVILLE METRO POLICE DEPT,Accepted,JEFFERSON,KY2048,3600,DUTCHMANS,LN,,,,,,,,38.225909318,-85.650543727,0.479,3/2/2020 12:00:00 AM,0101,1,1,0,0,CLEAR,DRY,False,OTHER COLLISIONS ON SHOULDER,SINGLE VEHICLE,STRAIGHT & LEVEL,DARK-HWY LIGHTED/ON,,,3/2/2020 9:07:35 AM,False,7101,Accepted,
26454338,0568000,LOUISVILLE METRO POLICE DEPT,Accepted,JEFFERSON,I 0064,,I64 W,,,,,,,,,38.236126873,-85.645824760,11.003,3/2/2020 12:00:00 AM,1636,2,2,0,0,CLOUDY,DRY,False,OTHER COLLISIONS ON SHOULDER,SIDESWIPE-SAME DIRECTION,STRAIGHT & LEVEL,DAYLIGHT,,,3/3/2020 8:30:53 AM,False,2217,Accepted,
26452507,0560400,SHIVELY POLICE DEPARTMENT,Accepted,JEFFERSON,I 0264,,I264 E,,,,,I 0264,I264 E EXIT5 ON RAMP FROM KY1934,I 0264,I264 E EXIT8B OFF RAMP TO US31W S,38.185563554,-85.820506571,7.067,3/2/2020 12:00:00 AM,0803,1,1,0,0,RAINING,WET,False,OTHER COLLISIONS ON SHOULDER,SINGLE VEHICLE,STRAIGHT & LEVEL,DAYLIGHT,,,3/2/2020 6:24:20 PM,False,7088,Accepted,
26454322,0568000,LOUISVILLE METRO POLICE DEPT,Accepted,JEFFERSON,KY1934,,CANE RUN,RD,,KY2051,CAMP GROUND,,,,,38.215485857,-85.818002791,10.721,3/2/2020 12:00:00 AM,1200,2,2,0,0,RAINING,WET,True,HEAD-ON COLLISION,HEAD ON,,DAYLIGHT,,,3/3/2020 8:29:49 AM,False,7346,Accepted,
26454328,0568000,LOUISVILLE METRO POLICE DEPT,Accepted,JEFFERSON,KY1934,,GREENBELT,HWY,,,,,,,,38.098517817,-85.892227029,1.060,3/2/2020 12:00:00 AM,1002,2,2,0,0,RAINING,WET,False,HEAD-ON COLLISION,HEAD ON,STRAIGHT & LEVEL,DAYLIGHT,,,3/3/2020 8:30:07 AM,False,7234,Accepted,
26460009,0568000,LOUISVILLE METRO POLICE DEPT,Accepted,JEFFERSON,KY0864,,POPLAR LEVEL,RD,,,,,ILLINOIS,,AUDUBON,38.210257493,-85.717187568,12.479,3/2/2020 12:00:00 AM,1401,2,2,0,0,RAINING,WET,False,REAR END IN TRAFFIC LANES BOTH VEHICLES MOVING,REAR END,STRAIGHT & HILLCREST,DAYLIGHT,,,3/4/2020 8:14:39 AM,False,7938,Accepted,
26454108,0560300,ST. MATTHEWS POLICE DEPARTMENT,Accepted,JEFFERSON,KY1932,,KY1932 TURN LANE,,,,,,,,,38.253059621,-85.655774395,0.019,3/2/2020 12:00:00 AM,1415,2,2,0,0,CLOUDY,WET,False,REAR END IN TRAFFIC LANES BOTH VEHICLES MOVING,REAR END,STRAIGHT & LEVEL,DAYLIGHT,,,3/3/2020 7:37:15 AM,False,9155,Accepted,
26454298,0568000,LOUISVILLE METRO POLICE DEPT,Accepted,JEFFERSON,US0031E,,BARDSTOWN,RD,,,,,,,,38.133937284,-85.579529689,4.358,3/2/2020 12:00:00 AM,1004,2,2,0,0,RAINING,WET,True,REAR END IN TRAFFIC LANES BOTH VEHICLES MOVING,REAR END,STRAIGHT & LEVEL,DAYLIGHT,,,3/3/2020 8:28:09 AM,False,7255,Accepted,
26454302,0568000,LOUISVILLE METRO POLICE DEPT,Accepted,JEFFERSON,,,OXMOOR,LN,,,,US0060,SHELBYVILLE,,BULLITT,38.248802138,-85.613410077,0.038,3/2/2020 12:00:00 AM,1008,2,2,0,0,RAINING,WET,False,REAR END IN TRAFFIC LANES BOTH VEHICLES MOVING,REAR END,STRAIGHT & LEVEL,DAYLIGHT,,,3/3/2020 8:28:30 AM,False,7358,Accepted,
26460028,0568000,LOUISVILLE METRO POLICE DEPT,Accepted,JEFFERSON,KY1065,,OUTER,LOOP,,,,,BUENA VISTA,,SHEPHERDSVILLE,38.138641107,-85.660159676,7.513,3/2/2020 12:00:00 AM,1429,3,3,0,1,CLOUDY,WET,False,REAR END IN TRAFFIC LANES BOTH VEHICLES MOVING,REAR END,STRAIGHT & LEVEL,DAYLIGHT,,,3/4/2020 8:15:54 AM,False,2017,Accepted,
26460029,0568000,LOUISVILLE METRO POLICE DEPT,Accepted,JEFFERSON,KY0864,6900,FEGENBUSH,LN,,,,,,,,38.147879082,-85.628198514,5.376,3/2/2020 12:00:00 AM,0722,2,2,0,0,RAINING,WET,False,REAR END IN TRAFFIC LANES BOTH VEHICLES MOVING,REAR END,STRAIGHT & LEVEL,DAYLIGHT,,,3/4/2020 8:15:57 AM,False,7484,Accepted,
26465959,0568000,LOUISVILLE METRO POLICE DEPT,Accepted,JEFFERSON,KY1747,,HURSTBOURNE,PKWY,S,,,,,,,38.219846428,-85.582096737,11.591,3/2/2020 12:00:00 AM,1259,2,2,0,0,RAINING,WET,False,REAR END IN TRAFFIC LANES BOTH VEHICLES MOVING,REAR END,STRAIGHT & LEVEL,DAYLIGHT,,,3/5/2020 8:32:40 AM,False,4693,Accepted,
26454329,0568000,LOUISVILLE METRO POLICE DEPT,Accepted,JEFFERSON,KY1934,,CANE RUN,RD,,,,,,,,38.178093253,-85.861739506,7.189,3/2/2020 12:00:00 AM,1222,2,2,0,1,RAINING,WET,False,REAR END IN TRAFFIC LANES BOTH VEHICLES MOVING,REAR END,STRAIGHT & LEVEL,DAYLIGHT,,,3/3/2020 8:30:12 AM,False,7234,Accepted,