IncidentID,AgencyORI,AgencyName,IncidentStatusDesc,County,RdwyNumber,Street,RoadwayName,StreetSfx,StreetDir,IntersectionRdwy,IntersectionRdwyName,BetweenStRdwy1,BetweenStRdwyName1,BetweenStRdwy2,BetweenStRdwyName2,Latitude,Longitude,Milepoint,CollisionDate,CollisionTime,UnitsInvolved,MotorVehiclesInvolved,NumberKilled,NumberInjured,Weather,RdwyConditionCode,HitandRun,DirAnalysisCode,MannerofCollision,RdwyCharacter,LightCondition,RampFromRdwyId,RampToRdwyId,AcceptedDate,IsSecondaryCollision,OwnerBadge,IncidentStatus,
26449165,0568000,LOUISVILLE METRO POLICE DEPT,Accepted,JEFFERSON,KY1747,5520,FERN VALLEY,RD,,,,,,,,38.155908007,-85.653609972,4.308,3/1/2020 12:00:00 AM,1644,1,1,0,2,CLEAR,DRY,False,COLLISION WITH FIXED OBJECT NON - INTERSECTION - FIRST EVENT COLLISION 09 - 32 EXCLUDING 16,SINGLE VEHICLE,STRAIGHT & LEVEL,DAYLIGHT,,,3/2/2020 9:06:15 AM,False,7812,Accepted,
26460021,0568000,LOUISVILLE METRO POLICE DEPT,Accepted,JEFFERSON,KY1447,,WESTPORT,RD,,,,,ROLLINGTON,,OLD LA GRANGE,38.297180383,-85.508363456,9.114,3/1/2020 12:00:00 AM,0446,1,1,0,1,CLEAR,DRY,False,COLLISION WITH FIXED OBJECT NON - INTERSECTION - FIRST EVENT COLLISION 09 - 32 EXCLUDING 16,SINGLE VEHICLE,CURVE & LEVEL,DARK-HWY NOT LIGHTED,,,3/4/2020 8:15:28 AM,False,7633,Accepted,
26449136,0568000,LOUISVILLE METRO POLICE DEPT,Accepted,JEFFERSON,KY1747,,HURSTBOURNE,PKWY,N,,,,WHITE BLOSSOM,KY1747,KY1747 CROSSOVER,38.298006933,-85.573670666,17.848,3/1/2020 12:00:00 AM,0704,1,1,0,1,CLEAR,DRY,False,COLLISION WITH FIXED OBJECT NON - INTERSECTION - FIRST EVENT COLLISION 09 - 32 EXCLUDING 16,SINGLE VEHICLE,CURVE & LEVEL,DARK (UNKNOWN ROADWAY LIGHTING),,,3/2/2020 9:03:27 AM,False,7751,Accepted,
26449121,0568000,LOUISVILLE METRO POLICE DEPT,Accepted,JEFFERSON,KY0907,7722,3RD ST,RD,,,,,,,,38.135542540,-85.787545089,5.338,3/1/2020 12:00:00 AM,1012,1,1,0,1,CLEAR,DRY,False,RAN OFF ROADWAY (1 VEHICLE WITH/EARTH EMBANKMENT/DITCH),SINGLE VEHICLE,STRAIGHT & LEVEL,DAYLIGHT,,,3/2/2020 9:02:16 AM,False,7232,Accepted,
26449135,0568000,LOUISVILLE METRO POLICE DEPT,Accepted,JEFFERSON,,,IOWA,AVE,,,,,RODMAN,US0060A,TAYLOR,38.208486396,-85.772085979,0.067,3/1/2020 12:00:00 AM,0709,2,2,0,0,CLEAR,DRY,False,1 VEHICLE PARKED POSITION (NOT PARKING LOT/DRIVEWAY),BACKING,STRAIGHT & LEVEL,DAYLIGHT,,,3/2/2020 9:03:20 AM,False,7207,Accepted,
26460082,0568000,LOUISVILLE METRO POLICE DEPT,Accepted,JEFFERSON,KY0061,1213,PRESTON,ST,S,,,,,,,38.233411596,-85.749572907,11.420,3/1/2020 12:00:00 AM,2230,2,2,0,0,CLOUDY,DRY,True,1 VEHICLE PARKED POSITION (NOT PARKING LOT/DRIVEWAY),BACKING,STRAIGHT & LEVEL,DARK-HWY LIGHTED/ON,,,3/4/2020 8:16:55 AM,False,7322,Accepted,
26449169,0568000,LOUISVILLE METRO POLICE DEPT,Accepted,JEFFERSON,,10213,NOLA,DR,,,,,,,,38.100727086,-85.755431254,0.126,3/1/2020 12:00:00 AM,0928,2,2,0,0,CLEAR,DRY,False,1 VEHICLE PARKED POSITION (NOT PARKING LOT/DRIVEWAY),BACKING,STRAIGHT & LEVEL,DAYLIGHT,,,3/2/2020 9:06:27 AM,False,7373,Accepted,
26449179,0568000,LOUISVILLE METRO POLICE DEPT,Accepted,JEFFERSON,,5006,UNSELD,BLVD,,,,,,,,38.178177694,-85.672107816,0.829,3/1/2020 12:00:00 AM,2355,4,4,0,0,CLOUDY,WET,True,1 VEHICLE PARKED POSITION (NOT PARKING LOT/DRIVEWAY),REAR END,STRAIGHT & LEVEL,DARK-HWY NOT LIGHTED,,,3/2/2020 9:07:04 AM,False,2737,Accepted,
26449174,0568000,LOUISVILLE METRO POLICE DEPT,Accepted,JEFFERSON,,105,45TH,ST,S,,,,,,,38.265616232,-85.821050756,0.016,3/1/2020 12:00:00 AM,2155,2,2,0,0,RAINING,WET,True,1 VEHICLE PARKED POSITION (NOT PARKING LOT/DRIVEWAY),REAR END,STRAIGHT & LEVEL,DARK-HWY LIGHTED/ON,,,3/2/2020 9:06:47 AM,False,7343,Accepted,
26449146,0568000,LOUISVILLE METRO POLICE DEPT,Accepted,JEFFERSON,I 0265,,I265 W,,,,,,,,,38.110995910,-85.674367146,11.778,3/1/2020 12:00:00 AM,1640,2,2,0,1,CLOUDY,DRY,False,REAR END IN TRAFFIC LANES BOTH VEHICLES MOVING,REAR END,STRAIGHT & LEVEL,DAYLIGHT,,,3/2/2020 9:04:20 AM,False,2583,Accepted,
26449173,0568000,LOUISVILLE METRO POLICE DEPT,Accepted,JEFFERSON,KY1020,,NATIONAL,TPKE,,,,,,,,38.099108322,-85.738163246,1.616,3/1/2020 12:00:00 AM,1958,2,2,0,0,CLEAR,DRY,False,REAR END IN TRAFFIC LANES BOTH VEHICLES MOVING,REAR END,STRAIGHT & LEVEL,DARK-HWY LIGHTED/OFF,,,3/2/2020 9:06:43 AM,False,7244,Accepted,
26449082,0568000,LOUISVILLE METRO POLICE DEPT,Accepted,JEFFERSON,,,HEPBURN,AVE,,,,,RUBEL,KY1703,BAXTER,38.238761869,-85.724172941,0.048,3/1/2020 12:00:00 AM,0138,4,4,0,0,CLEAR,DRY,True,1 VEHICLE PARKED POSITION (NOT PARKING LOT/DRIVEWAY),SIDESWIPE-SAME DIRECTION,STRAIGHT & LEVEL,DARK-HWY LIGHTED/ON,,,3/2/2020 8:58:33 AM,True,2816,Accepted,
26449157,0568000,LOUISVILLE METRO POLICE DEPT,Accepted,JEFFERSON,,803,42ND,ST,S,,,,,,,38.248291549,-85.822217217,0.949,3/1/2020 12:00:00 AM,1300,1,1,0,0,CLEAR,DRY,True,1 VEHICLE PARKED POSITION (NOT PARKING LOT/DRIVEWAY),SINGLE VEHICLE,STRAIGHT & LEVEL,,,,3/2/2020 9:05:26 AM,False,7329,Accepted,
26449163,0568000,LOUISVILLE METRO POLICE DEPT,Accepted,JEFFERSON,,3735.5,KAHLERT,AVE,,,,,,,,38.188815380,-85.787438546,0.478,3/1/2020 12:00:00 AM,1040,2,2,0,0,CLEAR,DRY,True,1 VEHICLE PARKED POSITION (NOT PARKING LOT/DRIVEWAY),REAR END,STRAIGHT & LEVEL,DARK-HWY NOT LIGHTED,,,3/2/2020 9:05:56 AM,False,5289,Accepted,
26449155,0568000,LOUISVILLE METRO POLICE DEPT,Accepted,JEFFERSON,US0031W,1009,22ND,ST,S,,,,,,,38.240764174,-85.789728425,18.920,3/1/2020 12:00:00 AM,1414,2,2,0,0,CLEAR,DRY,True,1 VEHICLE PARKED POSITION (NOT PARKING LOT/DRIVEWAY),SIDESWIPE-SAME DIRECTION,STRAIGHT & LEVEL,DAYLIGHT,,,3/2/2020 9:05:08 AM,False,7387,Accepted,
26449161,0568000,LOUISVILLE METRO POLICE DEPT,Accepted,JEFFERSON,KY1865,5215,NEW CUT,RD,,,,,,,,38.131269243,-85.773036788,1.503,3/1/2020 12:00:00 AM,1735,2,2,0,0,CLEAR,DRY,False,REAR END IN TRAFFIC LANES BOTH VEHICLES MOVING,REAR END,CURVE & LEVEL,DAYLIGHT,,,3/2/2020 9:05:51 AM,False,7427,Accepted,
26449120,0568000,LOUISVILLE METRO POLICE DEPT,Accepted,JEFFERSON,KY1447,,WESTPORT,RD,,,,,,,,38.288522143,-85.570348336,5.346,3/1/2020 12:00:00 AM,1200,2,2,0,0,CLEAR,DRY,False,REAR END IN TRAFFIC LANES BOTH VEHICLES MOVING,REAR END,STRAIGHT & LEVEL,DAYLIGHT,,,3/2/2020 9:02:12 AM,False,7631,Accepted,
26449189,0568000,LOUISVILLE METRO POLICE DEPT,Accepted,JEFFERSON,KY0907,7511,3RD ST,RD,,,,,,,,38.141205167,-85.780821219,5.872,3/1/2020 12:00:00 AM,0640,2,2,0,1,CLEAR,DRY,False,SIDESWIPE COLLISION - OPPOSITE DIRECTION,SIDESWIPE-OPPOSITE DIRECTION,STRAIGHT & LEVEL,DAYLIGHT,,,3/2/2020 9:07:47 AM,False,7444,Accepted,
26449124,0568000,LOUISVILLE METRO POLICE DEPT,Accepted,JEFFERSON,I 0264,,I264 E,,,,,,,,,38.192618608,-85.712937664,13.012,3/1/2020 12:00:00 AM,1515,2,2,0,0,CLEAR,DRY,False,SIDESWIPE COLLISION - SAME DIRECTION,SIDESWIPE-SAME DIRECTION,STRAIGHT & LEVEL,DAYLIGHT,,,3/2/2020 9:02:31 AM,False,2796,Accepted,
26449122,0568000,LOUISVILLE METRO POLICE DEPT,Accepted,JEFFERSON,I 0064,,,,,,,I 0064,I64 S EXIT1 RAMP TO I65 S,I 0065,I65 S,38.256795728,-85.742057436,0.246,3/1/2020 12:00:00 AM,1407,2,2,0,0,CLEAR,DRY,False,SIDESWIPE COLLISION - SAME DIRECTION,SIDESWIPE-SAME DIRECTION,STRAIGHT & LEVEL,DAYLIGHT,,,3/2/2020 9:02:21 AM,False,2764,Accepted,
26449123,0568000,LOUISVILLE METRO POLICE DEPT,Accepted,JEFFERSON,KY1865,,NEW CUT,RD,,,,,,,,38.117653448,-85.775422396,0.606,3/1/2020 12:00:00 AM,1427,2,2,0,4,CLEAR,DRY,False,SIDESWIPE COLLISION - SAME DIRECTION,SIDESWIPE-SAME DIRECTION,STRAIGHT & LEVEL,DAYLIGHT,,,3/2/2020 9:02:25 AM,False,7252,Accepted,
26460182,0568000,LOUISVILLE METRO POLICE DEPT,Accepted,JEFFERSON,I 0071,,I71 S,,,,,,,,,38.262181711,-85.724748575,0.019,3/1/2020 12:00:00 AM,1421,2,2,0,0,CLEAR,DRY,False,SIDESWIPE COLLISION - SAME DIRECTION,SIDESWIPE-SAME DIRECTION,STRAIGHT & HILLCREST,DAYLIGHT,,,3/4/2020 8:20:02 AM,False,7239,Accepted,
26449095,0568000,LOUISVILLE METRO POLICE DEPT,Accepted,JEFFERSON,US0031E,,BARDSTOWN,RD,,,,US0060A,EASTERN,,SHERWOOD,38.231779929,-85.708789890,14.595,3/1/2020 12:00:00 AM,0330,2,2,0,0,CLEAR,DRY,False,SIDESWIPE COLLISION - SAME DIRECTION,SIDESWIPE-SAME DIRECTION,CURVE & LEVEL,DARK-HWY LIGHTED/ON,,,3/2/2020 8:59:18 AM,False,2816,Accepted,
26449185,0568000,LOUISVILLE METRO POLICE DEPT,Accepted,JEFFERSON,US0060,2320,FRANKFORT,AVE,,,,,,,,38.253417513,-85.702497164,0.976,3/1/2020 12:00:00 AM,1847,2,2,0,0,CLOUDY,DRY,False,1 VEHICLE ENTERING/LEAVING ENTRANCE,ANGLE,STRAIGHT & LEVEL,DARK-HWY LIGHTED/ON,,,3/2/2020 9:07:39 AM,False,7304,Accepted,
26449142,0568000,LOUISVILLE METRO POLICE DEPT,Accepted,JEFFERSON,US0031E,,US31E CROSSOVER,,,,,,,,,38.211230037,-85.671099997,,3/1/2020 12:00:00 AM,1452,2,2,0,0,CLEAR,DRY,False,1 VEHICLE ENTERING/LEAVING ENTRANCE,ANGLE,STRAIGHT & LEVEL,DAYLIGHT,,,3/2/2020 9:03:58 AM,False,6813,Accepted,
26465963,0568000,LOUISVILLE METRO POLICE DEPT,Accepted,JEFFERSON,KY1020,,2ND,ST,S,,,,ORMSBY,,OAK,38.233348485,-85.757188500,11.246,3/1/2020 12:00:00 AM,1702,2,2,0,0,CLEAR,DRY,False,VEHICLE BACKING NON INTERSECTION,BACKING,STRAIGHT & LEVEL,DAYLIGHT,,,3/5/2020 8:32:55 AM,False,7619,Accepted,
26449158,0568000,LOUISVILLE METRO POLICE DEPT,Accepted,JEFFERSON,,,LINDSAY,AVE,,,,US0042,BROWNSBORO,,LINDSAY,38.259846651,-85.707468143,0.013,3/1/2020 12:00:00 AM,1707,2,2,0,0,CLEAR,DRY,False,1 VEHICLE ENTERING/LEAVING ENTRANCE,ANGLE,STRAIGHT & GRADE,DAYLIGHT,,,3/2/2020 9:05:29 AM,False,2413,Accepted,
26449139,0568000,LOUISVILLE METRO POLICE DEPT,Accepted,JEFFERSON,US0042,,US42,,,,,,FALLS CREEK,,SANCTUARY BLUFF,38.305540100,-85.627822568,7.666,3/1/2020 12:00:00 AM,1607,2,2,0,0,CLEAR,DRY,False,OTHER ROADWAY OR MID-BLOCK COLLISION,REAR TO REAR,STRAIGHT & HILLCREST,DAYLIGHT,,,3/2/2020 9:03:40 AM,False,7751,Accepted,
26449147,0568000,LOUISVILLE METRO POLICE DEPT,Accepted,JEFFERSON,KY1065,4901,OUTER,LOOP,,,,,,,,38.137954640,-85.666072591,7.186,3/1/2020 12:00:00 AM,1455,2,2,0,0,CLOUDY,DRY,True,COLLISION IN PARKING LOT,SIDESWIPE-SAME DIRECTION,STRAIGHT & LEVEL,DAYLIGHT,,,3/2/2020 9:04:27 AM,False,2583,Accepted,
26449092,0568000,LOUISVILLE METRO POLICE DEPT,Accepted,JEFFERSON,,6504,BROOK BEND,WAY,,,,,,,,38.103185921,-85.648608806,0.118,3/1/2020 12:00:00 AM,0030,2,2,0,0,CLEAR,DRY,True,COLLISION IN PARKING LOT,SIDESWIPE-OPPOSITE DIRECTION,STRAIGHT & LEVEL,DARK-HWY LIGHTED/ON,,,3/2/2020 8:59:11 AM,False,7474,Accepted,
26449052,0568000,LOUISVILLE METRO POLICE DEPT,Accepted,JEFFERSON,,,RUNDILL,RD,,,,,,,,38.163243778,-85.780672454,1.286,2/29/2020 12:00:00 AM,1807,2,2,0,0,CLEAR,DRY,True,COLLISION IN PARKING LOT,BACKING,STRAIGHT & LEVEL,DAYLIGHT,,,3/2/2020 8:57:00 AM,False,7424,Accepted,
26449119,0568000,LOUISVILLE METRO POLICE DEPT,Accepted,JEFFERSON,,105,CRESCENT,AVE,,,,,,,,38.254675886,-85.686765859,0.002,2/29/2020 12:00:00 AM,1355,2,2,0,0,CLEAR,DRY,False,COLLISION IN PARKING LOT,BACKING,STRAIGHT & GRADE,DAYLIGHT,,,3/2/2020 9:02:09 AM,False,2673,Accepted,
26448970,0568000,LOUISVILLE METRO POLICE DEPT,Accepted,JEFFERSON,KY1865,5542,NEW CUT,RD,,,,,,,,38.142978444,-85.774840670,2.474,2/29/2020 12:00:00 AM,0117,1,1,0,0,CLEAR,ICE,False,COLLISION IN PARKING LOT,SINGLE VEHICLE,STRAIGHT & LEVEL,DARK-HWY LIGHTED/ON,,,3/2/2020 8:53:38 AM,False,7649,Accepted,
26449025,0568000,LOUISVILLE METRO POLICE DEPT,Accepted,JEFFERSON,KY0907,7422,3RD ST,RD,,,,,,,,38.144549165,-85.776361651,6.118,2/29/2020 12:00:00 AM,1204,2,2,0,0,CLEAR,DRY,True,COLLISION IN PARKING LOT,BACKING,STRAIGHT & LEVEL,DAYLIGHT,,,3/2/2020 8:56:21 AM,False,7232,Accepted,
26466034,0568000,LOUISVILLE METRO POLICE DEPT,Accepted,JEFFERSON,,,10TH,ST,S,,,,CONGRESS,US0031W,MARKET,38.256109023,-85.766589968,0.084,2/29/2020 12:00:00 AM,1820,2,1,0,1,CLEAR,DRY,False,COLLISION IN PARKING LOT,SINGLE VEHICLE,STRAIGHT & LEVEL,DAYLIGHT,,,3/5/2020 8:36:22 AM,False,5251,Accepted,
26449086,0568000,LOUISVILLE METRO POLICE DEPT,Accepted,JEFFERSON,I 0264,,,,,,,,,,,38.245766439,-85.620407998,0.383,2/29/2020 12:00:00 AM,1522,2,2,0,0,CLEAR,DRY,False,OTHER RAMP RELATED COLLISIONS NOT LISTED ABOVE,REAR END,STRAIGHT & LEVEL,DAYLIGHT,I 0264,US0060,3/2/2020 8:58:50 AM,False,7751,Accepted,
26449060,0568000,LOUISVILLE METRO POLICE DEPT,Accepted,JEFFERSON,I 0265,,,,,,,,,,,38.188502897,-85.510829478,0.322,2/29/2020 12:00:00 AM,1200,2,2,0,0,CLEAR,DRY,False,OTHER RAMP RELATED COLLISIONS NOT LISTED ABOVE,REAR END,CURVE & LEVEL,DAYLIGHT,I 0265,KY0155,3/2/2020 8:57:11 AM,False,6878,Accepted,
26449110,0568000,LOUISVILLE METRO POLICE DEPT,Accepted,JEFFERSON,I 0064,,,,,,,,,,,38.258120252,-85.723602306,0.135,2/29/2020 12:00:00 AM,1804,2,2,0,0,CLEAR,DRY,False,OTHER RAMP RELATED COLLISIONS NOT LISTED ABOVE,REAR END,CURVE & GRADE,DUSK,I 0064,STORY AVE,3/2/2020 9:00:29 AM,False,2764,Accepted,
26449055,0568000,LOUISVILLE METRO POLICE DEPT,Accepted,JEFFERSON,KY1703,,NEWBURG,RD,,,,,,,,38.201537386,-85.687652618,2.179,2/29/2020 12:00:00 AM,1012,2,2,0,1,CLEAR,DRY,False,OTHER ROADWAY OR MID-BLOCK COLLISION,OPPOSING LEFT TURN,STRAIGHT & LEVEL,DAYLIGHT,,,3/2/2020 8:57:04 AM,False,6813,Accepted,
26449081,0568000,LOUISVILLE METRO POLICE DEPT,Accepted,JEFFERSON,I 0265,,I265 W,,,,,,,,,38.197804590,-85.508208409,23.721,2/29/2020 12:00:00 AM,2337,1,1,0,0,CLEAR,DRY,False,OTHER ROADWAY OR MID-BLOCK COLLISION,SINGLE VEHICLE,STRAIGHT & LEVEL,DARK-HWY LIGHTED/ON,,,3/2/2020 8:58:29 AM,False,7408,Accepted,
26449021,0568000,LOUISVILLE METRO POLICE DEPT,Accepted,JEFFERSON,I 0065,,I65 N,,,,,,,,,38.172873177,-85.720252959,129.362,2/29/2020 12:00:00 AM,1051,1,1,0,1,CLEAR,DRY,False,OTHER ROADWAY OR MID-BLOCK COLLISION,SINGLE VEHICLE,STRAIGHT & LEVEL,DAYLIGHT,,,3/2/2020 8:56:06 AM,False,2796,Accepted,
26449022,0568000,LOUISVILLE METRO POLICE DEPT,Accepted,JEFFERSON,,,DIXIE,HWY,,,,,HILL,,GAULBERT,38.227943635,-85.790627848,1.523,2/29/2020 12:00:00 AM,1312,2,2,0,0,CLEAR,DRY,True,OTHER ROADWAY OR MID-BLOCK COLLISION,REAR END,STRAIGHT & LEVEL,DAYLIGHT,,,3/2/2020 8:56:10 AM,False,7538,Accepted,
26449008,0568000,LOUISVILLE METRO POLICE DEPT,Accepted,JEFFERSON,KY2048,,CANNONS,LN,,,,,,,,38.226454511,-85.651055776,0.528,2/29/2020 12:00:00 AM,1341,2,2,0,0,CLEAR,DRY,False,OTHER ROADWAY OR MID-BLOCK COLLISION,REAR END,STRAIGHT & LEVEL,DAYLIGHT,,,3/2/2020 8:55:18 AM,False,7284,Accepted,
26454332,0568000,LOUISVILLE METRO POLICE DEPT,Accepted,JEFFERSON,US0031E,,BARDSTOWN,RD,,,,,GOLDSMITH,,BELMONT,38.208243940,-85.668700810,11.754,2/29/2020 12:00:00 AM,1803,2,2,0,0,CLEAR,DRY,False,OTHER ROADWAY OR MID-BLOCK COLLISION,REAR END,STRAIGHT & LEVEL,DUSK,,,3/3/2020 8:30:28 AM,False,2429,Accepted,
26449020,0568000,LOUISVILLE METRO POLICE DEPT,Accepted,JEFFERSON,,,HILL,ST,W,,,,13TH,,12TH,38.227521797,-85.776060119,1.050,2/29/2020 12:00:00 AM,1415,2,2,0,0,CLEAR,DRY,False,OTHER ROADWAY OR MID-BLOCK COLLISION,REAR END,STRAIGHT & LEVEL,DAYLIGHT,,,3/2/2020 8:56:02 AM,False,7184,Accepted,
26449101,0568000,LOUISVILLE METRO POLICE DEPT,Accepted,JEFFERSON,US0031E,,BARDSTOWN,RD,,,,,,,,38.209272287,-85.669564215,11.862,2/29/2020 12:00:00 AM,1400,2,2,0,0,CLEAR,DRY,False,OTHER ROADWAY OR MID-BLOCK COLLISION,REAR END,STRAIGHT & LEVEL,DAYLIGHT,,,3/2/2020 8:59:38 AM,False,5119,Accepted,
26449061,0568000,LOUISVILLE METRO POLICE DEPT,Accepted,JEFFERSON,I 0064,,,,,,,US0042,STORY,I 0064,I64 E,38.257970804,-85.723623648,0.145,2/29/2020 12:00:00 AM,0947,2,2,0,0,CLEAR,DRY,False,OTHER ROADWAY OR MID-BLOCK COLLISION,REAR END,CURVE & LEVEL,DAYLIGHT,,,3/2/2020 8:57:16 AM,False,7266,Accepted,
26449087,0568000,LOUISVILLE METRO POLICE DEPT,Accepted,JEFFERSON,,4088,MURPHY,LN,,,,,,,,38.303166020,-85.533424078,0.091,2/29/2020 12:00:00 AM,1700,2,2,0,0,CLEAR,DRY,False,OTHER ROADWAY OR MID-BLOCK COLLISION,OPPOSING LEFT TURN,STRAIGHT & HILLCREST,DAYLIGHT,,,3/2/2020 8:58:54 AM,False,7751,Accepted,
26449074,0568000,LOUISVILLE METRO POLICE DEPT,Accepted,JEFFERSON,,2040,4TH,ST,S,,,,,,,38.217474412,-85.763474463,2.727,2/29/2020 12:00:00 AM,2207,2,2,0,0,CLEAR,DRY,False,1 VEHICLE ENTERING/LEAVING ENTRANCE,ANGLE,STRAIGHT & LEVEL,DARK-HWY LIGHTED/ON,,,3/2/2020 8:58:03 AM,False,7423,Accepted,
26449007,0568000,LOUISVILLE METRO POLICE DEPT,Accepted,JEFFERSON,KY1747,,HURSTBOURNE,PKWY,S,,,,,,,38.216309793,-85.589978980,11.106,2/29/2020 12:00:00 AM,1335,2,2,0,0,CLEAR,DRY,False,1 VEHICLE ENTERING/LEAVING ENTRANCE,ANGLE,STRAIGHT & LEVEL,DAYLIGHT,,,3/2/2020 8:55:14 AM,False,7864,Accepted,
26449003,0568000,LOUISVILLE METRO POLICE DEPT,Accepted,JEFFERSON,,,1ST,ST,S,,,,LIBERTY,,JEFFERSON,38.252579317,-85.752182174,0.243,2/29/2020 12:00:00 AM,0845,2,2,0,0,CLEAR,DRY,False,SIDESWIPE COLLISION - SAME DIRECTION,SIDESWIPE-SAME DIRECTION,STRAIGHT & LEVEL,DAYLIGHT,,,3/2/2020 8:54:59 AM,False,5251,Accepted,
26449068,0568000,LOUISVILLE METRO POLICE DEPT,Accepted,JEFFERSON,KY0061,,JACKSON,ST,S,,,,MARRET,,ORMSBY,38.230448963,-85.748139791,11.269,2/29/2020 12:00:00 AM,1841,2,2,0,0,CLEAR,DRY,True,SIDESWIPE COLLISION - SAME DIRECTION,SIDESWIPE-SAME DIRECTION,STRAIGHT & LEVEL,DARK-HWY LIGHTED/ON,,,3/2/2020 8:57:39 AM,False,5037,Accepted,
26449059,0568000,LOUISVILLE METRO POLICE DEPT,Accepted,JEFFERSON,,2918,BRINKEY,WAY,,,,,,,,38.208061787,-85.641198429,0.068,2/29/2020 12:00:00 AM,1842,2,2,0,0,CLEAR,DRY,False,SIDESWIPE COLLISION - SAME DIRECTION,SIDESWIPE-SAME DIRECTION,STRAIGHT & LEVEL,DAYLIGHT,,,3/2/2020 8:57:07 AM,False,7864,Accepted,
26472099,0568000,LOUISVILLE METRO POLICE DEPT,Accepted,JEFFERSON,KY1447,,WESTPORT,RD,,,,,,,,38.297088731,-85.550026195,6.577,2/29/2020 12:00:00 AM,1331,2,2,0,0,CLEAR,DRY,False,SIDESWIPE COLLISION - SAME DIRECTION,SIDESWIPE-SAME DIRECTION,STRAIGHT & LEVEL,DAYLIGHT,,,3/6/2020 8:22:49 AM,False,2454,Accepted,
26449083,0568000,LOUISVILLE METRO POLICE DEPT,Accepted,JEFFERSON,KY1065,,OUTER,LOOP,,,,,GRADE,KY3080,KY3080,38.129790664,-85.738575061,3.113,2/29/2020 12:00:00 AM,2153,2,2,0,0,CLEAR,DRY,False,SIDESWIPE COLLISION - SAME DIRECTION,SIDESWIPE-SAME DIRECTION,STRAIGHT & HILLCREST,DARK-HWY LIGHTED/ON,,,3/2/2020 8:58:37 AM,False,7649,Accepted,
26449107,0568000,LOUISVILLE METRO POLICE DEPT,Accepted,JEFFERSON,US0031E,,BARDSTOWN,RD,,,,,BEECHWOOD,,LONGEST,38.235923257,-85.716447523,15.122,2/29/2020 12:00:00 AM,1352,2,2,0,0,CLEAR,DRY,False,SIDESWIPE COLLISION - SAME DIRECTION,SIDESWIPE-SAME DIRECTION,STRAIGHT & LEVEL,DAYLIGHT,,,3/2/2020 8:59:59 AM,False,2228,Accepted,
26449024,0568000,LOUISVILLE METRO POLICE DEPT,Accepted,JEFFERSON,US0031E,,BARDSTOWN,RD,,,,,,,,38.212320865,-85.671993166,12.115,2/29/2020 12:00:00 AM,1616,2,2,0,0,CLEAR,DRY,False,SIDESWIPE COLLISION - SAME DIRECTION,SIDESWIPE-SAME DIRECTION,STRAIGHT & LEVEL,DAYLIGHT,,,3/2/2020 8:56:17 AM,False,7284,Accepted,
26449031,0568000,LOUISVILLE METRO POLICE DEPT,Accepted,JEFFERSON,,,MUHAMMAD ALI,BLVD,W,,,,16TH,,17TH,38.253340412,-85.777972998,1.343,2/29/2020 12:00:00 AM,1620,2,2,0,0,CLEAR,DRY,False,SIDESWIPE COLLISION - SAME DIRECTION,SIDESWIPE-SAME DIRECTION,STRAIGHT & LEVEL,DAYLIGHT,,,3/2/2020 8:56:34 AM,False,7229,Accepted,
26449076,0568000,LOUISVILLE METRO POLICE DEPT,Accepted,JEFFERSON,KY1865,5900B,NEW CUT,RD,,,,,,,,38.127228751,-85.776048391,1.321,2/29/2020 12:00:00 AM,2158,2,2,0,0,CLEAR,DRY,True,REAR END IN TRAFFIC LANES BOTH VEHICLES MOVING,REAR END,STRAIGHT & LEVEL,DARK (UNKNOWN ROADWAY LIGHTING),,,3/2/2020 8:58:14 AM,False,5121,Accepted,
26449104,0568000,LOUISVILLE METRO POLICE DEPT,Accepted,JEFFERSON,KY1065,,OUTER,LOOP,,,,,JEFFERSON,,LAUREL RIDGE,38.137877396,-85.674718197,6.716,2/29/2020 12:00:00 AM,1355,2,2,0,0,CLEAR,DRY,False,REAR END IN TRAFFIC LANES BOTH VEHICLES MOVING,REAR END,STRAIGHT & LEVEL,DAYLIGHT,,,3/2/2020 8:59:49 AM,False,2583,Accepted,
26449028,0568000,LOUISVILLE METRO POLICE DEPT,Accepted,JEFFERSON,I 0264,,I264 E EXIT20 TRANSIT,,,,,I 0264,I264 E EXIT20B ON RAMP FROM US60 E,I 0264,I264 E EXIT20 OFF RAMP TO US60,38.248969150,-85.619498523,0.193,2/29/2020 12:00:00 AM,1601,3,3,0,0,CLEAR,DRY,False,REAR END IN TRAFFIC LANES BOTH VEHICLES MOVING,REAR END,STRAIGHT & LEVEL,DAYLIGHT,,,3/2/2020 8:56:30 AM,False,5109,Accepted,
26449018,0568000,LOUISVILLE METRO POLICE DEPT,Accepted,JEFFERSON,I 0064,,I64 E,,,,,I 0064,I64 TURN AROUND7,I 0064,I64 E EXIT8 OFF RAMP TO  GRINSTEAD DR,38.248968583,-85.706167699,7.742,2/29/2020 12:00:00 AM,1439,1,1,0,0,CLEAR,DRY,False,OTHER COLLISIONS ON SHOULDER,SINGLE VEHICLE,STRAIGHT & LEVEL,DAYLIGHT,,,3/2/2020 8:55:54 AM,False,7900,Accepted,