IncidentID,AgencyORI,AgencyName,IncidentStatusDesc,County,RdwyNumber,Street,RoadwayName,StreetSfx,StreetDir,IntersectionRdwy,IntersectionRdwyName,BetweenStRdwy1,BetweenStRdwyName1,BetweenStRdwy2,BetweenStRdwyName2,Latitude,Longitude,Milepoint,CollisionDate,CollisionTime,UnitsInvolved,MotorVehiclesInvolved,NumberKilled,NumberInjured,Weather,RdwyConditionCode,HitandRun,DirAnalysisCode,MannerofCollision,RdwyCharacter,LightCondition,RampFromRdwyId,RampToRdwyId,AcceptedDate,IsSecondaryCollision,OwnerBadge,IncidentStatus,
26449069,0568000,LOUISVILLE METRO POLICE DEPT,Accepted,JEFFERSON,,,BUECHEL BANK,RD,,US0031E,BUECHEL,,,,,38.190673038,-85.647708057,0.120,2/29/2020 12:00:00 AM,2300,2,2,0,0,CLEAR,DRY,False,HEAD-ON COLLISION,HEAD ON,STRAIGHT & LEVEL,DARK-HWY LIGHTED/ON,,,3/2/2020 8:57:43 AM,False,5207,Accepted,
26449072,0568000,LOUISVILLE METRO POLICE DEPT,Accepted,JEFFERSON,US0042,,BROWNSBORO,RD,,,,,MELLWOOD,,WILLIAM,38.260110026,-85.716706094,1.031,2/29/2020 12:00:00 AM,2214,2,2,0,0,CLEAR,DRY,False,REAR END IN TRAFFIC LANES BOTH VEHICLES MOVING,REAR END,STRAIGHT & GRADE,DARK-HWY LIGHTED/ON,,,3/2/2020 8:57:54 AM,False,2229,Accepted,
26449015,0568000,LOUISVILLE METRO POLICE DEPT,Accepted,JEFFERSON,KY1065,,OUTER,LOOP,,,,,BRIARCLIFF,,LONE OAK,38.137494679,-85.690516075,5.840,2/29/2020 12:00:00 AM,1414,2,2,0,0,CLEAR,DRY,False,REAR END IN TRAFFIC LANES BOTH VEHICLES MOVING,REAR END,STRAIGHT & LEVEL,DAYLIGHT,,,3/2/2020 8:55:45 AM,False,7397,Accepted,
26449013,0568000,LOUISVILLE METRO POLICE DEPT,Accepted,JEFFERSON,KY1065,,OUTER,LOOP,,,,,LONE OAK,,BRIARCLIFF,38.137232295,-85.691389789,5.789,2/29/2020 12:00:00 AM,1254,2,2,0,0,CLEAR,DRY,False,REAR END IN TRAFFIC LANES BOTH VEHICLES MOVING,REAR END,STRAIGHT & LEVEL,DAYLIGHT,,,3/2/2020 8:55:37 AM,False,7397,Accepted,
26449014,0568000,LOUISVILLE METRO POLICE DEPT,Accepted,JEFFERSON,KY1065,,OUTER,LOOP,,,,,BRIARCLIFF,,LONE OAK,38.137379904,-85.690932122,5.816,2/29/2020 12:00:00 AM,1353,2,2,0,0,CLEAR,DRY,False,REAR END IN TRAFFIC LANES BOTH VEHICLES MOVING,REAR END,STRAIGHT & LEVEL,DAYLIGHT,,,3/2/2020 8:55:40 AM,False,7397,Accepted,
26449004,0568000,LOUISVILLE METRO POLICE DEPT,Accepted,JEFFERSON,KY0061,,PRESTON,HWY,,,,,HIGH SCHOOL,,ST RITA,38.126935665,-85.680461563,3.103,2/29/2020 12:00:00 AM,1103,2,2,0,0,CLEAR,DRY,False,REAR END IN TRAFFIC LANES BOTH VEHICLES MOVING,REAR END,STRAIGHT & LEVEL,DAYLIGHT,,,3/2/2020 8:55:03 AM,False,7397,Accepted,
26467759,0568000,LOUISVILLE METRO POLICE DEPT,Accepted,JEFFERSON,KY0061,,PRESTON,ST,S,,,,BARBEE,,BRANDEIS,38.219517375,-85.747622246,10.628,2/29/2020 12:00:00 AM,1530,2,1,0,1,CLEAR,DRY,False,1 VEHICLE PARKED POSITION (NOT PARKING LOT/DRIVEWAY),REAR END,STRAIGHT & LEVEL,DAYLIGHT,,,3/5/2020 1:55:15 PM,False,7116,Accepted,
26449159,0568000,LOUISVILLE METRO POLICE DEPT,Accepted,JEFFERSON,,,CARL,CT,,,,,,,,38.191271616,-85.802316939,0.014,2/29/2020 12:00:00 AM,1603,2,2,0,0,CLEAR,DRY,True,1 VEHICLE PARKED POSITION (NOT PARKING LOT/DRIVEWAY),SIDESWIPE-SAME DIRECTION,STRAIGHT & LEVEL,DAYLIGHT,,,3/2/2020 9:05:46 AM,False,5052,Accepted,
26449070,0568000,LOUISVILLE METRO POLICE DEPT,Accepted,JEFFERSON,,11711,LEEMONT,DR,,,,,,,,38.083736997,-85.868408883,0.322,2/29/2020 12:00:00 AM,2000,2,2,0,0,CLEAR,DRY,False,1 VEHICLE PARKED POSITION (NOT PARKING LOT/DRIVEWAY),REAR END,STRAIGHT & LEVEL,DARK-HWY LIGHTED/OFF,,,3/2/2020 8:57:47 AM,False,7295,Accepted,
26472096,0568000,LOUISVILLE METRO POLICE DEPT,Accepted,JEFFERSON,US0060A,3515,LEXINGTON,RD,,,,,IOLA,,OXFORD,38.250554512,-85.664060144,10.119,2/29/2020 12:00:00 AM,1159,2,2,0,0,CLEAR,DRY,False,1 VEHICLE ENTERING OR LEAVING PARKED POSITION (NOT PARKING LOT),ANGLE,STRAIGHT & LEVEL,DAYLIGHT,,,3/6/2020 8:22:42 AM,False,7632,Accepted,
26449084,0568000,LOUISVILLE METRO POLICE DEPT,Accepted,JEFFERSON,I 0071,,I71 N,,,,,I 0071,I71 N EXIT2 ON RAMP FROM  ZORN AVE,I 0264,I264 W,38.291555492,-85.650853682,4.747,2/29/2020 12:00:00 AM,1920,1,1,0,0,CLEAR,DRY,False,COLLISION WITH FIXED OBJECT NON - INTERSECTION - FIRST EVENT COLLISION 09 - 32 EXCLUDING 16,SINGLE VEHICLE,CURVE & GRADE,DARK-HWY LIGHTED/ON,,,3/2/2020 8:58:42 AM,False,5228,Accepted,
26449105,0568000,LOUISVILLE METRO POLICE DEPT,Accepted,JEFFERSON,US0031E,,BARDSTOWN,RD,,,COLONEL HANCOCK,,,,,38.130255434,-85.577183030,4.072,2/29/2020 12:00:00 AM,0939,2,2,0,0,CLEAR,DRY,False,OTHER INTERSECTION COLLISIONS,REAR END,STRAIGHT & LEVEL,DAYLIGHT,,,3/2/2020 8:59:52 AM,False,2308,Accepted,
26449071,0568000,LOUISVILLE METRO POLICE DEPT,Accepted,JEFFERSON,US0060,,SHELBYVILLE,RD,,KY0913,BLANKENBAKER,,,,,38.244084493,-85.547111605,9.475,2/29/2020 12:00:00 AM,0100,2,2,0,1,CLEAR,WET,False,OTHER INTERSECTION COLLISIONS,REAR END,STRAIGHT & LEVEL,DARK-HWY LIGHTED/ON,,,3/2/2020 8:57:50 AM,False,5007,Accepted,
26449023,0568000,LOUISVILLE METRO POLICE DEPT,Accepted,JEFFERSON,KY1931,,GREENWOOD,RD,,,SKY BLUE,,,,,38.144059554,-85.852214748,2.450,2/29/2020 12:00:00 AM,1500,2,2,0,0,CLEAR,DRY,False,OTHER INTERSECTION COLLISIONS,REAR END,STRAIGHT & LEVEL,DAYLIGHT,,,3/2/2020 8:56:13 AM,False,7485,Accepted,
26449036,0568000,LOUISVILLE METRO POLICE DEPT,Accepted,JEFFERSON,US0150,,BROADWAY,,W,,10TH,,,,,38.247123277,-85.768303631,1.834,2/29/2020 12:00:00 AM,1741,2,2,0,0,CLEAR,DRY,False,OTHER INTERSECTION COLLISIONS,REAR END,STRAIGHT & LEVEL,DAYLIGHT,,,3/2/2020 8:56:38 AM,False,7937,Accepted,
26449019,0568000,LOUISVILLE METRO POLICE DEPT,Accepted,JEFFERSON,US0031E,,BARDSTOWN,RD,,,BROOKRIDGE VILLAGE,,,,,38.145181201,-85.584949517,5.192,2/29/2020 12:00:00 AM,1504,2,2,0,0,CLEAR,DRY,False,OTHER INTERSECTION COLLISIONS,REAR END,STRAIGHT & LEVEL,DAYLIGHT,,,3/2/2020 8:55:58 AM,False,6337,Accepted,
26449156,0568000,LOUISVILLE METRO POLICE DEPT,Accepted,JEFFERSON,,,35TH,ST,S,,BROADWAY,,,,,38.249923848,-85.809913337,0.575,2/29/2020 12:00:00 AM,1726,2,2,0,1,CLEAR,DRY,True,SIDESWIPE-SAME DIRECTION,SIDESWIPE-SAME DIRECTION,STRAIGHT & LEVEL,DAYLIGHT,,,3/2/2020 9:05:18 AM,False,7329,Accepted,
26449005,0568000,LOUISVILLE METRO POLICE DEPT,Accepted,JEFFERSON,KY3064,,PORTLAND,AVE,,,24TH,,,,,38.270048870,-85.787054092,0.271,2/29/2020 12:00:00 AM,1242,2,2,0,0,CLEAR,DRY,False,SIDESWIPE-SAME DIRECTION,SIDESWIPE-SAME DIRECTION,STRAIGHT & LEVEL,DAYLIGHT,,,3/2/2020 8:55:07 AM,False,7220,Accepted,
26449079,0568000,LOUISVILLE METRO POLICE DEPT,Accepted,JEFFERSON,,,DIXIE,HWY,,,GAULBERT,,,,,38.227384467,-85.790920320,1.542,2/29/2020 12:00:00 AM,2318,2,2,0,2,CLEAR,DRY,True,SIDESWIPE-SAME DIRECTION,SIDESWIPE-SAME DIRECTION,STRAIGHT & LEVEL,DARK-HWY NOT LIGHTED,,,3/2/2020 8:58:24 AM,False,7536,Accepted,
26449100,0568000,LOUISVILLE METRO POLICE DEPT,Accepted,JEFFERSON,US0031E,,BARDSTOWN,RD,,,GOLDSMITH,,,,,38.208502306,-85.668927034,11.773,2/29/2020 12:00:00 AM,1330,2,2,0,1,CLEAR,DRY,False,SIDESWIPE-SAME DIRECTION,SIDESWIPE-SAME DIRECTION,STRAIGHT & LEVEL,DAYLIGHT,,,3/2/2020 8:59:34 AM,False,5119,Accepted,
26449012,0568000,LOUISVILLE METRO POLICE DEPT,Accepted,JEFFERSON,,,5TH,ST,S,,CHESTNUT,,,,,38.249169614,-85.759472367,3.270,2/29/2020 12:00:00 AM,1416,2,2,0,0,CLEAR,DRY,False,SIDESWIPE-SAME DIRECTION,SIDESWIPE-SAME DIRECTION,STRAIGHT & LEVEL,DAYLIGHT,,,3/2/2020 8:55:33 AM,False,7937,Accepted,
26449009,0568000,LOUISVILLE METRO POLICE DEPT,Accepted,JEFFERSON,US0060A,,TAYLOR,BLVD,,,CENTRAL,,,,,38.206330183,-85.776196578,2.293,2/29/2020 12:00:00 AM,1320,2,2,0,0,CLEAR,DRY,False,SIDESWIPE-SAME DIRECTION,SIDESWIPE-SAME DIRECTION,STRAIGHT & LEVEL,DAYLIGHT,,,3/2/2020 8:55:23 AM,False,2499,Accepted,
26448976,0568000,LOUISVILLE METRO POLICE DEPT,Accepted,JEFFERSON,US0060,,SHELBYVILLE,RD,,KY2841,EASTWOOD CUT OFF,,,,,38.233729335,-85.456561466,14.722,2/29/2020 12:00:00 AM,0857,2,2,0,0,CLEAR,DRY,False,REAR END - ONE VEHICLE TURNING LEFT,REAR END,CURVE & HILLCREST,DAYLIGHT,,,3/2/2020 8:54:02 AM,False,2109,Accepted,
26449064,0568000,LOUISVILLE METRO POLICE DEPT,Accepted,JEFFERSON,US0060,,SHELBYVILLE,RD,,,WHITTINGTON,,,,,38.246757408,-85.581112530,7.628,2/29/2020 12:00:00 AM,1952,2,2,0,4,CLEAR,DRY,False,ANGLE COLLISION - OTHER,ANGLE,STRAIGHT & LEVEL,DARK-HWY LIGHTED/ON,,,3/2/2020 8:57:24 AM,False,7096,Accepted,
26449073,0568000,LOUISVILLE METRO POLICE DEPT,Accepted,JEFFERSON,KY0061,,PRESTON,ST,S,,BARBEE,,,,,38.218804545,-85.747028134,10.566,2/29/2020 12:00:00 AM,1908,2,2,0,0,CLEAR,DRY,False,ANGLE COLLISION - OTHER,ANGLE,STRAIGHT & LEVEL,DARK-HWY LIGHTED/ON,,,3/2/2020 8:57:58 AM,False,7423,Accepted,
26449040,0568000,LOUISVILLE METRO POLICE DEPT,Accepted,JEFFERSON,US0031W,,22ND,ST,S,,MADISON,,,,,38.253334910,-85.787479069,19.846,2/29/2020 12:00:00 AM,1555,3,3,0,3,CLEAR,DRY,False,ANGLE COLLISION - OTHER,ANGLE,STRAIGHT & LEVEL,DAYLIGHT,,,3/2/2020 8:56:44 AM,False,7241,Accepted,
26449065,0568000,LOUISVILLE METRO POLICE DEPT,Accepted,JEFFERSON,,,23RD,ST,S,,BROADWAY,,,,,38.249300881,-85.789876866,0.322,2/29/2020 12:00:00 AM,1952,2,2,0,1,CLEAR,DRY,False,ANGLE COLLISION - OTHER,ANGLE,STRAIGHT & LEVEL,DARK-HWY LIGHTED/ON,,,3/2/2020 8:57:32 AM,False,7417,Accepted,
26449153,0568000,LOUISVILLE METRO POLICE DEPT,Accepted,JEFFERSON,,,34TH,ST,S,,VIRGINIA,,,,,38.238983482,-85.810268685,1.634,2/29/2020 12:00:00 AM,1127,2,2,0,5,CLEAR,DRY,False,ANGLE COLLISION - OTHER,ANGLE,STRAIGHT & LEVEL,DAYLIGHT,,,3/2/2020 9:04:50 AM,False,7387,Accepted,
26449027,0568000,LOUISVILLE METRO POLICE DEPT,Accepted,JEFFERSON,,,MAE,AVE,,KY2049,CRUMS,,,,,38.196170473,-85.829764236,0.003,2/29/2020 12:00:00 AM,1245,2,2,0,0,CLEAR,DRY,False,ANGLE COLLISION - OTHER,ANGLE,STRAIGHT & LEVEL,DAYLIGHT,,,3/2/2020 8:56:26 AM,False,5208,Accepted,
26449010,0568000,LOUISVILLE METRO POLICE DEPT,Accepted,JEFFERSON,KY1934,,GREENBELT,HWY,,,RAGGARD,,,,,38.174560697,-85.871176107,6.617,2/29/2020 12:00:00 AM,1035,2,2,0,3,CLEAR,DRY,False,ANGLE COLLISION - OTHER,ANGLE,STRAIGHT & LEVEL,DAYLIGHT,,,3/2/2020 8:55:29 AM,False,7177,Accepted,
26449094,0568000,LOUISVILLE METRO POLICE DEPT,Accepted,JEFFERSON,KY1865,,TAYLOR,BLVD,,,ARLING,,,,,38.173427812,-85.782194686,4.598,2/29/2020 12:00:00 AM,0706,2,2,0,0,CLEAR,DRY,False,ANGLE COLLISION - OTHER,ANGLE,STRAIGHT & LEVEL,DAYLIGHT,,,3/2/2020 8:59:14 AM,False,5221,Accepted,
26449180,0568000,LOUISVILLE METRO POLICE DEPT,Accepted,JEFFERSON,US0150,,BROADWAY,,E,,CLAY,,,,,38.244927247,-85.742625375,3.242,2/29/2020 12:00:00 AM,0922,2,2,0,0,CLEAR,DRY,True,COLLISION WITH PARKED VEHICLE,BACKING,STRAIGHT & LEVEL,DARK-HWY LIGHTED/ON,,,3/2/2020 9:07:11 AM,False,5162,Accepted,
26448978,0568000,LOUISVILLE METRO POLICE DEPT,Accepted,JEFFERSON,KY1020,,2ND,ST,S,,LEE,,,,,38.223029700,-85.759068956,10.512,2/29/2020 12:00:00 AM,0930,2,2,0,0,CLEAR,DRY,True,COLLISION WITH PARKED VEHICLE,REAR END,STRAIGHT & LEVEL,UNKNOWN,,,3/2/2020 8:54:18 AM,False,7116,Accepted,
26449050,0568000,LOUISVILLE METRO POLICE DEPT,Accepted,JEFFERSON,,,28TH,ST,S,,GREENWOOD,,,,,38.242489142,-85.799527049,1.291,2/29/2020 12:00:00 AM,1138,2,2,0,0,CLEAR,DRY,True,COLLISION WITH PARKED VEHICLE,SIDESWIPE-SAME DIRECTION,STRAIGHT & LEVEL,DAYLIGHT,,,3/2/2020 8:56:56 AM,False,5151,Accepted,
26449063,0568000,LOUISVILLE METRO POLICE DEPT,Accepted,JEFFERSON,US0031E,,BARDSTOWN,RD,,,BUECHEL,,,,,38.188448628,-85.639918497,9.544,2/29/2020 12:00:00 AM,2042,2,2,0,0,CLEAR,DRY,False,ANGLE COLLISION - ONE VEHICLE TURNING LEFT,ANGLE,STRAIGHT & LEVEL,DARK-HWY LIGHTED/ON,,,3/2/2020 8:57:20 AM,False,5207,Accepted,
26449102,0568000,LOUISVILLE METRO POLICE DEPT,Accepted,JEFFERSON,KY1931,,MANSLICK,RD,,,ANNA,,,,,38.181255974,-85.799197190,7.377,2/29/2020 12:00:00 AM,2322,2,2,0,3,CLEAR,DRY,False,ANGLE COLLISION - ONE VEHICLE TURNING LEFT,ANGLE,STRAIGHT & LEVEL,DARK-HWY LIGHTED/ON,,,3/2/2020 8:59:42 AM,False,5237,Accepted,
26472156,0568000,LOUISVILLE METRO POLICE DEPT,Accepted,JEFFERSON,,,ZORN,AVE,,,HILLCREST,,,,,38.262700805,-85.687524544,0.554,2/29/2020 12:00:00 AM,2337,2,1,0,1,CLEAR,DRY,False,COLLISION WITH PEDESTRIAN IN INTERSECTION,SINGLE VEHICLE,CURVE & LEVEL,DARK-HWY LIGHTED/ON,,,3/6/2020 8:26:21 AM,False,5152,Accepted,
26449166,0568000,LOUISVILLE METRO POLICE DEPT,Accepted,JEFFERSON,,,6TH,ST,S,,JEFFERSON,,,,,38.254293302,-85.760444787,0.185,2/29/2020 12:00:00 AM,2042,2,1,0,1,CLEAR,DRY,False,COLLISION WITH PEDESTRIAN IN INTERSECTION,SINGLE VEHICLE,STRAIGHT & LEVEL,DARK-HWY LIGHTED/ON,,,3/2/2020 9:06:19 AM,False,5154,Accepted,
26449043,0568000,LOUISVILLE METRO POLICE DEPT,Accepted,JEFFERSON,,,DIXIE,HWY,,,WILSON,,,,,38.234754706,-85.787967685,1.028,2/29/2020 12:00:00 AM,1730,2,1,0,1,CLEAR,DRY,False,COLLISION WITH PEDESTRIAN IN INTERSECTION,SINGLE VEHICLE,STRAIGHT & LEVEL,DAYLIGHT,,,3/2/2020 8:56:48 AM,False,5253,Accepted,
26449106,0568000,LOUISVILLE METRO POLICE DEPT,Accepted,JEFFERSON,,,LONG RIFLE,LN,,,LONG RIFLE,,,,,38.116611948,-85.603235859,0.118,2/29/2020 12:00:00 AM,1350,1,1,0,0,CLEAR,DRY,False,COLLISION WITH FIXED OBJECT IN INTERSECTION - FIRST EVENT COLLISION 09 - 32,SINGLE VEHICLE,STRAIGHT & GRADE,DAYLIGHT,,,3/2/2020 8:59:56 AM,False,2308,Accepted,
26449047,0568000,LOUISVILLE METRO POLICE DEPT,Accepted,JEFFERSON,,,19TH,ST,N,,LYTLE,,,,,38.264919228,-85.780196202,0.376,2/29/2020 12:00:00 AM,1715,1,1,0,0,CLEAR,DRY,False,COLLISION WITH FIXED OBJECT IN INTERSECTION - FIRST EVENT COLLISION 09 - 32,SINGLE VEHICLE,STRAIGHT & LEVEL,DAYLIGHT,,,3/2/2020 8:56:52 AM,False,7345,Accepted,
26448961,0568000,LOUISVILLE METRO POLICE DEPT,Accepted,JEFFERSON,KY0864,,POPLAR LEVEL,RD,,,TILE FACTORY,,,,,38.184660990,-85.699947957,10.462,2/28/2020 12:00:00 AM,2313,2,2,0,0,CLEAR,DRY,False,ANGLE COLLISION - ONE VEHICLE TURNING LEFT,ANGLE,STRAIGHT & LEVEL,DARK-HWY LIGHTED/ON,,,3/2/2020 8:53:01 AM,False,5144,Accepted,
26448932,0568000,LOUISVILLE METRO POLICE DEPT,Accepted,JEFFERSON,,,BRANDEIS,AVE,W,,1ST,,,,,38.218940755,-85.758095452,0.138,2/28/2020 12:00:00 AM,1406,2,2,0,0,CLOUDY,DRY,False,COLLISION WITH PARKED VEHICLE,ANGLE,STRAIGHT & LEVEL,DAYLIGHT,,,3/2/2020 8:51:19 AM,False,7334,Accepted,
26449131,0568000,LOUISVILLE METRO POLICE DEPT,Accepted,JEFFERSON,,,4TH,ST,S,,BRANDEIS,,,,,38.219557745,-85.762983795,2.580,2/28/2020 12:00:00 AM,1225,2,2,0,0,CLEAR,DRY,False,ANGLE COLLISION - OTHER,ANGLE,STRAIGHT & LEVEL,DAYLIGHT,,,3/2/2020 9:03:05 AM,False,7429,Accepted,
26449002,0568000,LOUISVILLE METRO POLICE DEPT,Accepted,JEFFERSON,US0031E,,MARKET,ST,E,,WENZEL,,,,,38.252766079,-85.734035914,16.713,2/28/2020 12:00:00 AM,1238,2,2,0,0,CLEAR,DRY,False,ANGLE COLLISION - OTHER,ANGLE,STRAIGHT & LEVEL,DAYLIGHT,,,3/2/2020 8:54:54 AM,False,7058,Accepted,
26448908,0568000,LOUISVILLE METRO POLICE DEPT,Accepted,JEFFERSON,US0031W,,DIXIE,HWY,,,ALANADALE,,,,,38.109509504,-85.865541059,8.752,2/28/2020 12:00:00 AM,1323,2,2,0,1,CLOUDY,DRY,False,ANGLE COLLISION - OTHER,ANGLE,STRAIGHT & LEVEL,DAYLIGHT,,,3/2/2020 8:49:50 AM,False,7634,Accepted,
26448892,0568000,LOUISVILLE METRO POLICE DEPT,Accepted,JEFFERSON,,,MAPLE,RD,,,YELLOW PINE,,,,,38.107589827,-85.646964325,0.220,2/28/2020 12:00:00 AM,0811,2,2,0,0,CLEAR,DRY,False,ANGLE COLLISION - OTHER,ANGLE,STRAIGHT & LEVEL,DAYLIGHT,,,3/2/2020 8:48:42 AM,False,2017,Accepted,
26448889,0568000,LOUISVILLE METRO POLICE DEPT,Accepted,JEFFERSON,,,16TH,ST,S,,JEFFERSON,,,,,38.256020642,-85.776858009,0.194,2/28/2020 12:00:00 AM,0900,2,2,0,0,CLEAR,DRY,False,ANGLE COLLISION - OTHER,ANGLE,STRAIGHT & LEVEL,DAYLIGHT,,,3/2/2020 8:48:30 AM,False,7241,Accepted,
26460183,0568000,LOUISVILLE METRO POLICE DEPT,Accepted,JEFFERSON,,,BROOK,ST,S,US0150,BROADWAY,,,,,38.245693560,-85.751722968,2.913,2/28/2020 12:00:00 AM,0830,2,2,0,0,CLOUDY,DRY,False,ANGLE COLLISION - OTHER,ANGLE,STRAIGHT & LEVEL,DAYLIGHT,,,3/4/2020 8:20:05 AM,False,7239,Accepted,
26448964,0568000,LOUISVILLE METRO POLICE DEPT,Accepted,JEFFERSON,,,SMYRNA,PKWY,,,THEILER,,,,,38.114673269,-85.644069560,1.609,2/28/2020 12:00:00 AM,2217,2,2,0,2,CLEAR,WET,False,ANGLE COLLISION - OTHER,ANGLE,STRAIGHT & LEVEL,DARK-HWY LIGHTED/OFF,,,3/2/2020 8:53:12 AM,False,7474,Accepted,
26448966,0568000,LOUISVILLE METRO POLICE DEPT,Accepted,JEFFERSON,,,MARKET,ST,W,,32ND,,,,,38.260725810,-85.804420535,0.980,2/28/2020 12:00:00 AM,2015,2,2,0,1,RAINING,WET,False,ANGLE COLLISION - OTHER,ANGLE,STRAIGHT & LEVEL,DARK-HWY LIGHTED/ON,,,3/2/2020 8:53:20 AM,False,7487,Accepted,
26448974,0568000,LOUISVILLE METRO POLICE DEPT,Accepted,JEFFERSON,KY1865,,NEW CUT,RD,,,COMMERCE PARK,,,,,38.117620767,-85.775367299,0.610,2/28/2020 12:00:00 AM,1642,2,2,0,0,CLEAR,DRY,True,ANGLE COLLISION - OTHER,ANGLE,STRAIGHT & LEVEL,DAYLIGHT,,,3/2/2020 8:53:53 AM,False,7263,Accepted,
26448907,0568000,LOUISVILLE METRO POLICE DEPT,Accepted,JEFFERSON,,,CHESTNUT,ST,E,KY0061,JACKSON,,,,,38.247555111,-85.745180240,0.424,2/28/2020 12:00:00 AM,1110,2,2,0,0,CLOUDY,DRY,False,ANGLE COLLISION - OTHER,ANGLE,STRAIGHT & LEVEL,DAYLIGHT,,,3/2/2020 8:49:46 AM,False,5251,Accepted,
26448915,0568000,LOUISVILLE METRO POLICE DEPT,Accepted,JEFFERSON,US0031E,,BUECHEL,BYP,,,BUECHEL BANK,,,,,38.190680838,-85.647698614,10.040,2/28/2020 12:00:00 AM,1431,2,2,0,1,CLOUDY,DRY,False,ANGLE COLLISION - OTHER,ANGLE,STRAIGHT & LEVEL,DAYLIGHT,,,3/2/2020 8:50:06 AM,False,7307,Accepted,
26448916,0568000,LOUISVILLE METRO POLICE DEPT,Accepted,JEFFERSON,KY1703,,BAXTER,AVE,,,HEPBURN,,,,,38.239162205,-85.723411953,5.598,2/28/2020 12:00:00 AM,1416,2,2,0,0,CLOUDY,DRY,False,ANGLE COLLISION - OTHER,ANGLE,STRAIGHT & LEVEL,DAYLIGHT,,,3/2/2020 8:50:11 AM,False,2228,Accepted,
26448969,0568000,LOUISVILLE METRO POLICE DEPT,Accepted,JEFFERSON,US0150,,22ND,ST,N,,NORTHWESTERN,,,,,38.269893659,-85.781836000,,2/28/2020 12:00:00 AM,0625,2,2,0,0,CLEAR,DRY,False,SIDESWIPE-SAME DIRECTION,SIDESWIPE-SAME DIRECTION,STRAIGHT & LEVEL,DARK-HWY NOT LIGHTED,,,3/2/2020 8:53:35 AM,False,7416,Accepted,
26460167,0568000,LOUISVILLE METRO POLICE DEPT,Accepted,JEFFERSON,I 0265,,I265 N,,,I 0064,I64 W EXIT19B RAMP TO I265 N,,,,,38.220397832,-85.505711316,25.318,2/28/2020 12:00:00 AM,0540,2,2,0,0,CLEAR,DRY,False,SIDESWIPE-SAME DIRECTION,SIDESWIPE-SAME DIRECTION,STRAIGHT & LEVEL,DARK-HWY LIGHTED/ON,,,3/4/2020 8:19:30 AM,False,5128,Accepted,
26465954,0568000,LOUISVILLE METRO POLICE DEPT,Accepted,JEFFERSON,,,LAKE FOREST,PKWY,,,ENGLISH STATION,,,,,38.240566966,-85.493522230,0.002,2/28/2020 12:00:00 AM,1831,2,2,0,0,CLEAR,DRY,False,OPPOSING LEFT TURN,OPPOSING LEFT TURN,STRAIGHT & LEVEL,DARK (UNKNOWN ROADWAY LIGHTING),,,3/5/2020 8:32:09 AM,False,7899,Accepted,
26448949,0568000,LOUISVILLE METRO POLICE DEPT,Accepted,JEFFERSON,US0031W,,DIXIE,HWY,,,ORELL,,,,,38.082294749,-85.881543489,6.708,2/28/2020 12:00:00 AM,1852,2,2,0,2,SNOWING,WET,False,OPPOSING LEFT TURN,OPPOSING LEFT TURN,STRAIGHT & LEVEL,DARK (UNKNOWN ROADWAY LIGHTING),,,3/2/2020 8:52:09 AM,False,7373,Accepted,
26448968,0568000,LOUISVILLE METRO POLICE DEPT,Accepted,JEFFERSON,,,FAMOUS,WAY,,,JUDGE,,,,,38.131269719,-85.667120605,0.325,2/28/2020 12:00:00 AM,1845,2,2,0,0,SNOWING,DRY,False,OPPOSING LEFT TURN,OPPOSING LEFT TURN,STRAIGHT & LEVEL,DARK-HWY LIGHTED/OFF,,,3/2/2020 8:53:31 AM,False,5115,Accepted,
26448956,0568000,LOUISVILLE METRO POLICE DEPT,Accepted,JEFFERSON,KY1531,,EASTWOOD FISHERVILLE,RD,,,HOMESTEAD,,,,,38.201542210,-85.454224899,6.533,2/28/2020 12:00:00 AM,2002,2,2,0,0,SNOWING,WET,False,OPPOSITE DIRECTION - BOTH VEHICLES GOING STRAIGHT AHEAD,SIDESWIPE-OPPOSITE DIRECTION,STRAIGHT & LEVEL,DARK (UNKNOWN ROADWAY LIGHTING),,,3/2/2020 8:52:42 AM,False,7408,Accepted,
26448963,0568000,LOUISVILLE METRO POLICE DEPT,Accepted,JEFFERSON,,,ANTLE,DR,,,STANDIFORD PLAZA,,,,,38.087478368,-85.666189064,0.235,2/28/2020 12:00:00 AM,1909,2,2,0,0,SNOWING,WET,False,OPPOSING LEFT TURN,OPPOSING LEFT TURN,STRAIGHT & LEVEL,DUSK,,,3/2/2020 8:53:08 AM,False,7474,Accepted,
26448951,0568000,LOUISVILLE METRO POLICE DEPT,Accepted,JEFFERSON,,,7TH,ST,S,,KENTUCKY,,,,,38.240083565,-85.764464426,1.578,2/28/2020 12:00:00 AM,1612,2,2,0,0,CLOUDY,DRY,False,SIDESWIPE-SAME DIRECTION,SIDESWIPE-SAME DIRECTION,STRAIGHT & LEVEL,DAYLIGHT,,,3/2/2020 8:52:18 AM,False,7468,Accepted,
26448973,0568000,LOUISVILLE METRO POLICE DEPT,Accepted,JEFFERSON,KY1020,,NATIONAL,TPKE,,KY0841,KY841 CROSSOVER KY1020,,,,,38.117611451,-85.748105873,3.065,2/28/2020 12:00:00 AM,1515,2,2,0,0,CLEAR,DRY,False,SIDESWIPE-SAME DIRECTION,SIDESWIPE-SAME DIRECTION,STRAIGHT & LEVEL,DAYLIGHT,,,3/2/2020 8:53:49 AM,False,7263,Accepted,