IncidentID,AgencyORI,AgencyName,IncidentStatusDesc,County,RdwyNumber,Street,RoadwayName,StreetSfx,StreetDir,IntersectionRdwy,IntersectionRdwyName,BetweenStRdwy1,BetweenStRdwyName1,BetweenStRdwy2,BetweenStRdwyName2,Latitude,Longitude,Milepoint,CollisionDate,CollisionTime,UnitsInvolved,MotorVehiclesInvolved,NumberKilled,NumberInjured,Weather,RdwyConditionCode,HitandRun,DirAnalysisCode,MannerofCollision,RdwyCharacter,LightCondition,RampFromRdwyId,RampToRdwyId,AcceptedDate,IsSecondaryCollision,OwnerBadge,IncidentStatus,
26448903,0568000,LOUISVILLE METRO POLICE DEPT,Accepted,JEFFERSON,,,MUD,LN,,KY0061,PRESTON,,,,,38.092809480,-85.669296719,0.011,2/28/2020 12:00:00 AM,1137,2,2,0,0,CLEAR,DRY,False,OTHER INTERSECTION COLLISIONS,REAR END,STRAIGHT & LEVEL,DAYLIGHT,,,3/2/2020 8:49:30 AM,False,2017,Accepted,
26448901,0568000,LOUISVILLE METRO POLICE DEPT,Accepted,JEFFERSON,,,GRADE,LN,,KY1065,OUTER,,,,,38.130092390,-85.737420411,0.026,2/28/2020 12:00:00 AM,1104,2,2,0,0,CLOUDY,DRY,False,OTHER INTERSECTION COLLISIONS,REAR END,CURVE & GRADE,DAYLIGHT,,,3/2/2020 8:49:23 AM,False,4693,Accepted,
26441070,0561000,JEFFERSONTOWN POLICE DEPT,Accepted,JEFFERSON,,,WATTERSON,TRL,,,LOCHRIDGE,,,,,38.183363216,-85.590439244,1.967,2/28/2020 12:00:00 AM,1507,2,2,0,0,CLOUDY,DRY,False,OTHER INTERSECTION COLLISIONS,REAR END,CURVE & LEVEL,DAYLIGHT,,,2/29/2020 12:36:20 AM,False,8319,Accepted,
26448952,0568000,LOUISVILLE METRO POLICE DEPT,Accepted,JEFFERSON,US0031E,,BARDSTOWN,RD,,,LITTLE SPRING,,,,,38.095946455,-85.562522288,1.528,2/28/2020 12:00:00 AM,1613,1,1,0,0,CLEAR,DRY,False,OTHER INTERSECTION COLLISIONS,SINGLE VEHICLE,CURVE & GRADE,DAYLIGHT,,,3/2/2020 8:52:22 AM,False,2321,Accepted,
26448953,0568000,LOUISVILLE METRO POLICE DEPT,Accepted,JEFFERSON,KY1450,,BLUE LICK,RD,,,PARK,,,,,38.116616008,-85.689476205,2.158,2/28/2020 12:00:00 AM,1935,2,2,0,0,SNOWING,SNOW/SLUSH,False,OTHER INTERSECTION COLLISIONS,REAR END,STRAIGHT & LEVEL,DARK-HWY LIGHTED/OFF,,,3/2/2020 8:52:26 AM,False,7074,Accepted,
26448928,0568000,LOUISVILLE METRO POLICE DEPT,Accepted,JEFFERSON,,,FLOYD,ST,S,,JEFFERSON,,,,,38.252893168,-85.748348364,0.192,2/28/2020 12:00:00 AM,1153,2,2,0,0,CLEAR,DRY,False,OTHER INTERSECTION COLLISIONS,REAR END,STRAIGHT & LEVEL,DAYLIGHT,,,3/2/2020 8:51:01 AM,False,7266,Accepted,
26448910,0568000,LOUISVILLE METRO POLICE DEPT,Accepted,JEFFERSON,KY1747,,HURSTBOURNE,PKWY,N,,WHIPPS MILL,,,,,38.274117627,-85.563641006,15.979,2/28/2020 12:00:00 AM,1210,2,2,0,0,CLOUDY,DRY,False,OTHER INTERSECTION COLLISIONS,REAR END,STRAIGHT & LEVEL,DAYLIGHT,,,3/2/2020 8:49:58 AM,False,7529,Accepted,
26448917,0568000,LOUISVILLE METRO POLICE DEPT,Accepted,JEFFERSON,KY1932,,BRECKENRIDGE,LN,,,MANNER GATE,,,,,38.204752779,-85.623063670,1.656,2/28/2020 12:00:00 AM,1610,2,2,0,0,CLOUDY,DRY,False,OTHER INTERSECTION COLLISIONS,REAR END,STRAIGHT & LEVEL,DAYLIGHT,,,3/2/2020 8:50:15 AM,False,2429,Accepted,
26439305,0560300,ST. MATTHEWS POLICE DEPARTMENT,Accepted,JEFFERSON,,,WINCHESTER,RD,,,THOMPSON,,,,,38.241155601,-85.652964446,0.502,2/28/2020 12:00:00 AM,1300,2,2,0,0,CLEAR,DRY,False,OTHER INTERSECTION COLLISIONS,REAR END,STRAIGHT & LEVEL,DAYLIGHT,,,2/28/2020 3:32:45 PM,False,9171,Accepted,
26448959,0568000,LOUISVILLE METRO POLICE DEPT,Accepted,JEFFERSON,US0031E,,BARDSTOWN,RD,,,,,,,,38.224544897,-85.693899732,13.640,2/28/2020 12:00:00 AM,2037,2,1,0,1,CLOUDY,WET,False,COLLISION WITH PEDESTRIAN NON - INTERSECTION,SINGLE VEHICLE,STRAIGHT & LEVEL,DARK-HWY LIGHTED/ON,,,3/2/2020 8:52:53 AM,False,2976,Accepted,
26448971,0568000,LOUISVILLE METRO POLICE DEPT,Accepted,JEFFERSON,,,4TH,ST,S,,LEE,,,,,38.223382222,-85.762368980,2.315,2/28/2020 12:00:00 AM,2030,2,2,0,0,SNOWING,WET,False,OTHER INTERSECTION COLLISIONS,REAR END,STRAIGHT & LEVEL,DARK-HWY LIGHTED/ON,,,3/2/2020 8:53:42 AM,False,5249,Accepted,
26448965,0568000,LOUISVILLE METRO POLICE DEPT,Accepted,JEFFERSON,KY1020,,3RD,ST,S,,GAULBERT,,,,,38.224534382,-85.760453862,10.601,2/28/2020 12:00:00 AM,2245,2,2,0,0,CLEAR,DRY,False,OTHER INTERSECTION COLLISIONS,REAR END,STRAIGHT & LEVEL,DARK-HWY LIGHTED/ON,,,3/2/2020 8:53:16 AM,False,7321,Accepted,
26448924,0568000,LOUISVILLE METRO POLICE DEPT,Accepted,JEFFERSON,KY1747,,FERN VALLEY,RD,,KY0864,FEGENBUSH,,,,,38.161118182,-85.640780755,5.128,2/28/2020 12:00:00 AM,1618,2,2,0,0,CLOUDY,DRY,False,OTHER INTERSECTION COLLISIONS,REAR END,STRAIGHT & LEVEL,DAYLIGHT,,,3/2/2020 8:50:44 AM,False,6937,Accepted,
26448905,0568000,LOUISVILLE METRO POLICE DEPT,Accepted,JEFFERSON,KY1447,,WESTPORT,RD,,,FREYS HILL,,,,,38.293781758,-85.559218048,6.031,2/28/2020 12:00:00 AM,1229,3,3,0,1,CLEAR,DRY,False,OTHER INTERSECTION COLLISIONS,REAR END,STRAIGHT & LEVEL,DAYLIGHT,,,3/2/2020 8:49:38 AM,False,7313,Accepted,
26448975,0568000,LOUISVILLE METRO POLICE DEPT,Accepted,JEFFERSON,,655,39TH,ST,S,,,,,,,38.253451933,-85.816169328,1.020,2/28/2020 12:00:00 AM,0837,2,2,0,0,CLEAR,DRY,False,1 VEHICLE ENTERING OR LEAVING PARKED POSITION (NOT PARKING LOT),SIDESWIPE-SAME DIRECTION,STRAIGHT & LEVEL,DAYLIGHT,,,3/2/2020 8:53:58 AM,False,7469,Accepted,
26460284,0566900,LOUISVILLE AIRPORT POLICE,Accepted,JEFFERSON,,,LOWER TERMINAL,DR,,,,,,,,38.186660330,-85.741284605,0.267,2/28/2020 12:00:00 AM,1620,2,2,0,0,CLEAR,DRY,False,1 VEHICLE PARKED POSITION (NOT PARKING LOT/DRIVEWAY),SIDESWIPE-SAME DIRECTION,CURVE & LEVEL,DAYLIGHT,,,3/4/2020 8:47:49 AM,False,5878,Accepted,
26448962,0568000,LOUISVILLE METRO POLICE DEPT,Accepted,JEFFERSON,,4927,FEYS,DR,,,,,,,,38.170986348,-85.839067548,0.269,2/28/2020 12:00:00 AM,2109,2,2,0,0,CLEAR,DRY,False,1 VEHICLE PARKED POSITION (NOT PARKING LOT/DRIVEWAY),HEAD ON,STRAIGHT & LEVEL,DARK-HWY LIGHTED/OFF,,,3/2/2020 8:53:05 AM,False,5259,Accepted,
26460151,0568000,LOUISVILLE METRO POLICE DEPT,Accepted,JEFFERSON,,1204,DELOR,AVE,,,,,,,,38.218726724,-85.739771918,0.223,2/28/2020 12:00:00 AM,0300,2,2,0,0,CLEAR,DRY,True,1 VEHICLE PARKED POSITION (NOT PARKING LOT/DRIVEWAY),HEAD ON,STRAIGHT & LEVEL,DARK (UNKNOWN ROADWAY LIGHTING),,,3/4/2020 8:19:10 AM,False,5050,Accepted,
26448930,0568000,LOUISVILLE METRO POLICE DEPT,Accepted,JEFFERSON,I 0264,,I264 E,,,I 0264,I264 E EXIT17A OFF RAMP TO KY155 S,,,,,38.217896101,-85.658419195,16.510,2/28/2020 12:00:00 AM,1041,3,3,0,0,CLEAR,DRY,True,REAR END IN TRAFFIC LANES BOTH VEHICLES MOVING,REAR END,STRAIGHT & LEVEL,DAYLIGHT,,,3/2/2020 8:51:10 AM,False,5233,Accepted,
26448921,0568000,LOUISVILLE METRO POLICE DEPT,Accepted,JEFFERSON,KY1065,,OUTER,LOOP,,,,,,,,38.137770813,-85.689704322,5.887,2/28/2020 12:00:00 AM,1435,2,2,0,0,CLOUDY,DRY,True,REAR END IN TRAFFIC LANES BOTH VEHICLES MOVING,REAR END,STRAIGHT & LEVEL,DAYLIGHT,,,3/2/2020 8:50:32 AM,False,4693,Accepted,
26448912,0568000,LOUISVILLE METRO POLICE DEPT,Accepted,JEFFERSON,KY1865,,NEW CUT,RD,,,,,JONES,KY0907,3RD ST,38.147026643,-85.775555694,2.751,2/28/2020 12:00:00 AM,1456,2,2,0,0,CLOUDY,DRY,False,REAR END IN TRAFFIC LANES BOTH VEHICLES MOVING,REAR END,STRAIGHT & LEVEL,DAYLIGHT,,,3/2/2020 8:50:02 AM,False,7768,Accepted,
26448948,0568000,LOUISVILLE METRO POLICE DEPT,Accepted,JEFFERSON,US0031W,,MAIN,ST,W,,,,4TH,,3RD,38.256536674,-85.755795185,21.972,2/28/2020 12:00:00 AM,1158,2,2,0,0,CLEAR,DRY,False,1 VEHICLE PARKED POSITION (NOT PARKING LOT/DRIVEWAY),SIDESWIPE-SAME DIRECTION,STRAIGHT & LEVEL,DAYLIGHT,,,3/2/2020 8:52:05 AM,False,2854,Accepted,
26448946,0568000,LOUISVILLE METRO POLICE DEPT,Accepted,JEFFERSON,,,4TH,ST,S,,,,,,,38.251008556,-85.757511394,0.391,2/28/2020 12:00:00 AM,1023,2,2,0,0,CLEAR,DRY,False,1 VEHICLE PARKED POSITION (NOT PARKING LOT/DRIVEWAY),ANGLE,STRAIGHT & LEVEL,DAYLIGHT,,,3/2/2020 8:52:01 AM,False,2854,Accepted,
26466779,0560000,JEFFERSON COUNTY SHERIFF DEPT.,Accepted,JEFFERSON,KY1020,8200,NATIONAL,TPKE,,,,,,,,38.129268242,-85.749861884,3.826,2/28/2020 12:00:00 AM,1930,2,2,0,1,SNOWING,SNOW/SLUSH,False,REAR END IN TRAFFIC LANES BOTH VEHICLES MOVING,REAR END,STRAIGHT & LEVEL,DARK-HWY NOT LIGHTED,,,3/5/2020 10:45:49 AM,False,3670,Accepted,
26448904,0568000,LOUISVILLE METRO POLICE DEPT,Accepted,JEFFERSON,I 0064,,I64 E,,,,,,,,,38.243643498,-85.696592315,8.396,2/28/2020 12:00:00 AM,1120,2,2,0,0,CLEAR,DRY,False,REAR END IN TRAFFIC LANES BOTH VEHICLES MOVING,REAR END,STRAIGHT & LEVEL,DAYLIGHT,,,3/2/2020 8:49:34 AM,False,4903,Accepted,
26448896,0568000,LOUISVILLE METRO POLICE DEPT,Accepted,JEFFERSON,I 0264,,I264 W,,,,,I 0264,I264 W EXIT18 ON RAMP FROM KY1932,I 0264,I264 W EXIT17B OFF RAMP TO KY155 N,38.225005102,-85.643523566,17.449,2/28/2020 12:00:00 AM,1102,2,2,0,0,CLEAR,DRY,False,REAR END IN TRAFFIC LANES BOTH VEHICLES MOVING,REAR END,STRAIGHT & LEVEL,DAYLIGHT,,,3/2/2020 8:48:58 AM,False,2100,Accepted,
26448897,0568000,LOUISVILLE METRO POLICE DEPT,Accepted,JEFFERSON,KY0864,,POPLAR LEVEL,RD,,,,,,,,38.183783156,-85.699296214,10.379,2/28/2020 12:00:00 AM,1200,3,3,0,0,CLEAR,DRY,False,REAR END IN TRAFFIC LANES BOTH VEHICLES MOVING,REAR END,STRAIGHT & GRADE,DAYLIGHT,,,3/2/2020 8:49:02 AM,False,5130,Accepted,
26448886,0568000,LOUISVILLE METRO POLICE DEPT,Accepted,JEFFERSON,I 0065,,I65 N,,,,,,,,,38.177998597,-85.719427236,129.725,2/28/2020 12:00:00 AM,0804,2,2,0,0,CLEAR,DRY,True,REAR END IN TRAFFIC LANES BOTH VEHICLES MOVING,REAR END,STRAIGHT & LEVEL,DAYLIGHT,,,3/2/2020 8:48:18 AM,False,4903,Accepted,
26448925,0568000,LOUISVILLE METRO POLICE DEPT,Accepted,JEFFERSON,KY1931,5900,GREENWOOD,RD,,,,,,,,38.144548695,-85.862894639,1.874,2/28/2020 12:00:00 AM,1450,2,2,0,0,CLOUDY,DRY,False,REAR END IN TRAFFIC LANES BOTH VEHICLES MOVING,REAR END,STRAIGHT & LEVEL,DAYLIGHT,,,3/2/2020 8:50:48 AM,False,7356,Accepted,
26448933,0568000,LOUISVILLE METRO POLICE DEPT,Accepted,JEFFERSON,KY0061,,PRESTON,HWY,,,,,GRADE,I 0065,I65 N EXIT130 ON RAMP FROM KY61,38.179488578,-85.717850077,7.304,2/28/2020 12:00:00 AM,0750,3,3,0,1,CLEAR,DRY,False,REAR END IN TRAFFIC LANES BOTH VEHICLES MOVING,REAR END,STRAIGHT & LEVEL,DAYLIGHT,,,3/2/2020 8:51:25 AM,False,7473,Accepted,
26448950,0568000,LOUISVILLE METRO POLICE DEPT,Accepted,JEFFERSON,,1140,FLOYD,ST,S,,,,,,,38.235118010,-85.751515253,1.431,2/28/2020 12:00:00 AM,1445,3,3,0,0,CLOUDY,DRY,False,REAR END IN TRAFFIC LANES BOTH VEHICLES MOVING,REAR END,STRAIGHT & LEVEL,DAYLIGHT,,,3/2/2020 8:52:13 AM,False,7468,Accepted,
26448944,0568000,LOUISVILLE METRO POLICE DEPT,Accepted,JEFFERSON,,,8TH,ST,S,,,,JEFFERSON,,LIBERTY,38.254514233,-85.763637170,0.197,2/28/2020 12:00:00 AM,0947,2,2,0,0,CLEAR,DRY,False,REAR END IN TRAFFIC LANES BOTH VEHICLES MOVING,REAR END,STRAIGHT & LEVEL,DAYLIGHT,,,3/2/2020 8:51:56 AM,False,2854,Accepted,
26448940,0568000,LOUISVILLE METRO POLICE DEPT,Accepted,JEFFERSON,,,JEFFERSON,ST,W,,,,ROY WILKINS,,8TH,38.254709613,-85.764974056,0.702,2/28/2020 12:00:00 AM,0835,2,2,0,0,CLEAR,DRY,False,SIDESWIPE COLLISION - SAME DIRECTION,SIDESWIPE-SAME DIRECTION,STRAIGHT & LEVEL,DAYLIGHT,,,3/2/2020 8:51:52 AM,False,2854,Accepted,
26449016,0568000,LOUISVILLE METRO POLICE DEPT,Accepted,JEFFERSON,,,7TH,ST,S,,,,GARLAND,,KENTUCKY,38.240363920,-85.764463550,1.598,2/28/2020 12:00:00 AM,1110,2,2,0,0,CLEAR,DRY,False,SIDESWIPE COLLISION - SAME DIRECTION,SIDESWIPE-SAME DIRECTION,STRAIGHT & LEVEL,DAYLIGHT,,,3/2/2020 8:55:50 AM,False,7619,Accepted,
26448931,0568000,LOUISVILLE METRO POLICE DEPT,Accepted,JEFFERSON,,,KENWOOD,DR,W,,,,,,,38.161435796,-85.775391520,0.206,2/28/2020 12:00:00 AM,1715,2,2,0,0,CLEAR,DRY,False,SIDESWIPE COLLISION - SAME DIRECTION,SIDESWIPE-SAME DIRECTION,STRAIGHT & LEVEL,DAYLIGHT,,,3/2/2020 8:51:15 AM,False,7424,Accepted,
26448922,0568000,LOUISVILLE METRO POLICE DEPT,Accepted,JEFFERSON,KY0061,,PRESTON,HWY,,,,,,,,38.127533959,-85.680738296,3.147,2/28/2020 12:00:00 AM,1507,2,2,0,0,CLOUDY,DRY,False,SIDESWIPE COLLISION - SAME DIRECTION,SIDESWIPE-SAME DIRECTION,STRAIGHT & LEVEL,DAYLIGHT,,,3/2/2020 8:50:35 AM,False,4693,Accepted,
26448906,0568000,LOUISVILLE METRO POLICE DEPT,Accepted,JEFFERSON,,,GARDINER,LN,,,,,,,,38.192832202,-85.705777917,0.016,2/28/2020 12:00:00 AM,1333,2,2,0,0,CLEAR,DRY,False,SIDESWIPE COLLISION - SAME DIRECTION,SIDESWIPE-SAME DIRECTION,STRAIGHT & GRADE,DAYLIGHT,,,3/2/2020 8:49:42 AM,False,5130,Accepted,
26448935,0568000,LOUISVILLE METRO POLICE DEPT,Accepted,JEFFERSON,US0031E,1250,BARDSTOWN,RD,,,,,LONGEST,,BEECHWOOD,38.235999966,-85.716559005,15.130,2/28/2020 12:00:00 AM,1046,2,2,0,0,CLOUDY,DRY,False,SIDESWIPE COLLISION - SAME DIRECTION,SIDESWIPE-SAME DIRECTION,STRAIGHT & LEVEL,DAYLIGHT,,,3/2/2020 8:51:34 AM,False,5020,Accepted,
26448918,0568000,LOUISVILLE METRO POLICE DEPT,Accepted,JEFFERSON,,,BARRET,AVE,,,,US0150,BROADWAY,,MERCY,38.243706339,-85.733956840,0.031,2/28/2020 12:00:00 AM,1612,2,2,0,0,CLOUDY,DRY,False,SIDESWIPE COLLISION - SAME DIRECTION,SIDESWIPE-SAME DIRECTION,STRAIGHT & LEVEL,DAYLIGHT,,,3/2/2020 8:50:19 AM,False,7900,Accepted,
26465949,0568000,LOUISVILLE METRO POLICE DEPT,Accepted,JEFFERSON,KY0864,,BEULAH CHURCH,RD,,,,,,,,38.125993143,-85.614505665,3.453,2/28/2020 12:00:00 AM,1645,2,2,0,0,CLEAR,DRY,True,SIDESWIPE COLLISION - SAME DIRECTION,SIDESWIPE-SAME DIRECTION,STRAIGHT & LEVEL,DAYLIGHT,,,3/5/2020 8:31:46 AM,False,7628,Accepted,
26448992,0568000,LOUISVILLE METRO POLICE DEPT,Accepted,JEFFERSON,KY3084,,OLD HENRY,RD,,,,,,,,38.268240882,-85.505902984,0.815,2/28/2020 12:00:00 AM,1653,2,2,0,0,CLOUDY,DRY,False,SIDESWIPE COLLISION - SAME DIRECTION,SIDESWIPE-SAME DIRECTION,STRAIGHT & GRADE,DAYLIGHT,,,3/2/2020 8:54:45 AM,False,7899,Accepted,
26448972,0568000,LOUISVILLE METRO POLICE DEPT,Accepted,JEFFERSON,US0031W,,DIXIE,HWY,,,,,COFER,,OAK PARK,38.137307871,-85.843353539,11.139,2/28/2020 12:00:00 AM,1741,2,2,0,0,SNOWING,WET,False,1 VEHICLE ENTERING/LEAVING ENTRANCE,ANGLE,STRAIGHT & LEVEL,DAYLIGHT,,,3/2/2020 8:53:45 AM,False,7166,Accepted,
26449109,0568000,LOUISVILLE METRO POLICE DEPT,Accepted,JEFFERSON,US0042,,STORY,AVE,,,,,CABEL,,BICKEL,38.255601386,-85.729012199,0.216,2/28/2020 12:00:00 AM,0839,2,2,0,0,CLEAR,DRY,False,1 VEHICLE ENTERING/LEAVING ENTRANCE,ANGLE,STRAIGHT & LEVEL,DAYLIGHT,,,3/2/2020 9:00:12 AM,False,2764,Accepted,
26448986,0568000,LOUISVILLE METRO POLICE DEPT,Accepted,JEFFERSON,,4154,TOWNE CENTER,DR,,,,,,,,38.299293032,-85.556801829,0.291,2/28/2020 12:00:00 AM,1344,2,2,0,0,CLOUDY,DRY,False,1 VEHICLE ENTERING/LEAVING ENTRANCE,ANGLE,STRAIGHT & LEVEL,DAYLIGHT,,,3/2/2020 8:54:36 AM,False,7751,Accepted,
26448934,0568000,LOUISVILLE METRO POLICE DEPT,Accepted,JEFFERSON,KY1703,,NEWBURG,RD,,,,,,,,38.213031941,-85.700036919,3.334,2/28/2020 12:00:00 AM,1538,2,2,0,0,CLOUDY,DRY,False,OTHER ROADWAY OR MID-BLOCK COLLISION,REAR END,STRAIGHT & GRADE,DARK (UNKNOWN ROADWAY LIGHTING),,,3/2/2020 8:51:29 AM,False,6813,Accepted,
26448920,0568000,LOUISVILLE METRO POLICE DEPT,Accepted,JEFFERSON,KY1065,,OUTER,LOOP,,,,,MINOR,,LONE OAK,38.136241764,-85.696902112,5.481,2/28/2020 12:00:00 AM,1614,2,2,0,0,CLOUDY,DRY,False,OTHER ROADWAY OR MID-BLOCK COLLISION,REAR END,STRAIGHT & LEVEL,DAYLIGHT,,,3/2/2020 8:50:28 AM,False,2324,Accepted,
26448926,0568000,LOUISVILLE METRO POLICE DEPT,Accepted,JEFFERSON,,,FEGENBUSH,LN,,,,,,,,38.186104302,-85.638130678,0.080,2/28/2020 12:00:00 AM,1644,2,2,0,1,CLOUDY,DRY,False,OTHER ROADWAY OR MID-BLOCK COLLISION,OPPOSING LEFT TURN,STRAIGHT & LEVEL,DAYLIGHT,,,3/2/2020 8:50:52 AM,False,7307,Accepted,
26448894,0568000,LOUISVILLE METRO POLICE DEPT,Accepted,JEFFERSON,I 0264,,I264 W,,,,,,,,,38.200554214,-85.697789831,14.018,2/28/2020 12:00:00 AM,0947,2,2,0,0,CLEAR,DRY,False,OTHER ROADWAY OR MID-BLOCK COLLISION,REAR END,STRAIGHT & HILLCREST,DAYLIGHT,,,3/2/2020 8:48:50 AM,False,4903,Accepted,
26448902,0568000,LOUISVILLE METRO POLICE DEPT,Accepted,JEFFERSON,KY0061,,PRESTON,HWY,,,,,COOPER CHAPEL,KY6307,MAPLE SPRING,38.100543957,-85.671529123,1.188,2/28/2020 12:00:00 AM,1121,2,2,0,0,CLEAR,DRY,False,OTHER ROADWAY OR MID-BLOCK COLLISION,REAR END,STRAIGHT & LEVEL,DAYLIGHT,,,3/2/2020 8:49:27 AM,False,2017,Accepted,
26448989,0568000,LOUISVILLE METRO POLICE DEPT,Accepted,JEFFERSON,KY0022,,BROWNSBORO,RD,,,,KY1747,HURSTBOURNE,,TEN BROECK,38.304989988,-85.577752732,3.680,2/28/2020 12:00:00 AM,1635,2,2,0,0,CLOUDY,DRY,False,OTHER ROADWAY OR MID-BLOCK COLLISION,REAR END,STRAIGHT & HILLCREST,DAYLIGHT,,,3/2/2020 8:54:41 AM,False,7751,Accepted,
26449130,0568000,LOUISVILLE METRO POLICE DEPT,Accepted,JEFFERSON,I 0264,,,,,,,,,,,38.196221948,-85.707594426,0.239,2/28/2020 12:00:00 AM,1155,2,2,0,0,CLEAR,DRY,False,OTHER RAMP RELATED COLLISIONS NOT LISTED ABOVE,REAR END,CURVE & GRADE,DAYLIGHT,I 0264,KY0864,3/2/2020 9:03:01 AM,False,8278,Accepted,
26448980,0568000,LOUISVILLE METRO POLICE DEPT,Accepted,JEFFERSON,I 0265,,,,,,,,,,,38.298132996,-85.547099931,0.353,2/28/2020 12:00:00 AM,1034,2,2,0,0,CLOUDY,DRY,False,OTHER RAMP RELATED COLLISIONS NOT LISTED ABOVE,REAR END,STRAIGHT & LEVEL,DAYLIGHT,I 0265,KY1447,3/2/2020 8:54:22 AM,False,7751,Accepted,
26442504,0560300,ST. MATTHEWS POLICE DEPARTMENT,Accepted,JEFFERSON,US0060,,SHELBYVILLE,RD,,,,,,,,38.250283371,-85.623903262,5.307,2/28/2020 12:00:00 AM,1738,2,2,0,0,CLOUDY,DRY,False,COLLISION IN PARKING LOT,BACKING,STRAIGHT & LEVEL,DAYLIGHT,,,2/29/2020 3:06:22 PM,False,9170,Accepted,
26448936,0568000,LOUISVILLE METRO POLICE DEPT,Accepted,JEFFERSON,,3634,GEORGETOWN,CIR,,,,,,,,38.194279087,-85.796714144,0.145,2/28/2020 12:00:00 AM,1700,2,2,0,0,CLOUDY,DRY,False,COLLISION IN PARKING LOT,ANGLE,STRAIGHT & LEVEL,DAYLIGHT,,,3/2/2020 8:51:38 AM,False,5260,Accepted,
26449621,0561500,UNIV. OF LOUISVILLE POLICE,Accepted,JEFFERSON,,2800,FLOYD,ST,S,,,,,,,38.203776299,-85.757031857,3.583,2/28/2020 12:00:00 AM,1034,2,2,0,0,CLOUDY,DRY,True,COLLISION IN PARKING LOT,ANGLE,STRAIGHT & LEVEL,DAYLIGHT,,,3/2/2020 10:12:47 AM,False,5654,Accepted,
26436976,0568000,LOUISVILLE METRO POLICE DEPT,Accepted,JEFFERSON,KY2052,5340,SHEPHERDSVILLE,RD,,,,,,,,38.171478095,-85.659366159,2.250,2/27/2020 12:00:00 AM,0000,2,2,0,0,CLEAR,DRY,True,COLLISION IN PARKING LOT,ANGLE,STRAIGHT & LEVEL,DARK-HWY NOT LIGHTED,,,2/28/2020 8:10:47 AM,False,7294,Accepted,
26437009,0568000,LOUISVILLE METRO POLICE DEPT,Accepted,JEFFERSON,KY1065,4801,OUTER,LOOP,,,,,,,,38.138546441,-85.669550797,6.735,2/27/2020 12:00:00 AM,1900,2,2,0,1,CLEAR,DRY,False,COLLISION IN PARKING LOT,ANGLE,STRAIGHT & LEVEL,DARK-HWY LIGHTED/ON,,,2/28/2020 8:12:59 AM,False,5042,Accepted,
26436995,0568000,LOUISVILLE METRO POLICE DEPT,Accepted,JEFFERSON,,13100,FOREST CENTRE,CT,,,,,,,,38.276292583,-85.509831944,0.099,2/27/2020 12:00:00 AM,1800,2,2,0,0,CLEAR,DRY,True,COLLISION IN PARKING LOT,BACKING,STRAIGHT & LEVEL,DAYLIGHT,,,2/28/2020 8:12:01 AM,False,7802,Accepted,
26460178,0568000,LOUISVILLE METRO POLICE DEPT,Accepted,JEFFERSON,,6313,RIVER,RD,,,,,,,,38.327694265,-85.638958502,4.676,2/27/2020 12:00:00 AM,2045,2,2,0,0,CLEAR,DRY,True,COLLISION IN PARKING LOT,HEAD ON,STRAIGHT & LEVEL,DARK-HWY LIGHTED/ON,,,3/4/2020 8:19:49 AM,False,7369,Accepted,
26436988,0568000,LOUISVILLE METRO POLICE DEPT,Accepted,JEFFERSON,I 0264,,,,,,,,,,,38.212282659,-85.669914269,0.221,2/27/2020 12:00:00 AM,1736,2,2,0,0,CLOUDY,DRY,False,OTHER RAMP RELATED COLLISIONS NOT LISTED ABOVE,SIDESWIPE-SAME DIRECTION,STRAIGHT & HILLCREST,DAYLIGHT,I 0264,US31E,2/28/2020 8:11:36 AM,False,7306,Accepted,
26449128,0568000,LOUISVILLE METRO POLICE DEPT,Accepted,JEFFERSON,I 0065,,,,,,,,,,,38.191513848,-85.731164730,0.425,2/27/2020 12:00:00 AM,1351,1,1,0,0,CLEAR,DRY,False,COLLISION WITH FIXED OBJECT NOT IN GORE ,SINGLE VEHICLE,CURVE & GRADE,DAYLIGHT,I 0065,I 0065,3/2/2020 9:02:53 AM,False,8278,Accepted,
26449129,0568000,LOUISVILLE METRO POLICE DEPT,Accepted,JEFFERSON,I 0265,,I265 S,,,,,,,,,38.311603224,-85.576329365,34.322,2/27/2020 12:00:00 AM,1634,2,2,0,0,CLOUDY,DRY,False,OTHER ROADWAY OR MID-BLOCK COLLISION,REAR END,STRAIGHT & GRADE,DAYLIGHT,,,3/2/2020 9:02:57 AM,False,8278,Accepted,
26436989,0568000,LOUISVILLE METRO POLICE DEPT,Accepted,JEFFERSON,KY1865,,TAYLOR,BLVD,,,,,SEELBACH,I 0264,I264 W EXIT9 OFF RAMP TO KY1865,38.189037504,-85.783474240,5.703,2/27/2020 12:00:00 AM,0724,2,2,0,0,CLEAR,DRY,False,OTHER ROADWAY OR MID-BLOCK COLLISION,REAR END,STRAIGHT & LEVEL,DAYLIGHT,,,2/28/2020 8:11:40 AM,False,7418,Accepted,
26437011,0568000,LOUISVILLE METRO POLICE DEPT,Accepted,JEFFERSON,,1600 BLK,GRINSTEAD,DR,,,,,,,,38.238112859,-85.721798844,0.050,2/27/2020 12:00:00 AM,2033,2,2,0,0,CLEAR,DRY,False,1 VEHICLE ENTERING/LEAVING ENTRANCE,ANGLE,STRAIGHT & LEVEL,DARK-HWY LIGHTED/ON,,,2/28/2020 8:13:05 AM,False,5243,Accepted,