IncidentID,AgencyORI,AgencyName,IncidentStatusDesc,County,RdwyNumber,Street,RoadwayName,StreetSfx,StreetDir,IntersectionRdwy,IntersectionRdwyName,BetweenStRdwy1,BetweenStRdwyName1,BetweenStRdwy2,BetweenStRdwyName2,Latitude,Longitude,Milepoint,CollisionDate,CollisionTime,UnitsInvolved,MotorVehiclesInvolved,NumberKilled,NumberInjured,Weather,RdwyConditionCode,HitandRun,DirAnalysisCode,MannerofCollision,RdwyCharacter,LightCondition,RampFromRdwyId,RampToRdwyId,AcceptedDate,IsSecondaryCollision,OwnerBadge,IncidentStatus,
26431395,0568000,LOUISVILLE METRO POLICE DEPT,Accepted,JEFFERSON,,,CHAMBERLAIN,LN,,,,,WINCHESTER ACRES,I 0265,I265 S EXIT33 OFF RAMP TO  CHAMBERLAIN LN,38.295462253,-85.540527286,1.820,2/27/2020 12:00:00 AM,0500,2,2,0,0,CLEAR,DRY,False,1 VEHICLE ENTERING/LEAVING ENTRANCE,ANGLE,STRAIGHT & LEVEL,DARK-HWY NOT LIGHTED,,,2/27/2020 8:14:33 AM,False,2920,Accepted,
26436953,0568000,LOUISVILLE METRO POLICE DEPT,Accepted,JEFFERSON,KY1931,,GREENWOOD,RD,,,,,GREENWOOD MANOR,US0031W,DIXIE,38.143534968,-85.840736102,3.081,2/27/2020 12:00:00 AM,0938,2,2,0,0,CLEAR,DRY,False,1 VEHICLE ENTERING/LEAVING ENTRANCE,ANGLE,STRAIGHT & HILLCREST,DAYLIGHT,,,2/28/2020 8:09:14 AM,False,7339,Accepted,
26436956,0568000,LOUISVILLE METRO POLICE DEPT,Accepted,JEFFERSON,KY1747,3700,FERN VALLEY,RD,,,,,,,,38.157792112,-85.691012071,2.249,2/27/2020 12:00:00 AM,0918,2,2,0,0,CLEAR,DRY,False,1 VEHICLE ENTERING/LEAVING ENTRANCE,ANGLE,STRAIGHT & LEVEL,DAYLIGHT,,,2/28/2020 8:09:25 AM,False,7379,Accepted,
26436969,0568000,LOUISVILLE METRO POLICE DEPT,Accepted,JEFFERSON,,,GRINSTEAD,DR,,,,,LEXINGTON,US0060A,LEXINGTON,38.245525696,-85.701553584,0.001,2/27/2020 12:00:00 AM,1157,2,2,0,0,CLEAR,DRY,True,SIDESWIPE COLLISION - SAME DIRECTION,SIDESWIPE-SAME DIRECTION,STRAIGHT & LEVEL,DAYLIGHT,,,2/28/2020 8:10:23 AM,False,5250,Accepted,
26431394,0568000,LOUISVILLE METRO POLICE DEPT,Accepted,JEFFERSON,I 0065,,I65 N,,,,,,,,,38.266005113,-85.744228377,136.992,2/27/2020 12:00:00 AM,0417,2,2,0,0,CLEAR,DRY,False,SIDESWIPE COLLISION - SAME DIRECTION,SIDESWIPE-SAME DIRECTION,STRAIGHT & LEVEL,DARK-HWY LIGHTED/ON,,,2/27/2020 8:14:30 AM,False,7386,Accepted,
26431388,0568000,LOUISVILLE METRO POLICE DEPT,Accepted,JEFFERSON,I 0264,,I264 W,,,,,,,,,38.269906066,-85.808180642,0.522,2/27/2020 12:00:00 AM,0134,3,3,0,1,CLEAR,ICE,True,SIDESWIPE COLLISION - SAME DIRECTION,SIDESWIPE-SAME DIRECTION,STRAIGHT & LEVEL,DARK-HWY LIGHTED/ON,,,2/27/2020 8:14:03 AM,True,7217,Accepted,
26436961,0568000,LOUISVILLE METRO POLICE DEPT,Accepted,JEFFERSON,I 0071,,I71 S,,,,,,,,,38.262104710,-85.724871957,0.027,2/27/2020 12:00:00 AM,1245,2,2,0,0,CLEAR,DRY,False,SIDESWIPE COLLISION - SAME DIRECTION,SIDESWIPE-SAME DIRECTION,STRAIGHT & LEVEL,DAYLIGHT,,,2/28/2020 8:09:51 AM,False,2855,Accepted,
26436963,0568000,LOUISVILLE METRO POLICE DEPT,Accepted,JEFFERSON,KY0022,,BROWNSBORO,RD,,,,,,,,38.310734730,-85.570650074,4.241,2/27/2020 12:00:00 AM,1343,2,2,0,0,CLEAR,DRY,False,SIDESWIPE COLLISION - SAME DIRECTION,SIDESWIPE-SAME DIRECTION,STRAIGHT & LEVEL,DAYLIGHT,,,2/28/2020 8:10:00 AM,False,2489,Accepted,
26437012,0568000,LOUISVILLE METRO POLICE DEPT,Accepted,JEFFERSON,US0042,,MELLWOOD,AVE,,,,,,,,38.256379116,-85.721133612,0.674,2/27/2020 12:00:00 AM,2007,2,2,0,0,CLEAR,DRY,False,SIDESWIPE COLLISION - SAME DIRECTION,SIDESWIPE-SAME DIRECTION,STRAIGHT & LEVEL,DARK-HWY LIGHTED/ON,,,2/28/2020 8:13:09 AM,False,5240,Accepted,
26448899,0568000,LOUISVILLE METRO POLICE DEPT,Accepted,JEFFERSON,KY0061,,PRESTON,HWY,,,,,,,,38.155488983,-85.696107457,5.240,2/27/2020 12:00:00 AM,1504,2,2,0,0,CLOUDY,DRY,False,SIDESWIPE COLLISION - SAME DIRECTION,SIDESWIPE-SAME DIRECTION,STRAIGHT & LEVEL,DAYLIGHT,,,3/2/2020 8:49:10 AM,False,4693,Accepted,
26449175,0568000,LOUISVILLE METRO POLICE DEPT,Accepted,JEFFERSON,US0042,,BROWNSBORO,RD,,,,,HILLCREST,,REBEL,38.260581533,-85.685823756,2.744,2/27/2020 12:00:00 AM,0931,2,2,0,0,CLOUDY,DRY,False,SIDESWIPE COLLISION - SAME DIRECTION,SIDESWIPE-SAME DIRECTION,STRAIGHT & LEVEL,DAYLIGHT,,,3/2/2020 9:06:50 AM,False,7180,Accepted,
26502528,0568000,LOUISVILLE METRO POLICE DEPT,Accepted,JEFFERSON,,2219,GARLAND,AVE,,,,,,,,38.244133872,-85.789606764,1.202,2/27/2020 12:00:00 AM,2332,2,2,0,0,CLEAR,DRY,False,SIDESWIPE COLLISION - SAME DIRECTION,SIDESWIPE-SAME DIRECTION,STRAIGHT & LEVEL,DARK-HWY NOT LIGHTED,,,3/12/2020 8:51:32 AM,False,5054,Accepted,
26436951,0568000,LOUISVILLE METRO POLICE DEPT,Accepted,JEFFERSON,,,SEATONVILLE,RD,,,,,,,,38.136622529,-85.539322284,2.496,2/27/2020 12:00:00 AM,0948,2,2,0,0,CLEAR,DRY,True,SIDESWIPE COLLISION - OPPOSITE DIRECTION,SIDESWIPE-OPPOSITE DIRECTION,STRAIGHT & LEVEL,DAYLIGHT,,,2/28/2020 8:09:08 AM,False,7698,Accepted,
26436979,0568000,LOUISVILLE METRO POLICE DEPT,Accepted,JEFFERSON,I 0065,,I65 N,,,,,,,,,38.173354298,-85.720046965,129.397,2/27/2020 12:00:00 AM,1654,2,2,0,0,CLOUDY,DRY,False,REAR END IN TRAFFIC LANES BOTH VEHICLES MOVING,REAR END,CURVE & HILLCREST,DAYLIGHT,,,2/28/2020 8:10:57 AM,False,7840,Accepted,
26436982,0568000,LOUISVILLE METRO POLICE DEPT,Accepted,JEFFERSON,KY1747,,HURSTBOURNE,PKWY,N,,,KY1447,WESTPORT,KY1747,KY1747 CROSSOVER,38.287600584,-85.572193114,17.037,2/27/2020 12:00:00 AM,1737,2,2,0,0,CLOUDY,DRY,False,REAR END IN TRAFFIC LANES BOTH VEHICLES MOVING,REAR END,STRAIGHT & LEVEL,DAYLIGHT,,,2/28/2020 8:11:12 AM,False,6929,Accepted,
26436974,0568000,LOUISVILLE METRO POLICE DEPT,Accepted,JEFFERSON,KY0864,,POPLAR LEVEL,RD,,,,,FINCASTLE,,QUARRY HILL,38.207890488,-85.715290361,12.284,2/27/2020 12:00:00 AM,1616,2,2,0,0,CLEAR,DRY,False,REAR END IN TRAFFIC LANES BOTH VEHICLES MOVING,REAR END,CURVE & LEVEL,DAYLIGHT,,,2/28/2020 8:10:40 AM,False,2532,Accepted,
26436948,0568000,LOUISVILLE METRO POLICE DEPT,Accepted,JEFFERSON,I 0264,,I264 E,,,,,,,,,38.224576504,-85.643845477,17.429,2/27/2020 12:00:00 AM,0741,2,2,0,0,CLOUDY,DRY,False,REAR END IN TRAFFIC LANES BOTH VEHICLES MOVING,REAR END,STRAIGHT & LEVEL,DAYLIGHT,,,2/28/2020 8:08:57 AM,False,4903,Accepted,
26490845,0568000,LOUISVILLE METRO POLICE DEPT,Accepted,JEFFERSON,I 0071,,I71 S,,,,,,,,,38.290551955,-85.643151695,5.270,2/27/2020 12:00:00 AM,0719,3,3,0,1,CLOUDY,DRY,False,REAR END IN TRAFFIC LANES BOTH VEHICLES MOVING,REAR END,CURVE & LEVEL,DAYLIGHT,,,3/10/2020 8:20:08 AM,False,7772,Accepted,
26454303,0568000,LOUISVILLE METRO POLICE DEPT,Accepted,JEFFERSON,I 0265,,I265 W,,,,,I 0265,I265 W EXIT19 OFF RAMP TO KY1819,I 0265,I265 W EXIT19 ON RAMP FROM KY1819,38.146081631,-85.549259348,19.194,2/27/2020 12:00:00 AM,1750,2,2,0,0,CLEAR,DRY,True,REAR END IN TRAFFIC LANES BOTH VEHICLES MOVING,REAR END,STRAIGHT & LEVEL,DAYLIGHT,,,3/3/2020 8:28:37 AM,False,7278,Accepted,
26436992,0568000,LOUISVILLE METRO POLICE DEPT,Accepted,JEFFERSON,,,MOHAWK,AVE,,,,,LOUISVILLE,,ALLMOND,38.187298115,-85.757801536,0.222,2/27/2020 12:00:00 AM,1744,2,2,0,0,CLEAR,DRY,False,1 VEHICLE PARKED POSITION (NOT PARKING LOT/DRIVEWAY),BACKING,STRAIGHT & LEVEL,DAYLIGHT,,,2/28/2020 8:11:47 AM,False,7418,Accepted,
26437010,0568000,LOUISVILLE METRO POLICE DEPT,Accepted,JEFFERSON,,17717,MONTWOOD,LN,,,,,,,,38.083257206,-85.867357683,0.064,2/27/2020 12:00:00 AM,1748,2,2,0,0,CLEAR,DRY,False,1 VEHICLE PARKED POSITION (NOT PARKING LOT/DRIVEWAY),BACKING,STRAIGHT & LEVEL,DAYLIGHT,,,2/28/2020 8:13:02 AM,False,5103,Accepted,
27592384,0568000,LOUISVILLE METRO POLICE DEPT,Accepted,JEFFERSON,I 0065,,I65 S,,,,,,,,,38.224281552,-85.751157176,133.745,2/27/2020 12:00:00 AM,1153,1,1,0,0,CLEAR,DRY,False,COLLISION WITH FIXED OBJECT NON - INTERSECTION - FIRST EVENT COLLISION 09 - 32 EXCLUDING 16,SINGLE VEHICLE,CURVE & GRADE,DAYLIGHT,,,12/22/2020 8:10:43 AM,False,4903,Accepted,
26448900,0568000,LOUISVILLE METRO POLICE DEPT,Accepted,JEFFERSON,KY0061,,PRESTON,HWY,,,,,,,,38.118819259,-85.677468009,2.506,2/27/2020 12:00:00 AM,1828,1,1,0,0,CLOUDY,DRY,False,COLLISION WITH FIXED OBJECT NON - INTERSECTION - FIRST EVENT COLLISION 09 - 32 EXCLUDING 16,SINGLE VEHICLE,STRAIGHT & LEVEL,DUSK,,,3/2/2020 8:49:17 AM,False,4693,Accepted,
26460157,0568000,LOUISVILLE METRO POLICE DEPT,Accepted,JEFFERSON,,214,DORSEY,WAY,,,,,,,,38.250264535,-85.569472896,0.329,2/27/2020 12:00:00 AM,0245,1,1,0,0,CLEAR,DRY,False,COLLISION WITH FIXED OBJECT NON - INTERSECTION - FIRST EVENT COLLISION 09 - 32 EXCLUDING 16,SINGLE VEHICLE,STRAIGHT & HILLCREST,DARK-HWY NOT LIGHTED,,,3/4/2020 8:19:24 AM,False,7944,Accepted,
26437005,0568000,LOUISVILLE METRO POLICE DEPT,Accepted,JEFFERSON,,,SIX MILE,LN,,KY1932,BRECKENRIDGE,,,,,38.197609989,-85.625248122,1.580,2/27/2020 12:00:00 AM,0826,2,2,0,0,CLOUDY,DRY,False,OTHER INTERSECTION COLLISIONS,REAR END,STRAIGHT & GRADE,DAYLIGHT,,,2/28/2020 8:12:42 AM,False,7482,Accepted,
26436955,0568000,LOUISVILLE METRO POLICE DEPT,Accepted,JEFFERSON,KY1450,,BLUE LICK,RD,,,PARK,,,,,38.116298876,-85.689516605,2.171,2/27/2020 12:00:00 AM,0903,2,2,0,0,CLEAR,DRY,True,OTHER INTERSECTION COLLISIONS,REAR END,STRAIGHT & LEVEL,DAYLIGHT,,,2/28/2020 8:09:22 AM,False,2017,Accepted,
26454308,0568000,LOUISVILLE METRO POLICE DEPT,Accepted,JEFFERSON,KY1020,,NATIONAL,TPKE,,,SINCLAIR,,,,,38.121854360,-85.748330816,3.333,2/27/2020 12:00:00 AM,1703,2,2,0,0,CLEAR,DRY,False,OTHER INTERSECTION COLLISIONS,REAR END,STRAIGHT & LEVEL,DAYLIGHT,,,3/3/2020 8:28:59 AM,False,7080,Accepted,
26436962,0568000,LOUISVILLE METRO POLICE DEPT,Accepted,JEFFERSON,,,HILL,ST,E,,BROOK,,,,,38.225297685,-85.755289344,0.459,2/27/2020 12:00:00 AM,1323,2,2,0,0,CLEAR,DRY,False,OTHER INTERSECTION COLLISIONS,REAR END,STRAIGHT & GRADE,DAYLIGHT,,,2/28/2020 8:09:55 AM,False,7132,Accepted,
26436993,0568000,LOUISVILLE METRO POLICE DEPT,Accepted,JEFFERSON,,,BROWNS,LN,,,LYNNBROOK,,,,,38.230654870,-85.624993804,1.951,2/27/2020 12:00:00 AM,1700,2,2,0,0,CLEAR,DRY,False,OTHER INTERSECTION COLLISIONS,REAR END,STRAIGHT & LEVEL,DAYLIGHT,,,2/28/2020 8:11:50 AM,False,7448,Accepted,
26437002,0568000,LOUISVILLE METRO POLICE DEPT,Accepted,JEFFERSON,,,FLOYD,ST,S,,LIBERTY,,,,,38.252151326,-85.748499874,0.245,2/27/2020 12:00:00 AM,0955,2,2,0,0,CLEAR,DRY,False,OTHER INTERSECTION COLLISIONS,REAR END,STRAIGHT & LEVEL,DAYLIGHT,,,2/28/2020 8:12:30 AM,False,6360,Accepted,
26436991,0568000,LOUISVILLE METRO POLICE DEPT,Accepted,JEFFERSON,,,7TH,ST,S,,HILL,,,,,38.226771825,-85.769006172,0.657,2/27/2020 12:00:00 AM,1651,2,2,0,0,CLEAR,DRY,False,SIDESWIPE-SAME DIRECTION,SIDESWIPE-SAME DIRECTION,STRAIGHT & LEVEL,DAYLIGHT,,,2/28/2020 8:11:43 AM,False,7418,Accepted,
26436978,0568000,LOUISVILLE METRO POLICE DEPT,Accepted,JEFFERSON,,,PIGEON PASS,RD,,KY0061,PRESTON,,,,,38.175918095,-85.714082213,0.001,2/27/2020 12:00:00 AM,1311,2,2,0,0,CLEAR,DRY,False,VEHICLE BACKING IN INTERSECTION,BACKING,STRAIGHT & LEVEL,DAYLIGHT,,,2/28/2020 8:10:53 AM,False,5027,Accepted,
26436975,0568000,LOUISVILLE METRO POLICE DEPT,Accepted,JEFFERSON,KY1450,,BLUE LICK,RD,,KY0061,PRESTON,,,,,38.133765735,-85.684167379,3.542,2/27/2020 12:00:00 AM,1452,2,2,0,0,CLOUDY,DRY,False,REAR END - ONE VEHICLE TURNING RIGHT,REAR END,STRAIGHT & LEVEL,DAYLIGHT,,,2/28/2020 8:10:44 AM,False,7669,Accepted,
26460181,0568000,LOUISVILLE METRO POLICE DEPT,Accepted,JEFFERSON,KY0061,,PRESTON,HWY,,,GILMORE,,,,,38.174641662,-85.712731417,6.881,2/27/2020 12:00:00 AM,0652,2,2,0,0,CLEAR,DRY,False,ANGLE COLLISION - OTHER,ANGLE,STRAIGHT & LEVEL,DARK-HWY LIGHTED/ON,,,3/4/2020 8:19:59 AM,False,7972,Accepted,
26436997,0568000,LOUISVILLE METRO POLICE DEPT,Accepted,JEFFERSON,,,VAUGHN MILL,RD,,,PEPPERMILL,,,,,38.142980246,-85.627400118,0.142,2/27/2020 12:00:00 AM,1526,2,2,0,0,CLEAR,DRY,False,ANGLE COLLISION - OTHER,ANGLE,STRAIGHT & LEVEL,DAYLIGHT,,,2/28/2020 8:12:10 AM,False,7484,Accepted,
26436973,0568000,LOUISVILLE METRO POLICE DEPT,Accepted,JEFFERSON,,,WILSON,AVE,,US0031W,22ND,,,,,38.234908759,-85.790367092,0.837,2/27/2020 12:00:00 AM,1608,2,2,0,0,CLEAR,DRY,False,ANGLE COLLISION - OTHER,ANGLE,STRAIGHT & LEVEL,DAYLIGHT,,,2/28/2020 8:10:37 AM,False,7326,Accepted,
26437006,0568000,LOUISVILLE METRO POLICE DEPT,Accepted,JEFFERSON,,,ROWAN,ST,,,21ST,,,,,38.261140032,-85.784457425,0.871,2/27/2020 12:00:00 AM,1911,2,2,0,1,CLEAR,DRY,True,ANGLE COLLISION - OTHER,ANGLE,STRAIGHT & LEVEL,DARK-HWY LIGHTED/ON,,,2/28/2020 8:12:46 AM,False,7311,Accepted,
26436980,0568000,LOUISVILLE METRO POLICE DEPT,Accepted,JEFFERSON,,,GRINSTEAD,DR,,,PLEASANTVIEW,,,,,38.252474063,-85.685446383,1.209,2/27/2020 12:00:00 AM,1545,2,2,0,0,CLEAR,DRY,False,ANGLE COLLISION - OTHER,ANGLE,STRAIGHT & LEVEL,DAYLIGHT,,,2/28/2020 8:11:03 AM,False,7023,Accepted,
26436996,0568000,LOUISVILLE METRO POLICE DEPT,Accepted,JEFFERSON,KY0841,,GENE SNYDER,FWY,,I 0065,I65 S EXIT125 RAMP FROM KY481,,,,,38.114394498,-85.714486257,9.530,2/27/2020 12:00:00 AM,0740,2,2,0,0,CLEAR,DRY,False,COLLISION WITH PARKED VEHICLE,SIDESWIPE-SAME DIRECTION,STRAIGHT & LEVEL,DUSK,,,2/28/2020 8:12:07 AM,False,7483,Accepted,
26436998,0568000,LOUISVILLE METRO POLICE DEPT,Accepted,JEFFERSON,US0060A,,BERRY,BLVD,,US0060A,7TH ST,,,,,38.196743333,-85.799068294,0.588,2/27/2020 12:00:00 AM,1832,2,2,0,1,CLEAR,DRY,False,COLLISION WITH PARKED VEHICLE,REAR END,STRAIGHT & LEVEL,DAYLIGHT,,,2/28/2020 8:12:14 AM,False,7433,Accepted,
26466778,0560000,JEFFERSON COUNTY SHERIFF DEPT.,Accepted,JEFFERSON,,,THALIA,AVE,,KY1020,SOUTHSIDE,,,,,38.158073244,-85.764689526,0.003,2/27/2020 12:00:00 AM,2135,1,1,0,0,CLEAR,DRY,False,COLLISION WITH FIXED OBJECT IN INTERSECTION - FIRST EVENT COLLISION 09 - 32,SINGLE VEHICLE,STRAIGHT & LEVEL,DARK-HWY LIGHTED/ON,,,3/5/2020 10:45:45 AM,False,3230,Accepted,
26436968,0568000,LOUISVILLE METRO POLICE DEPT,Accepted,JEFFERSON,US0150,,BROADWAY,,W,,1ST,,,,,38.245716213,-85.753381915,2.656,2/27/2020 12:00:00 AM,1225,2,2,0,1,CLOUDY,DRY,False,COLLISION WITH FIXED OBJECT IN INTERSECTION - FIRST EVENT COLLISION 09 - 32,ANGLE,STRAIGHT & LEVEL,DAYLIGHT,,,2/28/2020 8:10:19 AM,False,2501,Accepted,
26454305,0568000,LOUISVILLE METRO POLICE DEPT,Accepted,JEFFERSON,,,1ST,ST,S,,MUHAMMAD ALI,,,,,38.250672758,-85.752587466,0.376,2/27/2020 12:00:00 AM,0803,2,1,0,1,CLOUDY,DRY,True,COLLISION WITH PEDESTRIAN IN INTERSECTION,SINGLE VEHICLE,STRAIGHT & LEVEL,DAYLIGHT,,,3/3/2020 8:28:44 AM,False,7694,Accepted,
26425904,0568000,LOUISVILLE METRO POLICE DEPT,Accepted,JEFFERSON,,,WATTERSON,TRL,S,,FERNDALE,,,,,38.156250444,-85.614632845,1.990,2/26/2020 12:00:00 AM,0500,2,1,0,0,CLOUDY,WET,False,COLLISION WITH PEDESTRIAN IN INTERSECTION,SINGLE VEHICLE,STRAIGHT & HILLCREST,DARK-HWY NOT LIGHTED,,,2/26/2020 8:12:36 AM,False,7106,Accepted,
26431382,0568000,LOUISVILLE METRO POLICE DEPT,Accepted,JEFFERSON,,,ST JAMES,CT,,,5TH,,,,,38.226334053,-85.763524027,0.213,2/26/2020 12:00:00 AM,2034,2,2,0,0,CLOUDY,WET,False,COLLISION WITH PARKED VEHICLE,REAR END,STRAIGHT & LEVEL,DARK-HWY LIGHTED/ON,,,2/27/2020 8:13:39 AM,False,7344,Accepted,
26431392,0568000,LOUISVILLE METRO POLICE DEPT,Accepted,JEFFERSON,,,BRASHEAR,DR,,,13TH,,,,,38.226208049,-85.777112887,0.005,2/26/2020 12:00:00 AM,1917,2,2,0,0,SNOWING,DRY,True,COLLISION WITH PARKED VEHICLE,REAR END,STRAIGHT & LEVEL,DARK-HWY LIGHTED/ON,,,2/27/2020 8:14:26 AM,False,5039,Accepted,
26484537,0568000,LOUISVILLE METRO POLICE DEPT,Accepted,JEFFERSON,,,FERN CREEK,RD,,,KEELING PLACE,,,,,38.158073659,-85.579656020,1.482,2/26/2020 12:00:00 AM,1734,2,2,0,0,SNOWING,WET,False,ANGLE COLLISION - ONE VEHICLE TURNING LEFT,ANGLE,STRAIGHT & GRADE,DAYLIGHT,,,3/9/2020 8:43:49 AM,False,6494,Accepted,
26431339,0568000,LOUISVILLE METRO POLICE DEPT,Accepted,JEFFERSON,,,REBEL,RD,,,HILLCREST,,,,,38.261418652,-85.686598404,0.085,2/26/2020 12:00:00 AM,1645,2,2,0,0,CLOUDY,WET,False,ANGLE COLLISION - OTHER,ANGLE,STRAIGHT & LEVEL,DAYLIGHT,,,2/27/2020 8:11:03 AM,False,7023,Accepted,
26431333,0568000,LOUISVILLE METRO POLICE DEPT,Accepted,JEFFERSON,,,SHERMAN,AVE,,,INDIANA,,,,,38.197186431,-85.716727595,0.363,2/26/2020 12:00:00 AM,1602,2,2,0,0,CLOUDY,WET,False,ANGLE COLLISION - OTHER,ANGLE,STRAIGHT & LEVEL,DAYLIGHT,,,2/27/2020 8:10:42 AM,False,2532,Accepted,
26431350,0568000,LOUISVILLE METRO POLICE DEPT,Accepted,JEFFERSON,KY1934,,CANE RUN,RD,,,SHANKS,,,,,38.195401565,-85.842650805,8.791,2/26/2020 12:00:00 AM,1029,2,2,0,0,RAINING,WET,True,ANGLE COLLISION - OTHER,ANGLE,STRAIGHT & LEVEL,DAYLIGHT,,,2/27/2020 8:11:40 AM,False,5032,Accepted,
26431390,0568000,LOUISVILLE METRO POLICE DEPT,Accepted,JEFFERSON,,,MCDEANE,RD,,,ROME,,,,,38.172312712,-85.816931154,0.069,2/26/2020 12:00:00 AM,1733,2,2,0,0,SNOWING,WET,False,ANGLE COLLISION - OTHER,ANGLE,STRAIGHT & LEVEL,DUSK,,,2/27/2020 8:14:17 AM,False,5059,Accepted,
26431375,0568000,LOUISVILLE METRO POLICE DEPT,Accepted,JEFFERSON,KY1865,,NEW CUT,RD,,,SOUTHLAND,,,,,38.169804336,-85.781218125,4.342,2/26/2020 12:00:00 AM,1339,2,2,0,0,CLOUDY,WET,False,ANGLE COLLISION - OTHER,ANGLE,STRAIGHT & LEVEL,DAYLIGHT,,,2/27/2020 8:13:15 AM,False,5111,Accepted,
26437003,0568000,LOUISVILLE METRO POLICE DEPT,Accepted,JEFFERSON,,,SIX MILE,LN,,,LANDSIDE,,,,,38.199018560,-85.620860690,1.847,2/26/2020 12:00:00 AM,1412,2,2,0,0,RAINING,WET,False,ANGLE COLLISION - OTHER,ANGLE,STRAIGHT & GRADE,DAYLIGHT,,,2/28/2020 8:12:34 AM,False,7482,Accepted,
26436987,0568000,LOUISVILLE METRO POLICE DEPT,Accepted,JEFFERSON,US0031E,,BARDSTOWN,RD,,,GLADSTONE,,,,,38.218544362,-85.678364606,12.665,2/26/2020 12:00:00 AM,1449,2,2,0,0,RAINING,WET,False,ANGLE COLLISION - OTHER,ANGLE,STRAIGHT & LEVEL,DAYLIGHT,,,2/28/2020 8:11:33 AM,False,7306,Accepted,
26431310,0568000,LOUISVILLE METRO POLICE DEPT,Accepted,JEFFERSON,US0031E,,BARDSTOWN,RD,,,EMRICH,,,,,38.167952551,-85.603608513,7.138,2/26/2020 12:00:00 AM,0731,2,2,0,0,RAINING,WET,False,ANGLE COLLISION - OTHER,ANGLE,STRAIGHT & LEVEL,DAYLIGHT,,,2/27/2020 8:09:45 AM,False,2017,Accepted,
26431337,0568000,LOUISVILLE METRO POLICE DEPT,Accepted,JEFFERSON,US0031W,,MARKET,ST,W,,20TH,,,,,38.258207958,-85.783274231,20.376,2/26/2020 12:00:00 AM,1310,2,2,0,0,RAINING,WET,True,ANGLE COLLISION - OTHER,ANGLE,STRAIGHT & LEVEL,DAYLIGHT,,,2/27/2020 8:10:56 AM,False,7405,Accepted,
26580876,0568000,LOUISVILLE METRO POLICE DEPT,Accepted,JEFFERSON,US0031W,,22ND,ST,S,,HILL,,,,,38.228798624,-85.792793772,18.154,2/26/2020 12:00:00 AM,1615,2,2,0,3,CLEAR,DRY,False,ANGLE COLLISION - OTHER,ANGLE,STRAIGHT & LEVEL,DAYLIGHT,,,4/6/2020 8:43:47 AM,False,5160,Accepted,
26431315,0568000,LOUISVILLE METRO POLICE DEPT,Accepted,JEFFERSON,KY2055,,MANSLICK,RD,W,,GREYLING,,,,,38.119141332,-85.795268218,3.747,2/26/2020 12:00:00 AM,1350,2,2,0,0,RAINING,WET,False,REAR END - ONE VEHICLE TURNING LEFT,REAR END,STRAIGHT & LEVEL,DAYLIGHT,,,2/27/2020 8:09:56 AM,False,7080,Accepted,
26431357,0568000,LOUISVILLE METRO POLICE DEPT,Accepted,JEFFERSON,,,BARRETT,LN,,US0031W,DIXIE,,,,,38.102962564,-85.869649589,,2/26/2020 12:00:00 AM,1735,2,2,0,0,CLOUDY,DRY,True,REAR END - ONE VEHICLE TURNING LEFT,REAR END,STRAIGHT & LEVEL,DAYLIGHT,,,2/27/2020 8:12:08 AM,False,7205,Accepted,
26436967,0568000,LOUISVILLE METRO POLICE DEPT,Accepted,JEFFERSON,,,24TH,ST,N,,SLEVIN,,,,,38.264270321,-85.788674067,0.278,2/26/2020 12:00:00 AM,1304,2,2,0,0,RAINING,WET,False,VEHICLE BACKING IN INTERSECTION,BACKING,STRAIGHT & LEVEL,DAYLIGHT,,,2/28/2020 8:10:16 AM,False,5108,Accepted,
26448890,0568000,LOUISVILLE METRO POLICE DEPT,Accepted,JEFFERSON,KY1447,,WESTPORT,RD,,,ACCOMACK,,,,,38.300208677,-85.538683442,7.214,2/26/2020 12:00:00 AM,1523,2,2,0,0,RAINING,WET,False,SIDESWIPE-SAME DIRECTION,SIDESWIPE-SAME DIRECTION,STRAIGHT & LEVEL,DAYLIGHT,,,3/2/2020 8:48:34 AM,False,2142,Accepted,
26431354,0568000,LOUISVILLE METRO POLICE DEPT,Accepted,JEFFERSON,KY1865,,NEW CUT,RD,,KY0907,SOUTHSIDE,,,,,38.145798966,-85.775259583,2.669,2/26/2020 12:00:00 AM,0846,2,2,0,0,RAINING,WET,False,SIDESWIPE-SAME DIRECTION,SIDESWIPE-SAME DIRECTION,STRAIGHT & LEVEL,DAYLIGHT,,,2/27/2020 8:11:56 AM,False,7483,Accepted,
26425903,0568000,LOUISVILLE METRO POLICE DEPT,Accepted,JEFFERSON,US0150,,BROADWAY,,E,,CLAY,,,,,38.244896905,-85.741751830,3.291,2/26/2020 12:00:00 AM,0003,2,2,0,0,CLEAR,DRY,False,SIDESWIPE-SAME DIRECTION,SIDESWIPE-SAME DIRECTION,STRAIGHT & LEVEL,DARK-HWY LIGHTED/ON,,,2/26/2020 8:12:33 AM,False,5154,Accepted,