IncidentID,AgencyORI,AgencyName,IncidentStatusDesc,County,RdwyNumber,Street,RoadwayName,StreetSfx,StreetDir,IntersectionRdwy,IntersectionRdwyName,BetweenStRdwy1,BetweenStRdwyName1,BetweenStRdwy2,BetweenStRdwyName2,Latitude,Longitude,Milepoint,CollisionDate,CollisionTime,UnitsInvolved,MotorVehiclesInvolved,NumberKilled,NumberInjured,Weather,RdwyConditionCode,HitandRun,DirAnalysisCode,MannerofCollision,RdwyCharacter,LightCondition,RampFromRdwyId,RampToRdwyId,AcceptedDate,IsSecondaryCollision,OwnerBadge,IncidentStatus,
26431374,0568000,LOUISVILLE METRO POLICE DEPT,Accepted,JEFFERSON,,,FACTORY,LN,,KY0146,LA GRANGE,,,,,38.289432538,-85.512246615,,2/26/2020 12:00:00 AM,1708,2,2,0,0,SNOWING,WET,False,SIDESWIPE-SAME DIRECTION,SIDESWIPE-SAME DIRECTION,STRAIGHT & LEVEL,DAYLIGHT,,,2/27/2020 8:13:10 AM,False,7337,Accepted,
26436965,0568000,LOUISVILLE METRO POLICE DEPT,Accepted,JEFFERSON,,,ROY WILKINS,AVE,,,MAGAZINE,,,,,38.248550117,-85.766391376,0.629,2/26/2020 12:00:00 AM,1610,2,2,0,0,CLEAR,DRY,False,SIDESWIPE-SAME DIRECTION,SIDESWIPE-SAME DIRECTION,STRAIGHT & LEVEL,DAYLIGHT,,,2/28/2020 8:10:09 AM,False,5173,Accepted,
26431314,0568000,LOUISVILLE METRO POLICE DEPT,Accepted,JEFFERSON,KY1020,,2ND,ST,S,,LIBERTY,,,,,38.252756478,-85.754017709,12.581,2/26/2020 12:00:00 AM,1223,2,2,0,0,RAINING,WET,False,SIDESWIPE-SAME DIRECTION,SIDESWIPE-SAME DIRECTION,STRAIGHT & LEVEL,DAYLIGHT,,,2/27/2020 8:09:52 AM,False,5168,Accepted,
26431345,0568000,LOUISVILLE METRO POLICE DEPT,Accepted,JEFFERSON,US0031W,,MAIN,ST,W,,5TH,,,,,38.256782374,-85.758210796,21.844,2/26/2020 12:00:00 AM,1715,2,2,0,0,CLOUDY,DRY,False,SIDESWIPE-SAME DIRECTION,SIDESWIPE-SAME DIRECTION,STRAIGHT & LEVEL,DAYLIGHT,,,2/27/2020 8:11:23 AM,False,2855,Accepted,
26431300,0568000,LOUISVILLE METRO POLICE DEPT,Accepted,JEFFERSON,KY0022,,BALLARDSVILLE,RD,,,ROCK BLUFF,,,,,38.317730729,-85.539530828,6.050,2/26/2020 12:00:00 AM,0935,2,2,0,0,RAINING,WET,False,OPPOSING LEFT TURN,OPPOSING LEFT TURN,STRAIGHT & LEVEL,DAYLIGHT,,,2/27/2020 8:09:00 AM,False,6406,Accepted,
26431308,0568000,LOUISVILLE METRO POLICE DEPT,Accepted,JEFFERSON,KY0864,,POPLAR LEVEL,RD,,,HESS,,,,,38.211967500,-85.721063761,12.718,2/26/2020 12:00:00 AM,0956,6,6,0,0,RAINING,WET,False,OPPOSING LEFT TURN,OPPOSING LEFT TURN,STRAIGHT & LEVEL,DAYLIGHT,,,2/27/2020 8:09:32 AM,False,2532,Accepted,
26431289,0568000,LOUISVILLE METRO POLICE DEPT,Accepted,JEFFERSON,KY1447,,WESTPORT,RD,,,COLLINS,,,,,38.304206382,-85.524296721,8.026,2/26/2020 12:00:00 AM,0609,2,2,0,0,RAINING,WET,False,OPPOSING LEFT TURN,OPPOSING LEFT TURN,STRAIGHT & LEVEL,DARK-HWY LIGHTED/ON,,,2/27/2020 8:08:30 AM,False,5056,Accepted,
26431352,0568000,LOUISVILLE METRO POLICE DEPT,Accepted,JEFFERSON,US0150,,BROADWAY,,W,,6TH,,,,,38.246375480,-85.761745786,2.170,2/26/2020 12:00:00 AM,1715,2,2,0,0,BLOWING SAND/SOIL/DIRT/SNOW,WATER (STANDING OR MOVING),False,OPPOSING LEFT TURN,OPPOSING LEFT TURN,STRAIGHT & LEVEL,DAYLIGHT,,,2/27/2020 8:11:49 AM,False,5168,Accepted,
26474651,0568000,LOUISVILLE METRO POLICE DEPT,Accepted,JEFFERSON,US0031E,,MARKET,ST,W,US0031W,2ND,,,,,38.254855446,-85.753639437,17.783,2/26/2020 12:00:00 AM,1300,2,2,0,0,RAINING,WET,False,SIDESWIPE-SAME DIRECTION,SIDESWIPE-SAME DIRECTION,STRAIGHT & GRADE,DAYLIGHT,,,3/6/2020 4:05:40 PM,False,2661,Accepted,
26474652,0568000,LOUISVILLE METRO POLICE DEPT,Accepted,JEFFERSON,US0031W,,MARKET,ST,W,,5TH,,,,,38.255465769,-85.758516511,21.753,2/26/2020 12:00:00 AM,0810,2,2,0,0,CLOUDY,WET,False,SIDESWIPE-SAME DIRECTION,SIDESWIPE-SAME DIRECTION,STRAIGHT & GRADE,DAWN,,,3/6/2020 4:05:44 PM,False,2661,Accepted,
26436954,0568000,LOUISVILLE METRO POLICE DEPT,Accepted,JEFFERSON,,,GRADE,LN,,KY1747,FERN VALLEY,,,,,38.157127918,-85.731925851,2.141,2/26/2020 12:00:00 AM,1410,2,2,0,0,RAINING,WET,False,OTHER INTERSECTION COLLISIONS,REAR END,STRAIGHT & LEVEL,DAYLIGHT,,,2/28/2020 8:09:18 AM,False,2017,Accepted,
26431355,0568000,LOUISVILLE METRO POLICE DEPT,Accepted,JEFFERSON,KY1703,,NEWBURG,RD,,,GOLDSMITH,,,,,38.200063205,-85.684869845,1.992,2/26/2020 12:00:00 AM,1458,2,2,0,0,CLOUDY,WET,False,OTHER INTERSECTION COLLISIONS,REAR END,STRAIGHT & LEVEL,DAYLIGHT,,,2/27/2020 8:11:59 AM,False,7319,Accepted,
26431363,0568000,LOUISVILLE METRO POLICE DEPT,Accepted,JEFFERSON,KY1450,,BLUE LICK,RD,,KY1851,HUTCHERSON,,,,,38.091082473,-85.698851604,0.348,2/26/2020 12:00:00 AM,1511,2,2,0,0,RAINING,WET,False,OTHER INTERSECTION COLLISIONS,REAR END,STRAIGHT & LEVEL,DAYLIGHT,,,2/27/2020 8:12:39 AM,False,4693,Accepted,
26431397,0568000,LOUISVILLE METRO POLICE DEPT,Accepted,JEFFERSON,KY0155,,TAYLORSVILLE,RD,,,FURMAN,,,,,38.221181064,-85.646220206,14.448,2/26/2020 12:00:00 AM,1959,3,3,0,0,CLEAR,DRY,False,OTHER INTERSECTION COLLISIONS,REAR END,STRAIGHT & LEVEL,DARK-HWY LIGHTED/ON,,,2/27/2020 8:14:41 AM,False,5146,Accepted,
26436945,0568000,LOUISVILLE METRO POLICE DEPT,Accepted,JEFFERSON,KY0061,,PRESTON,HWY,,I 0065,I65 N EXIT130 OFF RAMP TO KY61,,,,,38.178792027,-85.717109263,7.244,2/26/2020 12:00:00 AM,1045,2,2,0,0,RAINING,WET,False,OTHER INTERSECTION COLLISIONS,REAR END,STRAIGHT & LEVEL,DAYLIGHT,,,2/28/2020 8:08:48 AM,False,7451,Accepted,
26437004,0568000,LOUISVILLE METRO POLICE DEPT,Accepted,JEFFERSON,US0031E,,BARDSTOWN,RD,,,GOLDSMITH,,,,,38.208687940,-85.669392945,11.752,2/26/2020 12:00:00 AM,1740,2,2,0,0,CLOUDY,DRY,False,OTHER INTERSECTION COLLISIONS,REAR END,STRAIGHT & LEVEL,DAYLIGHT,,,2/28/2020 8:12:37 AM,False,7482,Accepted,
26431336,0568000,LOUISVILLE METRO POLICE DEPT,Accepted,JEFFERSON,KY1932,,BRECKENRIDGE,LN,,,COUNTRY ACRES,,,,,38.183918878,-85.626374971,0.190,2/26/2020 12:00:00 AM,1533,2,2,0,0,RAINING,WET,False,OTHER INTERSECTION COLLISIONS,REAR END,STRAIGHT & LEVEL,DAYLIGHT,,,2/27/2020 8:10:53 AM,False,7739,Accepted,
26431306,0568000,LOUISVILLE METRO POLICE DEPT,Accepted,JEFFERSON,KY0155,,TAYLORSVILLE,RD,,,HIKES,,,,,38.219761663,-85.625851856,13.315,2/26/2020 12:00:00 AM,0922,2,2,0,0,RAINING,WET,False,OTHER INTERSECTION COLLISIONS,REAR END,STRAIGHT & LEVEL,DAYLIGHT,,,2/27/2020 8:09:22 AM,False,7448,Accepted,
26425908,0568000,LOUISVILLE METRO POLICE DEPT,Accepted,JEFFERSON,KY1447,,WESTPORT,RD,,,CHAMBERLAIN,,,,,38.299255047,-85.541423244,7.051,2/26/2020 12:00:00 AM,0604,2,2,0,0,RAINING,WET,False,OTHER INTERSECTION COLLISIONS,REAR END,STRAIGHT & LEVEL,DARK-HWY LIGHTED/ON,,,2/26/2020 8:12:49 AM,False,7408,Accepted,
26431298,0568000,LOUISVILLE METRO POLICE DEPT,Accepted,JEFFERSON,KY1934,,GREENBELT,HWY,,KY1931,GREENWOOD,,,,,38.146721267,-85.886348579,4.457,2/26/2020 12:00:00 AM,0718,2,2,0,0,RAINING,WET,False,OTHER INTERSECTION COLLISIONS,REAR END,STRAIGHT & LEVEL,DAYLIGHT,,,2/27/2020 8:08:53 AM,False,7339,Accepted,
26431389,0568000,LOUISVILLE METRO POLICE DEPT,Accepted,JEFFERSON,,,35TH,ST,N,KY3064,NORTHWESTERN,,,,,38.274672727,-85.804564001,0.001,2/26/2020 12:00:00 AM,1851,2,2,0,0,CLEAR,WET,False,OTHER INTERSECTION COLLISIONS,REAR END,STRAIGHT & LEVEL,DAYLIGHT,,,2/27/2020 8:14:09 AM,False,7190,Accepted,
26431368,0568000,LOUISVILLE METRO POLICE DEPT,Accepted,JEFFERSON,,,ST CATHERINE,ST,E,I 0065,I65 N EXIT135 OFF RAMP TO  E SAINT CATHERINE ST,,,,,38.236436779,-85.750920510,1.096,2/26/2020 12:00:00 AM,0923,2,2,0,0,RAINING,WET,False,OTHER INTERSECTION COLLISIONS,REAR END,STRAIGHT & LEVEL,DAYLIGHT,,,2/27/2020 8:12:55 AM,False,7418,Accepted,
26431381,0568000,LOUISVILLE METRO POLICE DEPT,Accepted,JEFFERSON,,,CHAMBERLAIN,LN,,KY0022,BROWNSBORO,,,,,38.312603143,-85.567406755,4.038,2/26/2020 12:00:00 AM,2108,2,2,0,0,CLEAR,WET,False,OTHER INTERSECTION COLLISIONS,REAR END,STRAIGHT & LEVEL,DAWN,,,2/27/2020 8:13:36 AM,False,5155,Accepted,
26431396,0568000,LOUISVILLE METRO POLICE DEPT,Accepted,JEFFERSON,,4500B,3RD,ST,S,,,,,,,38.188646227,-85.764948258,0.825,2/26/2020 12:00:00 AM,2220,2,1,0,1,CLEAR,DRY,True,COLLISION WITH PEDESTRIAN NON - INTERSECTION,SINGLE VEHICLE,STRAIGHT & LEVEL,DARK-HWY LIGHTED/ON,,,2/27/2020 8:14:38 AM,False,7010,Accepted,
26431385,0568000,LOUISVILLE METRO POLICE DEPT,Accepted,JEFFERSON,,,PHILLIPS,LN,,,,,,,,38.190029183,-85.747143692,0.271,2/26/2020 12:00:00 AM,2047,2,1,0,1,CLEAR,WET,False,COLLISION WITH BICYCLIST NON INTERSECTION,SINGLE VEHICLE,STRAIGHT & LEVEL,DARK-HWY LIGHTED/ON,,,2/27/2020 8:13:49 AM,False,5252,Accepted,
26431370,0568000,LOUISVILLE METRO POLICE DEPT,Accepted,JEFFERSON,,5446,MITSCHER,AVE,,,,,,,,38.170079635,-85.769937694,0.126,2/26/2020 12:00:00 AM,1043,1,1,0,0,RAINING,WET,False,COLLISION WITH FIXED OBJECT NON - INTERSECTION - FIRST EVENT COLLISION 09 - 32 EXCLUDING 16,SINGLE VEHICLE,STRAIGHT & LEVEL,DAYLIGHT,,,2/27/2020 8:12:59 AM,False,7418,Accepted,
26431399,0568000,LOUISVILLE METRO POLICE DEPT,Accepted,JEFFERSON,KY0907,,3RD ST,RD,,,,,,,,38.137011080,-85.785801510,5.477,2/26/2020 12:00:00 AM,1924,1,1,0,1,CLEAR,WET,False,COLLISION WITH FIXED OBJECT NON - INTERSECTION - FIRST EVENT COLLISION 09 - 32 EXCLUDING 16,SINGLE VEHICLE,STRAIGHT & LEVEL,DARK-HWY LIGHTED/ON,,,2/27/2020 8:14:44 AM,False,5263,Accepted,
26431384,0568000,LOUISVILLE METRO POLICE DEPT,Accepted,JEFFERSON,KY0155,,TAYLORSVILLE,RD,,,,,,,,38.220890811,-85.642282696,14.226,2/26/2020 12:00:00 AM,1950,1,1,0,1,CLOUDY,WET,False,COLLISION WITH FIXED OBJECT NON - INTERSECTION - FIRST EVENT COLLISION 09 - 32 EXCLUDING 16,SINGLE VEHICLE,STRAIGHT & LEVEL,DARK-HWY LIGHTED/ON,,,2/27/2020 8:13:46 AM,False,7916,Accepted,
26436985,0568000,LOUISVILLE METRO POLICE DEPT,Accepted,JEFFERSON,,2510,HOUNZ,LN,,,,,,,,38.280296957,-85.566806145,0.449,2/26/2020 12:00:00 AM,1802,1,1,0,0,SNOWING,WET,False,COLLISION WITH FIXED OBJECT NON - INTERSECTION - FIRST EVENT COLLISION 09 - 32 EXCLUDING 16,SINGLE VEHICLE,STRAIGHT & HILLCREST,DUSK,,,2/28/2020 8:11:25 AM,False,5180,Accepted,
26437013,0568000,LOUISVILLE METRO POLICE DEPT,Accepted,JEFFERSON,,4420,CHARLOTTE ANN,DR,,,,,,,,38.189675421,-85.843041713,0.258,2/26/2020 12:00:00 AM,2205,2,2,0,0,SNOWING,WET,True,1 VEHICLE PARKED POSITION (NOT PARKING LOT/DRIVEWAY),SIDESWIPE-OPPOSITE DIRECTION,STRAIGHT & LEVEL,DARK (UNKNOWN ROADWAY LIGHTING),,,2/28/2020 8:13:12 AM,False,5285,Accepted,
26437001,0568000,LOUISVILLE METRO POLICE DEPT,Accepted,JEFFERSON,,203,GRAY,ST,E,,,,FLOYD,,BROOK,38.246887151,-85.751055540,0.114,2/26/2020 12:00:00 AM,0840,2,2,0,0,RAINING,WET,False,1 VEHICLE PARKED POSITION (NOT PARKING LOT/DRIVEWAY),SIDESWIPE-SAME DIRECTION,STRAIGHT & LEVEL,DAYLIGHT,,,2/28/2020 8:12:27 AM,False,6360,Accepted,
26449113,0568000,LOUISVILLE METRO POLICE DEPT,Accepted,JEFFERSON,I 0064,,I64 E,,,,,,,,,38.222669064,-85.507872297,18.849,2/26/2020 12:00:00 AM,1745,2,2,0,0,SNOWING,WET,False,REAR END IN TRAFFIC LANES BOTH VEHICLES MOVING,REAR END,STRAIGHT & LEVEL,DUSK,,,3/2/2020 9:00:50 AM,False,7628,Accepted,
26454312,0568000,LOUISVILLE METRO POLICE DEPT,Accepted,JEFFERSON,I 0071,,I71 S,,,,,,,,,38.318319276,-85.572008230,9.681,2/26/2020 12:00:00 AM,0804,3,3,0,0,CLEAR,DRY,False,REAR END IN TRAFFIC LANES BOTH VEHICLES MOVING,REAR END,STRAIGHT & LEVEL,DAYLIGHT,,,3/3/2020 8:29:15 AM,False,7772,Accepted,
26449198,0568000,LOUISVILLE METRO POLICE DEPT,Accepted,JEFFERSON,KY0864,,POPLAR LEVEL,RD,,,,,SHERIDAN,,BOONE,38.206308141,-85.713847027,12.150,2/26/2020 12:00:00 AM,1405,2,2,0,0,CLEAR,DRY,False,REAR END IN TRAFFIC LANES BOTH VEHICLES MOVING,REAR END,STRAIGHT & HILLCREST,DAYLIGHT,,,3/2/2020 9:08:44 AM,False,7938,Accepted,
26431326,0568000,LOUISVILLE METRO POLICE DEPT,Accepted,JEFFERSON,I 0265,,I265 S,,,,,,,,,38.258944489,-85.502335575,27.950,2/26/2020 12:00:00 AM,0900,2,2,0,0,RAINING,WET,False,REAR END IN TRAFFIC LANES BOTH VEHICLES MOVING,REAR END,STRAIGHT & LEVEL,DAYLIGHT,,,2/27/2020 8:10:18 AM,False,4656,Accepted,
26431340,0568000,LOUISVILLE METRO POLICE DEPT,Accepted,JEFFERSON,I 0071,,I71 N,,,,,I 0071,I71 N EXIT2 ON RAMP FROM  ZORN AVE,,INDIAN HILLS,38.283324531,-85.683640312,2.791,2/26/2020 12:00:00 AM,1504,2,2,0,0,CLOUDY,WET,False,REAR END IN TRAFFIC LANES BOTH VEHICLES MOVING,REAR END,STRAIGHT & LEVEL,DAYLIGHT,,,2/27/2020 8:11:07 AM,False,7043,Accepted,
26436950,0568000,LOUISVILLE METRO POLICE DEPT,Accepted,JEFFERSON,I 0264,,I264 W,,,,,I 0264,I264 W EXIT14 OFF RAMP TO KY864,I 0264,I264 W EXIT15 ON RAMP FROM KY1703,38.201047897,-85.694798927,14.185,2/26/2020 12:00:00 AM,0941,3,3,0,0,RAINING,WET,False,REAR END IN TRAFFIC LANES BOTH VEHICLES MOVING,REAR END,STRAIGHT & LEVEL,DAYLIGHT,,,2/28/2020 8:09:04 AM,False,7938,Accepted,
26431366,0568000,LOUISVILLE METRO POLICE DEPT,Accepted,JEFFERSON,I 0065,,I65 N,,,,,I 0065,I65 N EXIT133A OFF RAMP TO  EASTERN PKWY,I 0065,I65 N EXIT133 OFF RAMP TO  WARNOCK ST,38.212468808,-85.752728288,132.926,2/26/2020 12:00:00 AM,0832,2,2,0,0,RAINING,WET,False,REAR END IN TRAFFIC LANES BOTH VEHICLES MOVING,REAR END,STRAIGHT & LEVEL,DAYLIGHT,,,2/27/2020 8:12:48 AM,False,7418,Accepted,
26431367,0568000,LOUISVILLE METRO POLICE DEPT,Accepted,JEFFERSON,,,SHELBY,ST,S,,,,ORMSBY,,BERGMAN,38.229940568,-85.742049816,0.060,2/26/2020 12:00:00 AM,0851,2,2,0,1,RAINING,WET,False,REAR END IN TRAFFIC LANES BOTH VEHICLES MOVING,REAR END,STRAIGHT & LEVEL,DAYLIGHT,,,2/27/2020 8:12:51 AM,False,7418,Accepted,
26431364,0568000,LOUISVILLE METRO POLICE DEPT,Accepted,JEFFERSON,KY0155,,TAYLORSVILLE,RD,,,,,,,,38.190841169,-85.486293956,4.840,2/26/2020 12:00:00 AM,1714,2,2,0,0,SLEET HAIL FREEZING RAIN,WET,False,REAR END IN TRAFFIC LANES BOTH VEHICLES MOVING,REAR END,STRAIGHT & GRADE,DAYLIGHT,,,2/27/2020 8:12:42 AM,False,4693,Accepted,
26431365,0568000,LOUISVILLE METRO POLICE DEPT,Accepted,JEFFERSON,US0031E,,BARDSTOWN,RD,,,,,,,,38.168229125,-85.603923160,7.164,2/26/2020 12:00:00 AM,1649,2,2,0,0,SLEET HAIL FREEZING RAIN,WET,False,REAR END IN TRAFFIC LANES BOTH VEHICLES MOVING,REAR END,STRAIGHT & LEVEL,DAYLIGHT,,,2/27/2020 8:12:45 AM,False,4693,Accepted,
26431349,0568000,LOUISVILLE METRO POLICE DEPT,Accepted,JEFFERSON,,,MUHAMMAD ALI,BLVD,W,,,,,,,38.256659710,-85.807687587,3.033,2/26/2020 12:00:00 AM,0856,2,2,0,0,RAINING,WET,False,REAR END IN TRAFFIC LANES BOTH VEHICLES MOVING,REAR END,CURVE & GRADE,DAYLIGHT,,,2/27/2020 8:11:37 AM,False,7357,Accepted,
26449176,0568000,LOUISVILLE METRO POLICE DEPT,Accepted,JEFFERSON,KY0155,,TAYLORSVILLE LAKE,RD,,,,KY1531,KY1531 TURN LANE,,OLD TAYLORSVILLE,38.181238979,-85.469494200,3.472,2/26/2020 12:00:00 AM,0645,2,2,0,0,FOG WITH RAIN,WET,False,REAR END IN TRAFFIC LANES BOTH VEHICLES MOVING,REAR END,STRAIGHT & LEVEL,DARK-HWY LIGHTED/ON,,,3/2/2020 9:06:54 AM,False,7838,Accepted,
26431320,0568000,LOUISVILLE METRO POLICE DEPT,Accepted,JEFFERSON,I 0265,,I265 S,,,,,I 0265,I265 S EXIT27 ON RAMP FROM US60,I 0265,I265 S EXIT27 OFF RAMP TO US60,38.241087850,-85.503956586,26.715,2/26/2020 12:00:00 AM,0829,3,3,0,0,RAINING,WET,False,REAR END IN TRAFFIC LANES BOTH VEHICLES MOVING,REAR END,STRAIGHT & GRADE,DAYLIGHT,,,2/27/2020 8:10:03 AM,False,2000,Accepted,
26431328,0568000,LOUISVILLE METRO POLICE DEPT,Accepted,JEFFERSON,I 0264,,I264 W,,,,,,,,,38.191601421,-85.715569051,12.860,2/26/2020 12:00:00 AM,1450,3,3,0,0,CLOUDY,WET,False,REAR END IN TRAFFIC LANES BOTH VEHICLES MOVING,REAR END,STRAIGHT & LEVEL,DAYLIGHT,,,2/27/2020 8:10:25 AM,False,6148,Accepted,
26431330,0568000,LOUISVILLE METRO POLICE DEPT,Accepted,JEFFERSON,,,HIKES,LN,,,,KY1932,BRECKENRIDGE,,EL CONQUISTADOR,38.218124292,-85.628625336,3.026,2/26/2020 12:00:00 AM,1521,2,2,0,0,CLEAR,WET,False,REAR END IN TRAFFIC LANES BOTH VEHICLES MOVING,REAR END,STRAIGHT & LEVEL,DAYLIGHT,,,2/27/2020 8:10:32 AM,False,7497,Accepted,
26431346,0568000,LOUISVILLE METRO POLICE DEPT,Accepted,JEFFERSON,KY0907,,VALLEY STATION,RD,,,,,,,,38.105889108,-85.846984368,1.120,2/26/2020 12:00:00 AM,1203,2,2,0,0,CLOUDY,WET,False,REAR END IN TRAFFIC LANES BOTH VEHICLES MOVING,REAR END,STRAIGHT & LEVEL,DAYLIGHT,,,2/27/2020 8:11:26 AM,False,7234,Accepted,
26431299,0568000,LOUISVILLE METRO POLICE DEPT,Accepted,JEFFERSON,KY0155,,TAYLORSVILLE LAKE,RD,,,,KY1531,KY1531 TURN LANE,,OLD TAYLORSVILLE,38.180201078,-85.468025130,3.361,2/26/2020 12:00:00 AM,0650,2,2,0,1,RAINING,WET,False,REAR END IN TRAFFIC LANES BOTH VEHICLES MOVING,REAR END,STRAIGHT & GRADE,DARK-HWY NOT LIGHTED,,,2/27/2020 8:08:57 AM,False,2017,Accepted,
26431378,0568000,LOUISVILLE METRO POLICE DEPT,Accepted,JEFFERSON,KY1020,,SOUTHSIDE,DR,,,,,,,,38.168948554,-85.764743447,6.822,2/26/2020 12:00:00 AM,0853,2,2,0,0,RAINING,WET,False,REAR END IN TRAFFIC LANES BOTH VEHICLES MOVING,REAR END,STRAIGHT & LEVEL,DAYLIGHT,,,2/27/2020 8:13:25 AM,False,7331,Accepted,
26431362,0568000,LOUISVILLE METRO POLICE DEPT,Accepted,JEFFERSON,KY1065,,OUTER,LOOP,,,,,,,,38.138294613,-85.681106899,6.368,2/26/2020 12:00:00 AM,1348,2,2,0,1,RAINING,WET,False,REAR END IN TRAFFIC LANES BOTH VEHICLES MOVING,REAR END,STRAIGHT & LEVEL,DAYLIGHT,,,2/27/2020 8:12:34 AM,False,4693,Accepted,
26436960,0568000,LOUISVILLE METRO POLICE DEPT,Accepted,JEFFERSON,US0031E,5200 BLK,BARDSTOWN,RD,,,,,,,,38.170688234,-85.607807383,7.435,2/26/2020 12:00:00 AM,1747,2,2,0,0,CLOUDY,WET,False,REAR END IN TRAFFIC LANES BOTH VEHICLES MOVING,REAR END,STRAIGHT & GRADE,DUSK,,,2/28/2020 8:09:43 AM,False,7255,Accepted,
26449126,0568000,LOUISVILLE METRO POLICE DEPT,Accepted,JEFFERSON,I 0264,,I264 E,,,,,,,,,38.225009128,-85.642999922,17.484,2/26/2020 12:00:00 AM,1257,2,2,0,0,CLOUDY,WET,False,REAR END IN TRAFFIC LANES BOTH VEHICLES MOVING,REAR END,STRAIGHT & LEVEL,DAYLIGHT,,,3/2/2020 9:02:42 AM,False,8278,Accepted,
26431380,0568000,LOUISVILLE METRO POLICE DEPT,Accepted,JEFFERSON,US0031E,,BARDSTOWN,RD,,,,,,,,38.228462433,-85.701066200,14.122,2/26/2020 12:00:00 AM,1852,2,2,0,0,SLEET HAIL FREEZING RAIN,WET,False,HEAD-ON COLLISION,HEAD ON,STRAIGHT & LEVEL,DARK-HWY LIGHTED/ON,,,2/27/2020 8:13:32 AM,False,5112,Accepted,
26431391,0568000,LOUISVILLE METRO POLICE DEPT,Accepted,JEFFERSON,,,SHEPHERDSVILLE,RD,,,SHEPHERD CROSSING,,,,,38.129330801,-85.662051752,0.726,2/26/2020 12:00:00 AM,1945,3,3,0,1,RAINING,WET,False,HEAD-ON COLLISION,HEAD ON,STRAIGHT & LEVEL,DARK-HWY LIGHTED/OFF,,,2/27/2020 8:14:21 AM,False,5182,Accepted,
26431347,0568000,LOUISVILLE METRO POLICE DEPT,Accepted,JEFFERSON,,,MANSLICK,RD,,,,,,,,38.148506553,-85.790689090,0.313,2/26/2020 12:00:00 AM,1450,2,2,0,3,CLOUDY,WET,False,HEAD-ON COLLISION,HEAD ON,CURVE & GRADE,DAYLIGHT,,,2/27/2020 8:11:30 AM,False,7234,Accepted,
26484507,0568000,LOUISVILLE METRO POLICE DEPT,Accepted,JEFFERSON,US0031E,,BARDSTOWN,RD,,,,,WOODBOURNE,,SILS,38.224001129,-85.690428079,13.448,2/26/2020 12:00:00 AM,1154,2,2,0,0,RAINING,WET,True,SIDESWIPE COLLISION - SAME DIRECTION,SIDESWIPE-SAME DIRECTION,STRAIGHT & LEVEL,DAYLIGHT,,,3/9/2020 8:41:31 AM,False,7960,Accepted,
26454313,0568000,LOUISVILLE METRO POLICE DEPT,Accepted,JEFFERSON,I 0064,,I64 E,,,,,,,,,38.222736865,-85.508305517,18.825,2/26/2020 12:00:00 AM,0934,2,2,0,0,CLEAR,DRY,True,SIDESWIPE COLLISION - SAME DIRECTION,SIDESWIPE-SAME DIRECTION,STRAIGHT & LEVEL,DAYLIGHT,,,3/3/2020 8:29:19 AM,False,7772,Accepted,
26460015,0568000,LOUISVILLE METRO POLICE DEPT,Accepted,JEFFERSON,US0042,3600,BROWNSBORO,RD,,,,,,,,38.259865118,-85.714851752,1.130,2/26/2020 12:00:00 AM,1500,2,2,0,0,RAINING,WET,False,SIDESWIPE COLLISION - SAME DIRECTION,SIDESWIPE-SAME DIRECTION,STRAIGHT & LEVEL,DAYLIGHT,,,3/4/2020 8:14:59 AM,False,2738,Accepted,
26460014,0568000,LOUISVILLE METRO POLICE DEPT,Accepted,JEFFERSON,I 0064,,I64 W,,,,,,,,,38.236168371,-85.645079547,11.045,2/26/2020 12:00:00 AM,1452,2,2,0,0,CLOUDY,WET,True,SIDESWIPE COLLISION - SAME DIRECTION,SIDESWIPE-SAME DIRECTION,STRAIGHT & LEVEL,DAYLIGHT,,,3/4/2020 8:14:55 AM,False,2738,Accepted,
26431307,0568000,LOUISVILLE METRO POLICE DEPT,Accepted,JEFFERSON,I 0071,,I71 S,,,,,,,,,38.262770616,-85.721674786,0.193,2/26/2020 12:00:00 AM,0823,2,2,0,0,RAINING,WET,False,SIDESWIPE COLLISION - SAME DIRECTION,SIDESWIPE-SAME DIRECTION,STRAIGHT & LEVEL,DAYLIGHT,,,2/27/2020 8:09:26 AM,False,7028,Accepted,
26431304,0568000,LOUISVILLE METRO POLICE DEPT,Accepted,JEFFERSON,I 0064,,I64 E,,,,,,,,,38.223382903,-85.529169062,17.705,2/26/2020 12:00:00 AM,0943,2,2,0,0,RAINING,WET,False,SIDESWIPE COLLISION - SAME DIRECTION,SIDESWIPE-SAME DIRECTION,STRAIGHT & LEVEL,DAYLIGHT,,,2/27/2020 8:09:14 AM,False,2218,Accepted,
26436977,0568000,LOUISVILLE METRO POLICE DEPT,Accepted,JEFFERSON,I 0065,,I65 S,,,,,,,,,38.186006618,-85.725580531,130.367,2/26/2020 12:00:00 AM,1411,2,2,0,0,CLOUDY,WET,True,SIDESWIPE COLLISION - SAME DIRECTION,SIDESWIPE-SAME DIRECTION,STRAIGHT & LEVEL,DAYLIGHT,,,2/28/2020 8:10:50 AM,False,5027,Accepted,