IncidentID,AgencyORI,AgencyName,IncidentStatusDesc,County,RdwyNumber,Street,RoadwayName,StreetSfx,StreetDir,IntersectionRdwy,IntersectionRdwyName,BetweenStRdwy1,BetweenStRdwyName1,BetweenStRdwy2,BetweenStRdwyName2,Latitude,Longitude,Milepoint,CollisionDate,CollisionTime,UnitsInvolved,MotorVehiclesInvolved,NumberKilled,NumberInjured,Weather,RdwyConditionCode,HitandRun,DirAnalysisCode,MannerofCollision,RdwyCharacter,LightCondition,RampFromRdwyId,RampToRdwyId,AcceptedDate,IsSecondaryCollision,OwnerBadge,IncidentStatus,
26431371,0568000,LOUISVILLE METRO POLICE DEPT,Accepted,JEFFERSON,,,1ST,ST,S,,,US0150,BROADWAY,,JACOB,38.245183312,-85.753430320,0.758,2/26/2020 12:00:00 AM,1352,2,2,0,0,RAINING,WET,False,SIDESWIPE COLLISION - SAME DIRECTION,SIDESWIPE-SAME DIRECTION,STRAIGHT & LEVEL,DAYLIGHT,,,2/27/2020 8:13:03 AM,False,7418,Accepted,
26431348,0568000,LOUISVILLE METRO POLICE DEPT,Accepted,JEFFERSON,I 0264,,I264 E,,,,,,,,,38.254289935,-85.805987714,1.609,2/26/2020 12:00:00 AM,1411,2,2,0,1,RAINING,WET,False,1 VEHICLE ENTERING/LEAVING ENTRANCE,ANGLE,STRAIGHT & LEVEL,DAYLIGHT,,,2/27/2020 8:11:33 AM,False,5003,Accepted,
26436952,0568000,LOUISVILLE METRO POLICE DEPT,Accepted,JEFFERSON,US0031W,,DIXIE,HWY,,,,,KERRICK,,ST PAULS CHURCH,38.152541072,-85.836053541,12.225,2/26/2020 12:00:00 AM,1710,2,2,0,0,RAINING,WET,False,1 VEHICLE ENTERING/LEAVING ENTRANCE,ANGLE,STRAIGHT & LEVEL,DAYLIGHT,,,2/28/2020 8:09:11 AM,False,7339,Accepted,
26431329,0568000,LOUISVILLE METRO POLICE DEPT,Accepted,JEFFERSON,KY1703,,NEWBURG,RD,,,,,COLONIAL HILL,I 0264,I264 W EXIT15 ON RAMP FROM KY1703,38.203971487,-85.691811740,2.470,2/26/2020 12:00:00 AM,1447,2,2,0,0,CLEAR,WET,True,VEHICLE BACKING NON INTERSECTION,BACKING,STRAIGHT & HILLCREST,DAYLIGHT,,,2/27/2020 8:10:28 AM,False,5250,Accepted,
26431360,0568000,LOUISVILLE METRO POLICE DEPT,Accepted,JEFFERSON,KY1450,,BLUE LICK,RD,,,,,,,,38.088078542,-85.699683679,0.135,2/26/2020 12:00:00 AM,1112,2,2,0,0,RAINING,WET,False,VEHICLE BACKING NON INTERSECTION,BACKING,STRAIGHT & LEVEL,DAYLIGHT,,,2/27/2020 8:12:22 AM,False,4693,Accepted,
26431335,0568000,LOUISVILLE METRO POLICE DEPT,Accepted,JEFFERSON,KY2052,,SHEPHERDSVILLE,RD,,,,,,,,38.178243470,-85.659297445,2.656,2/26/2020 12:00:00 AM,1249,2,2,0,0,RAINING,WET,False,1 VEHICLE ENTERING/LEAVING ENTRANCE,ANGLE,STRAIGHT & LEVEL,DAYLIGHT,,,2/27/2020 8:10:49 AM,False,7338,Accepted,
26437007,0568000,LOUISVILLE METRO POLICE DEPT,Accepted,JEFFERSON,KY1020,,2ND,ST,S,,,,,,,38.247415573,-85.754782220,12.207,2/26/2020 12:00:00 AM,1518,3,2,0,0,CLOUDY,WET,False,OTHER ROADWAY OR MID-BLOCK COLLISION,OPPOSING LEFT TURN,STRAIGHT & LEVEL,DAYLIGHT,,,2/28/2020 8:12:50 AM,False,5168,Accepted,
26436983,0568000,LOUISVILLE METRO POLICE DEPT,Accepted,JEFFERSON,US0060,,SHELBYVILLE,RD,,,,,,,,38.248051387,-85.597456630,6.737,2/26/2020 12:00:00 AM,1502,2,2,0,0,RAINING,WET,False,OTHER ROADWAY OR MID-BLOCK COLLISION,REAR TO REAR,STRAIGHT & LEVEL,DAYLIGHT,,,2/28/2020 8:11:16 AM,False,5180,Accepted,
26454316,0568000,LOUISVILLE METRO POLICE DEPT,Accepted,JEFFERSON,KY1703,,NEWBURG,RD,,,,,,,,38.200804893,-85.686084070,2.103,2/26/2020 12:00:00 AM,1450,2,2,0,0,RAINING,WET,False,OTHER ROADWAY OR MID-BLOCK COLLISION,REAR END,STRAIGHT & GRADE,DAYLIGHT,,,3/3/2020 8:29:31 AM,False,7722,Accepted,
26431342,0568000,LOUISVILLE METRO POLICE DEPT,Accepted,JEFFERSON,KY0841,,GENE SNYDER,FWY,,,,,,,,38.092782582,-85.874151354,0.049,2/26/2020 12:00:00 AM,0751,2,2,0,0,RAINING,WET,False,OTHER ROADWAY OR MID-BLOCK COLLISION,REAR END,STRAIGHT & GRADE,DAYLIGHT,,,2/27/2020 8:11:11 AM,False,6886,Accepted,
26431334,0568000,LOUISVILLE METRO POLICE DEPT,Accepted,JEFFERSON,US0060A,,EASTERN,PKWY,,,,KY1703,BAXTER,,QUADRANT,38.229133190,-85.714644171,6.479,2/26/2020 12:00:00 AM,0855,2,2,0,0,RAINING,WET,False,OTHER ROADWAY OR MID-BLOCK COLLISION,REAR END,STRAIGHT & LEVEL,DAYLIGHT,,,2/27/2020 8:10:46 AM,False,7129,Accepted,
26431359,0568000,LOUISVILLE METRO POLICE DEPT,Accepted,JEFFERSON,I 0064,,I64 E,,,,,,,,,38.258847862,-85.749300621,4.963,2/26/2020 12:00:00 AM,1320,1,1,0,2,RAINING,WET,False,OTHER ROADWAY OR MID-BLOCK COLLISION,SINGLE VEHICLE,CURVE & LEVEL,DAYLIGHT,,,2/27/2020 8:12:19 AM,False,5187,Accepted,
26431383,0568000,LOUISVILLE METRO POLICE DEPT,Accepted,JEFFERSON,I 0064,,I64 W,,,,,,,,,38.267505382,-85.780650761,2.792,2/26/2020 12:00:00 AM,1000,1,1,0,0,SNOWING,DRY,True,OTHER ROADWAY OR MID-BLOCK COLLISION,SINGLE VEHICLE,STRAIGHT & LEVEL,DARK (UNKNOWN ROADWAY LIGHTING),,,2/27/2020 8:13:43 AM,False,5268,Accepted,
26431353,0568000,LOUISVILLE METRO POLICE DEPT,Accepted,JEFFERSON,US0042,,BROWNSBORO,RD,,,,,,,,38.258468501,-85.699928110,1.959,2/26/2020 12:00:00 AM,1720,2,2,0,0,CLOUDY,WET,False,OTHER ROADWAY OR MID-BLOCK COLLISION,REAR END,STRAIGHT & LEVEL,DAYLIGHT,,,2/27/2020 8:11:52 AM,False,7028,Accepted,
26449127,0568000,LOUISVILLE METRO POLICE DEPT,Accepted,JEFFERSON,I 0064,,I64 W,,,,,,,,,38.243321036,-85.695741673,8.189,2/26/2020 12:00:00 AM,1425,1,1,0,0,RAINING,WET,False,OTHER ROADWAY OR MID-BLOCK COLLISION,SINGLE VEHICLE,CURVE & LEVEL,DAYLIGHT,,,3/2/2020 9:02:49 AM,False,8278,Accepted,
26472161,0568000,LOUISVILLE METRO POLICE DEPT,Accepted,JEFFERSON,I 0071,,,,,,,,,,,38.312613321,-85.584361405,0.208,2/26/2020 12:00:00 AM,0157,1,1,0,0,RAINING,WET,True,COLLISION WITH FIXED OBJECT NOT IN GORE ,SINGLE VEHICLE,CURVE & GRADE,DARK-HWY LIGHTED/ON,I 0071,I 0265,3/6/2020 8:26:42 AM,False,7159,Accepted,
26448891,0568000,LOUISVILLE METRO POLICE DEPT,Accepted,JEFFERSON,I 0264,,I264 W,,,,,,,,,38.190213722,-85.760503512,10.486,2/26/2020 12:00:00 AM,1732,2,2,0,0,CLOUDY,DRY,False,OTHER ROADWAY OR MID-BLOCK COLLISION,REAR END,STRAIGHT & LEVEL,DARK-HWY LIGHTED/OFF,,,3/2/2020 8:48:38 AM,False,2142,Accepted,
26448923,0568000,LOUISVILLE METRO POLICE DEPT,Accepted,JEFFERSON,I 0264,,I264 E,,,,,,,,,38.214974019,-85.663844050,16.152,2/26/2020 12:00:00 AM,1600,1,1,0,0,CLOUDY,SNOW/SLUSH,False,OTHER ROADWAY OR MID-BLOCK COLLISION,SINGLE VEHICLE,STRAIGHT & LEVEL,DAYLIGHT,,,3/2/2020 8:50:39 AM,False,7628,Accepted,
26484593,0568000,LOUISVILLE METRO POLICE DEPT,Accepted,JEFFERSON,,4000,BLANTON,LN,,,,,,,,38.157429779,-85.833186241,0.042,2/26/2020 12:00:00 AM,1730,2,2,0,0,CLOUDY,DRY,False,OTHER ROADWAY OR MID-BLOCK COLLISION,OPPOSING LEFT TURN,STRAIGHT & LEVEL,DAYLIGHT,,,3/9/2020 8:46:17 AM,False,7817,Accepted,
26431321,0568000,LOUISVILLE METRO POLICE DEPT,Accepted,JEFFERSON,I 0065,,,,,,,,,,,38.157348793,-85.716405320,0.476,2/26/2020 12:00:00 AM,0654,2,2,0,0,RAINING,WET,False,OTHER RAMP RELATED COLLISIONS NOT LISTED ABOVE,REAR END,STRAIGHT & LEVEL,DAWN,I 0065,KY1631,2/27/2020 8:10:06 AM,False,4656,Accepted,
26428094,0560300,ST. MATTHEWS POLICE DEPARTMENT,Accepted,JEFFERSON,I 0264,,,,,,,,,,,38.251436412,-85.619662931,0.318,2/26/2020 12:00:00 AM,1145,2,2,0,0,RAINING,WET,False,OTHER RAMP RELATED COLLISIONS NOT LISTED ABOVE,REAR END,STRAIGHT & GRADE,DAYLIGHT,I 0264,US0060,2/26/2020 2:43:34 PM,False,9133,Accepted,
26425907,0568000,LOUISVILLE METRO POLICE DEPT,Accepted,JEFFERSON,KY0841,,,,,,,,,,,38.100423132,-85.825501265,0.420,2/26/2020 12:00:00 AM,0620,2,2,0,0,RAINING,WET,False,OTHER RAMP RELATED COLLISIONS NOT LISTED ABOVE,REAR END,CURVE & LEVEL,DARK-HWY LIGHTED/ON,KY0841,STONESTREET RD,2/26/2020 8:12:46 AM,False,7321,Accepted,
26431344,0568000,LOUISVILLE METRO POLICE DEPT,Accepted,JEFFERSON,I 0071,,,,,,,,,,,38.312654551,-85.584761377,0.310,2/26/2020 12:00:00 AM,1627,2,2,0,0,RAINING,WET,False,OTHER RAMP RELATED COLLISIONS NOT LISTED ABOVE,SIDESWIPE-OPPOSITE DIRECTION,STRAIGHT & LEVEL,DAYLIGHT,KY0841,I 0071,2/27/2020 8:11:20 AM,False,6406,Accepted,
26428125,0561500,UNIV. OF LOUISVILLE POLICE,Accepted,JEFFERSON,,54E,CHESTNUT,ST,E,,,,,,,38.247580819,-85.746015770,0.379,2/26/2020 12:00:00 AM,1000,2,2,0,0,CLOUDY,DRY,True,COLLISION IN PARKING LOT,SIDESWIPE-SAME DIRECTION,STRAIGHT & LEVEL,DAYLIGHT,,,2/26/2020 2:47:20 PM,False,5691,Accepted,
26431358,0568000,LOUISVILLE METRO POLICE DEPT,Accepted,JEFFERSON,US0150,207,BROADWAY,,W,,,,,,,38.245844612,-85.755119196,2.556,2/26/2020 12:00:00 AM,1224,2,2,0,0,CLOUDY,DRY,True,COLLISION IN PARKING LOT,SIDESWIPE-SAME DIRECTION,STRAIGHT & LEVEL,DAYLIGHT,,,2/27/2020 8:12:13 AM,False,5187,Accepted,
26419888,0568000,LOUISVILLE METRO POLICE DEPT,Accepted,JEFFERSON,US0031E,,BARDSTOWN,RD,,,,,,,,38.207854965,-85.668641491,11.736,2/25/2020 12:00:00 AM,0032,2,2,0,0,RAINING,WET,True,COLLISION IN PARKING LOT,ANGLE,STRAIGHT & LEVEL,DARK-HWY LIGHTED/ON,,,2/25/2020 8:09:22 AM,False,7200,Accepted,
26425878,0568000,LOUISVILLE METRO POLICE DEPT,Accepted,JEFFERSON,I 0264,,,,,,,,,,,38.191166778,-85.764634083,0.240,2/25/2020 12:00:00 AM,1700,2,2,0,0,CLOUDY,DRY,False,OTHER RAMP RELATED COLLISIONS NOT LISTED ABOVE,REAR END,CURVE & GRADE,DAYLIGHT,I 0264,KY1020,2/26/2020 8:10:48 AM,False,8278,Accepted,
26425884,0568000,LOUISVILLE METRO POLICE DEPT,Accepted,JEFFERSON,I 0264,,,,,,,,,,,38.210175708,-85.672307415,0.240,2/25/2020 12:00:00 AM,1652,3,3,0,1,CLOUDY,DRY,False,OTHER RAMP RELATED COLLISIONS NOT LISTED ABOVE,REAR END,STRAIGHT & GRADE,DAYLIGHT,I 0264,US31E,2/26/2020 8:11:10 AM,False,6813,Accepted,
26425886,0568000,LOUISVILLE METRO POLICE DEPT,Accepted,JEFFERSON,KY1703,,NEWBURG,RD,,,,,,,,38.203075647,-85.690750533,2.383,2/25/2020 12:00:00 AM,1815,2,2,0,0,CLOUDY,DRY,False,OTHER ROADWAY OR MID-BLOCK COLLISION,REAR END,STRAIGHT & GRADE,DUSK,,,2/26/2020 8:11:30 AM,False,6813,Accepted,
26429349,0560400,SHIVELY POLICE DEPARTMENT,Accepted,JEFFERSON,I 0264,,I264 W,,,,,,,,,38.194356214,-85.829377602,6.223,2/25/2020 12:00:00 AM,2227,1,1,0,1,CLOUDY,DRY,False,OTHER ROADWAY OR MID-BLOCK COLLISION,SINGLE VEHICLE,STRAIGHT & LEVEL,DARK-HWY LIGHTED/ON,,,2/26/2020 6:00:16 PM,False,7128,Accepted,
26425898,0568000,LOUISVILLE METRO POLICE DEPT,Accepted,JEFFERSON,I 0265,,I265 N,,,,,,,,,38.241420363,-85.503449874,26.775,2/25/2020 12:00:00 AM,0627,2,2,0,0,CLEAR,DRY,False,OTHER ROADWAY OR MID-BLOCK COLLISION,REAR TO REAR,STRAIGHT & LEVEL,DARK-HWY LIGHTED/ON,,,2/26/2020 8:12:09 AM,False,7330,Accepted,
26425881,0568000,LOUISVILLE METRO POLICE DEPT,Accepted,JEFFERSON,KY1865,6401,NEW CUT,RD,,,,,,,,38.116342632,-85.773792192,0.490,2/25/2020 12:00:00 AM,1736,2,2,0,0,CLEAR,DRY,True,1 VEHICLE ENTERING/LEAVING ENTRANCE,ANGLE,STRAIGHT & LEVEL,DAYLIGHT,,,2/26/2020 8:10:55 AM,False,7373,Accepted,
26425876,0568000,LOUISVILLE METRO POLICE DEPT,Accepted,JEFFERSON,US0031W,,DIXIE,HWY,,,,,,,,38.166995765,-85.829452119,13.186,2/25/2020 12:00:00 AM,1232,2,2,0,0,CLOUDY,WET,False,1 VEHICLE ENTERING/LEAVING ENTRANCE,ANGLE,STRAIGHT & LEVEL,DAYLIGHT,,,2/26/2020 8:10:41 AM,False,7234,Accepted,
26425852,0568000,LOUISVILLE METRO POLICE DEPT,Accepted,JEFFERSON,,,ENGLISH STATION,WAY,,,,,LANDIS RIDGE,,ACADEMY VIEW,38.233332782,-85.500011562,0.173,2/25/2020 12:00:00 AM,0800,2,2,0,0,CLOUDY,WET,False,1 VEHICLE ENTERING/LEAVING ENTRANCE,ANGLE,STRAIGHT & LEVEL,DAYLIGHT,,,2/26/2020 8:09:33 AM,False,6965,Accepted,
26425856,0568000,LOUISVILLE METRO POLICE DEPT,Accepted,JEFFERSON,,,ELZIE,RD,,,,,DORRANCE,US0031W,DIXIE,38.126285819,-85.853140746,0.101,2/25/2020 12:00:00 AM,1104,2,2,0,0,RAINING,WET,False,1 VEHICLE ENTERING/LEAVING ENTRANCE,ANGLE,STRAIGHT & LEVEL,DAYLIGHT,,,2/26/2020 8:09:49 AM,False,6877,Accepted,
26425853,0568000,LOUISVILLE METRO POLICE DEPT,Accepted,JEFFERSON,,,DIXIE,HWY,,,,,BURNETT,,STANDARD,38.230741217,-85.789484491,1.320,2/25/2020 12:00:00 AM,1053,2,2,0,1,RAINING,WET,False,1 VEHICLE ENTERING/LEAVING ENTRANCE,ANGLE,STRAIGHT & LEVEL,DAYLIGHT,,,2/26/2020 8:09:37 AM,False,7538,Accepted,
26425854,0568000,LOUISVILLE METRO POLICE DEPT,Accepted,JEFFERSON,,,NORRIS,PL,,,,,DEERWOOD,,SHADY,38.227478076,-85.708818356,0.352,2/25/2020 12:00:00 AM,1229,2,2,0,0,CLOUDY,WET,False,1 VEHICLE ENTERING/LEAVING ENTRANCE,ANGLE,STRAIGHT & LEVEL,DAYLIGHT,,,2/26/2020 8:09:40 AM,False,2100,Accepted,
26425877,0568000,LOUISVILLE METRO POLICE DEPT,Accepted,JEFFERSON,US0031W,,DIXIE,HWY,,,,,,,,38.142394830,-85.839952839,11.602,2/25/2020 12:00:00 AM,1233,2,2,0,0,CLOUDY,WET,False,SIDESWIPE COLLISION - SAME DIRECTION,SIDESWIPE-SAME DIRECTION,STRAIGHT & LEVEL,DAYLIGHT,,,2/26/2020 8:10:44 AM,False,7234,Accepted,
26425891,0568000,LOUISVILLE METRO POLICE DEPT,Accepted,JEFFERSON,,500 BLOCK,1ST,ST,S,,,,,,,38.250542765,-85.752537252,0.379,2/25/2020 12:00:00 AM,0757,2,2,0,0,CLEAR,DRY,False,SIDESWIPE COLLISION - SAME DIRECTION,SIDESWIPE-SAME DIRECTION,STRAIGHT & LEVEL,DAYLIGHT,,,2/26/2020 8:11:50 AM,False,7406,Accepted,
26431356,0568000,LOUISVILLE METRO POLICE DEPT,Accepted,JEFFERSON,I 0065,,I65 N,,,,,I 0065,I65 N EXIT128 ON RAMP FROM KY1631,I 0065,I65 N EXIT130 OFF RAMP TO KY61,38.171705668,-85.720491378,129.281,2/25/2020 12:00:00 AM,2207,2,2,0,0,CLEAR,DRY,False,SIDESWIPE COLLISION - SAME DIRECTION,SIDESWIPE-SAME DIRECTION,STRAIGHT & LEVEL,DARK-HWY LIGHTED/ON,,,2/27/2020 8:12:02 AM,False,2737,Accepted,
26431303,0568000,LOUISVILLE METRO POLICE DEPT,Accepted,JEFFERSON,KY2051,,ROCKFORD,LN,,,,,,,,38.180231914,-85.852167561,1.594,2/25/2020 12:00:00 AM,0956,2,2,0,1,RAINING,WET,False,HEAD-ON COLLISION,HEAD ON,CURVE & LEVEL,DAYLIGHT,,,2/27/2020 8:09:08 AM,False,7234,Accepted,
26425839,0568000,LOUISVILLE METRO POLICE DEPT,Accepted,JEFFERSON,I 0065,,I65 N,,,,,,,,,38.233645553,-85.750778852,134.400,2/25/2020 12:00:00 AM,0900,2,2,0,0,CLOUDY,WET,False,REAR END IN TRAFFIC LANES BOTH VEHICLES MOVING,REAR END,STRAIGHT & LEVEL,DAYLIGHT,,,2/26/2020 8:08:39 AM,False,4656,Accepted,
26425868,0568000,LOUISVILLE METRO POLICE DEPT,Accepted,JEFFERSON,KY0061,,PRESTON,HWY,,,,,,,,38.124078214,-85.679105622,2.889,2/25/2020 12:00:00 AM,1142,2,2,0,0,CLOUDY,WET,True,REAR END IN TRAFFIC LANES BOTH VEHICLES MOVING,REAR END,STRAIGHT & LEVEL,DAYLIGHT,,,2/26/2020 8:10:23 AM,False,4693,Accepted,
26419900,0568000,LOUISVILLE METRO POLICE DEPT,Accepted,JEFFERSON,I 0265,,I265 N,,,,,I 0064,I64 W EXIT19B RAMP TO I265 N,I 0265,I265 N EXIT27 OFF RAMP TO US60,38.229970324,-85.504808245,25.981,2/25/2020 12:00:00 AM,0545,2,2,0,0,RAINING,WET,False,REAR END IN TRAFFIC LANES BOTH VEHICLES MOVING,REAR END,STRAIGHT & LEVEL,DARK-HWY LIGHTED/ON,,,2/25/2020 8:10:03 AM,False,2013,Accepted,
26519050,0568000,LOUISVILLE METRO POLICE DEPT,Accepted,JEFFERSON,KY1020,,2ND,ST,S,,,,JEFFERSON,US0031E,MARKET,38.253818288,-85.753701094,12.651,2/25/2020 12:00:00 AM,1105,2,2,0,0,RAINING,WET,False,REAR END IN TRAFFIC LANES BOTH VEHICLES MOVING,REAR END,STRAIGHT & LEVEL,DAYLIGHT,,,3/16/2020 9:06:42 AM,False,2406,Accepted,
26448938,0568000,LOUISVILLE METRO POLICE DEPT,Accepted,JEFFERSON,,708,MAGAZINE,ST,,,,,,,,38.248238559,-85.763522941,0.025,2/25/2020 12:00:00 AM,1240,2,2,0,0,RAINING,WET,True,1 VEHICLE PARKED POSITION (NOT PARKING LOT/DRIVEWAY),BACKING,STRAIGHT & LEVEL,DAYLIGHT,,,3/2/2020 8:51:48 AM,False,2854,Accepted,
26431361,0568000,LOUISVILLE METRO POLICE DEPT,Accepted,JEFFERSON,,,CANOPUS,CT,,,,,,,,38.124779978,-85.696181961,0.309,2/25/2020 12:00:00 AM,1510,2,2,0,0,CLOUDY,WET,True,1 VEHICLE PARKED POSITION (NOT PARKING LOT/DRIVEWAY),BACKING,STRAIGHT & LEVEL,DAYLIGHT,,,2/27/2020 8:12:29 AM,False,4693,Accepted,
26431351,0568000,LOUISVILLE METRO POLICE DEPT,Accepted,JEFFERSON,,1809,STEVENS,AVE,,,,,,,,38.229850879,-85.709694290,0.293,2/25/2020 12:00:00 AM,2100,2,2,0,0,RAINING,WET,True,1 VEHICLE PARKED POSITION (NOT PARKING LOT/DRIVEWAY),BACKING,STRAIGHT & LEVEL,UNKNOWN,,,2/27/2020 8:11:46 AM,False,5112,Accepted,
26423235,0561500,UNIV. OF LOUISVILLE POLICE,Accepted,JEFFERSON,,1900,FLOYD,ST,S,,,,,,,38.219248105,-85.754383871,2.501,2/25/2020 12:00:00 AM,0704,1,1,0,0,CLOUDY,WET,True,COLLISION WITH FIXED OBJECT NON - INTERSECTION - FIRST EVENT COLLISION 09 - 32 EXCLUDING 16,SINGLE VEHICLE,CURVE & LEVEL,DARK-HWY LIGHTED/ON,,,2/25/2020 4:46:12 PM,False,5636,Accepted,
26419887,0568000,LOUISVILLE METRO POLICE DEPT,Accepted,JEFFERSON,KY2055,404,MT HOLLY,RD,,,,,,,,38.104966320,-85.758674598,1.366,2/25/2020 12:00:00 AM,0206,1,1,0,0,RAINING,WET,False,COLLISION WITH FIXED OBJECT NON - INTERSECTION - FIRST EVENT COLLISION 09 - 32 EXCLUDING 16,SINGLE VEHICLE,CURVE & LEVEL,DARK-HWY LIGHTED/ON,,,2/25/2020 8:09:17 AM,False,5121,Accepted,
26425896,0568000,LOUISVILLE METRO POLICE DEPT,Accepted,JEFFERSON,I 0264,,I264 W,,,,,,,,,38.192397123,-85.713201982,12.999,2/25/2020 12:00:00 AM,1520,1,1,0,1,CLOUDY,DRY,False,COLLISION WITH FIXED OBJECT NON - INTERSECTION - FIRST EVENT COLLISION 09 - 32 EXCLUDING 16,SINGLE VEHICLE,STRAIGHT & LEVEL,DAYLIGHT,,,2/26/2020 8:12:02 AM,False,2217,Accepted,
26425871,0568000,LOUISVILLE METRO POLICE DEPT,Accepted,JEFFERSON,,,OLD HARRODS CREEK,RD,,,,,,,,38.254963324,-85.546048092,0.667,2/25/2020 12:00:00 AM,1623,1,1,0,0,CLOUDY,WET,False,COLLISION WITH FIXED OBJECT NON - INTERSECTION - FIRST EVENT COLLISION 09 - 32 EXCLUDING 16,SINGLE VEHICLE,CURVE & LEVEL,DAYLIGHT,,,2/26/2020 8:10:30 AM,False,7899,Accepted,
26425889,0568000,LOUISVILLE METRO POLICE DEPT,Accepted,JEFFERSON,US0031W,,22ND,ST,S,,,,WOODLAND,,STANDARD,38.232192035,-85.791515277,18.401,2/25/2020 12:00:00 AM,0726,1,1,0,0,CLOUDY,WET,False,COLLISION WITH FIXED OBJECT NON - INTERSECTION - FIRST EVENT COLLISION 09 - 32 EXCLUDING 16,SINGLE VEHICLE,STRAIGHT & HILLCREST,DAYLIGHT,,,2/26/2020 8:11:46 AM,False,5282,Accepted,
26425882,0568000,LOUISVILLE METRO POLICE DEPT,Accepted,JEFFERSON,,,LANCASHIRE,AVE,,,,,,,,38.214357162,-85.678707222,0.203,2/25/2020 12:00:00 AM,0713,1,1,0,0,RAINING,WET,False,RAN OFF ROADWAY (1 VEHICLE WITH/EARTH EMBANKMENT/DITCH),SINGLE VEHICLE,STRAIGHT & LEVEL,DAWN,,,2/26/2020 8:11:00 AM,False,6813,Accepted,
26425901,0568000,LOUISVILLE METRO POLICE DEPT,Accepted,JEFFERSON,,,ASHLAND,AVE,W,,,,,,,38.186671913,-85.783788056,0.991,2/25/2020 12:00:00 AM,2226,2,1,0,1,CLEAR,DRY,False,COLLISION WITH BICYCLIST NON INTERSECTION,SINGLE VEHICLE,STRAIGHT & LEVEL,DARK-HWY LIGHTED/ON,,,2/26/2020 8:12:21 AM,False,7455,Accepted,
26425883,0568000,LOUISVILLE METRO POLICE DEPT,Accepted,JEFFERSON,US0031E,,BARDSTOWN,RD,,,,,,,,38.212912716,-85.672561533,12.157,2/25/2020 12:00:00 AM,1543,2,1,0,0,CLOUDY,DRY,True,COLLISION WITH PEDESTRIAN NON - INTERSECTION,SINGLE VEHICLE,STRAIGHT & LEVEL,DAYLIGHT,,,2/26/2020 8:11:07 AM,False,6813,Accepted,
26425918,0568000,LOUISVILLE METRO POLICE DEPT,Accepted,JEFFERSON,,,LIBERTY,ST,W,KY1020,2ND,,,,,38.252747639,-85.753945349,0.795,2/25/2020 12:00:00 AM,0630,2,2,0,0,CLEAR,DRY,False,OTHER INTERSECTION COLLISIONS,REAR END,STRAIGHT & LEVEL,DARK-HWY LIGHTED/ON,,,2/26/2020 8:13:24 AM,False,5148,Accepted,
26425899,0568000,LOUISVILLE METRO POLICE DEPT,Accepted,JEFFERSON,,,SKY BLUE,AVE,,KY1931,GREENWOOD,,,,,38.144006512,-85.852006080,0.002,2/25/2020 12:00:00 AM,1842,2,2,0,1,CLEAR,DRY,False,OTHER INTERSECTION COLLISIONS,REAR END,STRAIGHT & LEVEL,DUSK,,,2/26/2020 8:12:13 AM,False,7365,Accepted,
26425844,0568000,LOUISVILLE METRO POLICE DEPT,Accepted,JEFFERSON,KY2052,,SHEPHERDSVILLE,RD,,,POPLAR PARK,,,,,38.154601406,-85.659736624,1.069,2/25/2020 12:00:00 AM,0844,2,2,0,0,CLOUDY,WET,False,OTHER INTERSECTION COLLISIONS,REAR END,STRAIGHT & LEVEL,DAYLIGHT,,,2/26/2020 8:08:51 AM,False,2017,Accepted,
26425870,0568000,LOUISVILLE METRO POLICE DEPT,Accepted,JEFFERSON,,,BRISCOE,LN,,KY2052,SHEPHERDSVILLE,,,,,38.142523227,-85.659207824,0.001,2/25/2020 12:00:00 AM,1435,2,2,0,0,CLOUDY,DRY,True,OTHER INTERSECTION COLLISIONS,REAR END,STRAIGHT & GRADE,DAYLIGHT,,,2/26/2020 8:10:26 AM,False,4693,Accepted,
26425895,0568000,LOUISVILLE METRO POLICE DEPT,Accepted,JEFFERSON,KY1934,,CANE RUN,RD,,,LINDENWOOD,,,,,38.178677797,-85.860786566,7.255,2/25/2020 12:00:00 AM,0710,3,3,0,1,RAINING,WET,False,OTHER INTERSECTION COLLISIONS,REAR TO REAR,STRAIGHT & LEVEL,DAYLIGHT,,,2/26/2020 8:11:58 AM,False,7177,Accepted,
26425906,0568000,LOUISVILLE METRO POLICE DEPT,Accepted,JEFFERSON,,,PAGES,LN,E,KY0907,3RD ST,,,,,38.115235414,-85.835154602,1.295,2/25/2020 12:00:00 AM,2230,2,2,0,0,CLEAR,DRY,False,OTHER INTERSECTION COLLISIONS,REAR END,STRAIGHT & LEVEL,DARK-HWY LIGHTED/ON,,,2/26/2020 8:12:43 AM,False,7321,Accepted,
26425897,0568000,LOUISVILLE METRO POLICE DEPT,Accepted,JEFFERSON,KY0061,,PRESTON,HWY,,,MILES,,,,,38.124353594,-85.679226471,2.912,2/25/2020 12:00:00 AM,0800,2,2,0,0,CLEAR,DRY,False,OTHER INTERSECTION COLLISIONS,REAR END,STRAIGHT & LEVEL,DARK-HWY LIGHTED/ON,,,2/26/2020 8:12:05 AM,False,5270,Accepted,