IncidentID,AgencyORI,AgencyName,IncidentStatusDesc,County,RdwyNumber,Street,RoadwayName,StreetSfx,StreetDir,IntersectionRdwy,IntersectionRdwyName,BetweenStRdwy1,BetweenStRdwyName1,BetweenStRdwy2,BetweenStRdwyName2,Latitude,Longitude,Milepoint,CollisionDate,CollisionTime,UnitsInvolved,MotorVehiclesInvolved,NumberKilled,NumberInjured,Weather,RdwyConditionCode,HitandRun,DirAnalysisCode,MannerofCollision,RdwyCharacter,LightCondition,RampFromRdwyId,RampToRdwyId,AcceptedDate,IsSecondaryCollision,OwnerBadge,IncidentStatus,
26587571,0568000,LOUISVILLE METRO POLICE DEPT,Accepted,JEFFERSON,I 0064,,I64 E,,,I 0064,I64 N EXIT25A RAMP TO I64 E,,,,,38.222487832,-85.500609673,19.203,2/25/2020 12:00:00 AM,0956,2,1,0,0,CLOUDY,WET,False,OTHER INTERSECTION COLLISIONS,REAR END,CURVE & HILLCREST,DAYLIGHT,,,4/8/2020 9:25:42 AM,False,2109,Accepted,
26449006,0568000,LOUISVILLE METRO POLICE DEPT,Accepted,JEFFERSON,KY1934,,CANE RUN,RD,,,CRUMS,,,,,38.195580267,-85.842195181,8.806,2/25/2020 12:00:00 AM,0700,2,2,0,0,CLOUDY,WET,False,SIDESWIPE-SAME DIRECTION,SIDESWIPE-SAME DIRECTION,STRAIGHT & LEVEL,DAYLIGHT,,,3/2/2020 8:55:10 AM,False,7467,Accepted,
26448955,0568000,LOUISVILLE METRO POLICE DEPT,Accepted,JEFFERSON,KY1447,,WESTPORT,RD,,,CREEKSIDE,,,,,38.289299832,-85.568583729,5.440,2/25/2020 12:00:00 AM,0559,2,2,0,0,CLEAR,DRY,False,SIDESWIPE-SAME DIRECTION,SIDESWIPE-SAME DIRECTION,STRAIGHT & LEVEL,DARK-HWY NOT LIGHTED,,,3/2/2020 8:52:38 AM,False,5102,Accepted,
26425857,0568000,LOUISVILLE METRO POLICE DEPT,Accepted,JEFFERSON,,,JEFFERSON,ST,E,,1ST,,,,,38.253284269,-85.752051700,1.050,2/25/2020 12:00:00 AM,1023,2,2,0,0,FOG WITH RAIN,WET,False,SIDESWIPE-SAME DIRECTION,SIDESWIPE-SAME DIRECTION,STRAIGHT & LEVEL,DAYLIGHT,,,2/26/2020 8:09:52 AM,False,7266,Accepted,
26448967,0568000,LOUISVILLE METRO POLICE DEPT,Accepted,JEFFERSON,,,MADISON,ST,W,,15TH,,,,,38.252043929,-85.775896822,0.179,2/25/2020 12:00:00 AM,0559,2,2,0,0,CLOUDY,DRY,False,SIDESWIPE-SAME DIRECTION,SIDESWIPE-SAME DIRECTION,STRAIGHT & LEVEL,DARK-HWY LIGHTED/ON,,,3/2/2020 8:53:27 AM,False,5047,Accepted,
26425872,0568000,LOUISVILLE METRO POLICE DEPT,Accepted,JEFFERSON,,,TREVILIAN,WAY,,,VALLEY VISTA,,,,,38.215789644,-85.697824764,1.496,2/25/2020 12:00:00 AM,1643,2,2,0,0,CLOUDY,WET,False,ANGLE COLLISION - OTHER,ANGLE,STRAIGHT & LEVEL,DAYLIGHT,,,2/26/2020 8:10:33 AM,False,2100,Accepted,
26419889,0568000,LOUISVILLE METRO POLICE DEPT,Accepted,JEFFERSON,US0060A,,EASTERN,PKWY,,KY0061,PRESTON,,,,,38.214599236,-85.743119406,4.549,2/25/2020 12:00:00 AM,0440,2,2,0,0,CLOUDY,WET,False,ANGLE COLLISION - OTHER,ANGLE,STRAIGHT & LEVEL,DARK-HWY LIGHTED/ON,,,2/25/2020 8:09:26 AM,False,5204,Accepted,
26425888,0568000,LOUISVILLE METRO POLICE DEPT,Accepted,JEFFERSON,,,LEE,ST,W,,RILEY,,,,,38.223478243,-85.763196660,1.090,2/25/2020 12:00:00 AM,1142,2,2,0,0,CLOUDY,WET,False,ANGLE COLLISION - OTHER,ANGLE,STRAIGHT & LEVEL,DAYLIGHT,,,2/26/2020 8:11:43 AM,False,7334,Accepted,
26425893,0568000,LOUISVILLE METRO POLICE DEPT,Accepted,JEFFERSON,,,LIBERTY,ST,E,KY0864,CHESTNUT,,,,,38.249898417,-85.733165906,1.057,2/25/2020 12:00:00 AM,1325,2,2,0,0,CLOUDY,WET,False,ANGLE COLLISION - OTHER,ANGLE,STRAIGHT & LEVEL,DAYLIGHT,,,2/26/2020 8:11:53 AM,False,7239,Accepted,
26449193,0568000,LOUISVILLE METRO POLICE DEPT,Accepted,JEFFERSON,KY1065,,BEULAH CHURCH,RD,,,FERNVIEW,,,,,38.146917448,-85.595533229,11.329,2/25/2020 12:00:00 AM,1830,2,2,0,0,CLEAR,DRY,False,ANGLE COLLISION - OTHER,ANGLE,STRAIGHT & GRADE,DAYLIGHT,,,3/2/2020 9:07:58 AM,False,5141,Accepted,
26425879,0568000,LOUISVILLE METRO POLICE DEPT,Accepted,JEFFERSON,,,CLAY,ST,S,US0031E,MAIN,,,,,38.254763893,-85.739811092,0.002,2/25/2020 12:00:00 AM,1743,2,2,0,0,CLOUDY,DRY,True,ANGLE COLLISION - ONE VEHICLE TURNING LEFT,ANGLE,STRAIGHT & LEVEL,DAYLIGHT,,,2/26/2020 8:10:52 AM,False,7266,Accepted,
26425905,0568000,LOUISVILLE METRO POLICE DEPT,Accepted,JEFFERSON,US0031W,,DIXIE,HWY,,,ORELL,,,,,38.082278098,-85.881595783,6.710,2/25/2020 12:00:00 AM,2123,2,1,0,1,CLEAR,DRY,False,COLLISION WITH PEDESTRIAN IN INTERSECTION,SINGLE VEHICLE,STRAIGHT & LEVEL,DARK-HWY LIGHTED/ON,,,2/26/2020 8:12:40 AM,False,7321,Accepted,
26425849,0568000,LOUISVILLE METRO POLICE DEPT,Accepted,JEFFERSON,KY0864,,POPLAR LEVEL,RD,,,,,NIGHTINGALE,,QUARRY HILL,38.209729616,-85.716605597,12.433,2/25/2020 12:00:00 AM,0709,2,2,0,0,CLOUDY,WET,False,,REAR END,STRAIGHT & LEVEL,DAYLIGHT,,,2/26/2020 8:09:14 AM,False,5036,Accepted,
26425850,0568000,LOUISVILLE METRO POLICE DEPT,Accepted,JEFFERSON,KY0864,,POPLAR LEVEL,RD,,,NIGHTINGALE,,,,,38.210230183,-85.716990930,12.472,2/25/2020 12:00:00 AM,0845,2,2,0,0,CLOUDY,WET,False,,REAR END,STRAIGHT & LEVEL,DAYLIGHT,,,2/26/2020 8:09:18 AM,False,5036,Accepted,
26419890,0568000,LOUISVILLE METRO POLICE DEPT,Accepted,JEFFERSON,KY0061,,ARTHUR,ST,,,LEE,,,,,38.222196020,-85.751518807,11.220,2/25/2020 12:00:00 AM,0124,1,1,0,0,RAINING,WET,False,COLLISION WITH FIXED OBJECT IN INTERSECTION - FIRST EVENT COLLISION 09 - 32,SINGLE VEHICLE,STRAIGHT & LEVEL,DARK-HWY LIGHTED/ON,,,2/25/2020 8:09:29 AM,False,5037,Accepted,
26425842,0568000,LOUISVILLE METRO POLICE DEPT,Accepted,JEFFERSON,,,GELLHAUS,LN,,,CHENOWETH RUN,,,,,38.159789882,-85.542503978,0.826,2/25/2020 12:00:00 AM,0921,1,1,0,0,CLOUDY,WET,False,COLLISION WITH FIXED OBJECT IN INTERSECTION - FIRST EVENT COLLISION 09 - 32,SINGLE VEHICLE,CURVE & GRADE,DAYLIGHT,,,2/26/2020 8:08:47 AM,False,2017,Accepted,
26660883,0568000,LOUISVILLE METRO POLICE DEPT,Accepted,JEFFERSON,I 0065,,I65 N,,,I 0065,I65 N EXIT133A OFF RAMP TO  EASTERN PKWY,,,,,38.207586924,-85.751351646,132.569,2/24/2020 12:00:00 AM,2235,1,1,0,0,RAINING,WET,False,NON-COLLISION OBJECT COLLISION,SINGLE VEHICLE,STRAIGHT & LEVEL,DARK-HWY LIGHTED/ON,,,5/5/2020 8:02:01 AM,False,5139,Accepted,
26419895,0568000,LOUISVILLE METRO POLICE DEPT,Accepted,JEFFERSON,KY0061,,PRESTON,HWY,,,MILES,,,,,38.124351794,-85.679216677,2.912,2/24/2020 12:00:00 AM,2000,1,1,0,0,RAINING,WET,True,COLLISION WITH FIXED OBJECT IN INTERSECTION - FIRST EVENT COLLISION 09 - 32,SINGLE VEHICLE,STRAIGHT & LEVEL,DARK-HWY LIGHTED/ON,,,2/25/2020 8:09:47 AM,False,5270,Accepted,
26425863,0568000,LOUISVILLE METRO POLICE DEPT,Accepted,JEFFERSON,,,HUDSON,LN,,,ROMAN,,,,,38.170923167,-85.597500550,0.437,2/24/2020 12:00:00 AM,1427,1,1,0,1,RAINING,WET,False,COLLISION WITH FIXED OBJECT IN INTERSECTION - FIRST EVENT COLLISION 09 - 32,SINGLE VEHICLE,CURVE & GRADE,DAYLIGHT,,,2/26/2020 8:10:06 AM,False,4693,Accepted,
26419833,0568000,LOUISVILLE METRO POLICE DEPT,Accepted,JEFFERSON,KY3064,,NORTHWESTERN,PKWY,,,33RD,,,,,38.274982184,-85.800938101,1.103,2/24/2020 12:00:00 AM,1133,1,1,0,0,RAINING,WET,False,COLLISION WITH FIXED OBJECT IN INTERSECTION - FIRST EVENT COLLISION 09 - 32,SINGLE VEHICLE,STRAIGHT & LEVEL,DAYLIGHT,,,2/25/2020 8:05:51 AM,False,7305,Accepted,
26419835,0568000,LOUISVILLE METRO POLICE DEPT,Accepted,JEFFERSON,,,NORRIS,PL,,,BONNYCASTLE,,,,,38.228557688,-85.709794529,0.260,2/24/2020 12:00:00 AM,1143,1,1,0,0,RAINING,WET,False,COLLISION WITH FIXED OBJECT IN INTERSECTION - FIRST EVENT COLLISION 09 - 32,SINGLE VEHICLE,STRAIGHT & LEVEL,DAYLIGHT,,,2/25/2020 8:05:59 AM,False,2100,Accepted,
26414900,0568000,LOUISVILLE METRO POLICE DEPT,Accepted,JEFFERSON,US0031E,,BARDSTOWN,RD,,,RICHMOND,,,,,38.227070554,-85.698887698,13.965,2/24/2020 12:00:00 AM,0030,1,1,0,0,CLEAR,DRY,False,COLLISION WITH FIXED OBJECT IN INTERSECTION - FIRST EVENT COLLISION 09 - 32,SINGLE VEHICLE,STRAIGHT & LEVEL,DARK-HWY LIGHTED/ON,,,2/24/2020 9:20:34 AM,False,2192,Accepted,
26425861,0568000,LOUISVILLE METRO POLICE DEPT,Accepted,JEFFERSON,KY0061,,PRESTON,HWY,,,PIGEON PASS,,,,,38.176243048,-85.714420460,7.018,2/24/2020 12:00:00 AM,1714,2,2,0,0,RAINING,WET,True,ANGLE COLLISION - ONE VEHICLE TURNING LEFT,ANGLE,STRAIGHT & LEVEL,DAYLIGHT,,,2/26/2020 8:09:59 AM,False,5106,Accepted,
26448960,0568000,LOUISVILLE METRO POLICE DEPT,Accepted,JEFFERSON,KY0864,,POPLAR LEVEL,RD,,,INDIAN,,,,,38.171549417,-85.685062129,9.218,2/24/2020 12:00:00 AM,2123,2,2,0,0,CLEAR,WET,False,ANGLE COLLISION - ONE VEHICLE TURNING LEFT,ANGLE,STRAIGHT & LEVEL,DARK-HWY LIGHTED/ON,,,3/2/2020 8:52:57 AM,False,5144,Accepted,
26419841,0568000,LOUISVILLE METRO POLICE DEPT,Accepted,JEFFERSON,KY1934,,CANE RUN,RD,,,BRIDWELL,,,,,38.179874383,-85.859314256,7.372,2/24/2020 12:00:00 AM,0905,2,2,0,1,RAINING,WET,True,ANGLE COLLISION - ONE VEHICLE TURNING LEFT,ANGLE,STRAIGHT & LEVEL,DAYLIGHT,,,2/25/2020 8:06:23 AM,False,7356,Accepted,
26419853,0568000,LOUISVILLE METRO POLICE DEPT,Accepted,JEFFERSON,KY0061,,PRESTON,HWY,,,GILMORE,,,,,38.174660428,-85.712757504,6.879,2/24/2020 12:00:00 AM,1700,2,2,0,1,RAINING,WET,False,ANGLE COLLISION - OTHER,ANGLE,STRAIGHT & LEVEL,DAYLIGHT,,,2/25/2020 8:07:16 AM,False,2796,Accepted,
26449245,0568000,LOUISVILLE METRO POLICE DEPT,Accepted,JEFFERSON,I 0064,,I64 W,,,I 0064,I64 W EXIT12 RAMP TO I264 E,,,,,38.234674519,-85.613257937,12.847,2/24/2020 12:00:00 AM,0623,2,2,0,0,RAINING,WET,False,ANGLE COLLISION - OTHER,ANGLE,STRAIGHT & LEVEL,DARK-HWY LIGHTED/ON,,,3/2/2020 9:08:47 AM,False,7720,Accepted,
26425867,0568000,LOUISVILLE METRO POLICE DEPT,Accepted,JEFFERSON,KY1065,,BEULAH CHURCH,RD,,,CEDAR SPRINGS,,,,,38.148514458,-85.590183069,11.667,2/24/2020 12:00:00 AM,1751,2,2,0,0,RAINING,WET,False,ANGLE COLLISION - OTHER,ANGLE,STRAIGHT & LEVEL,DAYLIGHT,,,2/26/2020 8:10:19 AM,False,4693,Accepted,
26448895,0568000,LOUISVILLE METRO POLICE DEPT,Accepted,JEFFERSON,KY2048,,CANNONS,LN,,,PEE WEE REESE,,,,,38.246290017,-85.664305628,2.090,2/24/2020 12:00:00 AM,1433,2,2,0,0,RAINING,WET,False,ANGLE COLLISION - OTHER,ANGLE,STRAIGHT & LEVEL,DAYLIGHT,,,3/2/2020 8:48:53 AM,False,7632,Accepted,
26419834,0568000,LOUISVILLE METRO POLICE DEPT,Accepted,JEFFERSON,,,VIRGINIA,AVE,,,CECIL,,,,,38.240014158,-85.821854992,1.240,2/24/2020 12:00:00 AM,0938,2,2,0,0,RAINING,WET,True,ANGLE COLLISION - OTHER,ANGLE,STRAIGHT & LEVEL,DAYLIGHT,,,2/25/2020 8:05:55 AM,False,5161,Accepted,
26419842,0568000,LOUISVILLE METRO POLICE DEPT,Accepted,JEFFERSON,KY1747,,HURSTBOURNE,PKWY,S,,VASSEL,,,,,38.159124478,-85.625939719,6.090,2/24/2020 12:00:00 AM,1106,2,2,0,0,CLOUDY,WET,False,ANGLE COLLISION - OTHER,ANGLE,STRAIGHT & LEVEL,DAYLIGHT,,,2/25/2020 8:06:27 AM,False,2017,Accepted,
26419851,0568000,LOUISVILLE METRO POLICE DEPT,Accepted,JEFFERSON,,,UPPER HUNTERS,TRCE,,,WEBER,,,,,38.166904553,-85.840998272,0.708,2/24/2020 12:00:00 AM,1709,2,2,0,0,RAINING,WET,False,ANGLE COLLISION - OTHER,ANGLE,STRAIGHT & LEVEL,DAYLIGHT,,,2/25/2020 8:07:03 AM,False,7485,Accepted,
26419860,0568000,LOUISVILLE METRO POLICE DEPT,Accepted,JEFFERSON,US0150,,BROADWAY,,E,,CLAY,,,,,38.244883807,-85.741579596,3.300,2/24/2020 12:00:00 AM,1722,3,3,0,0,CLOUDY,WET,False,ANGLE COLLISION - OTHER,ANGLE,STRAIGHT & LEVEL,DUSK,,,2/25/2020 8:07:52 AM,False,7239,Accepted,
26431313,0568000,LOUISVILLE METRO POLICE DEPT,Accepted,JEFFERSON,,,24TH,ST,N,,MAIN,,,,,38.260293644,-85.789623047,,2/24/2020 12:00:00 AM,1611,4,4,0,2,RAINING,WET,False,ANGLE COLLISION - OTHER,ANGLE,STRAIGHT & LEVEL,DAYLIGHT,,,2/27/2020 8:09:48 AM,False,7628,Accepted,
26419896,0568000,LOUISVILLE METRO POLICE DEPT,Accepted,JEFFERSON,KY0061,,PRESTON,HWY,,,CANAL,,,,,38.146424303,-85.691149417,4.552,2/24/2020 12:00:00 AM,2227,2,2,0,0,RAINING,WET,False,ANGLE COLLISION - OTHER,ANGLE,STRAIGHT & LEVEL,DARK-HWY LIGHTED/OFF,,,2/25/2020 8:09:50 AM,False,5270,Accepted,
26419864,0568000,LOUISVILLE METRO POLICE DEPT,Accepted,JEFFERSON,,,CHAMBERLAIN,LN,,,MAPLE BROOK,,,,,38.301247937,-85.544706087,2.334,2/24/2020 12:00:00 AM,1221,2,2,0,0,CLOUDY,WET,False,ANGLE COLLISION - OTHER,ANGLE,CURVE & GRADE,DAYLIGHT,,,2/25/2020 8:08:06 AM,False,7751,Accepted,
26419856,0568000,LOUISVILLE METRO POLICE DEPT,Accepted,JEFFERSON,,,OLEANDA,AVE,,,FAYWOOD,,,,,38.206775507,-85.787559596,0.081,2/24/2020 12:00:00 AM,1558,2,2,0,0,RAINING,WET,False,ANGLE COLLISION - OTHER,ANGLE,STRAIGHT & LEVEL,DAYLIGHT,,,2/25/2020 8:07:31 AM,False,5260,Accepted,
26419871,0568000,LOUISVILLE METRO POLICE DEPT,Accepted,JEFFERSON,US0150,,BROADWAY,,W,,12TH ST CONN,,,,,38.247593438,-85.771624149,1.650,2/24/2020 12:00:00 AM,0859,3,3,0,3,RAINING,WET,False,ANGLE COLLISION - OTHER,ANGLE,STRAIGHT & LEVEL,DAYLIGHT,,,2/25/2020 8:08:31 AM,False,2854,Accepted,
26419872,0568000,LOUISVILLE METRO POLICE DEPT,Accepted,JEFFERSON,US0150,,BROADWAY,,W,US0031W,DR W J HODGE,,,,,38.249164158,-85.786524409,0.825,2/24/2020 12:00:00 AM,1118,3,3,0,3,RAINING,WET,False,ANGLE COLLISION - OTHER,ANGLE,STRAIGHT & LEVEL,DAYLIGHT,,,2/25/2020 8:08:35 AM,False,2854,Accepted,
26414909,0568000,LOUISVILLE METRO POLICE DEPT,Accepted,JEFFERSON,,,MAIN,ST,W,,24TH,,,,,38.260291058,-85.789601370,0.181,2/24/2020 12:00:00 AM,0630,2,2,0,1,RAINING,WET,False,ANGLE COLLISION - OTHER,ANGLE,STRAIGHT & LEVEL,DARK-HWY LIGHTED/ON,,,2/24/2020 9:21:10 AM,False,7311,Accepted,
26419866,0568000,LOUISVILLE METRO POLICE DEPT,Accepted,JEFFERSON,US0060,,SHELBYVILLE,RD,,,MOSER,,,,,38.245050720,-85.559212580,8.825,2/24/2020 12:00:00 AM,1440,2,2,0,0,RAINING,WET,True,SIDESWIPE-SAME DIRECTION,SIDESWIPE-SAME DIRECTION,STRAIGHT & LEVEL,DAYLIGHT,,,2/25/2020 8:08:13 AM,False,7751,Accepted,
26419850,0568000,LOUISVILLE METRO POLICE DEPT,Accepted,JEFFERSON,US0031W,,DIXIE,HWY,,KY1931,GREENWOOD,,,,,38.143566612,-85.839474542,11.677,2/24/2020 12:00:00 AM,0714,2,2,0,0,RAINING,WET,False,SIDESWIPE-SAME DIRECTION,SIDESWIPE-SAME DIRECTION,STRAIGHT & LEVEL,DAWN,,,2/25/2020 8:06:59 AM,False,7485,Accepted,
26419879,0568000,LOUISVILLE METRO POLICE DEPT,Accepted,JEFFERSON,KY1727,,TERRY,RD,,KY1931,GREENWOOD,,,,,38.144700750,-85.872003992,1.685,2/24/2020 12:00:00 AM,2005,2,2,0,0,RAINING,WET,False,OPPOSING LEFT TURN,OPPOSING LEFT TURN,STRAIGHT & LEVEL,DARK-HWY LIGHTED/ON,,,2/25/2020 8:08:49 AM,False,5224,Accepted,
26419854,0568000,LOUISVILLE METRO POLICE DEPT,Accepted,JEFFERSON,US0060A,,TAYLOR,BLVD,,,SALE,,,,,38.197752804,-85.782826069,1.564,2/24/2020 12:00:00 AM,0640,2,2,0,0,RAINING,WET,True,OPPOSING LEFT TURN,OPPOSING LEFT TURN,STRAIGHT & LEVEL,DAWN,,,2/25/2020 8:07:24 AM,False,5260,Accepted,
26608670,0568000,LOUISVILLE METRO POLICE DEPT,Accepted,JEFFERSON,KY1934,,GREENBELT,HWY,,,TRADE PORT,,,,,38.125422787,-85.893040359,2.881,2/24/2020 12:00:00 AM,0732,4,4,0,2,RAINING,WET,False,OPPOSING LEFT TURN,OPPOSING LEFT TURN,STRAIGHT & LEVEL,DAYLIGHT,,,4/16/2020 10:45:48 AM,False,6877,Accepted,
26419867,0568000,LOUISVILLE METRO POLICE DEPT,Accepted,JEFFERSON,,,NELSON MILLER,PKWY,,,EASTPOINT,,,,,38.271704747,-85.507114318,0.874,2/24/2020 12:00:00 AM,1641,2,2,0,2,RAINING,WET,False,OPPOSING LEFT TURN,OPPOSING LEFT TURN,STRAIGHT & HILLCREST,DAYLIGHT,,,2/25/2020 8:08:16 AM,False,7751,Accepted,
26419859,0568000,LOUISVILLE METRO POLICE DEPT,Accepted,JEFFERSON,KY1934,,GREENBELT,HWY,,KY1230,LOWER RIVER,,,,,38.098162920,-85.892073979,1.034,2/24/2020 12:00:00 AM,1705,2,2,0,1,RAINING,WET,False,OPPOSING LEFT TURN,OPPOSING LEFT TURN,STRAIGHT & LEVEL,DAYLIGHT,,,2/25/2020 8:07:48 AM,False,7336,Accepted,
26419897,0568000,LOUISVILLE METRO POLICE DEPT,Accepted,JEFFERSON,,,MADISON,ST,W,,30TH,,,,,38.254844136,-85.800701932,1.541,2/24/2020 12:00:00 AM,2348,2,2,0,0,RAINING,WET,True,OPPOSITE DIRECTION - BOTH VEHICLES GOING STRAIGHT AHEAD,SIDESWIPE-OPPOSITE DIRECTION,STRAIGHT & LEVEL,DARK-HWY LIGHTED/ON,,,2/25/2020 8:09:53 AM,False,5008,Accepted,
26449099,0568000,LOUISVILLE METRO POLICE DEPT,Accepted,JEFFERSON,,,HUNSINGER,LN,,,PAMELA,,,,,38.216787420,-85.623634345,0.235,2/24/2020 12:00:00 AM,1634,2,2,0,2,RAINING,WET,False,REAR END - ONE VEHICLE TURNING LEFT,REAR END,STRAIGHT & LEVEL,DAYLIGHT,,,3/2/2020 8:59:30 AM,False,5119,Accepted,
26449108,0568000,LOUISVILLE METRO POLICE DEPT,Accepted,JEFFERSON,,,4TH,ST,S,,IOWA,,,,,38.207715667,-85.765117059,3.405,2/24/2020 12:00:00 AM,1627,2,2,0,0,RAINING,WET,False,OTHER INTERSECTION COLLISIONS,REAR END,STRAIGHT & LEVEL,DAYLIGHT,,,3/2/2020 9:00:06 AM,False,7094,Accepted,
26419847,0568000,LOUISVILLE METRO POLICE DEPT,Accepted,JEFFERSON,KY0864,,FEGENBUSH,LN,,,FENWICK,,,,,38.155142564,-85.636345796,6.083,2/24/2020 12:00:00 AM,1612,2,2,0,0,RAINING,WET,False,OTHER INTERSECTION COLLISIONS,REAR END,CURVE & GRADE,DAYLIGHT,,,2/25/2020 8:06:48 AM,False,2959,Accepted,
26419873,0568000,LOUISVILLE METRO POLICE DEPT,Accepted,JEFFERSON,,,CHESTNUT,ST,W,,8TH,,,,,38.249674272,-85.764494751,2.000,2/24/2020 12:00:00 AM,1544,2,2,0,0,RAINING,WET,False,OTHER INTERSECTION COLLISIONS,REAR END,STRAIGHT & LEVEL,DAYLIGHT,,,2/25/2020 8:08:39 AM,False,2854,Accepted,
26425862,0568000,LOUISVILLE METRO POLICE DEPT,Accepted,JEFFERSON,KY0061,,PRESTON,HWY,,,DURRETT,,,,,38.186142184,-85.724052390,7.873,2/24/2020 12:00:00 AM,1748,3,3,0,0,RAINING,WET,False,OTHER INTERSECTION COLLISIONS,REAR END,STRAIGHT & LEVEL,DAYLIGHT,,,2/26/2020 8:10:03 AM,False,5106,Accepted,
26414906,0568000,LOUISVILLE METRO POLICE DEPT,Accepted,JEFFERSON,,362,HILLCREST,AVE,,US0042,BROWNSBORO,,,,,38.260583275,-85.685751473,0.426,2/24/2020 12:00:00 AM,0500,1,1,0,0,RAINING,WET,True,OTHER INTERSECTION COLLISIONS,SINGLE VEHICLE,STRAIGHT & LEVEL,DARK-HWY LIGHTED/ON,,,2/24/2020 9:21:00 AM,False,7935,Accepted,
26448977,0568000,LOUISVILLE METRO POLICE DEPT,Accepted,JEFFERSON,US0060A,,TAYLOR,BLVD,,,CLARA,,,,,38.199746706,-85.782605855,1.715,2/24/2020 12:00:00 AM,2100,2,2,0,0,CLEAR,DRY,False,OTHER INTERSECTION COLLISIONS,REAR END,STRAIGHT & LEVEL,DARK-HWY LIGHTED/ON,,,3/2/2020 8:54:10 AM,False,7116,Accepted,
26419869,0568000,LOUISVILLE METRO POLICE DEPT,Accepted,JEFFERSON,,,MARKET,ST,W,,24TH,,,,,38.259106326,-85.789886319,0.183,2/24/2020 12:00:00 AM,1735,2,2,0,0,RAINING,WET,True,OTHER INTERSECTION COLLISIONS,REAR END,STRAIGHT & LEVEL,DAYLIGHT,,,2/25/2020 8:08:24 AM,False,7220,Accepted,
26419894,0568000,LOUISVILLE METRO POLICE DEPT,Accepted,JEFFERSON,KY1065,,OUTER,LOOP,,,MINOR,,,,,38.136247065,-85.697101311,5.470,2/24/2020 12:00:00 AM,2030,2,2,0,0,RAINING,WET,False,OTHER INTERSECTION COLLISIONS,REAR END,STRAIGHT & LEVEL,DARK-HWY LIGHTED/ON,,,2/25/2020 8:09:43 AM,False,5270,Accepted,
26454299,0568000,LOUISVILLE METRO POLICE DEPT,Accepted,JEFFERSON,I 0064,,I64 W,,,I 0064,I64 W EXIT12 RAMP TO I264 E,,,,,38.234631354,-85.613166184,12.846,2/24/2020 12:00:00 AM,0748,2,2,0,0,RAINING,WET,False,OTHER INTERSECTION COLLISIONS,REAR END,STRAIGHT & LEVEL,DAYLIGHT,,,3/3/2020 8:28:13 AM,False,7720,Accepted,
26414911,0568000,LOUISVILLE METRO POLICE DEPT,Accepted,JEFFERSON,,3212,ORCHARD MANOR,CIR,,,,,,,,38.214230755,-85.633455546,0.110,2/24/2020 12:00:00 AM,0625,2,2,0,0,RAINING,WET,False,1 VEHICLE PARKED POSITION (NOT PARKING LOT/DRIVEWAY),HEAD ON,STRAIGHT & LEVEL,DARK-HWY LIGHTED/OFF,,,2/24/2020 9:21:17 AM,False,5117,Accepted,
26419865,0568000,LOUISVILLE METRO POLICE DEPT,Accepted,JEFFERSON,KY0841,,GENE SNYDER,FWY,,,,,,,,38.332767627,-85.631545303,37.791,2/24/2020 12:00:00 AM,1305,1,1,0,0,CLOUDY,WET,False,COLLISION WITH FIXED OBJECT NON - INTERSECTION - FIRST EVENT COLLISION 09 - 32 EXCLUDING 16,SINGLE VEHICLE,STRAIGHT & HILLCREST,DAYLIGHT,,,2/25/2020 8:08:10 AM,False,7751,Accepted,
26419862,0568000,LOUISVILLE METRO POLICE DEPT,Accepted,JEFFERSON,US0060,,SHELBYVILLE,RD,,,,,SYCAMORE,,MOSER,38.245255238,-85.561320015,8.711,2/24/2020 12:00:00 AM,0808,2,2,0,0,RAINING,WET,False,COLLISION WITH FIXED OBJECT NON - INTERSECTION - FIRST EVENT COLLISION 09 - 32 EXCLUDING 16,REAR END,STRAIGHT & LEVEL,DAYLIGHT,,,2/25/2020 8:07:59 AM,False,7751,Accepted,
26414903,0568000,LOUISVILLE METRO POLICE DEPT,Accepted,JEFFERSON,KY0841,,GENE SNYDER,FWY,,,,,,,,38.317550219,-85.594523408,35.439,2/24/2020 12:00:00 AM,0206,1,1,0,0,CLEAR,DRY,False,COLLISION WITH FIXED OBJECT NON - INTERSECTION - FIRST EVENT COLLISION 09 - 32 EXCLUDING 16,SINGLE VEHICLE,STRAIGHT & LEVEL,DAWN,,,2/24/2020 9:20:45 AM,False,5155,Accepted,
26425846,0568000,LOUISVILLE METRO POLICE DEPT,Accepted,JEFFERSON,,1700,13TH,ST,S,,,,,,,38.224177258,-85.777381102,1.958,2/24/2020 12:00:00 AM,1933,2,2,0,0,RAINING,WET,False,1 VEHICLE PARKED POSITION (NOT PARKING LOT/DRIVEWAY),REAR END,STRAIGHT & LEVEL,DARK-HWY LIGHTED/ON,,,2/26/2020 8:08:58 AM,False,7923,Accepted,