IncidentID,AgencyORI,AgencyName,IncidentStatusDesc,County,RdwyNumber,Street,RoadwayName,StreetSfx,StreetDir,IntersectionRdwy,IntersectionRdwyName,BetweenStRdwy1,BetweenStRdwyName1,BetweenStRdwy2,BetweenStRdwyName2,Latitude,Longitude,Milepoint,CollisionDate,CollisionTime,UnitsInvolved,MotorVehiclesInvolved,NumberKilled,NumberInjured,Weather,RdwyConditionCode,HitandRun,DirAnalysisCode,MannerofCollision,RdwyCharacter,LightCondition,RampFromRdwyId,RampToRdwyId,AcceptedDate,IsSecondaryCollision,OwnerBadge,IncidentStatus,
26419893,0568000,LOUISVILLE METRO POLICE DEPT,Accepted,JEFFERSON,KY1065,,OUTER,LOOP,,,,,,,,38.129824197,-85.737447812,3.174,2/24/2020 12:00:00 AM,2055,2,2,0,0,RAINING,WET,False,REAR END IN TRAFFIC LANES BOTH VEHICLES MOVING,REAR END,STRAIGHT & GRADE,DARK-HWY LIGHTED/ON,,,2/25/2020 8:09:39 AM,False,5184,Accepted,
26419868,0568000,LOUISVILLE METRO POLICE DEPT,Accepted,JEFFERSON,I 0265,,I265 N,,,,,I 0265,I265 N EXIT30 ON RAMP FROM KY146,I 0265,I265 N EXIT33 OFF RAMP TO KY1447,38.296896473,-85.547201225,32.451,2/24/2020 12:00:00 AM,1741,2,2,0,0,RAINING,WET,False,REAR END IN TRAFFIC LANES BOTH VEHICLES MOVING,REAR END,STRAIGHT & LEVEL,DAYLIGHT,,,2/25/2020 8:08:20 AM,False,7751,Accepted,
26419811,0568000,LOUISVILLE METRO POLICE DEPT,Accepted,JEFFERSON,I 0264,,I264 W,,,,,,,,,38.208045121,-85.676540693,15.309,2/24/2020 12:00:00 AM,0754,3,3,0,0,RAINING,WET,False,REAR END IN TRAFFIC LANES BOTH VEHICLES MOVING,REAR END,STRAIGHT & GRADE,DAYLIGHT,,,2/25/2020 8:04:44 AM,False,7284,Accepted,
26414910,0568000,LOUISVILLE METRO POLICE DEPT,Accepted,JEFFERSON,US0031W,,DIXIE,HWY,,,,,,,,38.170197673,-85.827119212,13.427,2/24/2020 12:00:00 AM,0624,2,2,0,1,RAINING,WET,False,REAR END IN TRAFFIC LANES BOTH VEHICLES MOVING,REAR END,STRAIGHT & LEVEL,DARK-HWY LIGHTED/ON,,,2/24/2020 9:21:14 AM,False,5136,Accepted,
26425864,0568000,LOUISVILLE METRO POLICE DEPT,Accepted,JEFFERSON,KY0864,,BEULAH CHURCH,RD,,,,,,,,38.136022070,-85.613579084,4.140,2/24/2020 12:00:00 AM,1607,2,2,0,0,RAINING,WET,False,REAR END IN TRAFFIC LANES BOTH VEHICLES MOVING,REAR END,STRAIGHT & GRADE,DAYLIGHT,,,2/26/2020 8:10:11 AM,False,4693,Accepted,
26425865,0568000,LOUISVILLE METRO POLICE DEPT,Accepted,JEFFERSON,,,SMYRNA,PKWY,,,,,,,,38.124274507,-85.643065913,0.946,2/24/2020 12:00:00 AM,1621,2,2,0,0,RAINING,WET,False,REAR END IN TRAFFIC LANES BOTH VEHICLES MOVING,REAR END,STRAIGHT & LEVEL,DAYLIGHT,,,2/26/2020 8:10:15 AM,False,4693,Accepted,
26419848,0568000,LOUISVILLE METRO POLICE DEPT,Accepted,JEFFERSON,US0031W,,DIXIE,HWY,,,,,,,,38.157701032,-85.834037896,12.520,2/24/2020 12:00:00 AM,1311,2,2,0,0,RAINING,WET,False,REAR END IN TRAFFIC LANES BOTH VEHICLES MOVING,REAR END,STRAIGHT & LEVEL,DAYLIGHT,,,2/25/2020 8:06:52 AM,False,7234,Accepted,
26419814,0568000,LOUISVILLE METRO POLICE DEPT,Accepted,JEFFERSON,I 0265,,I265 E,,,,,,,,,38.186940864,-85.508748833,23.001,2/24/2020 12:00:00 AM,0831,2,2,0,0,RAINING,WET,False,REAR END IN TRAFFIC LANES BOTH VEHICLES MOVING,REAR END,STRAIGHT & LEVEL,DAWN,,,2/25/2020 8:04:48 AM,False,4656,Accepted,
26419807,0568000,LOUISVILLE METRO POLICE DEPT,Accepted,JEFFERSON,I 0064,,I64 W,,,,,,,,,38.237940545,-85.623448703,12.246,2/24/2020 12:00:00 AM,0824,2,2,0,2,RAINING,WET,False,REAR END IN TRAFFIC LANES BOTH VEHICLES MOVING,REAR END,STRAIGHT & LEVEL,DAYLIGHT,,,2/25/2020 8:04:32 AM,False,4903,Accepted,
26419815,0568000,LOUISVILLE METRO POLICE DEPT,Accepted,JEFFERSON,I 0064,,I64 W,,,,,,,,,38.249086538,-85.706069085,7.475,2/24/2020 12:00:00 AM,0917,2,2,0,0,RAINING,WET,False,REAR END IN TRAFFIC LANES BOTH VEHICLES MOVING,REAR END,STRAIGHT & LEVEL,DAYLIGHT,,,2/25/2020 8:04:52 AM,False,2100,Accepted,
26419832,0568000,LOUISVILLE METRO POLICE DEPT,Accepted,JEFFERSON,KY1450,,BLUE LICK,RD,,,,,,,,38.111300346,-85.690302329,1.822,2/24/2020 12:00:00 AM,1050,2,2,0,0,CLOUDY,WET,False,REAR END IN TRAFFIC LANES BOTH VEHICLES MOVING,REAR END,STRAIGHT & LEVEL,DAYLIGHT,,,2/25/2020 8:05:47 AM,False,4693,Accepted,
26414916,0568000,LOUISVILLE METRO POLICE DEPT,Accepted,JEFFERSON,US0031E,,BARDSTOWN,RD,,,,US0031E,US31E CROSSOVER,I 0265,I265 E EXIT17 OFF RAMP TO US31E,38.140206431,-85.582470680,4.815,2/24/2020 12:00:00 AM,0703,3,3,0,1,RAINING,WET,False,REAR END IN TRAFFIC LANES BOTH VEHICLES MOVING,REAR END,STRAIGHT & LEVEL,DAWN,,,2/24/2020 9:21:38 AM,False,6028,Accepted,
26414915,0568000,LOUISVILLE METRO POLICE DEPT,Accepted,JEFFERSON,I 0064,,I64 E,,,,,,,,,38.257886225,-85.741380725,5.434,2/24/2020 12:00:00 AM,0707,1,1,0,1,RAINING,WET,False,OTHER COLLISIONS ON SHOULDER,SINGLE VEHICLE,CURVE & GRADE,DAYLIGHT,,,2/24/2020 9:21:35 AM,False,4903,Accepted,
26419808,0568000,LOUISVILLE METRO POLICE DEPT,Accepted,JEFFERSON,US0031E,,BARDSTOWN,RD,,,FERNDALE,,,,,38.155449202,-85.589954095,5.954,2/24/2020 12:00:00 AM,0847,2,2,0,0,RAINING,WET,False,HEAD-ON COLLISION,HEAD ON,STRAIGHT & GRADE,DAYLIGHT,,,2/25/2020 8:04:36 AM,False,2017,Accepted,
26419806,0568000,LOUISVILLE METRO POLICE DEPT,Accepted,JEFFERSON,,,CAMPBELL,ST,S,,,,,,,38.246756285,-85.737111362,0.006,2/24/2020 12:00:00 AM,0845,2,2,0,0,RAINING,WET,False,SIDESWIPE COLLISION - SAME DIRECTION,SIDESWIPE-SAME DIRECTION,STRAIGHT & LEVEL,DAYLIGHT,,,2/25/2020 8:04:25 AM,False,7239,Accepted,
26419892,0568000,LOUISVILLE METRO POLICE DEPT,Accepted,JEFFERSON,I 0064,,I64 W,,,,,,,,,38.260252163,-85.741454147,5.151,2/24/2020 12:00:00 AM,1925,2,2,0,0,RAINING,WET,False,SIDESWIPE COLLISION - SAME DIRECTION,SIDESWIPE-SAME DIRECTION,CURVE & LEVEL,DARK-HWY LIGHTED/ON,,,2/25/2020 8:09:36 AM,False,5154,Accepted,
26419863,0568000,LOUISVILLE METRO POLICE DEPT,Accepted,JEFFERSON,KY3084,,OLD HENRY,RD,,,,,ENGLISH STATION,,PARKER HOLLOW,38.262647433,-85.516129041,0.175,2/24/2020 12:00:00 AM,1156,2,2,0,0,CLOUDY,WET,False,SIDESWIPE COLLISION - SAME DIRECTION,SIDESWIPE-SAME DIRECTION,CURVE & LEVEL,DAYLIGHT,,,2/25/2020 8:08:02 AM,False,7751,Accepted,
26419849,0568000,LOUISVILLE METRO POLICE DEPT,Accepted,JEFFERSON,KY0841,,GENE SNYDER,FWY,,,,,,,,38.119944700,-85.782131057,5.613,2/24/2020 12:00:00 AM,1653,2,2,0,0,RAINING,WET,False,SIDESWIPE COLLISION - SAME DIRECTION,SIDESWIPE-SAME DIRECTION,STRAIGHT & LEVEL,DAYLIGHT,,,2/25/2020 8:06:56 AM,False,7234,Accepted,
26572282,0568000,LOUISVILLE METRO POLICE DEPT,Accepted,JEFFERSON,,,GLOBAL,DR,,,,KY1934,GREENBELT,KY1230,CANE RUN,38.139577917,-85.888038183,0.033,2/24/2020 12:00:00 AM,1800,2,2,0,0,RAINING,WET,False,SIDESWIPE COLLISION - SAME DIRECTION,SIDESWIPE-SAME DIRECTION,STRAIGHT & LEVEL,DARK-HWY NOT LIGHTED,,,4/2/2020 8:03:54 AM,False,7160,Accepted,
26419901,0568000,LOUISVILLE METRO POLICE DEPT,Accepted,JEFFERSON,I 0265,,I265 E,,,,,I 0265,I265 E EXIT15 ON RAMP FROM KY864,I 0265,I265 E EXIT17 OFF RAMP TO US31E,38.139542345,-85.590373645,16.887,2/24/2020 12:00:00 AM,1640,3,3,0,1,RAINING,WET,False,1 VEHICLE ENTERING/LEAVING ENTRANCE,ANGLE,CURVE & LEVEL,DAYLIGHT,,,2/25/2020 8:10:33 AM,False,2308,Accepted,
26419836,0568000,LOUISVILLE METRO POLICE DEPT,Accepted,JEFFERSON,US0060A,1285,EASTERN,PKWY,,,,,DAHLIA,,BARRET,38.226406390,-85.721473337,6.047,2/24/2020 12:00:00 AM,1248,2,2,0,0,CLOUDY,WET,False,1 VEHICLE ENTERING/LEAVING ENTRANCE,ANGLE,CURVE & GRADE,DAYLIGHT,,,2/25/2020 8:06:02 AM,False,7900,Accepted,
26419844,0568000,LOUISVILLE METRO POLICE DEPT,Accepted,JEFFERSON,KY0864,,FEGENBUSH,LN,,,,,GLASER,,ARTHUR GOINS,38.140542220,-85.618974669,4.617,2/24/2020 12:00:00 AM,1505,2,2,0,0,RAINING,WET,False,1 VEHICLE ENTERING/LEAVING ENTRANCE,ANGLE,STRAIGHT & LEVEL,DAYLIGHT,,,2/25/2020 8:06:37 AM,False,6937,Accepted,
26425848,0568000,LOUISVILLE METRO POLICE DEPT,Accepted,JEFFERSON,KY2241,,WILLIS,AVE,,,,,MERIDIAN,US0060,SHELBYVILLE,38.252498091,-85.652591066,0.101,2/24/2020 12:00:00 AM,1506,2,2,0,0,RAINING,WET,False,VEHICLE BACKING NON INTERSECTION,BACKING,STRAIGHT & LEVEL,DAYLIGHT,,,2/26/2020 8:09:05 AM,False,2673,Accepted,
26419861,0568000,LOUISVILLE METRO POLICE DEPT,Accepted,JEFFERSON,US0060,,SHELBYVILLE,RD,,,,,VIEUX CARRE,,WILDWOOD,38.246224371,-85.573957245,8.019,2/24/2020 12:00:00 AM,0739,2,2,0,0,RAINING,WET,False,OTHER ROADWAY OR MID-BLOCK COLLISION,REAR END,STRAIGHT & LEVEL,DAYLIGHT,,,2/25/2020 8:07:55 AM,False,7751,Accepted,
26419826,0568000,LOUISVILLE METRO POLICE DEPT,Accepted,JEFFERSON,I 0265,,I265 E,,,,,,,,,38.194589822,-85.508302297,23.531,2/24/2020 12:00:00 AM,0852,1,1,0,0,RAINING,WET,True,OTHER ROADWAY OR MID-BLOCK COLLISION,SINGLE VEHICLE,STRAIGHT & GRADE,DAYLIGHT,,,2/25/2020 8:05:22 AM,False,8278,Accepted,
26419877,0568000,LOUISVILLE METRO POLICE DEPT,Accepted,JEFFERSON,KY0061,,PRESTON,HWY,,,,,,,,38.180181983,-85.718559342,7.361,2/24/2020 12:00:00 AM,1904,2,2,0,0,RAINING,WET,False,OTHER ROADWAY OR MID-BLOCK COLLISION,OPPOSING LEFT TURN,STRAIGHT & LEVEL,DARK-HWY LIGHTED/ON,,,2/25/2020 8:08:46 AM,False,7371,Accepted,
26419884,0568000,LOUISVILLE METRO POLICE DEPT,Accepted,JEFFERSON,I 0064,,I64 W,,,,,,,,,38.259020680,-85.752728021,4.511,2/24/2020 12:00:00 AM,2206,1,1,0,0,RAINING,WET,False,OTHER ROADWAY OR MID-BLOCK COLLISION,SINGLE VEHICLE,STRAIGHT & LEVEL,DARK-HWY LIGHTED/ON,,,2/25/2020 8:09:13 AM,False,7243,Accepted,
26419870,0568000,LOUISVILLE METRO POLICE DEPT,Accepted,JEFFERSON,US0031E,3408,BARDSTOWN,RD,,,,,,,,38.204186072,-85.665621535,11.469,2/24/2020 12:00:00 AM,1217,2,2,0,1,CLOUDY,WET,False,COLLISION IN PARKING LOT,ANGLE,CURVE & GRADE,DAYLIGHT,,,2/25/2020 8:08:27 AM,False,7366,Accepted,
26419881,0568000,LOUISVILLE METRO POLICE DEPT,Accepted,JEFFERSON,,8342,GRAND TREVI,DR,,,,,,,,38.132898526,-85.616064500,0.130,2/24/2020 12:00:00 AM,1700,2,2,0,0,RAINING,WET,True,COLLISION IN PARKING LOT,BACKING,STRAIGHT & LEVEL,DARK-HWY LIGHTED/ON,,,2/25/2020 8:08:56 AM,False,5141,Accepted,
26419846,0568000,LOUISVILLE METRO POLICE DEPT,Accepted,JEFFERSON,KY0022,9466,BROWNSBORO,RD,,,,,,,,38.306938096,-85.575438745,3.874,2/24/2020 12:00:00 AM,1627,2,2,0,0,RAINING,WET,True,COLLISION IN PARKING LOT,SIDESWIPE-OPPOSITE DIRECTION,,DAYLIGHT,,,2/25/2020 8:06:45 AM,False,7313,Accepted,
28090562,0568000,LOUISVILLE METRO POLICE DEPT,Accepted,JEFFERSON,KY1934,3649,CANE RUN,RD,,,,,,,,38.217849973,-85.815573291,10.928,2/24/2020 12:00:00 AM,1258,1,1,0,1,RAINING,WET,False,COLLISION IN PARKING LOT,SINGLE VEHICLE,STRAIGHT & LEVEL,DAYLIGHT,,,5/4/2021 3:22:15 PM,False,2142,Accepted,
26419843,0568000,LOUISVILLE METRO POLICE DEPT,Accepted,JEFFERSON,,141,SPRING,ST,N,,,,,,,38.255531810,-85.721998182,0.183,2/24/2020 12:00:00 AM,1015,1,1,0,0,CLOUDY,DRY,True,COLLISION IN PARKING LOT,SINGLE VEHICLE,STRAIGHT & LEVEL,DAYLIGHT,,,2/25/2020 8:06:31 AM,False,5251,Accepted,
26449067,0568000,LOUISVILLE METRO POLICE DEPT,Accepted,JEFFERSON,,2601,BROADWAY,,W,,,,,,,38.249492285,-85.794909701,0.360,2/24/2020 12:00:00 AM,2020,2,2,0,0,CLEAR,DRY,True,COLLISION IN PARKING LOT,ANGLE,STRAIGHT & LEVEL,DARK-HWY LIGHTED/ON,,,3/2/2020 8:57:36 AM,False,7417,Accepted,
26414904,0568000,LOUISVILLE METRO POLICE DEPT,Accepted,JEFFERSON,,4519,HAZELWOOD,AVE,,,,,,,,38.174299614,-85.793139933,0.371,2/23/2020 12:00:00 AM,2228,2,2,0,0,CLEAR,DRY,True,COLLISION IN PARKING LOT,SIDESWIPE-SAME DIRECTION,STRAIGHT & LEVEL,UNKNOWN,,,2/24/2020 9:20:50 AM,False,7040,Accepted,
26414901,0568000,LOUISVILLE METRO POLICE DEPT,Accepted,JEFFERSON,,5104,INDIAN,TRL,E,,,,,,,38.185082735,-85.664010016,2.700,2/23/2020 12:00:00 AM,1930,2,2,0,0,CLEAR,DRY,False,COLLISION IN PARKING LOT,REAR TO REAR,STRAIGHT & LEVEL,OTHER,,,2/24/2020 9:20:37 AM,False,5001,Accepted,
26414880,0568000,LOUISVILLE METRO POLICE DEPT,Accepted,JEFFERSON,I 0265,,,,,,,,,,,38.110506130,-85.681006447,0.346,2/23/2020 12:00:00 AM,1700,2,2,0,0,CLEAR,DRY,False,OTHER RAMP RELATED COLLISIONS NOT LISTED ABOVE,REAR END,STRAIGHT & LEVEL,DAYLIGHT,KY0061,I 0265,2/24/2020 9:19:15 AM,False,7486,Accepted,
26414839,0568000,LOUISVILLE METRO POLICE DEPT,Accepted,JEFFERSON,I 0264,,,,,,,,,,,38.228880171,-85.635030378,0.288,2/23/2020 12:00:00 AM,0206,1,1,0,0,CLEAR,DRY,False,OTHER RAMP RELATED COLLISIONS NOT LISTED ABOVE,SINGLE VEHICLE,STRAIGHT & LEVEL,DARK-HWY LIGHTED/ON,I 0264,KY1932,2/24/2020 9:17:31 AM,False,5146,Accepted,
26414882,0568000,LOUISVILLE METRO POLICE DEPT,Accepted,JEFFERSON,I 0065,,,,,,,,,,,38.150567544,-85.713620560,1.333,2/23/2020 12:00:00 AM,1645,2,2,0,0,CLEAR,DRY,False,OTHER RAMP RELATED COLLISIONS NOT LISTED ABOVE,SIDESWIPE-SAME DIRECTION,STRAIGHT & LEVEL,DAYLIGHT,I 0065,KY1631,2/24/2020 9:19:23 AM,False,7269,Accepted,
26414878,0568000,LOUISVILLE METRO POLICE DEPT,Accepted,JEFFERSON,,,VIRGINIA,AVE,,,,,,,,38.238328807,-85.802583718,0.348,2/23/2020 12:00:00 AM,1422,2,2,0,0,CLEAR,DRY,False,VEHICLE BACKING NON INTERSECTION,BACKING,STRAIGHT & LEVEL,DAYLIGHT,,,2/24/2020 9:19:08 AM,False,7326,Accepted,
26414861,0568000,LOUISVILLE METRO POLICE DEPT,Accepted,JEFFERSON,US0031E,,BARDSTOWN,RD,,,,,LONGEST,,BEECHWOOD,38.236003705,-85.716512402,15.128,2/23/2020 12:00:00 AM,1230,2,2,0,0,CLEAR,DRY,False,1 VEHICLE ENTERING/LEAVING ENTRANCE,ANGLE,STRAIGHT & LEVEL,DAYLIGHT,,,2/24/2020 9:18:28 AM,False,5250,Accepted,
26414829,0568000,LOUISVILLE METRO POLICE DEPT,Accepted,JEFFERSON,KY1020,5537,NATIONAL,TPKE,,,,,,,,38.151586718,-85.764185643,5.578,2/23/2020 12:00:00 AM,0210,2,2,0,2,CLEAR,DRY,False,1 VEHICLE ENTERING/LEAVING ENTRANCE,ANGLE,STRAIGHT & LEVEL,DARK (UNKNOWN ROADWAY LIGHTING),,,2/24/2020 9:16:58 AM,False,5059,Accepted,
26414877,0568000,LOUISVILLE METRO POLICE DEPT,Accepted,JEFFERSON,KY0061,,PRESTON,HWY,,,,,ROSE,,GILMORE,38.175345209,-85.713500979,6.970,2/23/2020 12:00:00 AM,1557,2,2,0,0,CLEAR,DRY,False,1 VEHICLE ENTERING/LEAVING ENTRANCE,ANGLE,STRAIGHT & LEVEL,DAYLIGHT,,,2/24/2020 9:19:03 AM,False,7830,Accepted,
26414826,0568000,LOUISVILLE METRO POLICE DEPT,Accepted,JEFFERSON,KY1934,,CANE RUN,RD,,,,,SHANKS,,COVENTRY,38.195274838,-85.842797347,8.770,2/23/2020 12:00:00 AM,0030,2,2,0,0,CLEAR,DRY,False,1 VEHICLE ENTERING/LEAVING ENTRANCE,ANGLE,STRAIGHT & LEVEL,DARK-HWY LIGHTED/OFF,,,2/24/2020 9:16:49 AM,False,2877,Accepted,
26414888,0568000,LOUISVILLE METRO POLICE DEPT,Accepted,JEFFERSON,,,BLUEGRASS,AVE,,,,,LONSDALE,KY1865,TAYLOR,38.179535451,-85.783961016,0.815,2/23/2020 12:00:00 AM,0903,2,2,0,0,CLEAR,DRY,False,SIDESWIPE COLLISION - SAME DIRECTION,SIDESWIPE-SAME DIRECTION,STRAIGHT & LEVEL,DAYLIGHT,,,2/24/2020 9:19:51 AM,False,7418,Accepted,
26414902,0568000,LOUISVILLE METRO POLICE DEPT,Accepted,JEFFERSON,I 0264,,I264 W,,,,,I 0264,I264 W EXIT3 OFF RAMP TO  DUMESNIL ST,I 0264,I264 W EXIT3 ON RAMP FROM  VIRGINIA AVE,38.236866312,-85.817298274,2.993,2/23/2020 12:00:00 AM,1906,2,2,0,0,CLEAR,DRY,False,SIDESWIPE COLLISION - SAME DIRECTION,SIDESWIPE-SAME DIRECTION,STRAIGHT & LEVEL,DARK-HWY LIGHTED/ON,,,2/24/2020 9:20:41 AM,False,7445,Accepted,
26414890,0568000,LOUISVILLE METRO POLICE DEPT,Accepted,JEFFERSON,,,CLAY,ST,S,,,,CALDWELL,,COKE,38.239144238,-85.742515907,1.105,2/23/2020 12:00:00 AM,1521,2,2,0,0,CLEAR,DRY,False,OTHER COLLISIONS ON SHOULDER,SIDESWIPE-SAME DIRECTION,STRAIGHT & LEVEL,DAYLIGHT,,,2/24/2020 9:19:58 AM,False,7418,Accepted,
26414886,0568000,LOUISVILLE METRO POLICE DEPT,Accepted,JEFFERSON,KY1747,,HURSTBOURNE,PKWY,S,,,,HURSTBOURNE,,HURSTBOURNE,38.217893087,-85.585852057,11.353,2/23/2020 12:00:00 AM,1332,2,2,0,0,CLEAR,DRY,False,REAR END IN TRAFFIC LANES BOTH VEHICLES MOVING,REAR END,STRAIGHT & LEVEL,DAYLIGHT,,,2/24/2020 9:19:43 AM,False,7448,Accepted,
26414887,0568000,LOUISVILLE METRO POLICE DEPT,Accepted,JEFFERSON,KY0155,,TAYLORSVILLE,RD,,,,,MCMAHAN,,TAYLOR SPRINGS,38.219540274,-85.618412945,12.929,2/23/2020 12:00:00 AM,1618,2,2,0,0,CLEAR,DRY,False,REAR END IN TRAFFIC LANES BOTH VEHICLES MOVING,REAR END,STRAIGHT & LEVEL,DAYLIGHT,,,2/24/2020 9:19:47 AM,False,7448,Accepted,
26414913,0568000,LOUISVILLE METRO POLICE DEPT,Accepted,JEFFERSON,,1911,BUECHEL BANK,RD,,,,,,,,38.177973643,-85.649391859,0.991,2/23/2020 12:00:00 AM,2300,2,2,0,0,CLEAR,DRY,False,REAR END IN TRAFFIC LANES BOTH VEHICLES MOVING,REAR END,STRAIGHT & LEVEL,DARK-HWY LIGHTED/OFF,,,2/24/2020 9:21:25 AM,False,5146,Accepted,
26414895,0568000,LOUISVILLE METRO POLICE DEPT,Accepted,JEFFERSON,,1900,BUECHEL BANK,RD,,,,,,,,38.178009634,-85.649676416,1.039,2/23/2020 12:00:00 AM,0805,2,2,0,0,CLOUDY,DRY,False,REAR END IN TRAFFIC LANES BOTH VEHICLES MOVING,REAR END,STRAIGHT & LEVEL,DAWN,,,2/24/2020 9:20:13 AM,False,7294,Accepted,
26431386,0568000,LOUISVILLE METRO POLICE DEPT,Accepted,JEFFERSON,I 0065,,I65 S,,,,,I 0065,I65 S EXIT134 ON RAMP FROM  MAGNOLIA AVE,I 0065,I65 S EXIT134 OFF RAMP TO  ARTHUR ST,38.225171179,-85.751360322,133.808,2/23/2020 12:00:00 AM,0455,2,2,0,0,CLEAR,DRY,True,REAR END IN TRAFFIC LANES BOTH VEHICLES MOVING,REAR END,STRAIGHT & LEVEL,DARK (UNKNOWN ROADWAY LIGHTING),,,2/27/2020 8:13:53 AM,False,5050,Accepted,
26436949,0568000,LOUISVILLE METRO POLICE DEPT,Accepted,JEFFERSON,KY0155,4121,TAYLORSVILLE,RD,,,,,,,,38.219449406,-85.616640271,12.832,2/23/2020 12:00:00 AM,1542,3,3,0,0,CLEAR,DRY,False,REAR END IN TRAFFIC LANES BOTH VEHICLES MOVING,REAR END,STRAIGHT & LEVEL,DAYLIGHT,,,2/28/2020 8:09:00 AM,False,7448,Accepted,
26414889,0568000,LOUISVILLE METRO POLICE DEPT,Accepted,JEFFERSON,,,IOWA,AVE,,,,KY1020,3RD,,4TH,38.207704062,-85.764970468,0.458,2/23/2020 12:00:00 AM,1322,2,2,0,0,CLEAR,DRY,False,1 VEHICLE PARKED POSITION (NOT PARKING LOT/DRIVEWAY),SIDESWIPE-SAME DIRECTION,STRAIGHT & LEVEL,DAYLIGHT,,,2/24/2020 9:19:55 AM,False,7418,Accepted,
26414896,0568000,LOUISVILLE METRO POLICE DEPT,Accepted,JEFFERSON,,1452,4TH,ST,S,,,,,,,38.227313722,-85.761683756,2.041,2/23/2020 12:00:00 AM,1535,4,4,0,0,CLEAR,DRY,True,1 VEHICLE PARKED POSITION (NOT PARKING LOT/DRIVEWAY),SIDESWIPE-OPPOSITE DIRECTION,STRAIGHT & LEVEL,DAYLIGHT,,,2/24/2020 9:20:17 AM,False,5258,Accepted,
26414850,0568000,LOUISVILLE METRO POLICE DEPT,Accepted,JEFFERSON,KY2053,5704,MT WASHINGTON,RD,,,,,,,,38.092043787,-85.661499066,0.414,2/23/2020 12:00:00 AM,0400,2,2,0,0,CLEAR,DRY,True,1 VEHICLE PARKED POSITION (NOT PARKING LOT/DRIVEWAY),SIDESWIPE-SAME DIRECTION,STRAIGHT & LEVEL,DARK-HWY LIGHTED/ON,,,2/24/2020 9:17:47 AM,False,7829,Accepted,
26414876,0568000,LOUISVILLE METRO POLICE DEPT,Accepted,JEFFERSON,,,FOREST,CT,,,,,,,,38.255327768,-85.685247062,0.041,2/23/2020 12:00:00 AM,1552,2,2,0,0,CLEAR,DRY,False,1 VEHICLE PARKED POSITION (NOT PARKING LOT/DRIVEWAY),SIDESWIPE-SAME DIRECTION,STRAIGHT & LEVEL,DAYLIGHT,,,2/24/2020 9:19:00 AM,False,7028,Accepted,
26414905,0568000,LOUISVILLE METRO POLICE DEPT,Accepted,JEFFERSON,KY1747,,HURSTBOURNE,PKWY,,,,,,,,38.163701056,-85.609657294,7.037,2/23/2020 12:00:00 AM,2240,1,1,0,0,CLEAR,DRY,False,COLLISION WITH FIXED OBJECT NON - INTERSECTION - FIRST EVENT COLLISION 09 - 32 EXCLUDING 16,SINGLE VEHICLE,CURVE & GRADE,DARK-HWY NOT LIGHTED,,,2/24/2020 9:20:55 AM,False,7492,Accepted,
26414833,0568000,LOUISVILLE METRO POLICE DEPT,Accepted,JEFFERSON,US0031E,1960,BARDSTOWN,RD,,,,,,,,38.226473252,-85.697982718,13.900,2/23/2020 12:00:00 AM,0345,1,1,0,0,CLEAR,DRY,False,COLLISION WITH FIXED OBJECT NON - INTERSECTION - FIRST EVENT COLLISION 09 - 32 EXCLUDING 16,SINGLE VEHICLE,STRAIGHT & LEVEL,DARK-HWY LIGHTED/ON,,,2/24/2020 9:17:12 AM,False,2192,Accepted,
26414834,0568000,LOUISVILLE METRO POLICE DEPT,Accepted,JEFFERSON,I 0064,,I64 W,,,,,,,,,38.231255278,-85.602852764,13.461,2/23/2020 12:00:00 AM,0220,1,1,0,0,CLEAR,DRY,False,COLLISION WITH FIXED OBJECT NON - INTERSECTION - FIRST EVENT COLLISION 09 - 32 EXCLUDING 16,SINGLE VEHICLE,STRAIGHT & LEVEL,DARK-HWY LIGHTED/ON,,,2/24/2020 9:17:18 AM,True,7055,Accepted,
26414879,0568000,LOUISVILLE METRO POLICE DEPT,Accepted,JEFFERSON,US0031E,807,MARKET,ST,E,,,,,,,38.253166087,-85.737779845,16.922,2/23/2020 12:00:00 AM,0100,2,2,0,0,CLEAR,DRY,True,1 VEHICLE PARKED POSITION (NOT PARKING LOT/DRIVEWAY),BACKING,STRAIGHT & LEVEL,DARK-HWY LIGHTED/OFF,,,2/24/2020 9:19:11 AM,False,7216,Accepted,
26414828,0568000,LOUISVILLE METRO POLICE DEPT,Accepted,JEFFERSON,US0031E,,BARDSTOWN,RD,,KY1747,HURSTBOURNE,,,,,38.168961832,-85.605282448,7.257,2/23/2020 12:00:00 AM,0043,2,2,0,4,CLEAR,DRY,False,OTHER INTERSECTION COLLISIONS,REAR END,STRAIGHT & LEVEL,DARK-HWY LIGHTED/ON,,,2/24/2020 9:16:54 AM,False,7761,Accepted,