IncidentID,AgencyORI,AgencyName,IncidentStatusDesc,County,RdwyNumber,Street,RoadwayName,StreetSfx,StreetDir,IntersectionRdwy,IntersectionRdwyName,BetweenStRdwy1,BetweenStRdwyName1,BetweenStRdwy2,BetweenStRdwyName2,Latitude,Longitude,Milepoint,CollisionDate,CollisionTime,UnitsInvolved,MotorVehiclesInvolved,NumberKilled,NumberInjured,Weather,RdwyConditionCode,HitandRun,DirAnalysisCode,MannerofCollision,RdwyCharacter,LightCondition,RampFromRdwyId,RampToRdwyId,AcceptedDate,IsSecondaryCollision,OwnerBadge,IncidentStatus,
26414897,0568000,LOUISVILLE METRO POLICE DEPT,Accepted,JEFFERSON,KY1020,,3RD,ST,S,,YORK,,,,,38.244167829,-85.757034577,11.960,2/23/2020 12:00:00 AM,1132,2,2,0,0,CLEAR,DRY,False,OTHER INTERSECTION COLLISIONS,REAR END,STRAIGHT & LEVEL,DUSK,,,2/24/2020 9:20:22 AM,False,7400,Accepted,
26454307,0568000,LOUISVILLE METRO POLICE DEPT,Accepted,JEFFERSON,KY1020,,SOUTHERN,PKWY,,,ASHLAND,,,,,38.185231107,-85.767417937,8.077,2/23/2020 12:00:00 AM,1844,2,2,0,0,CLEAR,DRY,False,SIDESWIPE-SAME DIRECTION,SIDESWIPE-SAME DIRECTION,STRAIGHT & LEVEL,DARK-HWY LIGHTED/ON,,,3/3/2020 8:28:55 AM,False,7301,Accepted,
26414899,0568000,LOUISVILLE METRO POLICE DEPT,Accepted,JEFFERSON,KY2055,,MANSLICK,RD,W,,BROWN AUSTIN,,,,,38.111753346,-85.766726387,1.948,2/23/2020 12:00:00 AM,2000,2,2,0,1,CLEAR,DRY,False,ANGLE COLLISION - OTHER,ANGLE,STRAIGHT & LEVEL,DARK-HWY LIGHTED/ON,,,2/24/2020 9:20:29 AM,False,5220,Accepted,
26414859,0568000,LOUISVILLE METRO POLICE DEPT,Accepted,JEFFERSON,,,RIVER PARK,DR,,,32ND,,,,,38.254212199,-85.805304193,1.188,2/23/2020 12:00:00 AM,1216,2,2,0,1,CLEAR,DRY,False,ANGLE COLLISION - OTHER,ANGLE,STRAIGHT & LEVEL,DAYLIGHT,,,2/24/2020 9:18:25 AM,False,7460,Accepted,
26414831,0568000,LOUISVILLE METRO POLICE DEPT,Accepted,JEFFERSON,,,CARDINAL,BLVD,W,KY1020,3RD,,,,,38.220552352,-85.761174748,0.181,2/23/2020 12:00:00 AM,0159,2,2,0,0,CLEAR,DRY,True,ANGLE COLLISION - OTHER,ANGLE,STRAIGHT & LEVEL,DARK-HWY LIGHTED/ON,,,2/24/2020 9:17:05 AM,False,5236,Accepted,
26414894,0568000,LOUISVILLE METRO POLICE DEPT,Accepted,JEFFERSON,KY0155,,TAYLORSVILLE,RD,,,GRENDEN FIELDS,,,,,38.187616828,-85.517628353,6.534,2/23/2020 12:00:00 AM,1245,2,2,0,0,CLOUDY,DRY,False,ANGLE COLLISION - OTHER,ANGLE,STRAIGHT & LEVEL,DAYLIGHT,,,2/24/2020 9:20:09 AM,False,6494,Accepted,
26436970,0568000,LOUISVILLE METRO POLICE DEPT,Accepted,JEFFERSON,,,INDIAN,TRL,E,,UNSELD,,,,,38.180059439,-85.673586291,2.071,2/23/2020 12:00:00 AM,1827,2,2,0,2,CLEAR,DRY,False,ANGLE COLLISION - OTHER,ANGLE,STRAIGHT & LEVEL,DAYLIGHT,,,2/28/2020 8:10:26 AM,False,5159,Accepted,
26414866,0568000,LOUISVILLE METRO POLICE DEPT,Accepted,JEFFERSON,KY0907,,3RD ST,RD,,,SHOREWOOD,,,,,38.144930435,-85.776491864,6.215,2/23/2020 12:00:00 AM,1430,2,2,0,0,CLEAR,DRY,False,ANGLE COLLISION - ONE VEHICLE TURNING LEFT,ANGLE,STRAIGHT & LEVEL,DAYLIGHT,,,2/24/2020 9:18:38 AM,False,7139,Accepted,
26431387,0568000,LOUISVILLE METRO POLICE DEPT,Accepted,JEFFERSON,,,VINE,ST,,,SWAN,,,,,38.241311886,-85.734254605,0.176,2/23/2020 12:00:00 AM,0400,4,4,0,1,CLEAR,DRY,False,COLLISION WITH PARKED VEHICLE,SIDESWIPE-SAME DIRECTION,STRAIGHT & GRADE,DARK (UNKNOWN ROADWAY LIGHTING),,,2/27/2020 8:13:56 AM,False,5050,Accepted,
26414853,0568000,LOUISVILLE METRO POLICE DEPT,Accepted,JEFFERSON,US0150,,BROADWAY,,W,,16TH,,,,,38.248462635,-85.778199551,1.286,2/23/2020 12:00:00 AM,0945,2,2,0,0,CLEAR,DRY,True,COLLISION WITH PARKED VEHICLE,BACKING,STRAIGHT & LEVEL,DAYLIGHT,,,2/24/2020 9:18:04 AM,False,2855,Accepted,
26416665,0568000,LOUISVILLE METRO POLICE DEPT,Accepted,JEFFERSON,US0042,,STORY,AVE,,,BUCHANAN,,,,,38.255080735,-85.730028140,0.153,2/23/2020 12:00:00 AM,0355,2,1,0,0,CLEAR,DRY,True,COLLISION WITH PARKED VEHICLE,SIDESWIPE-SAME DIRECTION,STRAIGHT & LEVEL,DARK-HWY LIGHTED/ON,,,2/24/2020 2:21:51 PM,False,7316,Accepted,
26414892,0568000,LOUISVILLE METRO POLICE DEPT,Accepted,JEFFERSON,KY1931,,GREENWOOD,RD,,,HELEN,,,,,38.143692317,-85.844227767,2.871,2/23/2020 12:00:00 AM,1713,1,1,0,2,CLEAR,DRY,False,COLLISION WITH FIXED OBJECT IN INTERSECTION - FIRST EVENT COLLISION 09 - 32,SINGLE VEHICLE,STRAIGHT & LEVEL,DAYLIGHT,,,2/24/2020 9:20:01 AM,False,7496,Accepted,
26414835,0568000,LOUISVILLE METRO POLICE DEPT,Accepted,JEFFERSON,,1226,13TH,ST,S,,OAK,,,,,38.235566826,-85.775458220,1.074,2/22/2020 12:00:00 AM,2209,1,1,0,2,CLEAR,DRY,False,COLLISION WITH FIXED OBJECT IN INTERSECTION - FIRST EVENT COLLISION 09 - 32,SINGLE VEHICLE,STRAIGHT & LEVEL,DARK-HWY LIGHTED/ON,,,2/24/2020 9:17:23 AM,False,7393,Accepted,
26414769,0568000,LOUISVILLE METRO POLICE DEPT,Accepted,JEFFERSON,US0031E,,BARDSTOWN,RD,,,DEL MARIA,,,,,38.170459434,-85.607454025,7.410,2/22/2020 12:00:00 AM,1226,3,3,0,1,CLEAR,DRY,False,COLLISION WITH FIXED OBJECT IN INTERSECTION - FIRST EVENT COLLISION 09 - 32,HEAD ON,STRAIGHT & GRADE,DAYLIGHT,,,2/24/2020 9:14:41 AM,False,7338,Accepted,
26414898,0568000,LOUISVILLE METRO POLICE DEPT,Accepted,JEFFERSON,,,DIXIE,HWY,,,BERNHEIM,,,,,38.221402137,-85.793214828,1.993,2/22/2020 12:00:00 AM,2227,2,1,0,1,CLEAR,DRY,False,COLLISION WITH PEDESTRIAN IN INTERSECTION,SINGLE VEHICLE,STRAIGHT & LEVEL,DARK-HWY LIGHTED/ON,,,2/24/2020 9:20:25 AM,False,5256,Accepted,
26414893,0568000,LOUISVILLE METRO POLICE DEPT,Accepted,JEFFERSON,US0031E,,BARDSTOWN,RD,,,CEDARLOOK,,,,,38.147053526,-85.585875699,5.332,2/22/2020 12:00:00 AM,1741,2,2,0,0,CLEAR,DRY,False,ANGLE COLLISION - ONE VEHICLE TURNING LEFT,ANGLE,STRAIGHT & LEVEL,DAYLIGHT,,,2/24/2020 9:20:04 AM,False,6494,Accepted,
26460072,0568000,LOUISVILLE METRO POLICE DEPT,Accepted,JEFFERSON,,,WILSON,AVE,,US0031W,22ND,,,,,38.234909985,-85.790370408,0.837,2/22/2020 12:00:00 AM,1056,2,2,0,0,CLEAR,DRY,False,ANGLE COLLISION - OTHER,ANGLE,STRAIGHT & LEVEL,DAYLIGHT,,,3/4/2020 8:16:38 AM,False,5190,Accepted,
26431324,0568000,LOUISVILLE METRO POLICE DEPT,Accepted,JEFFERSON,,,CHESTNUT,ST,W,,13TH,,,,,38.250682988,-85.772846448,1.537,2/22/2020 12:00:00 AM,1820,2,2,0,5,CLEAR,DRY,False,ANGLE COLLISION - OTHER,ANGLE,STRAIGHT & GRADE,DUSK,,,2/27/2020 8:10:12 AM,False,2661,Accepted,
26414808,0568000,LOUISVILLE METRO POLICE DEPT,Accepted,JEFFERSON,,,LYNNBROOK,DR,,,BROWNS,,,,,38.230646619,-85.625011676,0.280,2/22/2020 12:00:00 AM,1740,2,2,0,1,CLEAR,DRY,False,ANGLE COLLISION - OTHER,ANGLE,STRAIGHT & LEVEL,DAYLIGHT,,,2/24/2020 9:16:04 AM,False,5247,Accepted,
26414714,0568000,LOUISVILLE METRO POLICE DEPT,Accepted,JEFFERSON,,,ARNOLDTOWN,RD,,,RICA,,,,,38.140582271,-85.821790503,0.631,2/22/2020 12:00:00 AM,1134,2,2,0,0,CLEAR,DRY,False,ANGLE COLLISION - ONE VEHICLE TURNING RIGHT,ANGLE,STRAIGHT & LEVEL,DAYLIGHT,,,2/24/2020 9:14:00 AM,False,6318,Accepted,
26431295,0568000,LOUISVILLE METRO POLICE DEPT,Accepted,JEFFERSON,,,GOLDSMITH,LN,,US0031E,BARDSTOWN,,,,,38.209492274,-85.666993403,1.185,2/22/2020 12:00:00 AM,1737,2,2,0,1,CLEAR,DRY,False,ANGLE COLLISION - OTHER,ANGLE,STRAIGHT & LEVEL,DAYLIGHT,,,2/27/2020 8:08:46 AM,False,7283,Accepted,
26414825,0568000,LOUISVILLE METRO POLICE DEPT,Accepted,JEFFERSON,US0031W,,MAIN,ST,W,US0150,DR W J HODGE,,,,,38.259741772,-85.784657236,20.390,2/22/2020 12:00:00 AM,2101,3,3,0,5,CLEAR,DRY,False,ANGLE COLLISION - OTHER,ANGLE,STRAIGHT & LEVEL,DARK-HWY LIGHTED/ON,,,2/24/2020 9:16:43 AM,False,5199,Accepted,
26414698,0568000,LOUISVILLE METRO POLICE DEPT,Accepted,JEFFERSON,,,JEFFERSON,ST,E,KY0061,PRESTON,,,,,38.252655672,-85.746140431,0.725,2/22/2020 12:00:00 AM,0120,2,2,0,0,CLEAR,DRY,True,ANGLE COLLISION - OTHER,ANGLE,STRAIGHT & LEVEL,DARK-HWY LIGHTED/ON,,,2/24/2020 9:13:27 AM,False,5135,Accepted,
26414791,0568000,LOUISVILLE METRO POLICE DEPT,Accepted,JEFFERSON,KY2049,,CRUMS,LN,,,POPPY,,,,,38.197758737,-85.834115457,0.201,2/22/2020 12:00:00 AM,1100,2,2,0,0,CLEAR,DRY,False,ANGLE COLLISION - OTHER,ANGLE,STRAIGHT & LEVEL,DAYLIGHT,,,2/24/2020 9:15:52 AM,False,5032,Accepted,
26492918,0560600,WEST BUECHEL POLICE DEPT.,Accepted,JEFFERSON,,,ABERNATHY,RD,,KY1703,NEWBERG,,,,,38.188092002,-85.669662242,0.043,2/22/2020 12:00:00 AM,1600,2,2,0,0,RAINING,WET,False,ANGLE COLLISION - OTHER,ANGLE,STRAIGHT & GRADE,DAYLIGHT,,,3/10/2020 2:54:24 PM,False,1290,Accepted,
26454294,0568000,LOUISVILLE METRO POLICE DEPT,Accepted,JEFFERSON,KY0155,,TAYLORSVILLE,RD,,US0031E,BARDSTOWN,,,,,38.222997913,-85.684712374,16.540,2/22/2020 12:00:00 AM,1145,2,2,0,0,CLEAR,DRY,False,ANGLE COLLISION - OTHER,ANGLE,STRAIGHT & HILLCREST,DAYLIGHT,,,3/3/2020 8:27:54 AM,False,7793,Accepted,
26454355,0568000,LOUISVILLE METRO POLICE DEPT,Accepted,JEFFERSON,,,4TH,ST,S,,IOWA,,,,,38.207728601,-85.765114450,3.404,2/22/2020 12:00:00 AM,2001,2,2,0,0,CLEAR,DRY,False,ANGLE COLLISION - OTHER,ANGLE,STRAIGHT & LEVEL,DARK-HWY LIGHTED/ON,,,3/3/2020 8:32:09 AM,False,7010,Accepted,
26414836,0568000,LOUISVILLE METRO POLICE DEPT,Accepted,JEFFERSON,I 0265,,I265 N,,,I 0064,I64 E,,,,,38.222466793,-85.505506734,25.462,2/22/2020 12:00:00 AM,2056,2,2,0,0,CLEAR,DRY,True,SIDESWIPE-SAME DIRECTION,SIDESWIPE-SAME DIRECTION,STRAIGHT & LEVEL,DARK-HWY LIGHTED/ON,,,2/24/2020 9:17:28 AM,False,5128,Accepted,
26414824,0568000,LOUISVILLE METRO POLICE DEPT,Accepted,JEFFERSON,US0031E,,MARKET,ST,E,US0031E,BAXTER,,,,,38.252588683,-85.732552903,16.635,2/22/2020 12:00:00 AM,2232,2,2,0,0,CLEAR,DRY,False,SIDESWIPE-SAME DIRECTION,SIDESWIPE-SAME DIRECTION,STRAIGHT & LEVEL,DARK-HWY LIGHTED/ON,,,2/24/2020 9:16:39 AM,False,7325,Accepted,
26414780,0568000,LOUISVILLE METRO POLICE DEPT,Accepted,JEFFERSON,KY0155,,TAYLORSVILLE,RD,,KY1932,BRECKENRIDGE,,,,,38.220192126,-85.630546869,13.590,2/22/2020 12:00:00 AM,1621,2,2,0,0,CLEAR,DRY,False,REAR END - ONE VEHICLE TURNING RIGHT,REAR END,STRAIGHT & LEVEL,DAYLIGHT,,,2/24/2020 9:15:20 AM,False,7431,Accepted,
26414719,0568000,LOUISVILLE METRO POLICE DEPT,Accepted,JEFFERSON,,,3RD,ST,S,,LANSING,,,,,38.192369392,-85.764929214,0.543,2/22/2020 12:00:00 AM,1225,2,2,0,0,CLEAR,DRY,False,OTHER INTERSECTION COLLISIONS,REAR END,STRAIGHT & LEVEL,DAYLIGHT,,,2/24/2020 9:14:04 AM,False,7872,Accepted,
26414697,0568000,LOUISVILLE METRO POLICE DEPT,Accepted,JEFFERSON,US0031E,,MARKET,ST,W,KY1020,2ND,,,,,38.254830017,-85.753591822,17.784,2/22/2020 12:00:00 AM,0400,2,2,0,0,CLEAR,DRY,True,OTHER INTERSECTION COLLISIONS,REAR END,STRAIGHT & LEVEL,DARK-HWY LIGHTED/ON,,,2/24/2020 9:13:23 AM,False,5271,Accepted,
26414885,0568000,LOUISVILLE METRO POLICE DEPT,Accepted,JEFFERSON,US0031E,,BARDSTOWN,RD,,,DOUGLASS,,,,,38.224570112,-85.693942704,13.643,2/22/2020 12:00:00 AM,2240,2,2,0,1,CLEAR,DRY,False,OTHER INTERSECTION COLLISIONS,REAR END,CURVE & LEVEL,DARK-HWY LIGHTED/ON,,,2/24/2020 9:19:36 AM,False,7746,Accepted,
26414851,0568000,LOUISVILLE METRO POLICE DEPT,Accepted,JEFFERSON,KY1747,,HURSTBOURNE,PKWY,S,,BUNSEN,,,,,38.219011345,-85.584254786,11.453,2/22/2020 12:00:00 AM,1627,3,3,0,0,CLEAR,DRY,False,OTHER INTERSECTION COLLISIONS,REAR END,STRAIGHT & LEVEL,DAYLIGHT,,,2/24/2020 9:17:50 AM,False,7830,Accepted,
26414823,0568000,LOUISVILLE METRO POLICE DEPT,Accepted,JEFFERSON,US0031E,,BARDSTOWN,RD,,,BUECHEL,,,,,38.188266455,-85.640009318,9.550,2/22/2020 12:00:00 AM,1943,2,2,0,0,CLEAR,DRY,False,OTHER INTERSECTION COLLISIONS,REAR END,STRAIGHT & LEVEL,DUSK,,,2/24/2020 9:16:36 AM,False,7492,Accepted,
26414790,0568000,LOUISVILLE METRO POLICE DEPT,Accepted,JEFFERSON,KY1931,,MANSLICK,RD,,,MELODY,,,,,38.160464151,-85.797937149,5.907,2/22/2020 12:00:00 AM,1228,2,2,0,0,CLEAR,DRY,False,OTHER INTERSECTION COLLISIONS,REAR END,STRAIGHT & GRADE,DAYLIGHT,,,2/24/2020 9:15:49 AM,False,7340,Accepted,
26414781,0568000,LOUISVILLE METRO POLICE DEPT,Accepted,JEFFERSON,KY1065,,BEULAH CHURCH,RD,,,JOHNSON SCHOOL,,,,,38.141039661,-85.598371292,10.902,2/22/2020 12:00:00 AM,0946,2,2,0,0,CLEAR,DRY,False,OTHER INTERSECTION COLLISIONS,REAR END,CURVE & LEVEL,DAYLIGHT,,,2/24/2020 9:15:23 AM,False,5005,Accepted,
26414782,0568000,LOUISVILLE METRO POLICE DEPT,Accepted,JEFFERSON,US0031E,,BARDSTOWN,RD,,KY1065,BEULAH CHURCH,,,,,38.150014415,-85.587284464,5.555,2/22/2020 12:00:00 AM,1624,2,2,0,0,CLEAR,DRY,False,OTHER INTERSECTION COLLISIONS,REAR END,STRAIGHT & LEVEL,DAYLIGHT,,,2/24/2020 9:15:28 AM,False,7278,Accepted,
26414691,0568000,LOUISVILLE METRO POLICE DEPT,Accepted,JEFFERSON,KY0061,,PRESTON,HWY,,,INDIAN,,,,,38.169384645,-85.707238975,6.303,2/22/2020 12:00:00 AM,0035,2,2,0,1,CLEAR,DRY,False,OTHER INTERSECTION COLLISIONS,REAR END,STRAIGHT & LEVEL,DARK-HWY LIGHTED/ON,,,2/24/2020 9:12:59 AM,False,5203,Accepted,
26414819,0568000,LOUISVILLE METRO POLICE DEPT,Accepted,JEFFERSON,KY1932,,BRECKENRIDGE,LN,,,WILLIS,,,,,38.251620106,-85.654387998,5.389,2/22/2020 12:00:00 AM,1857,2,2,0,0,CLEAR,DRY,False,OTHER INTERSECTION COLLISIONS,REAR END,STRAIGHT & LEVEL,DARK-HWY LIGHTED/ON,,,2/24/2020 9:16:22 AM,False,7219,Accepted,
26414821,0568000,LOUISVILLE METRO POLICE DEPT,Accepted,JEFFERSON,KY1865,4051,TAYLOR,BLVD,,,BICKNELL,,,,,38.183203003,-85.783773587,5.292,2/22/2020 12:00:00 AM,2200,1,1,0,0,CLEAR,DRY,True,OTHER INTERSECTION COLLISIONS,SINGLE VEHICLE,STRAIGHT & LEVEL,DARK-HWY LIGHTED/ON,,,2/24/2020 9:16:29 AM,False,7032,Accepted,
26414881,0568000,LOUISVILLE METRO POLICE DEPT,Accepted,JEFFERSON,KY1065,,OUTER,LOOP,,,CAROL,,,,,38.138442687,-85.684863366,6.154,2/22/2020 12:00:00 AM,1457,2,2,0,0,CLEAR,DRY,False,OTHER INTERSECTION COLLISIONS,REAR END,STRAIGHT & LEVEL,DAYLIGHT,,,2/24/2020 9:19:19 AM,False,7354,Accepted,
26414820,0568000,LOUISVILLE METRO POLICE DEPT,Accepted,JEFFERSON,,663,44TH,ST,S,,,,,,,38.251778898,-85.825239912,0.444,2/22/2020 12:00:00 AM,0428,2,2,0,0,CLEAR,DRY,False,1 VEHICLE PARKED POSITION (NOT PARKING LOT/DRIVEWAY),REAR END,STRAIGHT & LEVEL,DARK-HWY LIGHTED/ON,,,2/24/2020 9:16:26 AM,False,7481,Accepted,
26414777,0568000,LOUISVILLE METRO POLICE DEPT,Accepted,JEFFERSON,,3621,SOUTHERN,AVE,,,,,,,,38.232734569,-85.815652983,0.756,2/22/2020 12:00:00 AM,1305,2,2,0,0,CLEAR,DRY,True,1 VEHICLE PARKED POSITION (NOT PARKING LOT/DRIVEWAY),SIDESWIPE-OPPOSITE DIRECTION,STRAIGHT & LEVEL,DAYLIGHT,,,2/24/2020 9:15:04 AM,False,7460,Accepted,
26414783,0568000,LOUISVILLE METRO POLICE DEPT,Accepted,JEFFERSON,I 0065,,I65 N,,,,,I 0065,I65 N EXIT134 ON RAMP FROM US61,I 0065,I65 N EXIT133 ON RAMP FROM  WARNOCK ST,38.223210808,-85.750977463,133.675,2/22/2020 12:00:00 AM,0814,1,1,0,1,CLEAR,DRY,False,COLLISION WITH FIXED OBJECT NON - INTERSECTION - FIRST EVENT COLLISION 09 - 32 EXCLUDING 16,SINGLE VEHICLE,STRAIGHT & LEVEL,DAYLIGHT,,,2/24/2020 9:15:31 AM,False,7418,Accepted,
26414693,0568000,LOUISVILLE METRO POLICE DEPT,Accepted,JEFFERSON,,513,33RD,ST,N,,,KY3082,BANK,,PORTLAND,38.272790969,-85.800696744,0.148,2/22/2020 12:00:00 AM,0326,2,2,0,0,CLEAR,DRY,False,1 VEHICLE PARKED POSITION (NOT PARKING LOT/DRIVEWAY),REAR END,STRAIGHT & LEVEL,DARK-HWY LIGHTED/ON,,,2/24/2020 9:13:07 AM,False,5199,Accepted,
26414908,0568000,LOUISVILLE METRO POLICE DEPT,Accepted,JEFFERSON,,4000B,MAPLETON,AVE,,,,,,,,38.183725889,-85.779516107,0.193,2/22/2020 12:00:00 AM,2204,2,2,0,1,CLEAR,DRY,False,1 VEHICLE PARKED POSITION (NOT PARKING LOT/DRIVEWAY),ANGLE,STRAIGHT & LEVEL,DARK-HWY LIGHTED/ON,,,2/24/2020 9:21:07 AM,False,7010,Accepted,
26414689,0568000,LOUISVILLE METRO POLICE DEPT,Accepted,JEFFERSON,,2433,LINDBERGH,DR,,,,,,,,38.214875629,-85.776597692,0.143,2/22/2020 12:00:00 AM,0320,2,2,0,0,CLEAR,DRY,False,1 VEHICLE PARKED POSITION (NOT PARKING LOT/DRIVEWAY),ANGLE,STRAIGHT & LEVEL,DARK-HWY LIGHTED/ON,,,2/24/2020 9:12:50 AM,False,5175,Accepted,
26414784,0568000,LOUISVILLE METRO POLICE DEPT,Accepted,JEFFERSON,,,WAINWRIGHT,AVE,,,,,CRITTENDEN,,BRADLEY,38.212858147,-85.747668445,0.195,2/22/2020 12:00:00 AM,0922,2,2,0,0,CLEAR,DRY,False,1 VEHICLE PARKED POSITION (NOT PARKING LOT/DRIVEWAY),SIDESWIPE-SAME DIRECTION,STRAIGHT & LEVEL,DAYLIGHT,,,2/24/2020 9:15:35 AM,False,7418,Accepted,
26414799,0568000,LOUISVILLE METRO POLICE DEPT,Accepted,JEFFERSON,US0031,,CLARK MEMORIAL,BRG,,,,,,,,38.264214595,-85.751516431,0.559,2/22/2020 12:00:00 AM,1855,2,2,0,0,CLEAR,DRY,False,REAR END IN TRAFFIC LANES BOTH VEHICLES MOVING,REAR END,STRAIGHT & LEVEL,DARK-HWY LIGHTED/ON,,,2/24/2020 9:16:00 AM,False,7216,Accepted,
26414740,0568000,LOUISVILLE METRO POLICE DEPT,Accepted,JEFFERSON,KY1703,2120,NEWBURG,RD,,,,,,,,38.216954578,-85.707739049,3.840,2/22/2020 12:00:00 AM,1313,2,2,0,0,CLEAR,DRY,False,REAR END IN TRAFFIC LANES BOTH VEHICLES MOVING,REAR END,CURVE & LEVEL,DAYLIGHT,,,2/24/2020 9:14:20 AM,False,5112,Accepted,
26414832,0568000,LOUISVILLE METRO POLICE DEPT,Accepted,JEFFERSON,KY1020,,3RD,ST,S,,,,,,,38.204919877,-85.763934850,9.483,2/22/2020 12:00:00 AM,2222,2,2,0,0,CLEAR,DRY,False,REAR END IN TRAFFIC LANES BOTH VEHICLES MOVING,REAR END,STRAIGHT & LEVEL,DARK-HWY LIGHTED/ON,,,2/24/2020 9:17:09 AM,False,5252,Accepted,
26454295,0568000,LOUISVILLE METRO POLICE DEPT,Accepted,JEFFERSON,KY1703,,NEWBURG,RD,,,,,SYLVAN,,DUNDEE,38.211119268,-85.695040493,2.982,2/22/2020 12:00:00 AM,1630,2,2,0,0,CLEAR,DRY,False,REAR END IN TRAFFIC LANES BOTH VEHICLES MOVING,REAR END,STRAIGHT & LEVEL,DAYLIGHT,,,3/3/2020 8:27:58 AM,False,7793,Accepted,
26414817,0568000,LOUISVILLE METRO POLICE DEPT,Accepted,JEFFERSON,KY0155,,TAYLORSVILLE,RD,,,,,,,,38.222973911,-85.684731808,16.427,2/22/2020 12:00:00 AM,1911,2,2,0,0,CLEAR,DRY,False,HEAD-ON COLLISION,HEAD ON,STRAIGHT & LEVEL,DARK-HWY LIGHTED/ON,,,2/24/2020 9:16:13 AM,False,5112,Accepted,
26414703,0568000,LOUISVILLE METRO POLICE DEPT,Accepted,JEFFERSON,I 0071,,I71 S,,,,,I 0071,I71 S RAMP FROM I264,,INDIAN HILLS,38.292427812,-85.652044266,4.741,2/22/2020 12:00:00 AM,0820,2,2,0,0,CLEAR,DRY,False,SIDESWIPE COLLISION - SAME DIRECTION,SIDESWIPE-SAME DIRECTION,CURVE & LEVEL,DAYLIGHT,,,2/24/2020 9:13:48 AM,False,6406,Accepted,
26414730,0568000,LOUISVILLE METRO POLICE DEPT,Accepted,JEFFERSON,,,MCCAWLEY,RD,,,,,,,,38.144353872,-85.682131606,0.442,2/22/2020 12:00:00 AM,1317,2,2,0,0,CLEAR,DRY,False,SIDESWIPE COLLISION - SAME DIRECTION,SIDESWIPE-SAME DIRECTION,STRAIGHT & LEVEL,DAYLIGHT,,,2/24/2020 9:14:12 AM,False,6933,Accepted,
26414884,0568000,LOUISVILLE METRO POLICE DEPT,Accepted,JEFFERSON,,8818,FERNDALE,RD,,,,,,,,38.155325950,-85.595176228,0.289,2/22/2020 12:00:00 AM,1847,2,2,0,0,CLEAR,DRY,False,1 VEHICLE ENTERING/LEAVING ENTRANCE,ANGLE,STRAIGHT & LEVEL,DARK-HWY NOT LIGHTED,,,2/24/2020 9:19:30 AM,False,7484,Accepted,
26414785,0568000,LOUISVILLE METRO POLICE DEPT,Accepted,JEFFERSON,KY1020,4411,SOUTHERN,PKWY,,,,,,,,38.189463087,-85.766699577,8.370,2/22/2020 12:00:00 AM,1224,2,2,0,0,CLEAR,DRY,False,VEHICLE BACKING NON INTERSECTION,BACKING,STRAIGHT & LEVEL,DAYLIGHT,,,2/24/2020 9:15:39 AM,False,7418,Accepted,
26414883,0568000,LOUISVILLE METRO POLICE DEPT,Accepted,JEFFERSON,I 0064,,,,,,,,,,,38.259180739,-85.751059402,0.031,2/22/2020 12:00:00 AM,1355,2,2,0,0,CLEAR,DRY,False,OTHER RAMP RELATED COLLISIONS NOT LISTED ABOVE,REAR END,STRAIGHT & GRADE,DAYLIGHT,I 0064,N  3RD ST,2/24/2020 9:19:26 AM,False,5173,Accepted,
26407339,0566900,LOUISVILLE AIRPORT POLICE,Accepted,JEFFERSON,,600,TERMINAL,DR,,,,,,,,38.186789073,-85.743279063,0.039,2/22/2020 12:00:00 AM,0421,2,2,0,0,CLEAR,DRY,False,COLLISION IN PARKING LOT,ANGLE,STRAIGHT & LEVEL,DARK-HWY LIGHTED/ON,,,2/22/2020 7:34:40 AM,False,5868,Accepted,
26414724,0568000,LOUISVILLE METRO POLICE DEPT,Accepted,JEFFERSON,,2710,BROADWAY,,W,,,,,,,38.249584491,-85.796044170,0.427,2/22/2020 12:00:00 AM,1252,2,2,0,2,CLEAR,DRY,True,COLLISION IN PARKING LOT,BACKING,STRAIGHT & LEVEL,DAYLIGHT,,,2/24/2020 9:14:08 AM,False,7361,Accepted,
26414822,0568000,LOUISVILLE METRO POLICE DEPT,Accepted,JEFFERSON,KY0155,3726,TAYLORSVILLE,RD,,,,,,,,38.221007335,-85.645708909,14.410,2/22/2020 12:00:00 AM,2339,2,2,0,0,CLEAR,DRY,True,COLLISION IN PARKING LOT,BACKING,STRAIGHT & LEVEL,DARK-HWY LIGHTED/ON,,,2/24/2020 9:16:32 AM,False,5288,Accepted,
26414864,0568000,LOUISVILLE METRO POLICE DEPT,Accepted,JEFFERSON,US0150,533,22ND,ST,N,,,,,,,38.267960159,-85.782757669,0.154,2/22/2020 12:00:00 AM,1720,2,2,0,0,CLEAR,DRY,True,COLLISION IN PARKING LOT,ANGLE,STRAIGHT & LEVEL,DAYLIGHT,,,2/24/2020 9:18:32 AM,False,5108,Accepted,
26414735,0568000,LOUISVILLE METRO POLICE DEPT,Accepted,JEFFERSON,US0031E,3036,BARDSTOWN,RD,,,,,,,,38.213788542,-85.673771110,12.172,2/22/2020 12:00:00 AM,0826,2,1,0,1,CLEAR,DRY,False,COLLISION IN PARKING LOT,SINGLE VEHICLE,STRAIGHT & LEVEL,DAYLIGHT,,,2/24/2020 9:14:16 AM,False,5112,Accepted,