IncidentID,AgencyORI,AgencyName,IncidentStatusDesc,County,RdwyNumber,Street,RoadwayName,StreetSfx,StreetDir,IntersectionRdwy,IntersectionRdwyName,BetweenStRdwy1,BetweenStRdwyName1,BetweenStRdwy2,BetweenStRdwyName2,Latitude,Longitude,Milepoint,CollisionDate,CollisionTime,UnitsInvolved,MotorVehiclesInvolved,NumberKilled,NumberInjured,Weather,RdwyConditionCode,HitandRun,DirAnalysisCode,MannerofCollision,RdwyCharacter,LightCondition,RampFromRdwyId,RampToRdwyId,AcceptedDate,IsSecondaryCollision,OwnerBadge,IncidentStatus,
26414763,0568000,LOUISVILLE METRO POLICE DEPT,Accepted,JEFFERSON,,,RIVER,RD,,,,,BASS,,BEECH,38.343771003,-85.620377883,6.445,2/22/2020 12:00:00 AM,1356,2,2,0,0,CLEAR,DRY,False,OTHER ROADWAY OR MID-BLOCK COLLISION,REAR END,STRAIGHT & LEVEL,DAYLIGHT,,,2/24/2020 9:14:36 AM,False,2969,Accepted,
26414788,0568000,LOUISVILLE METRO POLICE DEPT,Accepted,JEFFERSON,US0060A,,TAYLOR,BLVD,,,,,LONGFIELD,,SALE,38.197960859,-85.782795969,1.560,2/22/2020 12:00:00 AM,1634,2,2,0,0,CLEAR,DRY,False,OTHER ROADWAY OR MID-BLOCK COLLISION,REAR END,STRAIGHT & LEVEL,DAYLIGHT,,,2/24/2020 9:15:45 AM,False,7418,Accepted,
26474623,0568000,LOUISVILLE METRO POLICE DEPT,Accepted,JEFFERSON,,10827,LOWER RIVER,RD,,,,,,,,38.098752039,-85.892086302,1.202,2/22/2020 12:00:00 AM,1117,1,1,0,0,CLEAR,DRY,True,OTHER ROADWAY OR MID-BLOCK COLLISION,SINGLE VEHICLE,STRAIGHT & LEVEL,DAYLIGHT,,,3/6/2020 4:04:29 PM,False,7073,Accepted,
26431290,0568000,LOUISVILLE METRO POLICE DEPT,Accepted,JEFFERSON,,1441,GARDINER,LN,,,,,,,,38.198714782,-85.693233019,0.898,2/21/2020 12:00:00 AM,0924,2,2,0,0,CLEAR,DRY,False,OTHER ROADWAY OR MID-BLOCK COLLISION,REAR END,CURVE & GRADE,DAYLIGHT,,,2/27/2020 8:08:35 AM,False,7283,Accepted,
26402059,0568000,LOUISVILLE METRO POLICE DEPT,Accepted,JEFFERSON,KY1747,,FERN VALLEY,RD,,,,,,,,38.157723535,-85.725040565,0.391,2/21/2020 12:00:00 AM,0526,3,3,0,0,CLEAR,DRY,False,OTHER ROADWAY OR MID-BLOCK COLLISION,REAR END,STRAIGHT & LEVEL,DARK-HWY LIGHTED/OFF,,,2/21/2020 8:13:47 AM,False,5270,Accepted,
26454293,0568000,LOUISVILLE METRO POLICE DEPT,Accepted,JEFFERSON,I 0264,,I264 W,,,,,I 0264,I264 W EXIT17A OFF RAMP TO KY155 S,I 0264,I264 W EXIT17B OFF RAMP TO KY155 N,38.221839661,-85.650434235,17.025,2/21/2020 12:00:00 AM,1630,1,1,0,0,CLEAR,DRY,False,OTHER ROADWAY OR MID-BLOCK COLLISION,SINGLE VEHICLE,STRAIGHT & LEVEL,DAYLIGHT,,,3/3/2020 8:27:50 AM,False,7793,Accepted,
26414816,0568000,LOUISVILLE METRO POLICE DEPT,Accepted,JEFFERSON,US0031E,,BARDSTOWN,RD,,,,,,,,38.210564115,-85.670854186,11.989,2/21/2020 12:00:00 AM,2030,2,2,0,0,CLEAR,DRY,False,OTHER ROADWAY OR MID-BLOCK COLLISION,REAR END,CURVE & LEVEL,DARK-HWY NOT LIGHTED,,,2/24/2020 9:16:08 AM,False,7746,Accepted,
26414774,0568000,LOUISVILLE METRO POLICE DEPT,Accepted,JEFFERSON,KY1932,,BRECKENRIDGE,LN,,,,KY0155,TAYLORSVILLE,,BERKSHIRE,38.221252391,-85.631815427,2.968,2/21/2020 12:00:00 AM,1553,2,2,0,0,CLEAR,DRY,False,OTHER ROADWAY OR MID-BLOCK COLLISION,REAR END,STRAIGHT & LEVEL,DAYLIGHT,,,2/24/2020 9:14:49 AM,False,7482,Accepted,
26402051,0568000,LOUISVILLE METRO POLICE DEPT,Accepted,JEFFERSON,,,JEFFERSON,BLVD,,,,,VINCENT STATION,KY1747,FERN VALLEY,38.156634038,-85.671514326,0.240,2/21/2020 12:00:00 AM,0108,1,1,0,0,CLEAR,DRY,False,COLLISION IN PARKING LOT,SINGLE VEHICLE,CURVE & LEVEL,DARK-HWY LIGHTED/ON,,,2/21/2020 8:13:23 AM,False,5270,Accepted,
26414657,0568000,LOUISVILLE METRO POLICE DEPT,Accepted,JEFFERSON,KY1020,3020,3RD,ST,S,,,,,,,38.205031905,-85.763881495,9.491,2/21/2020 12:00:00 AM,1442,2,2,0,0,CLEAR,DRY,True,COLLISION IN PARKING LOT,SIDESWIPE-SAME DIRECTION,STRAIGHT & LEVEL,DAYLIGHT,,,2/24/2020 9:11:06 AM,False,7418,Accepted,
26416333,0561500,UNIV. OF LOUISVILLE POLICE,Accepted,JEFFERSON,,,UNITY,PL,,KY1020,3RD,,,,,38.217698769,-85.762139860,0.081,2/21/2020 12:00:00 AM,1749,2,2,0,0,CLEAR,DRY,True,COLLISION IN PARKING LOT,ANGLE,STRAIGHT & LEVEL,DAYLIGHT,,,2/24/2020 1:32:09 PM,False,5692,Accepted,
26416347,0561500,UNIV. OF LOUISVILLE POLICE,Accepted,JEFFERSON,,,DENNY CRUM OVERPASS,,,,,KY1020,3RD,,2ND,38.204830085,-85.762645710,0.029,2/21/2020 12:00:00 AM,1516,2,1,0,0,CLEAR,DRY,True,COLLISION IN PARKING LOT,SINGLE VEHICLE,STRAIGHT & LEVEL,DAYLIGHT,,,2/24/2020 1:32:21 PM,False,5686,Accepted,
26982545,0568000,LOUISVILLE METRO POLICE DEPT,Accepted,JEFFERSON,KY0061,5003,PRESTON,HWY,,,,,,,,38.175075354,-85.713186415,6.918,2/21/2020 12:00:00 AM,2000,2,2,0,0,CLEAR,DRY,False,COLLISION IN PARKING LOT,BACKING,STRAIGHT & LEVEL,DARK-HWY LIGHTED/ON,,,7/24/2020 8:13:14 AM,False,7670,Accepted,
26404147,0568000,LOUISVILLE METRO POLICE DEPT,Accepted,JEFFERSON,I 0264,,,,,,,,,,,38.238117998,-85.815710960,0.207,2/21/2020 12:00:00 AM,1239,2,2,0,0,CLEAR,DRY,False,OTHER RAMP RELATED COLLISIONS NOT LISTED ABOVE,ANGLE,STRAIGHT & LEVEL,DAYLIGHT,I 0264,DUMESNIL ST,2/21/2020 2:21:22 PM,False,7460,Accepted,
26414649,0568000,LOUISVILLE METRO POLICE DEPT,Accepted,JEFFERSON,I 0264,,,,,,,,,,,38.196242466,-85.707662974,0.243,2/21/2020 12:00:00 AM,1646,2,2,0,0,CLEAR,DRY,False,OTHER RAMP RELATED COLLISIONS NOT LISTED ABOVE,REAR END,CURVE & LEVEL,DAYLIGHT,I 0264,KY0864,2/24/2020 9:10:33 AM,False,2532,Accepted,
26414646,0568000,LOUISVILLE METRO POLICE DEPT,Accepted,JEFFERSON,KY1934,4350,CANE RUN,RD,,,,KY2049,CRUMS,,KRISTIN,38.198229362,-85.838982920,9.067,2/21/2020 12:00:00 AM,1110,2,2,0,1,CLEAR,DRY,False,1 VEHICLE ENTERING/LEAVING ENTRANCE,ANGLE,STRAIGHT & LEVEL,DAYLIGHT,,,2/24/2020 9:10:22 AM,False,7656,Accepted,
26414692,0568000,LOUISVILLE METRO POLICE DEPT,Accepted,JEFFERSON,KY2054,,ALGONQUIN,PKWY,,,,,,,,38.223348067,-85.795126434,1.502,2/21/2020 12:00:00 AM,2022,2,2,0,3,CLEAR,DRY,False,1 VEHICLE ENTERING/LEAVING ENTRANCE,ANGLE,STRAIGHT & LEVEL,DARK-HWY LIGHTED/ON,,,2/24/2020 9:13:03 AM,False,7434,Accepted,
26414854,0568000,LOUISVILLE METRO POLICE DEPT,Accepted,JEFFERSON,KY2048,I64,CANNONS,LN,,,,,,,,38.240005681,-85.659843228,1.589,2/21/2020 12:00:00 AM,1311,2,2,0,1,CLEAR,DRY,False,1 VEHICLE ENTERING/LEAVING ENTRANCE,ANGLE,STRAIGHT & LEVEL,DAYLIGHT,,,2/24/2020 9:18:07 AM,False,2738,Accepted,
26414687,0568000,LOUISVILLE METRO POLICE DEPT,Accepted,JEFFERSON,I 0065,,I65 S,,,,,,,,,38.179042099,-85.720177690,129.796,2/21/2020 12:00:00 AM,2252,2,2,0,0,CLEAR,DRY,False,SIDESWIPE COLLISION - SAME DIRECTION,SIDESWIPE-SAME DIRECTION,CURVE & LEVEL,DARK-HWY LIGHTED/ON,,,2/24/2020 9:12:42 AM,False,5252,Accepted,
26414871,0568000,LOUISVILLE METRO POLICE DEPT,Accepted,JEFFERSON,US0031,,CLARK MEMORIAL,BRG,,,,,,,,38.262536689,-85.751975045,0.440,2/21/2020 12:00:00 AM,0905,2,2,0,0,CLEAR,DRY,False,SIDESWIPE COLLISION - SAME DIRECTION,SIDESWIPE-SAME DIRECTION,STRAIGHT & GRADE,DAYLIGHT,,,2/24/2020 9:18:52 AM,False,2661,Accepted,
26414858,0568000,LOUISVILLE METRO POLICE DEPT,Accepted,JEFFERSON,US0060,3600,FRANKFORT,AVE,,,,,,,,38.254091595,-85.697513090,1.241,2/21/2020 12:00:00 AM,1745,2,2,0,0,CLEAR,DRY,False,SIDESWIPE COLLISION - SAME DIRECTION,SIDESWIPE-SAME DIRECTION,STRAIGHT & LEVEL,DAYLIGHT,,,2/24/2020 9:18:22 AM,False,2738,Accepted,
26414648,0568000,LOUISVILLE METRO POLICE DEPT,Accepted,JEFFERSON,KY1020,,SOUTHSIDE,DR,,,,,,,,38.152347507,-85.765598029,5.690,2/21/2020 12:00:00 AM,1556,2,2,0,0,CLEAR,DRY,False,SIDESWIPE COLLISION - SAME DIRECTION,SIDESWIPE-SAME DIRECTION,STRAIGHT & LEVEL,DAYLIGHT,,,2/24/2020 9:10:30 AM,False,7331,Accepted,
26431343,0568000,LOUISVILLE METRO POLICE DEPT,Accepted,JEFFERSON,,,FEGENBUSH,LN,,,,,,,,38.182290562,-85.638467149,0.341,2/21/2020 12:00:00 AM,1538,2,2,0,0,CLEAR,DRY,False,SIDESWIPE COLLISION - SAME DIRECTION,SIDESWIPE-SAME DIRECTION,STRAIGHT & LEVEL,DAYLIGHT,,,2/27/2020 8:11:15 AM,False,5159,Accepted,
26436957,0568000,LOUISVILLE METRO POLICE DEPT,Accepted,JEFFERSON,KY1747,,HURSTBOURNE,PKWY,N,,,,,,,38.284321233,-85.569245440,16.750,2/21/2020 12:00:00 AM,0936,2,2,0,0,CLEAR,DRY,False,SIDESWIPE COLLISION - SAME DIRECTION,SIDESWIPE-SAME DIRECTION,STRAIGHT & LEVEL,DAYLIGHT,,,2/28/2020 8:09:30 AM,False,7355,Accepted,
26496363,0568000,LOUISVILLE METRO POLICE DEPT,Accepted,JEFFERSON,I 0071,,I71 S,,,,,,,,,38.306592135,-85.598603331,7.995,2/21/2020 12:00:00 AM,1625,1,1,1,1,CLEAR,DRY,False,OTHER COLLISIONS ON SHOULDER,SINGLE VEHICLE,STRAIGHT & LEVEL,DAYLIGHT,,,3/11/2020 8:26:43 AM,False,7772,Accepted,
26436964,0568000,LOUISVILLE METRO POLICE DEPT,Accepted,JEFFERSON,KY3084,,OLD HENRY,RD,,,,,NELSON MILLER,I 0265,I265 S EXIT29 ON RAMP FROM KY3084,38.268409491,-85.505420322,0.893,2/21/2020 12:00:00 AM,1731,2,2,0,3,CLEAR,DRY,False,HEAD-ON COLLISION,HEAD ON,STRAIGHT & GRADE,DAYLIGHT,,,2/28/2020 8:10:04 AM,False,7337,Accepted,
26431296,0568000,LOUISVILLE METRO POLICE DEPT,Accepted,JEFFERSON,I 0264,,I264 W,,,,,I 0264,I264 W EXIT14 ON RAMP FROM KY864,I 0065,I264 W EXIT12 OFF RAMP TO,38.193483244,-85.711263367,13.129,2/21/2020 12:00:00 AM,1433,2,2,0,0,CLEAR,DRY,False,REAR END IN TRAFFIC LANES BOTH VEHICLES MOVING,REAR END,STRAIGHT & LEVEL,DAYLIGHT,,,2/27/2020 8:08:49 AM,False,7938,Accepted,
26419825,0568000,LOUISVILLE METRO POLICE DEPT,Accepted,JEFFERSON,I 0264,,I264 W,,,,,,,,,38.201570260,-85.691764267,14.354,2/21/2020 12:00:00 AM,1541,2,2,0,0,CLEAR,DRY,False,REAR END IN TRAFFIC LANES BOTH VEHICLES MOVING,REAR END,STRAIGHT & GRADE,DAYLIGHT,,,2/25/2020 8:05:18 AM,False,8278,Accepted,
26404148,0568000,LOUISVILLE METRO POLICE DEPT,Accepted,JEFFERSON,I 0264,,I264 W,,,,,,,,,38.199420158,-85.701738954,13.791,2/21/2020 12:00:00 AM,0839,2,2,0,0,CLEAR,DRY,False,REAR END IN TRAFFIC LANES BOTH VEHICLES MOVING,REAR END,STRAIGHT & LEVEL,DAYLIGHT,,,2/21/2020 2:21:25 PM,False,4656,Accepted,
26414778,0568000,LOUISVILLE METRO POLICE DEPT,Accepted,JEFFERSON,I 0265,,I265 W,,,,,,,,,38.111744927,-85.688345315,11.000,2/21/2020 12:00:00 AM,1605,2,2,0,0,CLEAR,DRY,False,REAR END IN TRAFFIC LANES BOTH VEHICLES MOVING,REAR END,STRAIGHT & LEVEL,DAYLIGHT,,,2/24/2020 9:15:11 AM,False,2217,Accepted,
26402056,0568000,LOUISVILLE METRO POLICE DEPT,Accepted,JEFFERSON,KY1747,,FERN VALLEY,RD,,,,,,,,38.157782001,-85.724730183,0.411,2/21/2020 12:00:00 AM,0505,2,2,0,1,CLEAR,DRY,False,REAR END IN TRAFFIC LANES BOTH VEHICLES MOVING,REAR END,STRAIGHT & LEVEL,DARK-HWY LIGHTED/ON,,,2/21/2020 8:13:37 AM,False,7074,Accepted,
26416244,0564500,PROSPECT POLICE DEPARTMENT,Accepted,JEFFERSON,KY0841,,GENE SNYDER,FWY,,,,,WOLF PEN BRANCH,KY0841,KY841 RAMP TO US42,38.321342459,-85.614326325,36.548,2/21/2020 12:00:00 AM,1745,2,2,0,0,CLEAR,DRY,False,REAR END IN TRAFFIC LANES BOTH VEHICLES MOVING,REAR END,STRAIGHT & LEVEL,DAYLIGHT,,,2/24/2020 1:14:28 PM,False,1154,Accepted,
26414700,0568000,LOUISVILLE METRO POLICE DEPT,Accepted,JEFFERSON,,,4TH,ST,S,,,,,,,38.226013931,-85.761995420,2.128,2/21/2020 12:00:00 AM,1400,2,2,0,0,CLEAR,DRY,False,REAR END IN TRAFFIC LANES BOTH VEHICLES MOVING,REAR END,STRAIGHT & LEVEL,DAYLIGHT,,,2/24/2020 9:13:35 AM,False,5258,Accepted,
26414683,0568000,LOUISVILLE METRO POLICE DEPT,Accepted,JEFFERSON,KY0061,,ARTHUR,ST,,,,CS2207F,GAULBERT,CS1286F,LEE,38.223136185,-85.751353827,11.313,2/21/2020 12:00:00 AM,1928,2,2,0,0,CLEAR,DRY,False,REAR END IN TRAFFIC LANES BOTH VEHICLES MOVING,REAR END,STRAIGHT & LEVEL,DARK-HWY LIGHTED/ON,,,2/24/2020 9:12:23 AM,False,7450,Accepted,
26419831,0568000,LOUISVILLE METRO POLICE DEPT,Accepted,JEFFERSON,KY1065,,OUTER,LOOP,,,,,,,,38.129716047,-85.737721771,3.157,2/21/2020 12:00:00 AM,1645,3,3,0,0,CLEAR,DRY,False,REAR END IN TRAFFIC LANES BOTH VEHICLES MOVING,REAR END,STRAIGHT & HILLCREST,DAYLIGHT,,,2/25/2020 8:05:40 AM,False,4693,Accepted,
26414776,0568000,LOUISVILLE METRO POLICE DEPT,Accepted,JEFFERSON,,1712,FERNWOOD,AVE,,,,,,,,38.228081773,-85.705948211,0.309,2/21/2020 12:00:00 AM,2130,2,2,0,0,CLEAR,DRY,True,1 VEHICLE PARKED POSITION (NOT PARKING LOT/DRIVEWAY),SIDESWIPE-SAME DIRECTION,STRAIGHT & LEVEL,DARK-HWY LIGHTED/ON,,,2/24/2020 9:14:59 AM,False,7960,Accepted,
26414653,0568000,LOUISVILLE METRO POLICE DEPT,Accepted,JEFFERSON,,4004,2ND,ST,S,,,,,,,38.198035757,-85.763375873,1.951,2/21/2020 12:00:00 AM,0826,2,2,0,0,,DRY,True,1 VEHICLE PARKED POSITION (NOT PARKING LOT/DRIVEWAY),SIDESWIPE-SAME DIRECTION,STRAIGHT & LEVEL,,,,2/24/2020 9:10:46 AM,False,7418,Accepted,
26508102,0568000,LOUISVILLE METRO POLICE DEPT,Accepted,JEFFERSON,,1526,GLENGARRY,DR,,,,,,,,38.122636143,-85.739621394,1.165,2/21/2020 12:00:00 AM,1150,4,4,0,0,CLEAR,DRY,False,1 VEHICLE PARKED POSITION (NOT PARKING LOT/DRIVEWAY),ANGLE,STRAIGHT & LEVEL,DAYLIGHT,,,3/13/2020 9:10:04 AM,False,7080,Accepted,
26580875,0568000,LOUISVILLE METRO POLICE DEPT,Accepted,JEFFERSON,KY0864,,POPLAR LEVEL,RD,,,,,VALLA,,INDIAN,38.173627647,-85.686521399,9.380,2/21/2020 12:00:00 AM,1723,3,3,0,0,CLEAR,DRY,True,REAR END IN TRAFFIC LANES BOTH VEHICLES MOVING,REAR END,STRAIGHT & LEVEL,DAYLIGHT,,,4/6/2020 8:43:43 AM,False,7830,Accepted,
26416353,0561500,UNIV. OF LOUISVILLE POLICE,Accepted,JEFFERSON,,2300,FLOYD,ST,S,,,,,,,38.213901763,-85.755120552,2.878,2/21/2020 12:00:00 AM,1240,1,1,0,0,CLEAR,DRY,False,COLLISION WITH FIXED OBJECT NON - INTERSECTION - FIRST EVENT COLLISION 09 - 32 EXCLUDING 16,SINGLE VEHICLE,STRAIGHT & LEVEL,DAYLIGHT,,,2/24/2020 1:32:27 PM,True,5636,Accepted,
26414654,0568000,LOUISVILLE METRO POLICE DEPT,Accepted,JEFFERSON,KY1865,,TAYLOR,BLVD,,,,,CAMDEN,,WHITNEY,38.192964177,-85.783168085,5.940,2/21/2020 12:00:00 AM,0852,1,1,0,0,CLEAR,DRY,False,COLLISION WITH FIXED OBJECT NON - INTERSECTION - FIRST EVENT COLLISION 09 - 32 EXCLUDING 16,SINGLE VEHICLE,STRAIGHT & LEVEL,DAYLIGHT,,,2/24/2020 9:10:49 AM,False,7418,Accepted,
26414679,0568000,LOUISVILLE METRO POLICE DEPT,Accepted,JEFFERSON,,6907,MERGANSER,DR,,,,,,,,38.174198174,-85.637154417,0.006,2/21/2020 12:00:00 AM,0739,2,2,0,0,CLEAR,DRY,True,1 VEHICLE PARKED POSITION (NOT PARKING LOT/DRIVEWAY),SIDESWIPE-OPPOSITE DIRECTION,STRAIGHT & LEVEL,UNKNOWN,,,2/24/2020 9:12:08 AM,False,7294,Accepted,
26414680,0568000,LOUISVILLE METRO POLICE DEPT,Accepted,JEFFERSON,I 0264,,I264 E,,,,,I 0264,I264 E EXIT14 ON RAMP FROM KY864,I 0264,I264 E EXIT15 OFF RAMP TO KY1703,38.199847370,-85.699801844,13.895,2/21/2020 12:00:00 AM,1840,2,2,0,0,CLEAR,DRY,False,1 VEHICLE PARKED POSITION (NOT PARKING LOT/DRIVEWAY),REAR END,STRAIGHT & LEVEL,DARK-HWY LIGHTED/ON,,,2/24/2020 9:12:11 AM,False,7294,Accepted,
26414660,0568000,LOUISVILLE METRO POLICE DEPT,Accepted,JEFFERSON,US0060A,,TAYLOR,BLVD,,,CENTRAL,,,,,38.206322583,-85.776179079,2.292,2/21/2020 12:00:00 AM,1723,2,2,0,0,CLEAR,DRY,True,OTHER INTERSECTION COLLISIONS,REAR END,STRAIGHT & LEVEL,DAYLIGHT,,,2/24/2020 9:11:23 AM,False,7418,Accepted,
26414644,0568000,LOUISVILLE METRO POLICE DEPT,Accepted,JEFFERSON,I 0265,,I265 N,,,I 0064,I64 W EXIT19B RAMP TO I265 N,,,,,38.221990874,-85.505557776,25.429,2/21/2020 12:00:00 AM,1330,3,3,0,0,CLEAR,DRY,False,OTHER INTERSECTION COLLISIONS,REAR END,STRAIGHT & LEVEL,DAYLIGHT,,,2/24/2020 9:10:12 AM,False,6334,Accepted,
26414652,0568000,LOUISVILLE METRO POLICE DEPT,Accepted,JEFFERSON,,,28TH,ST,S,,DUMESNIL,,,,,38.236304391,-85.800386637,1.721,2/21/2020 12:00:00 AM,1207,3,3,0,0,CLEAR,DRY,True,OTHER INTERSECTION COLLISIONS,REAR END,STRAIGHT & LEVEL,DAYLIGHT,,,2/24/2020 9:10:41 AM,False,5190,Accepted,
26404141,0568000,LOUISVILLE METRO POLICE DEPT,Accepted,JEFFERSON,,,HANCOCK,ST,S,,MUHAMMAD ALI,,,,,38.249558286,-85.742814128,0.379,2/21/2020 12:00:00 AM,1117,2,2,0,0,CLEAR,DRY,False,OTHER INTERSECTION COLLISIONS,REAR END,STRAIGHT & LEVEL,DAYLIGHT,,,2/21/2020 2:20:46 PM,False,7216,Accepted,
26414696,0568000,LOUISVILLE METRO POLICE DEPT,Accepted,JEFFERSON,US0031W,,DIXIE,HWY,,KY0907,VALLEY STATION,,,,,38.107657812,-85.866762355,8.631,2/21/2020 12:00:00 AM,1923,2,2,0,0,CLOUDY,DRY,False,OTHER INTERSECTION COLLISIONS,REAR END,STRAIGHT & GRADE,DARK-HWY LIGHTED/ON,,,2/24/2020 9:13:19 AM,False,5043,Accepted,
26414702,0568000,LOUISVILLE METRO POLICE DEPT,Accepted,JEFFERSON,US0060,,SHELBYVILLE,RD,,,WOOD,,,,,38.248048644,-85.597430327,6.738,2/21/2020 12:00:00 AM,1327,2,2,0,0,CLEAR,DRY,False,OTHER INTERSECTION COLLISIONS,REAR END,STRAIGHT & LEVEL,DAYLIGHT,,,2/24/2020 9:13:44 AM,False,7358,Accepted,
26414675,0568000,LOUISVILLE METRO POLICE DEPT,Accepted,JEFFERSON,,,BROWNS,LN,,,RICHLAND,,,,,38.220008918,-85.625507439,3.014,2/21/2020 12:00:00 AM,1802,2,2,0,0,CLEAR,DRY,False,OTHER INTERSECTION COLLISIONS,REAR END,STRAIGHT & LEVEL,DAYLIGHT,,,2/24/2020 9:11:53 AM,False,5247,Accepted,
26431291,0568000,LOUISVILLE METRO POLICE DEPT,Accepted,JEFFERSON,,,BASHFORD MANOR,LN,,,GLADDEN,,,,,38.197308244,-85.675575149,0.714,2/21/2020 12:00:00 AM,1639,3,3,0,1,CLEAR,DRY,False,OTHER INTERSECTION COLLISIONS,REAR END,STRAIGHT & LEVEL,DAYLIGHT,,,2/27/2020 8:08:38 AM,False,7283,Accepted,
26414682,0568000,LOUISVILLE METRO POLICE DEPT,Accepted,JEFFERSON,,,BROADWAY,,W,,,,26TH,,27TH,38.249492062,-85.795149302,0.350,2/21/2020 12:00:00 AM,1924,2,1,0,1,CLEAR,DRY,True,COLLISION WITH PEDESTRIAN NON - INTERSECTION,SINGLE VEHICLE,STRAIGHT & LEVEL,DARK-HWY LIGHTED/OFF,,,2/24/2020 9:12:20 AM,False,7217,Accepted,
26504066,0568000,LOUISVILLE METRO POLICE DEPT,Accepted,JEFFERSON,,,GRADE,LN,,KY1065,OUTER,,,,,38.130081072,-85.737428561,0.027,2/21/2020 12:00:00 AM,1613,2,2,0,0,CLEAR,DRY,False,OTHER INTERSECTION COLLISIONS,REAR END,CURVE & GRADE,DAYLIGHT,,,3/12/2020 1:56:07 PM,False,4693,Accepted,
26414659,0568000,LOUISVILLE METRO POLICE DEPT,Accepted,JEFFERSON,,,TEXAS,AVE,,KY0864,GOSS,,,,,38.225930291,-85.733305388,0.847,2/21/2020 12:00:00 AM,1640,3,3,0,0,CLEAR,DRY,False,OTHER INTERSECTION COLLISIONS,REAR END,STRAIGHT & LEVEL,DAYLIGHT,,,2/24/2020 9:11:19 AM,False,7418,Accepted,
26414668,0568000,LOUISVILLE METRO POLICE DEPT,Accepted,JEFFERSON,KY1447,,WESTPORT,RD,,,KRISTEN MARIE,,,,,38.299705327,-85.540409518,7.110,2/21/2020 12:00:00 AM,1500,2,2,0,0,CLEAR,DRY,False,OTHER INTERSECTION COLLISIONS,REAR END,STRAIGHT & LEVEL,DAYLIGHT,,,2/24/2020 9:11:34 AM,False,7355,Accepted,
26414818,0568000,LOUISVILLE METRO POLICE DEPT,Accepted,JEFFERSON,,,HILL,ST,W,,7TH,,,,,38.226785477,-85.769013830,0.660,2/21/2020 12:00:00 AM,1012,2,2,0,0,CLEAR,DRY,False,SIDESWIPE-SAME DIRECTION,SIDESWIPE-SAME DIRECTION,STRAIGHT & LEVEL,DAYLIGHT,,,2/24/2020 9:16:18 AM,False,7472,Accepted,
26414641,0568000,LOUISVILLE METRO POLICE DEPT,Accepted,JEFFERSON,,,7TH,ST,S,US0031W,MARKET,,,,,38.255768590,-85.761734654,2.671,2/21/2020 12:00:00 AM,1252,2,2,0,0,CLEAR,DRY,False,SIDESWIPE-SAME DIRECTION,SIDESWIPE-SAME DIRECTION,STRAIGHT & LEVEL,DAYLIGHT,,,2/24/2020 9:10:00 AM,False,5187,Accepted,
26414656,0568000,LOUISVILLE METRO POLICE DEPT,Accepted,JEFFERSON,,,WELLINGTON,AVE,W,,3RD,,,,,38.183932467,-85.765819406,0.097,2/21/2020 12:00:00 AM,1213,2,2,0,0,CLEAR,DRY,False,SIDESWIPE-SAME DIRECTION,SIDESWIPE-SAME DIRECTION,STRAIGHT & LEVEL,DAYLIGHT,,,2/24/2020 9:10:57 AM,False,7418,Accepted,
26414658,0568000,LOUISVILLE METRO POLICE DEPT,Accepted,JEFFERSON,,,5TH,ST,S,,BRENTWOOD,,,,,38.194843044,-85.768376717,1.334,2/21/2020 12:00:00 AM,1611,2,2,0,0,CLEAR,DRY,False,SIDESWIPE-SAME DIRECTION,SIDESWIPE-SAME DIRECTION,STRAIGHT & LEVEL,DAYLIGHT,,,2/24/2020 9:11:11 AM,False,7418,Accepted,
26402058,0568000,LOUISVILLE METRO POLICE DEPT,Accepted,JEFFERSON,KY1020,,NATIONAL,TPKE,,,SAM,,,,,38.145008409,-85.757409782,4.988,2/21/2020 12:00:00 AM,0620,2,2,0,0,CLEAR,DRY,False,SIDESWIPE-SAME DIRECTION,SIDESWIPE-SAME DIRECTION,STRAIGHT & LEVEL,DARK-HWY LIGHTED/ON,,,2/21/2020 8:13:43 AM,False,5121,Accepted,
28095215,0568000,LOUISVILLE METRO POLICE DEPT,Accepted,JEFFERSON,US0060A,,EASTERN,PKWY,,KY0061,SHELBY,,,,,38.214836575,-85.742648430,4.582,2/21/2020 12:00:00 AM,1628,3,3,0,0,CLEAR,DRY,False,SIDESWIPE-SAME DIRECTION,SIDESWIPE-SAME DIRECTION,STRAIGHT & LEVEL,DAYLIGHT,,,5/5/2021 4:11:37 PM,False,5045,Accepted,
26414655,0568000,LOUISVILLE METRO POLICE DEPT,Accepted,JEFFERSON,,,7TH,ST,S,,HILL,,,,,38.226755474,-85.768997166,0.658,2/21/2020 12:00:00 AM,0956,2,2,0,1,CLEAR,DRY,False,SIDESWIPE-SAME DIRECTION,SIDESWIPE-SAME DIRECTION,STRAIGHT & LEVEL,DAYLIGHT,,,2/24/2020 9:10:53 AM,False,7418,Accepted,
26404142,0568000,LOUISVILLE METRO POLICE DEPT,Accepted,JEFFERSON,KY1703,,NEWBURG,RD,,,BISHOP,,,,,38.200798843,-85.686087365,2.103,2/21/2020 12:00:00 AM,0754,2,2,0,0,CLEAR,DRY,False,SIDESWIPE-SAME DIRECTION,SIDESWIPE-SAME DIRECTION,STRAIGHT & LEVEL,DAYLIGHT,,,2/21/2020 2:20:50 PM,False,7319,Accepted,