IncidentID,AgencyORI,AgencyName,IncidentStatusDesc,County,RdwyNumber,Street,RoadwayName,StreetSfx,StreetDir,IntersectionRdwy,IntersectionRdwyName,BetweenStRdwy1,BetweenStRdwyName1,BetweenStRdwy2,BetweenStRdwyName2,Latitude,Longitude,Milepoint,CollisionDate,CollisionTime,UnitsInvolved,MotorVehiclesInvolved,NumberKilled,NumberInjured,Weather,RdwyConditionCode,HitandRun,DirAnalysisCode,MannerofCollision,RdwyCharacter,LightCondition,RampFromRdwyId,RampToRdwyId,AcceptedDate,IsSecondaryCollision,OwnerBadge,IncidentStatus,
26414688,0568000,LOUISVILLE METRO POLICE DEPT,Accepted,JEFFERSON,US0031W,,DIXIE,HWY,,KY0907,VALLEY STATION,,,,,38.107640437,-85.866687819,8.632,2/21/2020 12:00:00 AM,1856,2,2,0,0,CLEAR,DRY,False,OPPOSITE DIRECTION - BOTH VEHICLES GOING STRAIGHT AHEAD,SIDESWIPE-OPPOSITE DIRECTION,STRAIGHT & LEVEL,DARK-HWY NOT LIGHTED,,,2/24/2020 9:12:46 AM,False,5211,Accepted,
26419891,0568000,LOUISVILLE METRO POLICE DEPT,Accepted,JEFFERSON,US0031W,,DIXIE,HWY,,,WATSON,,,,,38.056188136,-85.890677208,4.811,2/21/2020 12:00:00 AM,1406,2,2,0,0,CLEAR,DRY,False,OPPOSING LEFT TURN,OPPOSING LEFT TURN,STRAIGHT & LEVEL,DAYLIGHT,,,2/25/2020 8:09:32 AM,False,2098,Accepted,
26414690,0568000,LOUISVILLE METRO POLICE DEPT,Accepted,JEFFERSON,KY1934,,CANE RUN,RD,,,TERRY,,,,,38.178054311,-85.861836706,7.183,2/21/2020 12:00:00 AM,1956,2,2,0,0,CLEAR,DRY,False,OPPOSING LEFT TURN,OPPOSING LEFT TURN,STRAIGHT & LEVEL,DARK (UNKNOWN ROADWAY LIGHTING),,,2/24/2020 9:12:55 AM,False,7393,Accepted,
26414842,0568000,LOUISVILLE METRO POLICE DEPT,Accepted,JEFFERSON,,,LIBERTY,ST,W,KY1020,2ND,,,,,38.252663861,-85.753997588,0.796,2/21/2020 12:00:00 AM,1100,2,2,0,0,CLEAR,DRY,False,ANGLE COLLISION - OTHER,ANGLE,STRAIGHT & LEVEL,DAYLIGHT,,,2/24/2020 9:17:34 AM,False,2855,Accepted,
26414673,0568000,LOUISVILLE METRO POLICE DEPT,Accepted,JEFFERSON,US0031W,,DIXIE,HWY,,,PAGES,,,,,38.130279513,-85.847934274,10.492,2/21/2020 12:00:00 AM,1604,2,2,0,0,CLEAR,DRY,False,ANGLE COLLISION - OTHER,ANGLE,STRAIGHT & LEVEL,DAYLIGHT,,,2/24/2020 9:11:46 AM,False,7483,Accepted,
26414642,0568000,LOUISVILLE METRO POLICE DEPT,Accepted,JEFFERSON,,,8TH,ST,S,,MUHAMMAD ALI,,,,,38.251866881,-85.764121721,0.381,2/21/2020 12:00:00 AM,1253,2,2,0,1,CLEAR,DRY,False,ANGLE COLLISION - OTHER,ANGLE,STRAIGHT & LEVEL,DAYLIGHT,,,2/24/2020 9:10:04 AM,False,5168,Accepted,
26414677,0568000,LOUISVILLE METRO POLICE DEPT,Accepted,JEFFERSON,,,SOUTHERN,AVE,,,RUSSELL LEE,,,,,38.232770710,-85.815983763,0.774,2/21/2020 12:00:00 AM,1805,2,2,0,0,CLEAR,DRY,False,ANGLE COLLISION - OTHER,ANGLE,STRAIGHT & LEVEL,DAYLIGHT,,,2/24/2020 9:12:01 AM,False,7656,Accepted,
26414686,0568000,LOUISVILLE METRO POLICE DEPT,Accepted,JEFFERSON,,,BRANDEIS,AVE,E,KY2803,ARTHUR,,,,,38.218393820,-85.752848963,0.211,2/21/2020 12:00:00 AM,2034,2,2,0,0,CLEAR,DRY,False,ANGLE COLLISION - OTHER,ANGLE,STRAIGHT & LEVEL,DARK (UNKNOWN ROADWAY LIGHTING),,,2/24/2020 9:12:37 AM,False,5050,Accepted,
26404140,0568000,LOUISVILLE METRO POLICE DEPT,Accepted,JEFFERSON,US0031E,,MAIN,ST,E,KY0061,PRESTON,,,,,38.255424838,-85.745848093,17.454,2/21/2020 12:00:00 AM,1125,2,2,0,0,CLEAR,DRY,False,ANGLE COLLISION - OTHER,ANGLE,STRAIGHT & LEVEL,DAYLIGHT,,,2/21/2020 2:20:43 PM,False,2855,Accepted,
26414645,0568000,LOUISVILLE METRO POLICE DEPT,Accepted,JEFFERSON,KY0061,,PRESTON,HWY,,,LACLEDE,,,,,38.162654741,-85.700384106,5.798,2/21/2020 12:00:00 AM,1254,2,2,0,0,CLEAR,DRY,False,ANGLE COLLISION - OTHER,ANGLE,STRAIGHT & LEVEL,DAYLIGHT,,,2/24/2020 9:10:18 AM,False,7451,Accepted,
26414684,0568000,LOUISVILLE METRO POLICE DEPT,Accepted,JEFFERSON,US0150,,BROADWAY,,W,KY1020,2ND,,,,,38.245846058,-85.755055743,2.559,2/21/2020 12:00:00 AM,1947,2,2,0,0,CLEAR,DRY,False,ANGLE COLLISION - ONE VEHICLE TURNING LEFT,ANGLE,STRAIGHT & LEVEL,DARK-HWY LIGHTED/ON,,,2/24/2020 9:12:27 AM,False,7148,Accepted,
26414671,0568000,LOUISVILLE METRO POLICE DEPT,Accepted,JEFFERSON,,,WOOD,RD,,KY1727,TERRY,,,,,38.149566483,-85.870211299,0.004,2/21/2020 12:00:00 AM,0859,2,2,0,0,CLEAR,DRY,False,ANGLE COLLISION - ONE VEHICLE TURNING LEFT,ANGLE,STRAIGHT & LEVEL,DAYLIGHT,,,2/24/2020 9:11:38 AM,False,7340,Accepted,
26414672,0568000,LOUISVILLE METRO POLICE DEPT,Accepted,JEFFERSON,US0150,,BROADWAY,,W,,10TH,,,,,38.247180206,-85.768324611,1.832,2/21/2020 12:00:00 AM,1411,2,2,0,0,CLEAR,DRY,False,COLLISION WITH PARKED VEHICLE,SIDESWIPE-SAME DIRECTION,STRAIGHT & LEVEL,DAYLIGHT,,,2/24/2020 9:11:42 AM,False,7479,Accepted,
26402054,0568000,LOUISVILLE METRO POLICE DEPT,Accepted,JEFFERSON,,,MUHAMMAD ALI,BLVD,W,,24TH,,,,,38.254963396,-85.791542555,2.135,2/21/2020 12:00:00 AM,0502,2,2,0,0,CLEAR,DRY,False,COLLISION WITH PARKED VEHICLE,REAR END,STRAIGHT & LEVEL,DARK-HWY LIGHTED/ON,,,2/21/2020 8:13:31 AM,False,5162,Accepted,
26414694,0568000,LOUISVILLE METRO POLICE DEPT,Accepted,JEFFERSON,KY0061,,PRESTON,HWY,,,GRADE,,,,,38.180154617,-85.718530886,7.358,2/21/2020 12:00:00 AM,1918,2,2,0,1,CLEAR,DRY,True,COLLISION WITH FIXED OBJECT IN INTERSECTION - FIRST EVENT COLLISION 09 - 32,OPPOSING LEFT TURN,STRAIGHT & LEVEL,DARK-HWY LIGHTED/ON,,,2/24/2020 9:13:11 AM,False,5189,Accepted,
26402052,0568000,LOUISVILLE METRO POLICE DEPT,Accepted,JEFFERSON,US0031W,,DIXIE,HWY,,,ABBOTTS BEACH,,,,,38.010350033,-85.930567182,0.916,2/21/2020 12:00:00 AM,0334,1,1,0,0,CLEAR,DRY,False,NON-COLLISION OBJECT COLLISION,SINGLE VEHICLE,STRAIGHT & LEVEL,DARK-HWY LIGHTED/OFF,,,2/21/2020 8:13:26 AM,False,7277,Accepted,
26490842,0568000,LOUISVILLE METRO POLICE DEPT,Accepted,JEFFERSON,,,15TH,ST,S,,LEE,,,,,38.226212811,-85.781695814,0.011,2/20/2020 12:00:00 AM,0723,1,1,1,0,CLEAR,DRY,False,COLLISION WITH FIXED OBJECT IN INTERSECTION - FIRST EVENT COLLISION 09 - 32,SINGLE VEHICLE,CURVE & LEVEL,DARK (UNKNOWN ROADWAY LIGHTING),,,3/10/2020 8:19:52 AM,False,2000,Accepted,
26414779,0568000,LOUISVILLE METRO POLICE DEPT,Accepted,JEFFERSON,,,INDIAN,TRL,E,,TUPELO,,,,,38.170043460,-85.692011717,0.805,2/20/2020 12:00:00 AM,1609,2,2,0,0,CLEAR,DRY,False,,REAR END,STRAIGHT & LEVEL,DAYLIGHT,,,2/24/2020 9:15:16 AM,False,5036,Accepted,
26402035,0568000,LOUISVILLE METRO POLICE DEPT,Accepted,JEFFERSON,KY1020,,2ND,ST,S,,LEE,,,,,38.223031284,-85.759052429,10.513,2/20/2020 12:00:00 AM,1254,2,2,0,0,CLEAR,DRY,False,ANGLE COLLISION - ONE VEHICLE TURNING LEFT,ANGLE,STRAIGHT & LEVEL,DAYLIGHT,,,2/21/2020 8:12:42 AM,False,7334,Accepted,
26401975,0568000,LOUISVILLE METRO POLICE DEPT,Accepted,JEFFERSON,,,HAWKINS,AVE,,,KNOPP,,,,,38.147716494,-85.731388219,0.003,2/20/2020 12:00:00 AM,0857,2,2,0,0,CLOUDY,DRY,True,ANGLE COLLISION - OTHER,ANGLE,STRAIGHT & LEVEL,DAYLIGHT,,,2/21/2020 8:10:20 AM,False,5026,Accepted,
26402004,0568000,LOUISVILLE METRO POLICE DEPT,Accepted,JEFFERSON,,,1ST,ST,S,US0150,BROADWAY,,,,,38.245711112,-85.753378582,0.722,2/20/2020 12:00:00 AM,1318,2,2,0,0,CLEAR,DRY,False,ANGLE COLLISION - OTHER,ANGLE,STRAIGHT & LEVEL,DAYLIGHT,,,2/21/2020 8:11:54 AM,False,7266,Accepted,
26402007,0568000,LOUISVILLE METRO POLICE DEPT,Accepted,JEFFERSON,,,GRINSTEAD,DR,,,LEXINGTON,,,,,38.245555922,-85.701519990,0.002,2/20/2020 12:00:00 AM,1227,2,2,0,0,CLEAR,DRY,False,ANGLE COLLISION - OTHER,ANGLE,STRAIGHT & LEVEL,DAYLIGHT,,,2/21/2020 8:12:06 AM,False,6813,Accepted,
26401998,0568000,LOUISVILLE METRO POLICE DEPT,Accepted,JEFFERSON,KY0061,,JACKSON,ST,S,,FINZER,,,,,38.244019088,-85.745806974,12.210,2/20/2020 12:00:00 AM,1224,2,2,0,0,CLEAR,DRY,False,ANGLE COLLISION - OTHER,ANGLE,STRAIGHT & LEVEL,DAYLIGHT,,,2/21/2020 8:11:39 AM,False,7429,Accepted,
26401995,0568000,LOUISVILLE METRO POLICE DEPT,Accepted,JEFFERSON,KY2049,,CRUMS,LN,,,SUNFLOWER,,,,,38.197355032,-85.832984774,0.268,2/20/2020 12:00:00 AM,1602,2,2,0,1,CLEAR,DRY,False,OPPOSING LEFT TURN,OPPOSING LEFT TURN,STRAIGHT & LEVEL,DAYLIGHT,,,2/21/2020 8:11:32 AM,False,5280,Accepted,
26402031,0568000,LOUISVILLE METRO POLICE DEPT,Accepted,JEFFERSON,KY1932,,BRECKENRIDGE,LN,,US0031E,BARDSTOWN,,,,,38.181352542,-85.626624235,0.014,2/20/2020 12:00:00 AM,1736,2,2,0,0,CLEAR,DRY,False,OPPOSING LEFT TURN,OPPOSING LEFT TURN,STRAIGHT & LEVEL,DAYLIGHT,,,2/21/2020 8:12:38 AM,False,5233,Accepted,
26402008,0568000,LOUISVILLE METRO POLICE DEPT,Accepted,JEFFERSON,,,GOLDSMITH,LN,,,KEMMONS,,,,,38.202785730,-85.679788017,0.335,2/20/2020 12:00:00 AM,1728,2,2,0,0,CLEAR,DRY,True,OPPOSING LEFT TURN,OPPOSING LEFT TURN,CURVE & LEVEL,DAYLIGHT,,,2/21/2020 8:12:10 AM,False,6813,Accepted,
26402046,0568000,LOUISVILLE METRO POLICE DEPT,Accepted,JEFFERSON,,,3RD,ST,S,KY1020,SOUTHERN,,,,,38.200604456,-85.765115372,,2/20/2020 12:00:00 AM,0605,2,2,0,0,CLEAR,DRY,False,SIDESWIPE-SAME DIRECTION,SIDESWIPE-SAME DIRECTION,STRAIGHT & LEVEL,DAWN,,,2/21/2020 8:13:11 AM,False,5139,Accepted,
26402001,0568000,LOUISVILLE METRO POLICE DEPT,Accepted,JEFFERSON,,,STONESTREET,RD,,,POND STATION,,,,,38.103140201,-85.828658032,2.114,2/20/2020 12:00:00 AM,1715,2,2,0,0,CLEAR,DRY,False,SIDESWIPE-SAME DIRECTION,SIDESWIPE-SAME DIRECTION,STRAIGHT & LEVEL,DAYLIGHT,,,2/21/2020 8:11:44 AM,False,7149,Accepted,
26396723,0568000,LOUISVILLE METRO POLICE DEPT,Accepted,JEFFERSON,,,HILL,ST,W,KY1020,3RD,,,,,38.225826914,-85.760272595,0.181,2/20/2020 12:00:00 AM,0204,2,2,0,0,CLEAR,DRY,False,SIDESWIPE-SAME DIRECTION,SIDESWIPE-SAME DIRECTION,STRAIGHT & LEVEL,DARK (UNKNOWN ROADWAY LIGHTING),,,2/20/2020 8:18:03 AM,False,5213,Accepted,
26401989,0568000,LOUISVILLE METRO POLICE DEPT,Accepted,JEFFERSON,,,7TH,ST,S,,DAVIES,,,,,38.224277780,-85.771039839,0.452,2/20/2020 12:00:00 AM,1222,2,2,0,0,CLEAR,DRY,False,OTHER INTERSECTION COLLISIONS,REAR END,STRAIGHT & LEVEL,DAYLIGHT,,,2/21/2020 8:11:10 AM,False,7298,Accepted,
26401990,0568000,LOUISVILLE METRO POLICE DEPT,Accepted,JEFFERSON,KY0841,,GENE SNYDER,FWY,,US0031W,US31W RAMP FROM KY841,,,,,38.093069902,-85.874259997,0.045,2/20/2020 12:00:00 AM,1508,2,2,0,0,CLEAR,DRY,True,OTHER INTERSECTION COLLISIONS,REAR END,STRAIGHT & LEVEL,DAYLIGHT,,,2/21/2020 8:11:14 AM,False,7424,Accepted,
26402053,0568000,LOUISVILLE METRO POLICE DEPT,Accepted,JEFFERSON,KY1747,,HURSTBOURNE,PKWY,S,,WATTERSON,,,,,38.183715999,-85.606543802,8.537,2/20/2020 12:00:00 AM,2210,2,2,0,0,CLEAR,DRY,False,OTHER INTERSECTION COLLISIONS,REAR END,STRAIGHT & LEVEL,DARK-HWY LIGHTED/ON,,,2/21/2020 8:13:28 AM,False,5222,Accepted,
26401985,0568000,LOUISVILLE METRO POLICE DEPT,Accepted,JEFFERSON,,,3RD,ST,S,,FAIRMONT,,,,,38.195371349,-85.764992988,0.361,2/20/2020 12:00:00 AM,1409,2,2,0,0,CLEAR,DRY,False,OTHER INTERSECTION COLLISIONS,REAR END,STRAIGHT & LEVEL,DAYLIGHT,,,2/21/2020 8:11:02 AM,False,2499,Accepted,
26402006,0568000,LOUISVILLE METRO POLICE DEPT,Accepted,JEFFERSON,KY2053,,THIXTON,LN,,,,,,,,38.079024434,-85.611785340,3.519,2/20/2020 12:00:00 AM,0830,1,1,0,0,CLEAR,DRY,False,COLLISION WITH ANIMAL NON INTERSECTION,SINGLE VEHICLE,STRAIGHT & LEVEL,DAYLIGHT,,,2/21/2020 8:12:04 AM,False,2321,Accepted,
26402065,0568000,LOUISVILLE METRO POLICE DEPT,Accepted,JEFFERSON,,8916,FERNDALE,RD,,,,,,,,38.155325986,-85.595203712,0.291,2/20/2020 12:00:00 AM,0703,2,1,0,1,CLEAR,DRY,False,COLLISION WITH PEDESTRIAN NON - INTERSECTION,SINGLE VEHICLE,STRAIGHT & LEVEL,DARK-HWY NOT LIGHTED,,,2/21/2020 8:13:56 AM,False,5141,Accepted,
26916000,0568000,LOUISVILLE METRO POLICE DEPT,Accepted,JEFFERSON,KY1932,,BRECKENRIDGE,LN,,,,,,,,38.217849864,-85.628329768,2.669,2/20/2020 12:00:00 AM,2051,2,1,0,1,CLOUDY,DRY,False,COLLISION WITH PEDESTRIAN NON - INTERSECTION,SINGLE VEHICLE,STRAIGHT & LEVEL,DARK-HWY LIGHTED/ON,,,7/10/2020 8:32:40 AM,False,7200,Accepted,
26402002,0568000,LOUISVILLE METRO POLICE DEPT,Accepted,JEFFERSON,KY0061,,PRESTON,HWY,,I 0065,I264 E EXIT12 ON RAMP FROM KY61,,,,,38.187684728,-85.725138797,7.995,2/20/2020 12:00:00 AM,1726,2,2,0,0,CLEAR,DRY,False,OTHER INTERSECTION COLLISIONS,REAR END,STRAIGHT & LEVEL,DAYLIGHT,,,2/21/2020 8:11:48 AM,False,2796,Accepted,
26419809,0568000,LOUISVILLE METRO POLICE DEPT,Accepted,JEFFERSON,KY1703,3781,NEWBURG,RD,,,,,,,,38.182802209,-85.663215909,0.336,2/20/2020 12:00:00 AM,1045,1,1,0,0,CLOUDY,DRY,False,RAN OFF ROADWAY (1 VEHICLE WITH/EARTH EMBANKMENT/DITCH),SINGLE VEHICLE,STRAIGHT & LEVEL,DAYLIGHT,,,2/25/2020 8:04:40 AM,False,7879,Accepted,
26419828,0568000,LOUISVILLE METRO POLICE DEPT,Accepted,JEFFERSON,,7201,WATSON,LN,,,,,,,,38.057523901,-85.893416905,0.178,2/20/2020 12:00:00 AM,1040,1,1,0,0,CLEAR,DRY,False,COLLISION WITH FIXED OBJECT NON - INTERSECTION - FIRST EVENT COLLISION 09 - 32 EXCLUDING 16,SINGLE VEHICLE,STRAIGHT & LEVEL,DAYLIGHT,,,2/25/2020 8:05:29 AM,False,7234,Accepted,
26402047,0568000,LOUISVILLE METRO POLICE DEPT,Accepted,JEFFERSON,,7849,WOLF PEN BRANCH,RD,,,,,,,,38.327382517,-85.599806670,2.251,2/20/2020 12:00:00 AM,1811,1,1,0,0,CLEAR,DRY,True,COLLISION WITH FIXED OBJECT NON - INTERSECTION - FIRST EVENT COLLISION 09 - 32 EXCLUDING 16,SINGLE VEHICLE,CURVE & LEVEL,DUSK,,,2/21/2020 8:13:14 AM,False,7529,Accepted,
26401996,0568000,LOUISVILLE METRO POLICE DEPT,Accepted,JEFFERSON,,1409,15TH,ST,S,,,,,,,38.229834560,-85.779803327,0.302,2/20/2020 12:00:00 AM,1230,1,1,0,1,CLEAR,DRY,False,COLLISION WITH FIXED OBJECT NON - INTERSECTION - FIRST EVENT COLLISION 09 - 32 EXCLUDING 16,SINGLE VEHICLE,CURVE & LEVEL,DAYLIGHT,,,2/21/2020 8:11:36 AM,False,5282,Accepted,
26402061,0568000,LOUISVILLE METRO POLICE DEPT,Accepted,JEFFERSON,,7105,LORENZO,LN,,,,,,,,38.146306104,-85.626514805,0.079,2/20/2020 12:00:00 AM,2127,2,2,0,0,CLEAR,DRY,False,1 VEHICLE PARKED POSITION (NOT PARKING LOT/DRIVEWAY),HEAD ON,STRAIGHT & LEVEL,DARK-HWY LIGHTED/ON,,,2/21/2020 8:13:50 AM,False,5141,Accepted,
26419880,0568000,LOUISVILLE METRO POLICE DEPT,Accepted,JEFFERSON,,5209,RURAL,WAY,,,,,,,,38.171523452,-85.664832147,0.297,2/20/2020 12:00:00 AM,1957,2,2,0,0,CLEAR,DRY,True,1 VEHICLE PARKED POSITION (NOT PARKING LOT/DRIVEWAY),SIDESWIPE-OPPOSITE DIRECTION,STRAIGHT & LEVEL,DARK-HWY LIGHTED/OFF,,,2/25/2020 8:08:52 AM,False,7341,Accepted,
26396724,0568000,LOUISVILLE METRO POLICE DEPT,Accepted,JEFFERSON,,8824,WOODPOINTE,BLVD,,,,,,,,38.122266084,-85.694659514,0.021,2/20/2020 12:00:00 AM,0225,2,2,0,0,CLEAR,DRY,True,1 VEHICLE PARKED POSITION (NOT PARKING LOT/DRIVEWAY),SIDESWIPE-SAME DIRECTION,STRAIGHT & LEVEL,DARK (UNKNOWN ROADWAY LIGHTING),,,2/20/2020 8:18:06 AM,False,5270,Accepted,
26419823,0568000,LOUISVILLE METRO POLICE DEPT,Accepted,JEFFERSON,I 0065,,I65 E EXIT12 TRANSIT,,,,,,,,,38.189679475,-85.735556681,0.749,2/20/2020 12:00:00 AM,1510,2,2,0,0,CLEAR,DRY,False,REAR END IN TRAFFIC LANES BOTH VEHICLES MOVING,REAR END,STRAIGHT & LEVEL,DAYLIGHT,,,2/25/2020 8:05:11 AM,False,8278,Accepted,
26448888,0568000,LOUISVILLE METRO POLICE DEPT,Accepted,JEFFERSON,I 0071,,I71 S,,,,,,,,,38.285250243,-85.680922099,3.000,2/20/2020 12:00:00 AM,1659,2,2,0,0,CLEAR,DRY,False,REAR END IN TRAFFIC LANES BOTH VEHICLES MOVING,REAR END,STRAIGHT & LEVEL,DAYLIGHT,,,3/2/2020 8:48:26 AM,False,7632,Accepted,
26401364,0561000,JEFFERSONTOWN POLICE DEPT,Accepted,JEFFERSON,KY1747,,HURSTBOURNE,PKWY,S,,,KY6159,BLUEGRASS PKWY ACCESS,,HURSTBOURNE PARK,38.220323670,-85.581267099,11.648,2/20/2020 12:00:00 AM,1645,2,2,0,0,CLEAR,DRY,False,REAR END IN TRAFFIC LANES BOTH VEHICLES MOVING,REAR END,STRAIGHT & LEVEL,DAYLIGHT,,,2/21/2020 4:25:19 AM,False,8316,Accepted,
26401965,0568000,LOUISVILLE METRO POLICE DEPT,Accepted,JEFFERSON,US0031E,,BARDSTOWN,RD,,,,,,,,38.135943341,-85.580475970,4.507,2/20/2020 12:00:00 AM,0735,2,2,0,0,CLEAR,DRY,False,REAR END IN TRAFFIC LANES BOTH VEHICLES MOVING,REAR END,STRAIGHT & LEVEL,DAYLIGHT,,,2/21/2020 8:10:04 AM,False,7755,Accepted,
26402015,0568000,LOUISVILLE METRO POLICE DEPT,Accepted,JEFFERSON,,,GRADE,LN,,,,,,,,38.165226845,-85.721518474,1.131,2/20/2020 12:00:00 AM,1620,2,2,0,0,CLEAR,DRY,False,REAR END IN TRAFFIC LANES BOTH VEHICLES MOVING,REAR END,STRAIGHT & GRADE,DAYLIGHT,,,2/21/2020 8:12:18 AM,False,5130,Accepted,
26402024,0568000,LOUISVILLE METRO POLICE DEPT,Accepted,JEFFERSON,KY1065,,OUTER,LOOP,,,,,,,,38.136733770,-85.713070886,4.586,2/20/2020 12:00:00 AM,1455,2,2,0,0,CLEAR,DRY,False,REAR END IN TRAFFIC LANES BOTH VEHICLES MOVING,REAR END,STRAIGHT & LEVEL,DAYLIGHT,,,2/21/2020 8:12:32 AM,False,4693,Accepted,
26414912,0568000,LOUISVILLE METRO POLICE DEPT,Accepted,JEFFERSON,I 0264,,I264 E,,,,,,,,,38.200525515,-85.696936167,14.056,2/20/2020 12:00:00 AM,0712,2,2,0,2,CLEAR,DRY,False,REAR END IN TRAFFIC LANES BOTH VEHICLES MOVING,REAR END,STRAIGHT & LEVEL,DAWN,,,2/24/2020 9:21:22 AM,False,4656,Accepted,
26419824,0568000,LOUISVILLE METRO POLICE DEPT,Accepted,JEFFERSON,I 0264,,I264 E,,,,,,,,,38.225993895,-85.640811995,17.621,2/20/2020 12:00:00 AM,1621,2,2,0,0,CLEAR,DRY,False,REAR END IN TRAFFIC LANES BOTH VEHICLES MOVING,REAR END,STRAIGHT & LEVEL,DAYLIGHT,,,2/25/2020 8:05:14 AM,False,8278,Accepted,
26401961,0568000,LOUISVILLE METRO POLICE DEPT,Accepted,JEFFERSON,I 0065,,I65 N,,,,,,,,,38.172909673,-85.720156819,129.366,2/20/2020 12:00:00 AM,0814,2,2,0,0,CLEAR,DRY,False,REAR END IN TRAFFIC LANES BOTH VEHICLES MOVING,REAR END,STRAIGHT & GRADE,DAYLIGHT,,,2/21/2020 8:09:52 AM,False,5130,Accepted,
26402027,0568000,LOUISVILLE METRO POLICE DEPT,Accepted,JEFFERSON,KY1747,,HURSTBOURNE,PKWY,S,,,,HURSTBOURNE,KY1747,KY1747 CROSSOVER,38.217307122,-85.587330845,11.266,2/20/2020 12:00:00 AM,0744,2,2,0,0,CLEAR,DRY,False,REAR END IN TRAFFIC LANES BOTH VEHICLES MOVING,REAR END,STRAIGHT & LEVEL,DAYLIGHT,,,2/21/2020 8:12:35 AM,False,5233,Accepted,
26402037,0568000,LOUISVILLE METRO POLICE DEPT,Accepted,JEFFERSON,KY1703,,NEWBURG,RD,,,,I 0264,I264 W EXIT15B OFF RAMP TO KY1703 S,I 0264,I264 W EXIT15 ON RAMP FROM KY1703,38.201895181,-85.689076537,2.259,2/20/2020 12:00:00 AM,0734,2,2,0,0,CLEAR,DRY,False,REAR END IN TRAFFIC LANES BOTH VEHICLES MOVING,REAR END,STRAIGHT & LEVEL,DAWN,,,2/21/2020 8:12:46 AM,False,7250,Accepted,
26449182,0568000,LOUISVILLE METRO POLICE DEPT,Accepted,JEFFERSON,,1850,BLUEGRASS,AVE,,,,,,,,38.179552895,-85.792818088,0.331,2/20/2020 12:00:00 AM,0609,3,3,0,2,CLEAR,DRY,False,HEAD-ON COLLISION,HEAD ON,STRAIGHT & LEVEL,DAYLIGHT,,,3/2/2020 9:07:23 AM,False,5163,Accepted,
26414651,0568000,LOUISVILLE METRO POLICE DEPT,Accepted,JEFFERSON,,,JETT THOMAS,DR,,,FEGENBUSH,,,,,38.176445363,-85.638043519,0.037,2/20/2020 12:00:00 AM,2353,3,3,0,2,CLEAR,DRY,True,HEAD-ON COLLISION,HEAD ON,STRAIGHT & LEVEL,DARK-HWY LIGHTED/ON,,,2/24/2020 9:10:37 AM,False,5166,Accepted,
26401983,0568000,LOUISVILLE METRO POLICE DEPT,Accepted,JEFFERSON,,,CHENOWETH RUN,RD,,,,,,,,38.181168384,-85.550074383,1.352,2/20/2020 12:00:00 AM,1133,1,1,0,1,CLEAR,DRY,False,OTHER COLLISIONS ON SHOULDER,SINGLE VEHICLE,STRAIGHT & LEVEL,DAYLIGHT,,,2/21/2020 8:10:56 AM,False,7755,Accepted,
26448919,0568000,LOUISVILLE METRO POLICE DEPT,Accepted,JEFFERSON,I 0264,,,,,,,,,,,38.270866624,-85.808662664,0.017,2/20/2020 12:00:00 AM,1526,2,2,0,0,CLEAR,DRY,False,SIDESWIPE COLLISION - SAME DIRECTION,SIDESWIPE-SAME DIRECTION,STRAIGHT & LEVEL,DAYLIGHT,,,3/2/2020 8:50:23 AM,False,5113,Accepted,
26402049,0568000,LOUISVILLE METRO POLICE DEPT,Accepted,JEFFERSON,KY0061,500BLOCK,JACKSON,ST,S,,,,,,,38.247668756,-85.745173754,12.464,2/20/2020 12:00:00 AM,1155,2,2,0,0,CLEAR,DRY,False,SIDESWIPE COLLISION - SAME DIRECTION,SIDESWIPE-SAME DIRECTION,STRAIGHT & LEVEL,DAYLIGHT,,,2/21/2020 8:13:20 AM,False,7406,Accepted,
26401991,0568000,LOUISVILLE METRO POLICE DEPT,Accepted,JEFFERSON,KY1020,5804,SOUTHSIDE,DR,,,,,,,,38.166354855,-85.764830630,6.635,2/20/2020 12:00:00 AM,0728,2,2,0,0,CLOUDY,DRY,False,SIDESWIPE COLLISION - SAME DIRECTION,SIDESWIPE-SAME DIRECTION,STRAIGHT & LEVEL,DAYLIGHT,,,2/21/2020 8:11:18 AM,False,7232,Accepted,
26402040,0568000,LOUISVILLE METRO POLICE DEPT,Accepted,JEFFERSON,US0031W,,MAIN,ST,W,,,,8TH,,9TH,38.257437120,-85.764005646,21.520,2/20/2020 12:00:00 AM,1753,2,2,0,0,CLEAR,DRY,False,SIDESWIPE COLLISION - SAME DIRECTION,SIDESWIPE-SAME DIRECTION,STRAIGHT & LEVEL,DUSK,,,2/21/2020 8:12:56 AM,False,2854,Accepted,
26404143,0568000,LOUISVILLE METRO POLICE DEPT,Accepted,JEFFERSON,KY1065,4801,OUTER,LOOP,,,,,,,,38.137918833,-85.671079791,7.039,2/20/2020 12:00:00 AM,1643,2,2,0,0,CLEAR,DRY,True,SIDESWIPE COLLISION - SAME DIRECTION,SIDESWIPE-SAME DIRECTION,STRAIGHT & LEVEL,DAYLIGHT,,,2/21/2020 2:20:53 PM,False,4693,Accepted,
26448927,0568000,LOUISVILLE METRO POLICE DEPT,Accepted,JEFFERSON,I 0264,,I264 E,,,,,I 0064,I64 E EXIT19A RAMP TO I64 E,I 0064,I64 E EXIT19 TRANSIT,38.235349095,-85.624659006,18.690,2/20/2020 12:00:00 AM,1122,2,2,0,1,CLEAR,DRY,False,SIDESWIPE COLLISION - SAME DIRECTION,SIDESWIPE-SAME DIRECTION,CURVE & LEVEL,DAYLIGHT,,,3/2/2020 8:50:56 AM,False,7840,Accepted,