IncidentID,AgencyORI,AgencyName,IncidentStatusDesc,County,RdwyNumber,Street,RoadwayName,StreetSfx,StreetDir,IntersectionRdwy,IntersectionRdwyName,BetweenStRdwy1,BetweenStRdwyName1,BetweenStRdwy2,BetweenStRdwyName2,Latitude,Longitude,Milepoint,CollisionDate,CollisionTime,UnitsInvolved,MotorVehiclesInvolved,NumberKilled,NumberInjured,Weather,RdwyConditionCode,HitandRun,DirAnalysisCode,MannerofCollision,RdwyCharacter,LightCondition,RampFromRdwyId,RampToRdwyId,AcceptedDate,IsSecondaryCollision,OwnerBadge,IncidentStatus,
26401976,0568000,LOUISVILLE METRO POLICE DEPT,Accepted,JEFFERSON,KY2052,,SHEPHERDSVILLE,RD,,,,,WHISPERING HILLS,,CAROLINA CROSSINGS,38.148089153,-85.659942380,0.653,2/20/2020 12:00:00 AM,0758,3,3,0,0,CLEAR,DRY,False,1 VEHICLE ENTERING/LEAVING ENTRANCE,ANGLE,STRAIGHT & GRADE,DAYLIGHT,,,2/21/2020 8:10:24 AM,False,2017,Accepted,
26419829,0568000,LOUISVILLE METRO POLICE DEPT,Accepted,JEFFERSON,,,3RD,ST,S,,,,,,,38.168353450,-85.768559790,2.107,2/20/2020 12:00:00 AM,1442,2,2,0,0,CLEAR,DRY,False,1 VEHICLE ENTERING/LEAVING ENTRANCE,ANGLE,STRAIGHT & LEVEL,DAYLIGHT,,,2/25/2020 8:05:32 AM,False,7234,Accepted,
26419830,0568000,LOUISVILLE METRO POLICE DEPT,Accepted,JEFFERSON,,,JOHNSONTOWN,RD,,,,,,,,38.121315812,-85.857427906,0.095,2/20/2020 12:00:00 AM,1554,2,2,0,0,CLEAR,DRY,False,1 VEHICLE ENTERING/LEAVING ENTRANCE,ANGLE,STRAIGHT & LEVEL,DAYLIGHT,,,2/25/2020 8:05:36 AM,False,7234,Accepted,
26425900,0568000,LOUISVILLE METRO POLICE DEPT,Accepted,JEFFERSON,I 0264,,I264 W,,,,,,,,,38.200339905,-85.698652179,13.969,2/20/2020 12:00:00 AM,0105,2,2,0,0,CLOUDY,DRY,False,1 VEHICLE ENTERING/LEAVING ENTRANCE,ANGLE,STRAIGHT & LEVEL,DARK-HWY LIGHTED/ON,,,2/26/2020 8:12:17 AM,False,6947,Accepted,
26401971,0568000,LOUISVILLE METRO POLICE DEPT,Accepted,JEFFERSON,,3702,SUSAN,LN,,,,,,,,38.093761535,-85.694422161,0.173,2/20/2020 12:00:00 AM,0757,2,2,0,0,CLEAR,DRY,False,VEHICLE BACKING NON INTERSECTION,BACKING,STRAIGHT & LEVEL,DAYLIGHT,,,2/21/2020 8:10:16 AM,False,7799,Accepted,
26944647,0568000,LOUISVILLE METRO POLICE DEPT,Accepted,JEFFERSON,US0150,,BROADWAY,,E,,,,BROOK,,1ST,38.245669169,-85.752807780,2.681,2/20/2020 12:00:00 AM,1703,2,2,0,0,CLEAR,DRY,False,1 VEHICLE ENTERING/LEAVING ENTRANCE,ANGLE,STRAIGHT & LEVEL,DAYLIGHT,,,7/17/2020 12:42:08 PM,False,7266,Accepted,
26402003,0568000,LOUISVILLE METRO POLICE DEPT,Accepted,JEFFERSON,I 0071,,,,,,,,,,,38.274026093,-85.696803696,0.268,2/20/2020 12:00:00 AM,1255,2,2,0,1,CLEAR,DRY,False,OTHER RAMP RELATED COLLISIONS NOT LISTED ABOVE,REAR END,CURVE & GRADE,DAYLIGHT,I 0071,ZORN AVE,2/21/2020 8:11:51 AM,False,2413,Accepted,
26402055,0568000,LOUISVILLE METRO POLICE DEPT,Accepted,JEFFERSON,US0031E,3044,BARDSTOWN,RD,,,,,,,,38.213097540,-85.672860405,12.177,2/20/2020 12:00:00 AM,1918,2,1,0,1,CLEAR,DRY,False,COLLISION IN PARKING LOT,SINGLE VEHICLE,STRAIGHT & LEVEL,DARK-HWY LIGHTED/ON,,,2/21/2020 8:13:34 AM,False,7101,Accepted,
26396725,0568000,LOUISVILLE METRO POLICE DEPT,Accepted,JEFFERSON,,4200,MEDALLION,CT,,,,,,,,38.166753564,-85.681605126,0.015,2/20/2020 12:00:00 AM,0246,2,2,0,0,CLEAR,DRY,False,COLLISION IN PARKING LOT,BACKING,STRAIGHT & LEVEL,DARK-HWY LIGHTED/ON,,,2/20/2020 8:18:09 AM,False,7276,Accepted,
26391143,0568000,LOUISVILLE METRO POLICE DEPT,Accepted,JEFFERSON,,200,CHESTNUT,ST,E,,,,,,,38.248257774,-85.751692696,0.067,2/19/2020 12:00:00 AM,0600,2,2,0,0,CLEAR,DRY,False,COLLISION IN PARKING LOT,SIDESWIPE-SAME DIRECTION,STRAIGHT & LEVEL,DARK-HWY LIGHTED/ON,,,2/19/2020 8:24:52 AM,False,7316,Accepted,
26391139,0568000,LOUISVILLE METRO POLICE DEPT,Accepted,JEFFERSON,,416,29TH,ST,N,,,,,,,38.269470223,-85.796429875,0.414,2/19/2020 12:00:00 AM,0430,1,1,0,0,CLEAR,DRY,False,COLLISION IN PARKING LOT,SINGLE VEHICLE,STRAIGHT & LEVEL,DARK-HWY LIGHTED/ON,,,2/19/2020 8:24:41 AM,False,2128,Accepted,
26396716,0568000,LOUISVILLE METRO POLICE DEPT,Accepted,JEFFERSON,I 0265,,,,,,,,,,,38.309036284,-85.572957369,0.224,2/19/2020 12:00:00 AM,1935,2,2,0,0,CLEAR,DRY,False,OTHER RAMP RELATED COLLISIONS NOT LISTED ABOVE,REAR END,CURVE & LEVEL,DARK-HWY LIGHTED/ON,I 0265,KY0022,2/20/2020 8:17:41 AM,False,5004,Accepted,
26396685,0568000,LOUISVILLE METRO POLICE DEPT,Accepted,JEFFERSON,I 0065,,,,,,,,,,,38.250702115,-85.746859541,0.083,2/19/2020 12:00:00 AM,1715,2,2,0,0,CLEAR,DRY,False,OTHER RAMP RELATED COLLISIONS NOT LISTED ABOVE,REAR END,CURVE & GRADE,DAYLIGHT,W LIBERTY ST,I 0065,2/20/2020 8:16:18 AM,False,7266,Accepted,
26402000,0568000,LOUISVILLE METRO POLICE DEPT,Accepted,JEFFERSON,I 0065,,,,,,,,,,,38.191027933,-85.728363703,0.248,2/19/2020 12:00:00 AM,1323,2,2,0,0,CLEAR,DRY,True,OTHER RAMP RELATED COLLISIONS NOT LISTED ABOVE,SIDESWIPE-SAME DIRECTION,STRAIGHT & LEVEL,DAYLIGHT,I 0065,I 0065,2/21/2020 8:11:42 AM,False,7094,Accepted,
26472083,0568000,LOUISVILLE METRO POLICE DEPT,Accepted,JEFFERSON,I 0264,,,,,,,,,,,38.186414706,-85.784019275,0.014,2/19/2020 12:00:00 AM,1253,2,2,0,0,CLEAR,DRY,False,OTHER RAMP RELATED COLLISIONS NOT LISTED ABOVE,SIDESWIPE-SAME DIRECTION,CURVE & LEVEL,DAYLIGHT,KY1865,I 0264,3/6/2020 8:21:59 AM,False,5127,Accepted,
26449117,0568000,LOUISVILLE METRO POLICE DEPT,Accepted,JEFFERSON,I 0071,,,,,,,,,,,38.315597017,-85.582833283,0.091,2/19/2020 12:00:00 AM,1710,2,2,0,0,CLEAR,DRY,False,OTHER RAMP RELATED COLLISIONS NOT LISTED ABOVE,SIDESWIPE-SAME DIRECTION,CURVE & GRADE,DAYLIGHT,I 0071,I 0071,3/2/2020 9:01:57 AM,False,7615,Accepted,
26404146,0568000,LOUISVILLE METRO POLICE DEPT,Accepted,JEFFERSON,I 0064,,,,,,,,,,,38.258111285,-85.723623607,0.136,2/19/2020 12:00:00 AM,1238,2,2,0,0,CLEAR,DRY,False,OTHER RAMP RELATED COLLISIONS NOT LISTED ABOVE,REAR END,CURVE & HILLCREST,DAYLIGHT,I 0064,STORY AVE,2/21/2020 2:21:18 PM,False,7058,Accepted,
26396694,0568000,LOUISVILLE METRO POLICE DEPT,Accepted,JEFFERSON,I 0065,,I65 N,,,,,I 0065,I65 N EXIT128 ON RAMP FROM KY1631,I 0065,I65 N EXIT130 OFF RAMP TO KY61,38.168378683,-85.720574553,129.052,2/19/2020 12:00:00 AM,0726,2,2,0,0,CLEAR,DRY,False,OTHER ROADWAY OR MID-BLOCK COLLISION,REAR END,STRAIGHT & LEVEL,DAYLIGHT,,,2/20/2020 8:16:39 AM,False,7473,Accepted,
26396622,0566700,MIDDLETOWN POLICE DEPARTMENT,Accepted,JEFFERSON,,,ENGLISH STATION,RD,S,,,,LANDIS LAKES,,ACADEMY RIDGE,38.236048455,-85.496682138,0.361,2/19/2020 12:00:00 AM,0910,1,1,0,0,CLEAR,DRY,False,OTHER ROADWAY OR MID-BLOCK COLLISION,SINGLE VEHICLE,CURVE & GRADE,DAYLIGHT,,,2/20/2020 8:15:23 AM,False,2009,Accepted,
26436971,0568000,LOUISVILLE METRO POLICE DEPT,Accepted,JEFFERSON,,2944,RIO RITA,AVE,,,,,,,,38.212276225,-85.650037569,0.284,2/19/2020 12:00:00 AM,1341,2,2,0,0,CLEAR,DRY,False,OTHER ROADWAY OR MID-BLOCK COLLISION,REAR END,CURVE & LEVEL,DAYLIGHT,,,2/28/2020 8:10:30 AM,False,2429,Accepted,
26401979,0568000,LOUISVILLE METRO POLICE DEPT,Accepted,JEFFERSON,I 0071,,I71 S,,,,,,,,,38.298630461,-85.622325527,6.592,2/19/2020 12:00:00 AM,0855,3,3,0,2,CLEAR,DRY,False,OTHER ROADWAY OR MID-BLOCK COLLISION,REAR END,STRAIGHT & LEVEL,DAYLIGHT,,,2/21/2020 8:10:34 AM,False,7751,Accepted,
26519022,0568000,LOUISVILLE METRO POLICE DEPT,Accepted,JEFFERSON,KY2056,,BELLS,LN,,,,,,,,38.222448954,-85.821198695,1.117,2/19/2020 12:00:00 AM,2018,1,1,0,1,CLEAR,DRY,True,OTHER ROADWAY OR MID-BLOCK COLLISION,SINGLE VEHICLE,STRAIGHT & LEVEL,DARK-HWY LIGHTED/ON,,,3/16/2020 9:04:35 AM,False,7154,Accepted,
26401981,0568000,LOUISVILLE METRO POLICE DEPT,Accepted,JEFFERSON,I 0265,,I265 N,,,,,I 0071,I71 N EXIT35A RAMP TO I71 N,I 0265,I265 N EXIT34 ON RAMP FROM KY22 W,38.312271833,-85.576814854,34.361,2/19/2020 12:00:00 AM,1700,2,2,0,0,CLEAR,DRY,False,OTHER ROADWAY OR MID-BLOCK COLLISION,REAR END,STRAIGHT & LEVEL,DAYLIGHT,,,2/21/2020 8:10:44 AM,False,7751,Accepted,
26401982,0568000,LOUISVILLE METRO POLICE DEPT,Accepted,JEFFERSON,KY1447,,WESTPORT,RD,,,,I 0265,I265 N EXIT33 ON RAMP FROM KY1447,I 0265,I265 N EXIT33 OFF RAMP TO KY1447,38.298313689,-85.545840604,6.815,2/19/2020 12:00:00 AM,1753,3,3,0,1,CLEAR,DRY,False,OTHER ROADWAY OR MID-BLOCK COLLISION,REAR END,STRAIGHT & LEVEL,DAYLIGHT,,,2/21/2020 8:10:51 AM,False,7751,Accepted,
26396617,0568000,LOUISVILLE METRO POLICE DEPT,Accepted,JEFFERSON,I 0065,,I65 S,,,,,,,,,38.256317727,-85.742012991,136.259,2/19/2020 12:00:00 AM,0834,3,3,0,0,CLEAR,DRY,False,OTHER ROADWAY OR MID-BLOCK COLLISION,REAR END,CURVE & LEVEL,DAYLIGHT,,,2/20/2020 8:15:01 AM,False,4903,Accepted,
26396618,0568000,LOUISVILLE METRO POLICE DEPT,Accepted,JEFFERSON,I 0265,,I265 E,,,,,I 0265,I265 E EXIT17 ON RAMP FROM US31E,I 0265,I265 E EXIT19 OFF RAMP TO KY1819,38.142149634,-85.565354830,18.283,2/19/2020 12:00:00 AM,0740,1,1,0,1,CLEAR,DRY,False,OTHER ROADWAY OR MID-BLOCK COLLISION,SINGLE VEHICLE,STRAIGHT & LEVEL,DAYLIGHT,,,2/20/2020 8:15:05 AM,False,2017,Accepted,
26396703,0568000,LOUISVILLE METRO POLICE DEPT,Accepted,JEFFERSON,,,3RD,ST,S,,,,ROCHESTER,,IROQUOIS,38.170148078,-85.768232644,1.982,2/19/2020 12:00:00 AM,1810,2,2,0,0,CLOUDY,DRY,False,1 VEHICLE ENTERING/LEAVING ENTRANCE,ANGLE,STRAIGHT & LEVEL,DUSK,,,2/20/2020 8:17:03 AM,False,7232,Accepted,
26402048,0568000,LOUISVILLE METRO POLICE DEPT,Accepted,JEFFERSON,,700BLOCK,LOGAN,ST,,,,,,,,38.244577089,-85.738181753,0.093,2/19/2020 12:00:00 AM,1047,3,3,0,0,CLEAR,DRY,False,1 VEHICLE ENTERING/LEAVING ENTRANCE,ANGLE,STRAIGHT & LEVEL,DAYLIGHT,,,2/21/2020 8:13:17 AM,False,7406,Accepted,
26396623,0568000,LOUISVILLE METRO POLICE DEPT,Accepted,JEFFERSON,KY1934,,CANE RUN,RD,,,,,,,,38.223141379,-85.810482391,11.394,2/19/2020 12:00:00 AM,0200,2,2,0,0,CLEAR,DRY,False,1 VEHICLE ENTERING/LEAVING ENTRANCE,ANGLE,STRAIGHT & LEVEL,DARK-HWY LIGHTED/ON,,,2/20/2020 8:15:26 AM,False,7626,Accepted,
26396717,0568000,LOUISVILLE METRO POLICE DEPT,Accepted,JEFFERSON,US0031E,,MARKET,ST,E,,,,CLAY,,SHELBY,38.253296645,-85.738991409,16.989,2/19/2020 12:00:00 AM,2200,4,4,0,0,CLEAR,DRY,False,1 VEHICLE ENTERING/LEAVING ENTRANCE,ANGLE,STRAIGHT & LEVEL,DARK-HWY LIGHTED/ON,,,2/20/2020 8:17:44 AM,False,5295,Accepted,
26396713,0568000,LOUISVILLE METRO POLICE DEPT,Accepted,JEFFERSON,KY1931,,ST ANDREWS CHURCH,RD,,,,,,,,38.153710904,-85.810604670,4.961,2/19/2020 12:00:00 AM,1942,2,2,0,0,CLEAR,DRY,False,1 VEHICLE ENTERING/LEAVING ENTRANCE,ANGLE,STRAIGHT & LEVEL,DARK-HWY NOT LIGHTED,,,2/20/2020 8:17:32 AM,False,5259,Accepted,
26396720,0568000,LOUISVILLE METRO POLICE DEPT,Accepted,JEFFERSON,KY1065,,OUTER,LOOP,,,,,,,,38.136511164,-85.713415096,4.659,2/19/2020 12:00:00 AM,2223,2,2,0,2,CLEAR,DRY,False,1 VEHICLE ENTERING/LEAVING ENTRANCE,ANGLE,STRAIGHT & LEVEL,DARK-HWY LIGHTED/ON,,,2/20/2020 8:17:54 AM,False,7016,Accepted,
26414678,0568000,LOUISVILLE METRO POLICE DEPT,Accepted,JEFFERSON,KY1065,,OUTER,LOOP,,,,,,,,38.136920788,-85.709340415,4.778,2/19/2020 12:00:00 AM,0550,2,2,0,0,CLEAR,DRY,True,1 VEHICLE ENTERING/LEAVING ENTRANCE,ANGLE,STRAIGHT & LEVEL,DARK-HWY LIGHTED/ON,,,2/24/2020 9:12:05 AM,False,7735,Accepted,
26414914,0568000,LOUISVILLE METRO POLICE DEPT,Accepted,JEFFERSON,US0060,,FRANKFORT,AVE,,,,,FRANCK,,HITE,38.254412019,-85.694785465,1.380,2/19/2020 12:00:00 AM,1805,2,2,0,0,CLEAR,DRY,False,SIDESWIPE COLLISION - SAME DIRECTION,SIDESWIPE-SAME DIRECTION,STRAIGHT & LEVEL,DAYLIGHT,,,2/24/2020 9:21:31 AM,False,7632,Accepted,
26402022,0568000,LOUISVILLE METRO POLICE DEPT,Accepted,JEFFERSON,I 0065,,I65 S,,,,,,,,,38.115167335,-85.701737608,125.170,2/19/2020 12:00:00 AM,1604,3,3,0,1,CLEAR,DRY,False,SIDESWIPE COLLISION - SAME DIRECTION,SIDESWIPE-SAME DIRECTION,STRAIGHT & LEVEL,DAYLIGHT,,,2/21/2020 8:12:25 AM,False,4693,Accepted,
26395296,0560300,ST. MATTHEWS POLICE DEPARTMENT,Accepted,JEFFERSON,I 0064,,I64 W,,,,,,,,,38.236000509,-85.640584391,11.288,2/19/2020 12:00:00 AM,1819,2,2,0,0,CLEAR,DRY,True,SIDESWIPE COLLISION - SAME DIRECTION,SIDESWIPE-SAME DIRECTION,STRAIGHT & LEVEL,DUSK,,,2/19/2020 11:04:51 PM,False,9195,Accepted,
26401980,0568000,LOUISVILLE METRO POLICE DEPT,Accepted,JEFFERSON,KY0022,,BROWNSBORO,RD,,,,,BROWNSBORO GLEN,KY1694,BROWNSBORO,38.314553444,-85.564065661,4.668,2/19/2020 12:00:00 AM,1143,2,2,0,0,CLEAR,DRY,False,SIDESWIPE COLLISION - SAME DIRECTION,SIDESWIPE-SAME DIRECTION,STRAIGHT & LEVEL,DAYLIGHT,,,2/21/2020 8:10:39 AM,False,7751,Accepted,
26396698,0568000,LOUISVILLE METRO POLICE DEPT,Accepted,JEFFERSON,I 0065,,I65 N,,,,,,,,,38.204940178,-85.741602275,131.988,2/19/2020 12:00:00 AM,0654,3,3,0,0,CLOUDY,DRY,True,SIDESWIPE COLLISION - SAME DIRECTION,SIDESWIPE-SAME DIRECTION,STRAIGHT & LEVEL,DAWN,,,2/20/2020 8:16:48 AM,True,4656,Accepted,
26396616,0568000,LOUISVILLE METRO POLICE DEPT,Accepted,JEFFERSON,I 0065,,I65 N,,,,,,,,,38.193323944,-85.731801987,130.985,2/19/2020 12:00:00 AM,0730,2,2,0,0,CLEAR,DRY,False,SIDESWIPE COLLISION - SAME DIRECTION,SIDESWIPE-SAME DIRECTION,STRAIGHT & LEVEL,DAYLIGHT,,,2/20/2020 8:14:57 AM,False,2499,Accepted,
26396686,0568000,LOUISVILLE METRO POLICE DEPT,Accepted,JEFFERSON,I 0265,,I265 E,,,,,,,,,38.116142861,-85.655954322,12.854,2/19/2020 12:00:00 AM,1700,2,2,0,0,CLEAR,DRY,False,SIDESWIPE COLLISION - SAME DIRECTION,SIDESWIPE-SAME DIRECTION,STRAIGHT & LEVEL,DAYLIGHT,,,2/20/2020 8:16:22 AM,False,7989,Accepted,
26396715,0568000,LOUISVILLE METRO POLICE DEPT,Accepted,JEFFERSON,I 0071,,I71 S,,,,,,,,,38.293456304,-85.665190602,4.014,2/19/2020 12:00:00 AM,1003,1,1,0,1,CLEAR,DRY,False,OTHER COLLISIONS ON SHOULDER,SINGLE VEHICLE,STRAIGHT & LEVEL,DAYLIGHT,,,2/20/2020 8:17:39 AM,False,2217,Accepted,
26449118,0568000,LOUISVILLE METRO POLICE DEPT,Accepted,JEFFERSON,KY1447,,WESTPORT,RD,,,,,,,,38.300688504,-85.537190831,7.295,2/19/2020 12:00:00 AM,1845,2,2,0,0,CLEAR,DRY,False,REAR END IN TRAFFIC LANES BOTH VEHICLES MOVING,REAR END,STRAIGHT & LEVEL,DARK-HWY LIGHTED/ON,,,3/2/2020 9:02:04 AM,False,7615,Accepted,
26401962,0568000,LOUISVILLE METRO POLICE DEPT,Accepted,JEFFERSON,I 0065,,I65 N,,,,,,,,,38.188404396,-85.727542875,130.573,2/19/2020 12:00:00 AM,0722,3,3,0,0,CLEAR,DRY,False,REAR END IN TRAFFIC LANES BOTH VEHICLES MOVING,REAR END,STRAIGHT & LEVEL,DAYLIGHT,,,2/21/2020 8:09:56 AM,False,7094,Accepted,
26402020,0568000,LOUISVILLE METRO POLICE DEPT,Accepted,JEFFERSON,I 0065,,I65 S,,,,,,,,,38.124452585,-85.702178922,125.812,2/19/2020 12:00:00 AM,1704,2,2,0,0,CLEAR,DRY,True,REAR END IN TRAFFIC LANES BOTH VEHICLES MOVING,REAR END,STRAIGHT & LEVEL,DAYLIGHT,,,2/21/2020 8:12:22 AM,False,4693,Accepted,
26396726,0568000,LOUISVILLE METRO POLICE DEPT,Accepted,JEFFERSON,KY1931,,ST ANDREWS CHURCH,RD,,,,,,,,38.152160266,-85.818838442,4.497,2/19/2020 12:00:00 AM,1857,4,4,0,1,CLEAR,DRY,False,REAR END IN TRAFFIC LANES BOTH VEHICLES MOVING,REAR END,STRAIGHT & LEVEL,DARK-HWY LIGHTED/ON,,,2/20/2020 8:18:12 AM,False,5170,Accepted,
26391152,0568000,LOUISVILLE METRO POLICE DEPT,Accepted,JEFFERSON,I 0065,,I65 N,,,,,,,,,38.206690751,-85.746458093,132.285,2/19/2020 12:00:00 AM,0650,2,2,0,0,CLOUDY,DRY,False,REAR END IN TRAFFIC LANES BOTH VEHICLES MOVING,REAR END,STRAIGHT & LEVEL,DARK-HWY LIGHTED/ON,,,2/19/2020 8:25:32 AM,False,4903,Accepted,
26472084,0568000,LOUISVILLE METRO POLICE DEPT,Accepted,JEFFERSON,I 0264,,I264 E,,,,,,,,,38.189844296,-85.765238846,10.132,2/19/2020 12:00:00 AM,0330,2,2,0,0,CLEAR,DRY,False,REAR END IN TRAFFIC LANES BOTH VEHICLES MOVING,REAR END,STRAIGHT & LEVEL,DAYLIGHT,,,3/6/2020 8:22:03 AM,False,5127,Accepted,
26396635,0568000,LOUISVILLE METRO POLICE DEPT,Accepted,JEFFERSON,I 0064,,I64 W,,,,,,,,,38.232801741,-85.607941086,13.165,2/19/2020 12:00:00 AM,0853,2,2,0,0,CLEAR,DRY,False,REAR END IN TRAFFIC LANES BOTH VEHICLES MOVING,REAR END,STRAIGHT & LEVEL,DAYLIGHT,,,2/20/2020 8:15:57 AM,False,5109,Accepted,
26396633,0568000,LOUISVILLE METRO POLICE DEPT,Accepted,JEFFERSON,,,GRADE,LN,,,,,,,,38.180045208,-85.718684189,0.011,2/19/2020 12:00:00 AM,1615,2,2,0,0,CLEAR,DRY,False,REAR END IN TRAFFIC LANES BOTH VEHICLES MOVING,REAR END,STRAIGHT & GRADE,DAYLIGHT,,,2/20/2020 8:15:51 AM,False,5130,Accepted,
26396690,0568000,LOUISVILLE METRO POLICE DEPT,Accepted,JEFFERSON,,,CRITTENDEN,DR,,,,,GRADE,,FERN VALLEY,38.153288602,-85.735141048,3.738,2/19/2020 12:00:00 AM,1741,2,2,0,0,CLEAR,DRY,False,REAR END IN TRAFFIC LANES BOTH VEHICLES MOVING,REAR END,STRAIGHT & LEVEL,DAYLIGHT,,,2/20/2020 8:16:30 AM,False,7397,Accepted,
26396702,0568000,LOUISVILLE METRO POLICE DEPT,Accepted,JEFFERSON,KY1747,,HURSTBOURNE,PKWY,S,,,,,,,38.217997398,-85.586121007,11.343,2/19/2020 12:00:00 AM,1600,3,3,0,0,CLEAR,DRY,True,REAR END IN TRAFFIC LANES BOTH VEHICLES MOVING,REAR END,STRAIGHT & LEVEL,DAYLIGHT,,,2/20/2020 8:17:00 AM,False,7864,Accepted,
26396689,0568000,LOUISVILLE METRO POLICE DEPT,Accepted,JEFFERSON,KY0146,,NEW LA GRANGE,RD,,,,,,,,38.254739467,-85.610954049,0.517,2/19/2020 12:00:00 AM,0850,2,2,0,0,CLEAR,DRY,False,REAR END IN TRAFFIC LANES BOTH VEHICLES MOVING,REAR END,STRAIGHT & LEVEL,DAYLIGHT,,,2/20/2020 8:16:28 AM,False,2454,Accepted,
26396679,0568000,LOUISVILLE METRO POLICE DEPT,Accepted,JEFFERSON,,,PLACE ARGENTE,,,,,,,,,38.251569099,-85.771438027,0.048,2/19/2020 12:00:00 AM,1725,1,1,0,0,CLEAR,DRY,True,1 VEHICLE PARKED POSITION (NOT PARKING LOT/DRIVEWAY),SINGLE VEHICLE,STRAIGHT & LEVEL,DAYLIGHT,,,2/20/2020 8:16:13 AM,False,7937,Accepted,
26448909,0568000,LOUISVILLE METRO POLICE DEPT,Accepted,JEFFERSON,,,32ND,ST,S,,,,MAGNOLIA,,SOUTHERN,38.233299208,-85.807875635,0.457,2/19/2020 12:00:00 AM,0055,2,2,0,0,CLEAR,DRY,False,1 VEHICLE PARKED POSITION (NOT PARKING LOT/DRIVEWAY),SIDESWIPE-SAME DIRECTION,CURVE & LEVEL,DARK-HWY LIGHTED/ON,,,3/2/2020 8:49:54 AM,False,7840,Accepted,
26396729,0568000,LOUISVILLE METRO POLICE DEPT,Accepted,JEFFERSON,,6510,HUFF,LN,,,,,,,,38.189533230,-85.869786717,0.070,2/19/2020 12:00:00 AM,2225,2,2,0,0,CLEAR,DRY,False,1 VEHICLE PARKED POSITION (NOT PARKING LOT/DRIVEWAY),BACKING,STRAIGHT & LEVEL,DARK-HWY NOT LIGHTED,,,2/20/2020 8:18:21 AM,False,5265,Accepted,
26740734,0568000,LOUISVILLE METRO POLICE DEPT,Accepted,JEFFERSON,I 0065,,I65 N,,,,,,,,,38.106575459,-85.701100498,124.578,2/19/2020 12:00:00 AM,1313,2,2,0,0,CLEAR,DRY,False,REAR END IN TRAFFIC LANES BOTH VEHICLES MOVING,REAR END,STRAIGHT & LEVEL,DAYLIGHT,,,5/27/2020 8:40:04 AM,False,8278,Accepted,
26449115,0568000,LOUISVILLE METRO POLICE DEPT,Accepted,JEFFERSON,KY0841,,GENE SNYDER,FWY,,,,,,,,38.320760562,-85.612752067,36.454,2/19/2020 12:00:00 AM,1020,2,2,0,0,CLEAR,DRY,False,COLLISION WITH FIXED OBJECT NON - INTERSECTION - FIRST EVENT COLLISION 09 - 32 EXCLUDING 16,REAR END,STRAIGHT & LEVEL,DAYLIGHT,,,3/2/2020 9:01:31 AM,False,7615,Accepted,
26396728,0568000,LOUISVILLE METRO POLICE DEPT,Accepted,JEFFERSON,I 0264,,I264 E,,,,,,,,,38.213616264,-85.666427293,15.982,2/19/2020 12:00:00 AM,0828,1,1,0,0,CLEAR,DRY,False,COLLISION WITH NON-FIXED OBJECT ,SINGLE VEHICLE,STRAIGHT & LEVEL,DAWN,,,2/20/2020 8:18:18 AM,False,6813,Accepted,
26401994,0568000,LOUISVILLE METRO POLICE DEPT,Accepted,JEFFERSON,I 0065,,,,,I 0065,I65 W EXIT12 RAMP TO I65 S,,,,,38.191135579,-85.724386749,0.161,2/19/2020 12:00:00 AM,1623,3,3,0,1,CLEAR,DRY,False,OTHER INTERSECTION COLLISIONS,REAR END,STRAIGHT & LEVEL,DAYLIGHT,,,2/21/2020 8:11:29 AM,False,7879,Accepted,
26401993,0568000,LOUISVILLE METRO POLICE DEPT,Accepted,JEFFERSON,,,GOLDSMITH,LN,,,PEABODY,,,,,38.204108572,-85.677052546,0.523,2/19/2020 12:00:00 AM,0806,2,2,0,0,CLEAR,DRY,True,OTHER INTERSECTION COLLISIONS,REAR END,STRAIGHT & LEVEL,DAYLIGHT,,,2/21/2020 8:11:25 AM,False,7879,Accepted,
26401977,0568000,LOUISVILLE METRO POLICE DEPT,Accepted,JEFFERSON,KY0155,,TAYLORSVILLE,RD,,I 0265,I265 W EXIT23 OFF RAMP TO KY155,,,,,38.188487900,-85.510889366,6.165,2/19/2020 12:00:00 AM,1434,2,2,0,0,CLEAR,DRY,False,OTHER INTERSECTION COLLISIONS,REAR END,CURVE & LEVEL,DAYLIGHT,,,2/21/2020 8:10:28 AM,False,2017,Accepted,
26396721,0568000,LOUISVILLE METRO POLICE DEPT,Accepted,JEFFERSON,KY0061,,PRESTON,HWY,,KY1747,FERN VALLEY,,,,,38.156997591,-85.697118137,5.339,2/19/2020 12:00:00 AM,2315,2,2,0,0,CLEAR,DRY,False,OTHER INTERSECTION COLLISIONS,REAR END,STRAIGHT & LEVEL,DARK-HWY LIGHTED/ON,,,2/20/2020 8:17:57 AM,False,5270,Accepted,
26419857,0568000,LOUISVILLE METRO POLICE DEPT,Accepted,JEFFERSON,KY1934,4517,CANE RUN,RD,,,MARGEE,,,,,38.193632834,-85.844585879,8.622,2/19/2020 12:00:00 AM,1210,2,2,0,0,CLEAR,DRY,True,OTHER INTERSECTION COLLISIONS,REAR END,,DAYLIGHT,,,2/25/2020 8:07:37 AM,False,5208,Accepted,