IncidentID,AgencyORI,AgencyName,IncidentStatusDesc,County,RdwyNumber,Street,RoadwayName,StreetSfx,StreetDir,IntersectionRdwy,IntersectionRdwyName,BetweenStRdwy1,BetweenStRdwyName1,BetweenStRdwy2,BetweenStRdwyName2,Latitude,Longitude,Milepoint,CollisionDate,CollisionTime,UnitsInvolved,MotorVehiclesInvolved,NumberKilled,NumberInjured,Weather,RdwyConditionCode,HitandRun,DirAnalysisCode,MannerofCollision,RdwyCharacter,LightCondition,RampFromRdwyId,RampToRdwyId,AcceptedDate,IsSecondaryCollision,OwnerBadge,IncidentStatus,
26396627,0568000,LOUISVILLE METRO POLICE DEPT,Accepted,JEFFERSON,I 0264,,,,,I 0264,I264 E,,,,,38.212809275,-85.667852815,0.276,2/19/2020 12:00:00 AM,0854,2,2,0,1,CLEAR,DRY,False,OTHER INTERSECTION COLLISIONS,REAR END,STRAIGHT & LEVEL,DAYLIGHT,,,2/20/2020 8:15:36 AM,False,4656,Accepted,
26396704,0568000,LOUISVILLE METRO POLICE DEPT,Accepted,JEFFERSON,KY1932,,BRECKENRIDGE,LN,,US0031E,BARDSTOWN,,,,,38.181260477,-85.626828665,0.005,2/19/2020 12:00:00 AM,1753,2,2,0,0,CLEAR,DRY,False,OTHER INTERSECTION COLLISIONS,REAR TO REAR,STRAIGHT & LEVEL,DUSK,,,2/20/2020 8:17:06 AM,False,7366,Accepted,
26396697,0568000,LOUISVILLE METRO POLICE DEPT,Accepted,JEFFERSON,US0031E,,BAXTER,AVE,,,,US0031E,MARKET,US0031E,MAIN,38.252653102,-85.732527005,16.631,2/19/2020 12:00:00 AM,1527,2,1,0,1,CLEAR,DRY,False,COLLISION WITH PEDESTRIAN NON - INTERSECTION,SINGLE VEHICLE,STRAIGHT & LEVEL,DAYLIGHT,,,2/20/2020 8:16:45 AM,False,5251,Accepted,
26472116,0568000,LOUISVILLE METRO POLICE DEPT,Accepted,JEFFERSON,,,BURNETT,AVE,W,KY1020,3RD,,,,,38.227131931,-85.760033317,0.181,2/19/2020 12:00:00 AM,1140,4,4,0,1,CLEAR,DRY,True,OTHER INTERSECTION COLLISIONS,REAR END,STRAIGHT & LEVEL,DAYLIGHT,,,3/6/2020 8:24:04 AM,False,7296,Accepted,
26396643,0568000,LOUISVILLE METRO POLICE DEPT,Accepted,JEFFERSON,KY1934,,CANE RUN,RD,,,LINDENWOOD,,,,,38.178628361,-85.860626501,7.258,2/19/2020 12:00:00 AM,1453,2,2,0,0,CLEAR,DRY,True,OTHER INTERSECTION COLLISIONS,REAR END,STRAIGHT & LEVEL,DAYLIGHT,,,2/20/2020 8:16:04 AM,False,7177,Accepted,
26396708,0568000,LOUISVILLE METRO POLICE DEPT,Accepted,JEFFERSON,KY0907,,3RD ST,RD,,,ARNOLDTOWN,,,,,38.121211386,-85.803595580,3.994,2/19/2020 12:00:00 AM,1733,3,3,0,0,CLEAR,DRY,False,OTHER INTERSECTION COLLISIONS,REAR END,STRAIGHT & LEVEL,DAYLIGHT,,,2/20/2020 8:17:21 AM,False,7149,Accepted,
26396699,0568000,LOUISVILLE METRO POLICE DEPT,Accepted,JEFFERSON,KY1065,,OUTER,LOOP,,,GRADE,,,,,38.129954507,-85.737104924,3.188,2/19/2020 12:00:00 AM,1800,2,2,0,0,CLEAR,DRY,False,OTHER INTERSECTION COLLISIONS,REAR END,STRAIGHT & HILLCREST,DUSK,,,2/20/2020 8:16:51 AM,False,7263,Accepted,
26396707,0568000,LOUISVILLE METRO POLICE DEPT,Accepted,JEFFERSON,,,JOHNSON SCHOOL,RD,,,JOHNSON GREEN,,,,,38.139456852,-85.598070378,0.106,2/19/2020 12:00:00 AM,1707,2,2,0,0,CLEAR,DRY,False,OTHER INTERSECTION COLLISIONS,REAR END,STRAIGHT & LEVEL,DAYLIGHT,,,2/20/2020 8:17:17 AM,False,7812,Accepted,
26391142,0568000,LOUISVILLE METRO POLICE DEPT,Accepted,JEFFERSON,KY0146,,LA GRANGE,RD,,,SERVICE,,,,,38.290047705,-85.511726079,7.611,2/19/2020 12:00:00 AM,0551,2,2,0,0,CLEAR,DRY,False,OTHER INTERSECTION COLLISIONS,REAR END,STRAIGHT & LEVEL,DARK-HWY NOT LIGHTED,,,2/19/2020 8:24:48 AM,False,6931,Accepted,
26393042,0561000,JEFFERSONTOWN POLICE DEPT,Accepted,JEFFERSON,,,WATTERSON,TRL,,,LOCHRIDGE,,,,,38.183369050,-85.590412193,1.966,2/19/2020 12:00:00 AM,1311,2,2,0,0,CLEAR,DRY,False,OTHER INTERSECTION COLLISIONS,REAR END,STRAIGHT & LEVEL,DAYLIGHT,,,2/19/2020 2:36:44 PM,False,8283,Accepted,
26395238,0561000,JEFFERSONTOWN POLICE DEPT,Accepted,JEFFERSON,KY1747,,HURSTBOURNE,PKWY,S,,HURSTBOURNE,,,,,38.217639338,-85.586998333,11.301,2/19/2020 12:00:00 AM,1903,2,2,0,0,CLOUDY,DRY,False,OTHER INTERSECTION COLLISIONS,REAR END,STRAIGHT & LEVEL,DARK-HWY LIGHTED/ON,,,2/19/2020 10:47:00 PM,False,8318,Accepted,
26448957,0568000,LOUISVILLE METRO POLICE DEPT,Accepted,JEFFERSON,US0031E,,BAXTER,AVE,,US0150,BROADWAY,,,,,38.243727568,-85.727016898,15.902,2/19/2020 12:00:00 AM,0241,2,2,1,0,CLEAR,DRY,False,OTHER INTERSECTION COLLISIONS,REAR END,STRAIGHT & LEVEL,DARK-HWY LIGHTED/ON,,,3/2/2020 8:52:46 AM,False,2217,Accepted,
26396719,0568000,LOUISVILLE METRO POLICE DEPT,Accepted,JEFFERSON,KY0022,,BROWNSBORO,RD,,,SPRINGDALE,,,,,38.305144109,-85.577568360,3.695,2/19/2020 12:00:00 AM,2011,2,2,0,0,CLEAR,DRY,False,SIDESWIPE-SAME DIRECTION,SIDESWIPE-SAME DIRECTION,CURVE & LEVEL,DARK-HWY LIGHTED/ON,,,2/20/2020 8:17:51 AM,False,5004,Accepted,
26419852,0568000,LOUISVILLE METRO POLICE DEPT,Accepted,JEFFERSON,I 0264,,I264 W,,,I 0065,I65 W EXIT11 RAMP FROM  FREEDOM WAY N,,,,,38.189851947,-85.748374217,11.102,2/19/2020 12:00:00 AM,1808,2,2,0,0,CLEAR,DRY,True,SIDESWIPE-SAME DIRECTION,SIDESWIPE-SAME DIRECTION,STRAIGHT & LEVEL,DUSK,,,2/25/2020 8:07:10 AM,False,7094,Accepted,
26396701,0568000,LOUISVILLE METRO POLICE DEPT,Accepted,JEFFERSON,KY1747,,HURSTBOURNE,PKWY,S,KY1747,KY1747 CROSSOVER,,,,,38.244717349,-85.576815661,13.384,2/19/2020 12:00:00 AM,1701,2,2,0,0,CLEAR,DRY,False,OPPOSING LEFT TURN,OPPOSING LEFT TURN,STRAIGHT & GRADE,DAYLIGHT,,,2/20/2020 8:16:57 AM,False,7899,Accepted,
26396727,0568000,LOUISVILLE METRO POLICE DEPT,Accepted,JEFFERSON,US0031W,,DIXIE,HWY,,KY0907,VALLEY STATION,,,,,38.107646129,-85.866716166,8.634,2/19/2020 12:00:00 AM,1912,2,2,0,1,CLEAR,DRY,False,OPPOSING LEFT TURN,OPPOSING LEFT TURN,STRAIGHT & LEVEL,DARK-HWY LIGHTED/ON,,,2/20/2020 8:18:15 AM,False,7166,Accepted,
26402039,0568000,LOUISVILLE METRO POLICE DEPT,Accepted,JEFFERSON,US0031W,,MARKET,ST,W,KY1020,3RD,,,,,38.255045981,-85.755119204,21.944,2/19/2020 12:00:00 AM,1643,2,2,0,0,CLEAR,DRY,False,SIDESWIPE-SAME DIRECTION,SIDESWIPE-SAME DIRECTION,STRAIGHT & LEVEL,DAYLIGHT,,,2/21/2020 8:12:52 AM,False,2854,Accepted,
26401963,0568000,LOUISVILLE METRO POLICE DEPT,Accepted,JEFFERSON,KY1065,,OUTER,LOOP,,KY1020,NATIONAL,,,,,38.126946971,-85.748961995,2.514,2/19/2020 12:00:00 AM,2215,2,2,0,0,CLEAR,DRY,False,SIDESWIPE-SAME DIRECTION,SIDESWIPE-SAME DIRECTION,STRAIGHT & GRADE,DARK-HWY LIGHTED/ON,,,2/21/2020 8:10:01 AM,False,5121,Accepted,
26404145,0568000,LOUISVILLE METRO POLICE DEPT,Accepted,JEFFERSON,US0150,,BROADWAY,,E,KY0061,JACKSON,,,,,38.245202855,-85.745891958,3.058,2/19/2020 12:00:00 AM,1510,2,2,0,0,CLEAR,DRY,False,SIDESWIPE-SAME DIRECTION,SIDESWIPE-SAME DIRECTION,STRAIGHT & LEVEL,DAYLIGHT,,,2/21/2020 2:21:13 PM,False,7058,Accepted,
26396632,0568000,LOUISVILLE METRO POLICE DEPT,Accepted,JEFFERSON,KY1865,,NEW CUT,RD,,KY1142,PALATKA,,,,,38.150731400,-85.776326931,3.006,2/19/2020 12:00:00 AM,1157,2,2,0,0,CLEAR,DRY,False,REAR END - ONE VEHICLE TURNING RIGHT,REAR END,STRAIGHT & LEVEL,DAYLIGHT,,,2/20/2020 8:15:48 AM,False,7768,Accepted,
26401988,0568000,LOUISVILLE METRO POLICE DEPT,Accepted,JEFFERSON,,,BON AIR,AVE,,,KINGS,,,,,38.222534038,-85.668389461,0.025,2/19/2020 12:00:00 AM,0829,2,2,0,0,CLEAR,DRY,False,ANGLE COLLISION - OTHER,ANGLE,STRAIGHT & LEVEL,DAYLIGHT,,,2/21/2020 8:11:06 AM,False,2673,Accepted,
26402038,0568000,LOUISVILLE METRO POLICE DEPT,Accepted,JEFFERSON,,,MUHAMMAD ALI,BLVD,W,,13TH,,,,,38.252774350,-85.772416169,1.092,2/19/2020 12:00:00 AM,1226,2,2,0,2,CLEAR,DRY,False,ANGLE COLLISION - OTHER,ANGLE,STRAIGHT & LEVEL,DAYLIGHT,,,2/21/2020 8:12:49 AM,False,2854,Accepted,
26396706,0568000,LOUISVILLE METRO POLICE DEPT,Accepted,JEFFERSON,,,WHISPERING HILLS,BLVD,,,ROCK HOLLOW,,,,,38.147430759,-85.650349363,0.558,2/19/2020 12:00:00 AM,0852,2,2,0,0,CLEAR,DRY,False,ANGLE COLLISION - OTHER,ANGLE,STRAIGHT & LEVEL,DAYLIGHT,,,2/20/2020 8:17:13 AM,False,7812,Accepted,
26396630,0568000,LOUISVILLE METRO POLICE DEPT,Accepted,JEFFERSON,,,2ND,ST,S,,CENTRAL STATION,,,,,38.203441819,-85.763200810,2.332,2/19/2020 12:00:00 AM,1227,2,2,0,0,CLEAR,DRY,False,ANGLE COLLISION - OTHER,ANGLE,STRAIGHT & LEVEL,DAYLIGHT,,,2/20/2020 8:15:42 AM,False,2499,Accepted,
26396636,0568000,LOUISVILLE METRO POLICE DEPT,Accepted,JEFFERSON,KY1934,,GREENBELT,HWY,,,LOWER HUNTERS,,,,,38.170218659,-85.876029200,6.208,2/19/2020 12:00:00 AM,1337,3,3,0,2,CLEAR,DRY,False,ANGLE COLLISION - OTHER,ANGLE,STRAIGHT & LEVEL,DAYLIGHT,,,2/20/2020 8:16:00 AM,False,7234,Accepted,
26396619,0568000,LOUISVILLE METRO POLICE DEPT,Accepted,JEFFERSON,,,COOPER CHAPEL,RD,,,PRESTON CROSSING,,,,,38.103948477,-85.670224944,0.114,2/19/2020 12:00:00 AM,0709,2,2,0,0,CLEAR,DRY,False,ANGLE COLLISION - OTHER,ANGLE,STRAIGHT & LEVEL,DARK-HWY NOT LIGHTED,,,2/20/2020 8:15:12 AM,False,2017,Accepted,
26436972,0568000,LOUISVILLE METRO POLICE DEPT,Accepted,JEFFERSON,KY1747,,HURSTBOURNE,PKWY,S,,BUNSEN,,,,,38.218790385,-85.584016428,11.461,2/19/2020 12:00:00 AM,1738,2,2,0,0,CLEAR,DRY,False,ANGLE COLLISION - ONE VEHICLE TURNING RIGHT,ANGLE,STRAIGHT & LEVEL,DUSK,,,2/28/2020 8:10:33 AM,False,2429,Accepted,
26396714,0568000,LOUISVILLE METRO POLICE DEPT,Accepted,JEFFERSON,,,CHAMBERLAIN,LN,,,OSCAR,,,,,38.300770812,-85.542828354,2.224,2/19/2020 12:00:00 AM,1938,2,2,0,4,CLEAR,DRY,False,ANGLE COLLISION - OTHER,ANGLE,STRAIGHT & LEVEL,DARK-HWY NOT LIGHTED,,,2/20/2020 8:17:35 AM,False,5102,Accepted,
26396700,0568000,LOUISVILLE METRO POLICE DEPT,Accepted,JEFFERSON,,,SOUTHERN,AVE,,,HEMLOCK,,,,,38.231965276,-85.803633916,0.099,2/19/2020 12:00:00 AM,1414,2,2,0,0,CLEAR,DRY,True,ANGLE COLLISION - OTHER,ANGLE,STRAIGHT & LEVEL,DAYLIGHT,,,2/20/2020 8:16:54 AM,False,5151,Accepted,
26396709,0568000,LOUISVILLE METRO POLICE DEPT,Accepted,JEFFERSON,,,HANCOCK,ST,S,,CHESTNUT,,,,,38.247372412,-85.743162603,0.532,2/19/2020 12:00:00 AM,0837,2,2,0,1,CLOUDY,DRY,False,ANGLE COLLISION - OTHER,ANGLE,STRAIGHT & LEVEL,DAYLIGHT,,,2/20/2020 8:17:26 AM,False,7239,Accepted,
26396718,0568000,LOUISVILLE METRO POLICE DEPT,Accepted,JEFFERSON,KY0061,,JACKSON,ST,S,,ST CATHERINE,,,,,38.235202718,-85.747359586,11.605,2/19/2020 12:00:00 AM,1749,2,2,0,0,CLEAR,DRY,False,ANGLE COLLISION - OTHER,ANGLE,STRAIGHT & LEVEL,DAYLIGHT,,,2/20/2020 8:17:48 AM,False,7390,Accepted,
26396692,0568000,LOUISVILLE METRO POLICE DEPT,Accepted,JEFFERSON,KY0022,,BROWNSBORO,RD,,KY2050,HERR,,,,,38.284299646,-85.627204993,0.486,2/19/2020 12:00:00 AM,1443,2,2,0,0,CLEAR,DRY,False,ANGLE COLLISION - OTHER,ANGLE,STRAIGHT & LEVEL,DAYLIGHT,,,2/20/2020 8:16:36 AM,False,5223,Accepted,
26494648,0560400,SHIVELY POLICE DEPARTMENT,Accepted,JEFFERSON,US0031W,,DIXIE,HWY,,,KENNEDY,,,,,38.215167672,-85.795787592,17.073,2/19/2020 12:00:00 AM,0712,2,2,0,0,CLEAR,DRY,False,ANGLE COLLISION - OTHER,ANGLE,STRAIGHT & LEVEL,DAWN,,,3/10/2020 10:25:44 PM,False,7102,Accepted,
26396629,0568000,LOUISVILLE METRO POLICE DEPT,Accepted,JEFFERSON,KY0061,,PRESTON,HWY,,KY6304,OLD PRESTON,,,,,38.099816350,-85.671320422,1.125,2/19/2020 12:00:00 AM,1241,2,2,0,1,CLEAR,DRY,False,ANGLE COLLISION - ONE VEHICLE TURNING LEFT,ANGLE,STRAIGHT & LEVEL,DAYLIGHT,,,2/20/2020 8:15:39 AM,False,2017,Accepted,
26396696,0568000,LOUISVILLE METRO POLICE DEPT,Accepted,JEFFERSON,KY0864,,POPLAR LEVEL,RD,,,INDIAN,,,,,38.171557780,-85.684978481,9.216,2/19/2020 12:00:00 AM,1224,2,2,0,0,CLEAR,DRY,False,ANGLE COLLISION - ONE VEHICLE TURNING LEFT,ANGLE,STRAIGHT & LEVEL,DAYLIGHT,,,2/20/2020 8:16:42 AM,False,7473,Accepted,
26401960,0568000,LOUISVILLE METRO POLICE DEPT,Accepted,JEFFERSON,US0150,,BROADWAY,,E,US0031E,BAXTER,,,,,38.243753230,-85.727068135,4.090,2/19/2020 12:00:00 AM,0536,2,2,0,0,CLEAR,DRY,True,COLLISION WITH PARKED VEHICLE,SIDESWIPE-OPPOSITE DIRECTION,STRAIGHT & LEVEL,DARK-HWY LIGHTED/ON,,,2/21/2020 8:09:49 AM,False,7720,Accepted,
26419899,0568000,LOUISVILLE METRO POLICE DEPT,Accepted,JEFFERSON,,,FAIRMONT,AVE,W,,3RD,,,,,38.195326296,-85.764551359,0.209,2/19/2020 12:00:00 AM,1841,2,2,0,0,CLEAR,DRY,False,COLLISION WITH PARKED VEHICLE,SIDESWIPE-OPPOSITE DIRECTION,STRAIGHT & LEVEL,DARK-HWY LIGHTED/ON,,,2/25/2020 8:10:00 AM,False,5163,Accepted,
26396687,0568000,LOUISVILLE METRO POLICE DEPT,Accepted,JEFFERSON,KY0864,,POPLAR LEVEL,RD,,I 0264,I264 E EXIT14 ON RAMP FROM KY864 N,,,,,38.194381854,-85.707190296,11.237,2/19/2020 12:00:00 AM,1643,2,2,0,0,CLEAR,DRY,False,,REAR END,STRAIGHT & LEVEL,DAYLIGHT,,,2/20/2020 8:16:25 AM,False,5036,Accepted,
26391137,0568000,LOUISVILLE METRO POLICE DEPT,Accepted,JEFFERSON,,,OAK,ST,E,,SWAN,,,,,38.232916825,-85.737302351,0.999,2/19/2020 12:00:00 AM,0417,1,1,0,0,CLEAR,DRY,False,COLLISION WITH FIXED OBJECT IN INTERSECTION - FIRST EVENT COLLISION 09 - 32,SINGLE VEHICLE,STRAIGHT & LEVEL,DARK-HWY LIGHTED/ON,,,2/19/2020 8:24:34 AM,False,7450,Accepted,
26385172,0568000,LOUISVILLE METRO POLICE DEPT,Accepted,JEFFERSON,,883,GRADE,LN,,,OLD GRADE,,,,,38.159422792,-85.729695817,1.926,2/18/2020 12:00:00 AM,0402,2,1,0,0,RAINING,WET,True,COLLISION WITH PEDESTRIAN IN INTERSECTION,SINGLE VEHICLE,STRAIGHT & LEVEL,DARK-HWY LIGHTED/ON,,,2/18/2020 8:24:26 AM,False,7972,Accepted,
26391136,0568000,LOUISVILLE METRO POLICE DEPT,Accepted,JEFFERSON,,,34TH,ST,S,,RIVER PARK,,,,,38.254435024,-85.807565522,0.545,2/18/2020 12:00:00 AM,1908,2,1,0,1,CLEAR,DRY,False,COLLISION WITH PEDESTRIAN IN INTERSECTION,SINGLE VEHICLE,STRAIGHT & LEVEL,DARK-HWY LIGHTED/ON,,,2/19/2020 8:24:31 AM,False,5164,Accepted,
26391082,0568000,LOUISVILLE METRO POLICE DEPT,Accepted,JEFFERSON,KY1020,,2ND,ST,S,,ORMSBY,,,,,38.232546560,-85.757389153,11.172,2/18/2020 12:00:00 AM,0726,2,2,0,0,RAINING,WET,False,COLLISION WITH PARKED VEHICLE,SIDESWIPE-SAME DIRECTION,STRAIGHT & LEVEL,DAYLIGHT,,,2/19/2020 8:21:22 AM,False,7418,Accepted,
26391096,0568000,LOUISVILLE METRO POLICE DEPT,Accepted,JEFFERSON,,,BELLEVUE,AVE,,,WOODLAWN,,,,,38.182520564,-85.774619984,1.114,2/18/2020 12:00:00 AM,1437,2,2,0,0,RAINING,WET,False,COLLISION WITH PARKED VEHICLE,SIDESWIPE-OPPOSITE DIRECTION,STRAIGHT & LEVEL,DAYLIGHT,,,2/19/2020 8:22:13 AM,False,7301,Accepted,
26474627,0568000,LOUISVILLE METRO POLICE DEPT,Accepted,JEFFERSON,KY1747,,HURSTBOURNE,PKWY,S,,WATTERSON,,,,,38.183512011,-85.606571647,8.520,2/18/2020 12:00:00 AM,0732,3,3,0,1,RAINING,WET,True,ANGLE COLLISION - OTHER,ANGLE,STRAIGHT & GRADE,DAYLIGHT,,,3/6/2020 4:04:45 PM,False,7830,Accepted,
26431338,0568000,LOUISVILLE METRO POLICE DEPT,Accepted,JEFFERSON,KY3082,,BANK,ST,,,24TH,,,,,38.268331512,-85.788130304,1.225,2/18/2020 12:00:00 AM,0730,2,2,0,0,RAINING,WET,False,ANGLE COLLISION - OTHER,ANGLE,STRAIGHT & LEVEL,DUSK,,,2/27/2020 8:11:00 AM,False,7405,Accepted,
26391114,0568000,LOUISVILLE METRO POLICE DEPT,Accepted,JEFFERSON,,,HIKES,LN,,,GOLDSMITH,,,,,38.205308891,-85.650067802,1.552,2/18/2020 12:00:00 AM,1625,2,2,0,0,CLEAR,DRY,False,ANGLE COLLISION - OTHER,ANGLE,STRAIGHT & LEVEL,DAYLIGHT,,,2/19/2020 8:23:28 AM,False,5247,Accepted,
26391060,0568000,LOUISVILLE METRO POLICE DEPT,Accepted,JEFFERSON,KY0155,,TAYLORSVILLE,RD,,,CHENOWETH RUN,,,,,38.188284840,-85.551968414,8.461,2/18/2020 12:00:00 AM,0846,2,2,0,0,RAINING,WET,False,ANGLE COLLISION - OTHER,ANGLE,STRAIGHT & LEVEL,DAYLIGHT,,,2/19/2020 8:19:46 AM,False,7255,Accepted,
26391117,0568000,LOUISVILLE METRO POLICE DEPT,Accepted,JEFFERSON,KY1020,,SOUTHSIDE,DR,,,KINGSTON,,,,,38.172802945,-85.764689434,7.086,2/18/2020 12:00:00 AM,1800,2,2,0,3,CLOUDY,DRY,False,ANGLE COLLISION - OTHER,ANGLE,STRAIGHT & LEVEL,DUSK,,,2/19/2020 8:23:37 AM,False,7048,Accepted,
26391087,0568000,LOUISVILLE METRO POLICE DEPT,Accepted,JEFFERSON,US0060A,,EASTERN,PKWY,,KY0061,PRESTON,,,,,38.214588738,-85.743112156,4.550,2/18/2020 12:00:00 AM,1526,2,2,0,0,CLOUDY,WET,False,SIDESWIPE-SAME DIRECTION,SIDESWIPE-SAME DIRECTION,STRAIGHT & LEVEL,DAYLIGHT,,,2/19/2020 8:21:41 AM,False,7391,Accepted,
26391092,0568000,LOUISVILLE METRO POLICE DEPT,Accepted,JEFFERSON,KY1450,,BLUE LICK,RD,,,PARK,,,,,38.116309975,-85.689484731,2.172,2/18/2020 12:00:00 AM,1703,2,2,0,0,CLEAR,DRY,True,SIDESWIPE-SAME DIRECTION,SIDESWIPE-SAME DIRECTION,STRAIGHT & LEVEL,DAYLIGHT,,,2/19/2020 8:21:59 AM,False,7269,Accepted,
26391110,0568000,LOUISVILLE METRO POLICE DEPT,Accepted,JEFFERSON,,,LIBERTY,ST,W,,1ST,,,,,38.252532075,-85.752192927,0.879,2/18/2020 12:00:00 AM,1503,2,2,0,0,CLOUDY,WET,False,SIDESWIPE-SAME DIRECTION,SIDESWIPE-SAME DIRECTION,STRAIGHT & LEVEL,DAYLIGHT,,,2/19/2020 8:23:17 AM,False,5187,Accepted,
26391101,0568000,LOUISVILLE METRO POLICE DEPT,Accepted,JEFFERSON,KY0146,,LA GRANGE,RD,,,NELSON MILLER,,,,,38.279998135,-85.516371949,6.901,2/18/2020 12:00:00 AM,1719,2,2,0,0,CLOUDY,DRY,False,SIDESWIPE-SAME DIRECTION,SIDESWIPE-SAME DIRECTION,STRAIGHT & HILLCREST,DAYLIGHT,,,2/19/2020 8:22:42 AM,False,7337,Accepted,
26401959,0568000,LOUISVILLE METRO POLICE DEPT,Accepted,JEFFERSON,I 0264,,I264 W,,,I 0264,I264 W EXIT15A OFF RAMP TO KY1703 N,,,,,38.202922990,-85.685638309,14.701,2/18/2020 12:00:00 AM,0820,2,2,0,0,RAINING,WET,False,SIDESWIPE-SAME DIRECTION,SIDESWIPE-SAME DIRECTION,STRAIGHT & LEVEL,DARK-HWY LIGHTED/ON,,,2/21/2020 8:09:45 AM,False,7720,Accepted,
26391121,0568000,LOUISVILLE METRO POLICE DEPT,Accepted,JEFFERSON,,,7TH,ST,S,KY2054,ALGONQUIN,,,,,38.220027361,-85.777479956,0.005,2/18/2020 12:00:00 AM,1641,2,2,0,0,CLEAR,DRY,False,SIDESWIPE-SAME DIRECTION,SIDESWIPE-SAME DIRECTION,STRAIGHT & LEVEL,DAYLIGHT,,,2/19/2020 8:23:50 AM,False,5123,Accepted,
26391058,0568000,LOUISVILLE METRO POLICE DEPT,Accepted,JEFFERSON,US0060,,SHELBYVILLE,RD,,KY2841,EASTWOOD CUT OFF,,,,,38.233682909,-85.456548116,14.723,2/18/2020 12:00:00 AM,0821,2,2,0,0,RAINING,WET,False,OTHER INTERSECTION COLLISIONS,REAR END,CURVE & LEVEL,DAYLIGHT,,,2/19/2020 8:19:40 AM,False,6334,Accepted,
26391111,0568000,LOUISVILLE METRO POLICE DEPT,Accepted,JEFFERSON,US0031E,,BARDSTOWN,RD,,,GOLDSMITH,,,,,38.208814962,-85.669477783,11.820,2/18/2020 12:00:00 AM,1755,2,2,0,0,CLEAR,DRY,False,OTHER INTERSECTION COLLISIONS,REAR END,STRAIGHT & LEVEL,DAYLIGHT,,,2/19/2020 8:23:21 AM,False,7739,Accepted,
26391109,0568000,LOUISVILLE METRO POLICE DEPT,Accepted,JEFFERSON,US0031E,,BARDSTOWN,RD,,,GARDINER,,,,,38.212642958,-85.672378973,12.136,2/18/2020 12:00:00 AM,0525,2,2,0,1,RAINING,WET,False,OTHER INTERSECTION COLLISIONS,REAR END,STRAIGHT & LEVEL,DARK-HWY LIGHTED/ON,,,2/19/2020 8:23:12 AM,False,7916,Accepted,
26391120,0568000,LOUISVILLE METRO POLICE DEPT,Accepted,JEFFERSON,KY1747,,HURSTBOURNE,PKWY,S,KY0864,FEGENBUSH,,,,,38.161400760,-85.640930190,5.146,2/18/2020 12:00:00 AM,1722,2,2,0,0,CLOUDY,WET,False,OTHER INTERSECTION COLLISIONS,REAR END,STRAIGHT & LEVEL,DAYLIGHT,,,2/19/2020 8:23:47 AM,False,7294,Accepted,
26391127,0568000,LOUISVILLE METRO POLICE DEPT,Accepted,JEFFERSON,US0060,,SHELBYVILLE,RD,,,WHITTINGTON,,,,,38.246861547,-85.582212581,7.571,2/18/2020 12:00:00 AM,2220,2,2,0,0,CLOUDY,DRY,True,OTHER INTERSECTION COLLISIONS,REAR END,,DARK-HWY NOT LIGHTED,,,2/19/2020 8:24:09 AM,False,7055,Accepted,
26391108,0568000,LOUISVILLE METRO POLICE DEPT,Accepted,JEFFERSON,,,7TH,ST,S,,,,,,,38.246452455,-85.763391622,2.021,2/18/2020 12:00:00 AM,1249,2,1,0,1,CLOUDY,WET,False,COLLISION WITH PEDESTRIAN NON - INTERSECTION,SINGLE VEHICLE,STRAIGHT & LEVEL,DAYLIGHT,,,2/19/2020 8:23:06 AM,False,5173,Accepted,
26396705,0568000,LOUISVILLE METRO POLICE DEPT,Accepted,JEFFERSON,,,HIKES,LN,,,KLONDIKE,,,,,38.211131971,-85.640663837,2.211,2/18/2020 12:00:00 AM,2126,2,2,0,0,CLEAR,DRY,False,OTHER INTERSECTION COLLISIONS,REAR END,STRAIGHT & LEVEL,DARK-HWY LIGHTED/ON,,,2/20/2020 8:17:10 AM,False,5117,Accepted,
26414676,0568000,LOUISVILLE METRO POLICE DEPT,Accepted,JEFFERSON,US0031E,,BARDSTOWN,RD,,I 0264,I264 E EXIT16 ON RAMP FROM US31E S,,,,,38.211522608,-85.671341069,12.066,2/18/2020 12:00:00 AM,2216,2,2,0,0,CLOUDY,DRY,False,OTHER INTERSECTION COLLISIONS,REAR END,CURVE & LEVEL,DARK-HWY LIGHTED/ON,,,2/24/2020 9:11:57 AM,False,7746,Accepted,
26391122,0568000,LOUISVILLE METRO POLICE DEPT,Accepted,JEFFERSON,KY1934,,CANE RUN,RD,,KY2051,LEES,,,,,38.183985310,-85.855241315,7.733,2/18/2020 12:00:00 AM,0801,2,2,0,0,RAINING,WET,False,OTHER INTERSECTION COLLISIONS,REAR END,STRAIGHT & LEVEL,DAYLIGHT,,,2/19/2020 8:23:53 AM,False,7420,Accepted,
26391133,0568000,LOUISVILLE METRO POLICE DEPT,Accepted,JEFFERSON,US0031W,,2ND,ST,S,US0031E,MARKET,,,,,38.254926877,-85.753508206,22.039,2/18/2020 12:00:00 AM,0520,2,2,0,0,RAINING,WET,False,OTHER INTERSECTION COLLISIONS,REAR END,STRAIGHT & LEVEL,DARK-HWY LIGHTED/ON,,,2/19/2020 8:24:26 AM,False,7085,Accepted,