IncidentID,AgencyORI,AgencyName,IncidentStatusDesc,County,RdwyNumber,Street,RoadwayName,StreetSfx,StreetDir,IntersectionRdwy,IntersectionRdwyName,BetweenStRdwy1,BetweenStRdwyName1,BetweenStRdwy2,BetweenStRdwyName2,Latitude,Longitude,Milepoint,CollisionDate,CollisionTime,UnitsInvolved,MotorVehiclesInvolved,NumberKilled,NumberInjured,Weather,RdwyConditionCode,HitandRun,DirAnalysisCode,MannerofCollision,RdwyCharacter,LightCondition,RampFromRdwyId,RampToRdwyId,AcceptedDate,IsSecondaryCollision,OwnerBadge,IncidentStatus,
26414775,0568000,LOUISVILLE METRO POLICE DEPT,Accepted,JEFFERSON,KY0155,,TAYLORSVILLE,RD,,,LOWE,,,,,38.219060146,-85.606828553,12.300,2/18/2020 12:00:00 AM,0859,2,2,0,0,RAINING,WET,False,OTHER INTERSECTION COLLISIONS,REAR END,STRAIGHT & LEVEL,DAYLIGHT,,,2/24/2020 9:14:54 AM,False,7482,Accepted,
26391107,0568000,LOUISVILLE METRO POLICE DEPT,Accepted,JEFFERSON,,,8TH,ST,S,,MUHAMMAD ALI,,,,,38.251862049,-85.764121033,0.381,2/18/2020 12:00:00 AM,0827,2,2,0,0,CLOUDY,WET,False,OTHER INTERSECTION COLLISIONS,REAR END,STRAIGHT & LEVEL,DAYLIGHT,,,2/19/2020 8:23:03 AM,False,5173,Accepted,
26391097,0568000,LOUISVILLE METRO POLICE DEPT,Accepted,JEFFERSON,KY0061,,PRESTON,HWY,,,ST RITA,,,,,38.128415404,-85.681203077,3.212,2/18/2020 12:00:00 AM,1656,2,2,0,0,CLOUDY,DRY,True,OTHER INTERSECTION COLLISIONS,REAR END,STRAIGHT & LEVEL,DAYLIGHT,,,2/19/2020 8:22:18 AM,False,7379,Accepted,
26385174,0568000,LOUISVILLE METRO POLICE DEPT,Accepted,JEFFERSON,I 0064,,I64 E,,,,,,,,,38.275141384,-85.812288500,0.838,2/18/2020 12:00:00 AM,0430,3,3,0,0,RAINING,WET,False,COLLISION WITH NON-FIXED OBJECT ,ANGLE,STRAIGHT & LEVEL,DARK-HWY LIGHTED/ON,,,2/18/2020 8:24:35 AM,False,7481,Accepted,
26391085,0568000,LOUISVILLE METRO POLICE DEPT,Accepted,JEFFERSON,,2108,40TH,ST,S,,,,ALGONQUIN,I 0264,I264 E EXIT4 OFF RAMP TO KY2056,38.224836428,-85.822542186,1.553,2/18/2020 12:00:00 AM,1438,1,1,0,0,CLOUDY,WET,False,COLLISION WITH FIXED OBJECT NON - INTERSECTION - FIRST EVENT COLLISION 09 - 32 EXCLUDING 16,SINGLE VEHICLE,STRAIGHT & LEVEL,DAYLIGHT,,,2/19/2020 8:21:34 AM,False,7656,Accepted,
26391124,0568000,LOUISVILLE METRO POLICE DEPT,Accepted,JEFFERSON,,4729,BELLEVUE,AVE,,,,,,,,38.180788673,-85.774935557,1.234,2/18/2020 12:00:00 AM,1841,2,2,0,0,CLEAR,DRY,True,1 VEHICLE PARKED POSITION (NOT PARKING LOT/DRIVEWAY),REAR END,STRAIGHT & LEVEL,DARK-HWY LIGHTED/ON,,,2/19/2020 8:23:59 AM,False,7963,Accepted,
26391115,0568000,LOUISVILLE METRO POLICE DEPT,Accepted,JEFFERSON,,3316,TERRIER,LN,,,,,HEATHER,,TERRIER,38.207448948,-85.664664724,0.487,2/18/2020 12:00:00 AM,1737,2,2,0,0,CLEAR,DRY,True,1 VEHICLE PARKED POSITION (NOT PARKING LOT/DRIVEWAY),REAR END,STRAIGHT & LEVEL,DAYLIGHT,,,2/19/2020 8:23:31 AM,False,5247,Accepted,
26391057,0568000,LOUISVILLE METRO POLICE DEPT,Accepted,JEFFERSON,,7800B,WESTBROOK,RD,,,,,,,,38.139253351,-85.882414244,0.404,2/18/2020 12:00:00 AM,0705,2,2,0,0,CLOUDY,WET,False,1 VEHICLE PARKED POSITION (NOT PARKING LOT/DRIVEWAY),BACKING,STRAIGHT & LEVEL,DAYLIGHT,,,2/19/2020 8:19:36 AM,False,7144,Accepted,
26391071,0568000,LOUISVILLE METRO POLICE DEPT,Accepted,JEFFERSON,,3104,DIEMER,LN,,,,,,,,38.209025384,-85.676486341,0.078,2/18/2020 12:00:00 AM,1139,2,2,0,0,CLOUDY,WET,False,1 VEHICLE PARKED POSITION (NOT PARKING LOT/DRIVEWAY),BACKING,STRAIGHT & LEVEL,DAYLIGHT,,,2/19/2020 8:20:30 AM,False,7306,Accepted,
26391128,0568000,LOUISVILLE METRO POLICE DEPT,Accepted,JEFFERSON,,226,26TH,ST,N,,,,DUNCAN,,COLUMBIA,38.263256864,-85.793274850,0.175,2/18/2020 12:00:00 AM,1855,2,2,0,0,CLEAR,DRY,False,1 VEHICLE PARKED POSITION (NOT PARKING LOT/DRIVEWAY),HEAD ON,STRAIGHT & LEVEL,DUSK,,,2/19/2020 8:24:13 AM,False,5199,Accepted,
26402057,0568000,LOUISVILLE METRO POLICE DEPT,Accepted,JEFFERSON,,3131,GARLAND,AVE,,,,,,,,38.245507840,-85.805179260,2.055,2/18/2020 12:00:00 AM,1530,2,2,0,0,CLEAR,DRY,False,1 VEHICLE PARKED POSITION (NOT PARKING LOT/DRIVEWAY),BACKING,STRAIGHT & LEVEL,DAYLIGHT,,,2/21/2020 8:13:40 AM,False,7370,Accepted,
26385169,0568000,LOUISVILLE METRO POLICE DEPT,Accepted,JEFFERSON,,5805,AZALEA,LN,,,,,JONQUIL,,POINSETTIA,38.143314467,-85.862410159,0.384,2/18/2020 12:00:00 AM,0245,2,2,0,0,CLOUDY,DRY,False,1 VEHICLE PARKED POSITION (NOT PARKING LOT/DRIVEWAY),HEAD ON,STRAIGHT & LEVEL,DARK-HWY NOT LIGHTED,,,2/18/2020 8:24:15 AM,False,5211,Accepted,
26419822,0568000,LOUISVILLE METRO POLICE DEPT,Accepted,JEFFERSON,KY0841,,GENE SNYDER,FWY,,,,,,,,38.117597421,-85.736772495,8.271,2/18/2020 12:00:00 AM,1401,2,2,0,0,CLOUDY,DRY,False,REAR END IN TRAFFIC LANES BOTH VEHICLES MOVING,REAR END,STRAIGHT & LEVEL,DAYLIGHT,,,2/25/2020 8:05:07 AM,False,8278,Accepted,
26431305,0568000,LOUISVILLE METRO POLICE DEPT,Accepted,JEFFERSON,KY0155,,TAYLORSVILLE,RD,,,,,MCMAHAN,,TAYLOR SPRINGS,38.219344298,-85.617891874,12.903,2/18/2020 12:00:00 AM,0850,2,2,0,0,RAINING,WET,False,REAR END IN TRAFFIC LANES BOTH VEHICLES MOVING,REAR END,STRAIGHT & LEVEL,DAYLIGHT,,,2/27/2020 8:09:18 AM,False,7497,Accepted,
26414751,0568000,LOUISVILLE METRO POLICE DEPT,Accepted,JEFFERSON,I 0065,,,,,,,,,,,38.178788120,-85.719574440,0.064,2/18/2020 12:00:00 AM,2033,2,2,0,1,CLOUDY,DRY,False,REAR END IN TRAFFIC LANES BOTH VEHICLES MOVING,REAR END,STRAIGHT & GRADE,DARK-HWY LIGHTED/ON,,,2/24/2020 9:14:28 AM,False,7772,Accepted,
26391089,0568000,LOUISVILLE METRO POLICE DEPT,Accepted,JEFFERSON,KY1747,3400,FERN VALLEY,RD,,,,,,,,38.156953524,-85.700790930,1.723,2/18/2020 12:00:00 AM,1553,2,2,0,0,CLOUDY,DRY,False,REAR END IN TRAFFIC LANES BOTH VEHICLES MOVING,REAR END,STRAIGHT & LEVEL,DAYLIGHT,,,2/19/2020 8:21:48 AM,False,7269,Accepted,
26391073,0568000,LOUISVILLE METRO POLICE DEPT,Accepted,JEFFERSON,I 0071,,I71 S,,,,,,,I 0071,I71 S EXIT5 RAMP TO I264 W,38.295419992,-85.628771994,6.138,2/18/2020 12:00:00 AM,0859,2,2,0,1,RAINING,WET,False,REAR END IN TRAFFIC LANES BOTH VEHICLES MOVING,REAR END,STRAIGHT & LEVEL,DAYLIGHT,,,2/19/2020 8:20:39 AM,False,2969,Accepted,
26436999,0568000,LOUISVILLE METRO POLICE DEPT,Accepted,JEFFERSON,I 0071,,I71 N,,,,,,,,,38.308296053,-85.594667478,8.256,2/18/2020 12:00:00 AM,0245,2,2,0,0,CLEAR,DRY,False,REAR END IN TRAFFIC LANES BOTH VEHICLES MOVING,REAR END,STRAIGHT & LEVEL,DARK-HWY NOT LIGHTED,,,2/28/2020 8:12:18 AM,False,7785,Accepted,
26391094,0568000,LOUISVILLE METRO POLICE DEPT,Accepted,JEFFERSON,US0031W,,DIXIE,HWY,,,,,,,,38.094672997,-85.874579308,7.769,2/18/2020 12:00:00 AM,1343,2,2,0,0,CLOUDY,WET,False,REAR END IN TRAFFIC LANES BOTH VEHICLES MOVING,REAR END,STRAIGHT & LEVEL,DAYLIGHT,,,2/19/2020 8:22:05 AM,False,7234,Accepted,
26391095,0568000,LOUISVILLE METRO POLICE DEPT,Accepted,JEFFERSON,KY1934,,GREENBELT,HWY,,,,,,,,38.132149923,-85.889896707,3.429,2/18/2020 12:00:00 AM,1443,2,2,0,0,CLOUDY,DRY,False,REAR END IN TRAFFIC LANES BOTH VEHICLES MOVING,REAR END,STRAIGHT & LEVEL,DAYLIGHT,,,2/19/2020 8:22:10 AM,False,7234,Accepted,
26385177,0568000,LOUISVILLE METRO POLICE DEPT,Accepted,JEFFERSON,I 0064,,I64 E,,,,,,,,,38.275002057,-85.817012936,0.557,2/18/2020 12:00:00 AM,0539,2,2,0,0,RAINING,WET,False,REAR END IN TRAFFIC LANES BOTH VEHICLES MOVING,REAR END,STRAIGHT & LEVEL,DARK-HWY LIGHTED/ON,,,2/18/2020 8:24:45 AM,False,7481,Accepted,
26391075,0568000,LOUISVILLE METRO POLICE DEPT,Accepted,JEFFERSON,I 0265,,I265 W,,,,,,,,,38.110856549,-85.674814988,11.752,2/18/2020 12:00:00 AM,0750,2,2,0,0,RAINING,WET,False,REAR END IN TRAFFIC LANES BOTH VEHICLES MOVING,REAR END,STRAIGHT & LEVEL,DAWN,,,2/19/2020 8:20:47 AM,False,2017,Accepted,
26391091,0568000,LOUISVILLE METRO POLICE DEPT,Accepted,JEFFERSON,KY1450,,BLUE LICK,RD,,,,,,,,38.092589044,-85.698229246,0.457,2/18/2020 12:00:00 AM,1542,2,2,0,0,CLOUDY,DRY,False,REAR END IN TRAFFIC LANES BOTH VEHICLES MOVING,REAR END,STRAIGHT & LEVEL,DAYLIGHT,,,2/19/2020 8:21:55 AM,False,4693,Accepted,
26401958,0568000,LOUISVILLE METRO POLICE DEPT,Accepted,JEFFERSON,I 0265,,I265 W,,,,,,,,,38.121543572,-85.628328193,14.402,2/18/2020 12:00:00 AM,0723,2,2,0,0,RAINING,WET,False,REAR END IN TRAFFIC LANES BOTH VEHICLES MOVING,REAR END,STRAIGHT & LEVEL,DAWN,,,2/21/2020 8:09:42 AM,False,7720,Accepted,
26397698,0561500,UNIV. OF LOUISVILLE POLICE,Accepted,JEFFERSON,,2000,4TH,ST,S,,,,,,,38.216563002,-85.763914003,2.792,2/18/2020 12:00:00 AM,1326,3,3,0,0,CLOUDY,WET,False,REAR END IN TRAFFIC LANES BOTH VEHICLES MOVING,REAR END,STRAIGHT & LEVEL,DAYLIGHT,,,2/20/2020 11:09:13 AM,False,5636,Accepted,
26391138,0568000,LOUISVILLE METRO POLICE DEPT,Accepted,JEFFERSON,KY0907,,3RD ST,RD,,,CLAYBORNE,,,,,38.141393572,-85.780622720,5.887,2/18/2020 12:00:00 AM,2036,2,2,0,1,CLEAR,DRY,False,HEAD-ON COLLISION,HEAD ON,STRAIGHT & LEVEL,DARK-HWY LIGHTED/ON,,,2/19/2020 8:24:37 AM,False,5110,Accepted,
26419919,0566900,LOUISVILLE AIRPORT POLICE,Accepted,JEFFERSON,,,LOWER TERMINAL,DR,,,,,,,,38.186041877,-85.742656451,0.179,2/18/2020 12:00:00 AM,1228,2,2,0,0,CLEAR,DRY,True,SIDESWIPE COLLISION - SAME DIRECTION,SIDESWIPE-SAME DIRECTION,CURVE & LEVEL,DARK-HWY LIGHTED/ON,,,2/25/2020 8:13:41 AM,False,5816,Accepted,
26391112,0568000,LOUISVILLE METRO POLICE DEPT,Accepted,JEFFERSON,,,1ST,ST,S,,,,,,,38.242324053,-85.754015544,0.958,2/18/2020 12:00:00 AM,1150,2,2,0,1,RAINING,WET,False,SIDESWIPE COLLISION - SAME DIRECTION,SIDESWIPE-SAME DIRECTION,STRAIGHT & LEVEL,DAYLIGHT,,,2/19/2020 8:23:24 AM,False,7132,Accepted,
26436966,0568000,LOUISVILLE METRO POLICE DEPT,Accepted,JEFFERSON,I 0064,,I64 E,,,,,,,,,38.277119668,-85.805447191,1.283,2/18/2020 12:00:00 AM,0705,2,2,0,0,RAINING,WET,False,SIDESWIPE COLLISION - SAME DIRECTION,SIDESWIPE-SAME DIRECTION,CURVE & HILLCREST,DAYLIGHT,,,2/28/2020 8:10:12 AM,False,5108,Accepted,
26391059,0568000,LOUISVILLE METRO POLICE DEPT,Accepted,JEFFERSON,I 0065,,I65 N,,,,,,,,,38.199854841,-85.734346505,131.470,2/18/2020 12:00:00 AM,0858,2,2,0,0,RAINING,WET,False,SIDESWIPE COLLISION - SAME DIRECTION,SIDESWIPE-SAME DIRECTION,STRAIGHT & LEVEL,DAYLIGHT,,,2/19/2020 8:19:43 AM,False,4903,Accepted,
26391072,0568000,LOUISVILLE METRO POLICE DEPT,Accepted,JEFFERSON,US0031W,7100,DIXIE,HWY,,,,,CRAWFORD,,WELLS,38.148990493,-85.837578154,12.015,2/18/2020 12:00:00 AM,1234,2,2,0,0,CLOUDY,WET,False,SIDESWIPE COLLISION - SAME DIRECTION,SIDESWIPE-SAME DIRECTION,STRAIGHT & LEVEL,DAYLIGHT,,,2/19/2020 8:20:35 AM,False,7073,Accepted,
26391090,0568000,LOUISVILLE METRO POLICE DEPT,Accepted,JEFFERSON,,,MCCAWLEY,RD,,,,,,,,38.143830648,-85.674166614,0.818,2/18/2020 12:00:00 AM,1347,2,2,0,0,CLOUDY,WET,False,SIDESWIPE COLLISION - SAME DIRECTION,SIDESWIPE-SAME DIRECTION,CURVE & LEVEL,DAYLIGHT,,,2/19/2020 8:21:52 AM,False,4693,Accepted,
26391098,0568000,LOUISVILLE METRO POLICE DEPT,Accepted,JEFFERSON,KY0061,,PRESTON,HWY,,,,,PRESTON,,MEADOW,38.177542114,-85.715789624,7.134,2/18/2020 12:00:00 AM,0919,2,2,0,0,RAINING,WET,False,SIDESWIPE COLLISION - SAME DIRECTION,SIDESWIPE-SAME DIRECTION,STRAIGHT & LEVEL,DAYLIGHT,,,2/19/2020 8:22:22 AM,False,7451,Accepted,
26391083,0568000,LOUISVILLE METRO POLICE DEPT,Accepted,JEFFERSON,KY1865,,TAYLOR,BLVD,,,,,LYNNHURST,,LYNNHURST,38.178415370,-85.782983809,4.931,2/18/2020 12:00:00 AM,0729,2,2,0,0,RAINING,WET,True,SIDESWIPE COLLISION - SAME DIRECTION,SIDESWIPE-SAME DIRECTION,STRAIGHT & LEVEL,DAYLIGHT,,,2/19/2020 8:21:26 AM,False,7418,Accepted,
26414746,0568000,LOUISVILLE METRO POLICE DEPT,Accepted,JEFFERSON,I 0264,,I264 W,,,,,,,,,38.191326607,-85.716465124,12.808,2/18/2020 12:00:00 AM,1530,2,2,0,0,CLOUDY,DRY,False,SIDESWIPE COLLISION - SAME DIRECTION,SIDESWIPE-SAME DIRECTION,STRAIGHT & LEVEL,DAYLIGHT,,,2/24/2020 9:14:24 AM,False,7772,Accepted,
26391119,0568000,LOUISVILLE METRO POLICE DEPT,Accepted,JEFFERSON,,,HENDRIK,DR,,,,,WATTERSON,KY1747,HURSTBOURNE,38.185661336,-85.607316744,0.074,2/18/2020 12:00:00 AM,0759,2,2,0,0,RAINING,WET,False,SIDESWIPE COLLISION - SAME DIRECTION,SIDESWIPE-SAME DIRECTION,STRAIGHT & LEVEL,DAYLIGHT,,,2/19/2020 8:23:43 AM,False,7294,Accepted,
26391079,0568000,LOUISVILLE METRO POLICE DEPT,Accepted,JEFFERSON,,,ALDER,AVE,,,,,NORTON,,DEARING,38.173854398,-85.714460213,0.109,2/18/2020 12:00:00 AM,1321,2,2,0,0,CLOUDY,WET,True,SIDESWIPE COLLISION - OPPOSITE DIRECTION,SIDESWIPE-OPPOSITE DIRECTION,STRAIGHT & LEVEL,DAYLIGHT,,,2/19/2020 8:21:03 AM,False,7830,Accepted,
26391086,0568000,LOUISVILLE METRO POLICE DEPT,Accepted,JEFFERSON,,,MAGNOLIA,AVE,W,,,,,,,38.234055818,-85.815246288,1.335,2/18/2020 12:00:00 AM,1501,2,2,0,0,RAINING,WET,False,1 VEHICLE ENTERING/LEAVING ENTRANCE,ANGLE,CURVE & GRADE,DAYLIGHT,,,2/19/2020 8:21:38 AM,False,7357,Accepted,
26391116,0568000,LOUISVILLE METRO POLICE DEPT,Accepted,JEFFERSON,US0150,,BROADWAY,,E,,,US0031E,BAXTER,,RUBEL,38.243881675,-85.728512236,3.998,2/18/2020 12:00:00 AM,1828,2,2,0,0,CLEAR,DRY,False,1 VEHICLE ENTERING/LEAVING ENTRANCE,ANGLE,STRAIGHT & LEVEL,DARK (UNKNOWN ROADWAY LIGHTING),,,2/19/2020 8:23:34 AM,False,5250,Accepted,
26391118,0568000,LOUISVILLE METRO POLICE DEPT,Accepted,JEFFERSON,,,LEXINGTON,RD,,,,,BEARGRASS,,GRINSTEAD,38.245552957,-85.702596947,1.860,2/18/2020 12:00:00 AM,1755,2,2,0,0,CLOUDY,DRY,False,1 VEHICLE ENTERING/LEAVING ENTRANCE,ANGLE,STRAIGHT & LEVEL,DUSK,,,2/19/2020 8:23:40 AM,False,7960,Accepted,
26391093,0568000,LOUISVILLE METRO POLICE DEPT,Accepted,JEFFERSON,,,RIVERPORT,DR,,,,,,,,38.161480342,-85.882052188,0.696,2/18/2020 12:00:00 AM,1223,2,2,0,2,CLOUDY,WET,False,VEHICLE BACKING NON INTERSECTION,BACKING,STRAIGHT & LEVEL,DAYLIGHT,,,2/19/2020 8:22:02 AM,False,7234,Accepted,
26396625,0568000,LOUISVILLE METRO POLICE DEPT,Accepted,JEFFERSON,I 0264,,I264 E,,,,,,,,,38.189202541,-85.782245629,9.201,2/18/2020 12:00:00 AM,0755,2,2,0,0,RAINING,WET,False,OTHER ROADWAY OR MID-BLOCK COLLISION,REAR END,STRAIGHT & LEVEL,DAYLIGHT,,,2/20/2020 8:15:33 AM,False,4656,Accepted,
26391100,0568000,LOUISVILLE METRO POLICE DEPT,Accepted,JEFFERSON,,,BRECKINRIDGE,ST,E,,,,BROOK,,1ST,38.241262047,-85.753250657,1.552,2/18/2020 12:00:00 AM,1012,4,4,0,1,RAINING,WET,False,OTHER ROADWAY OR MID-BLOCK COLLISION,REAR END,STRAIGHT & LEVEL,DAYLIGHT,,,2/19/2020 8:22:38 AM,False,5111,Accepted,
26391076,0568000,LOUISVILLE METRO POLICE DEPT,Accepted,JEFFERSON,KY0061,,PRESTON,HWY,,,,,FERN VALLEY,,OLD FERN VALLEY,38.154395296,-85.695618098,5.153,2/18/2020 12:00:00 AM,0805,3,3,0,1,RAINING,WET,True,OTHER ROADWAY OR MID-BLOCK COLLISION,REAR END,STRAIGHT & LEVEL,DAYLIGHT,,,2/19/2020 8:20:51 AM,False,2017,Accepted,
26404138,0568000,LOUISVILLE METRO POLICE DEPT,Accepted,JEFFERSON,KY0864,4714,POPLAR LEVEL,RD,,,,,,,,38.177176080,-85.689175460,9.662,2/18/2020 12:00:00 AM,1802,2,2,0,1,CLEAR,DRY,False,OTHER ROADWAY OR MID-BLOCK COLLISION,OPPOSING LEFT TURN,CURVE & LEVEL,DAYLIGHT,,,2/21/2020 2:20:31 PM,False,5027,Accepted,
26391074,0568000,LOUISVILLE METRO POLICE DEPT,Accepted,JEFFERSON,,,GRINSTEAD,DR,,,,I 0064,I64 E EXIT8 OFF RAMP TO  GRINSTEAD DR,,LEXINGTON,38.246044868,-85.701289395,0.038,2/18/2020 12:00:00 AM,1102,2,2,0,0,RAINING,WET,False,OTHER ROADWAY OR MID-BLOCK COLLISION,REAR END,STRAIGHT & LEVEL,DAYLIGHT,,,2/19/2020 8:20:43 AM,False,7129,Accepted,
26391088,0568000,LOUISVILLE METRO POLICE DEPT,Accepted,JEFFERSON,I 0064,,,,,,,,,,,38.246514745,-85.700800232,0.010,2/18/2020 12:00:00 AM,1042,1,1,0,0,RAINING,WET,False,OTHER RAMP RELATED COLLISIONS NOT LISTED ABOVE,SINGLE VEHICLE,CURVE & GRADE,DAYLIGHT,GRINSTEAD DR,I 0064,2/19/2020 8:21:45 AM,False,5112,Accepted,
26391056,0568000,LOUISVILLE METRO POLICE DEPT,Accepted,JEFFERSON,I 0264,,,,,,,,,,,38.194424590,-85.707399937,0.315,2/18/2020 12:00:00 AM,0744,2,2,0,0,RAINING,WET,False,OTHER RAMP RELATED COLLISIONS NOT LISTED ABOVE,REAR END,STRAIGHT & GRADE,DAYLIGHT,I 0264,KY0864,2/19/2020 8:19:33 AM,False,4903,Accepted,
26391064,0568000,LOUISVILLE METRO POLICE DEPT,Accepted,JEFFERSON,I 0065,,,,,,,,,,,38.227146333,-85.751954590,0.088,2/18/2020 12:00:00 AM,1101,2,2,0,0,RAINING,WET,False,OTHER RAMP RELATED COLLISIONS NOT LISTED ABOVE,SIDESWIPE-SAME DIRECTION,CURVE & GRADE,DAYLIGHT,MAGNOLIA AVE,I 0065,2/19/2020 8:20:02 AM,False,8278,Accepted,
26391126,0568000,LOUISVILLE METRO POLICE DEPT,Accepted,JEFFERSON,,550,1ST,ST,S,,,,,,,38.248936126,-85.752914838,0.497,2/18/2020 12:00:00 AM,0533,2,2,0,0,RAINING,WET,False,COLLISION IN PARKING LOT,BACKING,STRAIGHT & LEVEL,DARK-HWY LIGHTED/ON,,,2/19/2020 8:24:05 AM,False,5135,Accepted,
26385170,0568000,LOUISVILLE METRO POLICE DEPT,Accepted,JEFFERSON,,,41ST,ST,S,,,,,,,38.236667058,-85.819888973,0.339,2/17/2020 12:00:00 AM,2110,2,2,0,0,CLEAR,DRY,False,COLLISION IN PARKING LOT,BACKING,STRAIGHT & LEVEL,OTHER,,,2/18/2020 8:24:18 AM,False,7626,Accepted,
26385165,0568000,LOUISVILLE METRO POLICE DEPT,Accepted,JEFFERSON,KY2241,,WILLIS,AVE,,,MERIDIAN,,,,,38.252047781,-85.652827097,0.069,2/17/2020 12:00:00 AM,1915,2,2,0,0,CLEAR,DRY,False,COLLISION IN PARKING LOT,BACKING,STRAIGHT & LEVEL,DARK-HWY LIGHTED/ON,,,2/18/2020 8:24:01 AM,False,7219,Accepted,
26385129,0568000,LOUISVILLE METRO POLICE DEPT,Accepted,JEFFERSON,I 0065,,,,,,,,,,,38.242674807,-85.752494613,0.031,2/17/2020 12:00:00 AM,0831,2,2,0,0,CLOUDY,DRY,False,OTHER RAMP RELATED COLLISIONS NOT LISTED ABOVE,REAR END,STRAIGHT & GRADE,DAYLIGHT,I 0065,S BROOK ST,2/18/2020 8:21:56 AM,False,4903,Accepted,
26369541,0568000,LOUISVILLE METRO POLICE DEPT,Accepted,JEFFERSON,KY0841,,,,,,,,,,,38.119557490,-85.778663404,0.269,2/17/2020 12:00:00 AM,0135,3,1,0,2,CLEAR,DRY,True,OTHER RAMP RELATED COLLISIONS NOT LISTED ABOVE,SINGLE VEHICLE,CURVE & LEVEL,DARK-HWY LIGHTED/ON,KY0841,KY1865,2/17/2020 9:18:04 AM,False,7321,Accepted,
26385150,0568000,LOUISVILLE METRO POLICE DEPT,Accepted,JEFFERSON,US0031W,,DIXIE,HWY,,,,,HILLVIEW,,PAGES,38.131174331,-85.847220447,10.590,2/17/2020 12:00:00 AM,1612,2,2,0,0,CLEAR,DRY,False,OTHER ROADWAY OR MID-BLOCK COLLISION,OPPOSING LEFT TURN,STRAIGHT & LEVEL,DAYLIGHT,,,2/18/2020 8:23:16 AM,False,7144,Accepted,
26385167,0568000,LOUISVILLE METRO POLICE DEPT,Accepted,JEFFERSON,I 0064,,,,,,,,,,,38.247437510,-85.699572731,0.217,2/17/2020 12:00:00 AM,2123,1,1,0,0,CLEAR,DRY,False,COLLISION WITH FIXED OBJECT NOT IN GORE ,SINGLE VEHICLE,STRAIGHT & HILLCREST,DARK-HWY LIGHTED/ON,I 0064,GRINSTEAD DR,2/18/2020 8:24:07 AM,False,7049,Accepted,
26385145,0568000,LOUISVILLE METRO POLICE DEPT,Accepted,JEFFERSON,,,GOLDSMITH,LN,,,,,TRAFALGAR,US0031E,BARDSTOWN,38.208150073,-85.669313331,1.025,2/17/2020 12:00:00 AM,1422,2,2,0,0,CLEAR,DRY,False,VEHICLE BACKING NON INTERSECTION,BACKING,STRAIGHT & LEVEL,DAYLIGHT,,,2/18/2020 8:22:55 AM,False,7497,Accepted,
26385168,0568000,LOUISVILLE METRO POLICE DEPT,Accepted,JEFFERSON,KY1747,,HURSTBOURNE,PKWY,N,,,,,,,38.284238798,-85.569298335,16.747,2/17/2020 12:00:00 AM,2215,2,2,0,0,CLOUDY,DRY,True,VEHICLE BACKING NON INTERSECTION,BACKING,STRAIGHT & LEVEL,DARK-HWY LIGHTED/OFF,,,2/18/2020 8:24:11 AM,False,6777,Accepted,
26369542,0568000,LOUISVILLE METRO POLICE DEPT,Accepted,JEFFERSON,US0031E,,BARDSTOWN,RD,,,,,,,,38.238345016,-85.720859525,15.415,2/17/2020 12:00:00 AM,0332,2,2,0,0,CLEAR,DRY,False,1 VEHICLE ENTERING/LEAVING ENTRANCE,ANGLE,STRAIGHT & LEVEL,DARK-HWY LIGHTED/ON,,,2/17/2020 9:18:07 AM,False,7376,Accepted,
26385133,0568000,LOUISVILLE METRO POLICE DEPT,Accepted,JEFFERSON,US0060A,,EASTERN,PKWY,,,,,CASTLEVALE,,DAHLIA,38.225438569,-85.726660012,5.775,2/17/2020 12:00:00 AM,0800,2,2,0,1,CLEAR,DRY,False,1 VEHICLE ENTERING/LEAVING ENTRANCE,ANGLE,CURVE & LEVEL,DAYLIGHT,,,2/18/2020 8:22:11 AM,False,5250,Accepted,
26385155,0568000,LOUISVILLE METRO POLICE DEPT,Accepted,JEFFERSON,US0060A,,WINKLER,AVE,,,,KY1020,3RD,,4TH,38.210222619,-85.763645137,3.123,2/17/2020 12:00:00 AM,1801,2,2,0,0,CLEAR,DRY,True,1 VEHICLE ENTERING/LEAVING ENTRANCE,ANGLE,STRAIGHT & LEVEL,DARK-HWY LIGHTED/ON,,,2/18/2020 8:23:32 AM,False,7418,Accepted,
26385148,0568000,LOUISVILLE METRO POLICE DEPT,Accepted,JEFFERSON,,,3RD,ST,S,,,,WOODLAWN,,WELLINGTON,38.181937545,-85.766167237,1.292,2/17/2020 12:00:00 AM,1427,2,2,0,0,CLEAR,DRY,False,1 VEHICLE ENTERING/LEAVING ENTRANCE,ANGLE,STRAIGHT & LEVEL,DAYLIGHT,,,2/18/2020 8:23:06 AM,False,7418,Accepted,
26385146,0568000,LOUISVILLE METRO POLICE DEPT,Accepted,JEFFERSON,KY0864,,POPLAR LEVEL,RD,,,,,,,,38.159808370,-85.661137474,7.485,2/17/2020 12:00:00 AM,1444,2,2,0,1,CLEAR,DRY,False,SIDESWIPE COLLISION - SAME DIRECTION,SIDESWIPE-SAME DIRECTION,STRAIGHT & LEVEL,DAYLIGHT,,,2/18/2020 8:22:58 AM,False,5159,Accepted,