IncidentID,AgencyORI,AgencyName,IncidentStatusDesc,County,RdwyNumber,Street,RoadwayName,StreetSfx,StreetDir,IntersectionRdwy,IntersectionRdwyName,BetweenStRdwy1,BetweenStRdwyName1,BetweenStRdwy2,BetweenStRdwyName2,Latitude,Longitude,Milepoint,CollisionDate,CollisionTime,UnitsInvolved,MotorVehiclesInvolved,NumberKilled,NumberInjured,Weather,RdwyConditionCode,HitandRun,DirAnalysisCode,MannerofCollision,RdwyCharacter,LightCondition,RampFromRdwyId,RampToRdwyId,AcceptedDate,IsSecondaryCollision,OwnerBadge,IncidentStatus,
26385154,0568000,LOUISVILLE METRO POLICE DEPT,Accepted,JEFFERSON,I 0065,,I65 S,,,,,I 0065,I65 S EXIT135 ON RAMP FROM  E OAK ST,I 0065,I65 S EXIT134 ON RAMP FROM  MAGNOLIA AVE,38.231502635,-85.750997264,134.248,2/17/2020 12:00:00 AM,1637,2,2,0,0,CLEAR,DRY,False,SIDESWIPE COLLISION - SAME DIRECTION,SIDESWIPE-SAME DIRECTION,STRAIGHT & LEVEL,DAYLIGHT,,,2/18/2020 8:23:29 AM,False,7418,Accepted,
26385156,0568000,LOUISVILLE METRO POLICE DEPT,Accepted,JEFFERSON,I 0065,,I65 S,,,,,,,,,38.157450644,-85.718463837,128.270,2/17/2020 12:00:00 AM,1702,2,2,0,0,CLEAR,DRY,False,SIDESWIPE COLLISION - SAME DIRECTION,SIDESWIPE-SAME DIRECTION,STRAIGHT & LEVEL,DAYLIGHT,,,2/18/2020 8:23:35 AM,False,7269,Accepted,
26385176,0568000,LOUISVILLE METRO POLICE DEPT,Accepted,JEFFERSON,I 0265,,I265 N,,,,,,,,,38.293174002,-85.541380873,32.035,2/17/2020 12:00:00 AM,0943,2,2,0,0,CLOUDY,DRY,False,SIDESWIPE COLLISION - SAME DIRECTION,SIDESWIPE-SAME DIRECTION,STRAIGHT & LEVEL,DAYLIGHT,,,2/18/2020 8:24:41 AM,False,4903,Accepted,
26385159,0568000,LOUISVILLE METRO POLICE DEPT,Accepted,JEFFERSON,KY0155,,TAYLORSVILLE,RD,,,,,,,,38.187882246,-85.514718575,6.384,2/17/2020 12:00:00 AM,1644,2,2,0,0,CLEAR,DRY,False,SIDESWIPE COLLISION - SAME DIRECTION,SIDESWIPE-SAME DIRECTION,STRAIGHT & LEVEL,DAYLIGHT,,,2/18/2020 8:23:42 AM,False,4693,Accepted,
26449178,0568000,LOUISVILLE METRO POLICE DEPT,Accepted,JEFFERSON,US0060A,3717,LEXINGTON,RD,,,,,,,,38.252078216,-85.659846600,10.397,2/17/2020 12:00:00 AM,1121,2,2,0,0,CLEAR,DRY,False,SIDESWIPE COLLISION - SAME DIRECTION,SIDESWIPE-SAME DIRECTION,STRAIGHT & LEVEL,DAYLIGHT,,,3/2/2020 9:06:59 AM,False,7180,Accepted,
26391077,0568000,LOUISVILLE METRO POLICE DEPT,Accepted,JEFFERSON,KY0841,,GENE SNYDER,FWY,,,,KY2055,MANSLICK,KY0841,KY841 RAMP FROM  STONESTREET RD,38.116668206,-85.788797379,5.364,2/17/2020 12:00:00 AM,1655,2,2,0,6,CLOUDY,DRY,False,REAR END IN TRAFFIC LANES BOTH VEHICLES MOVING,REAR END,STRAIGHT & LEVEL,DAYLIGHT,,,2/19/2020 8:20:56 AM,False,2098,Accepted,
26385175,0568000,LOUISVILLE METRO POLICE DEPT,Accepted,JEFFERSON,US0031W,,DIXIE,HWY,,,,,,,,38.157942902,-85.833919658,12.575,2/17/2020 12:00:00 AM,2233,3,3,0,1,CLEAR,DRY,False,REAR END IN TRAFFIC LANES BOTH VEHICLES MOVING,REAR END,STRAIGHT & LEVEL,DARK-HWY LIGHTED/ON,,,2/18/2020 8:24:38 AM,True,5136,Accepted,
26369539,0568000,LOUISVILLE METRO POLICE DEPT,Accepted,JEFFERSON,I 0264,,I264 E,,,,,,,,,38.235396802,-85.818487651,3.020,2/17/2020 12:00:00 AM,0230,2,2,0,0,CLEAR,DRY,False,REAR END IN TRAFFIC LANES BOTH VEHICLES MOVING,REAR END,STRAIGHT & LEVEL,DARK-HWY LIGHTED/ON,,,2/17/2020 9:17:57 AM,False,5181,Accepted,
26385144,0568000,LOUISVILLE METRO POLICE DEPT,Accepted,JEFFERSON,,120,28TH,ST,N,,,,,,,38.262352005,-85.797116978,0.670,2/17/2020 12:00:00 AM,1406,2,2,0,1,CLEAR,DRY,False,1 VEHICLE PARKED POSITION (NOT PARKING LOT/DRIVEWAY),SIDESWIPE-SAME DIRECTION,STRAIGHT & LEVEL,DAYLIGHT,,,2/18/2020 8:22:52 AM,False,5108,Accepted,
26391102,0568000,LOUISVILLE METRO POLICE DEPT,Accepted,JEFFERSON,,1400BLK,BEECH,ST,,,,,,,,38.233784422,-85.804910140,0.324,2/17/2020 12:00:00 AM,1840,2,2,0,0,CLEAR,DRY,False,1 VEHICLE PARKED POSITION (NOT PARKING LOT/DRIVEWAY),BACKING,STRAIGHT & LEVEL,DARK-HWY LIGHTED/ON,,,2/19/2020 8:22:45 AM,False,5190,Accepted,
26385171,0568000,LOUISVILLE METRO POLICE DEPT,Accepted,JEFFERSON,,815,DENMARK,ST,,,,,,,,38.195823509,-85.770414188,0.110,2/17/2020 12:00:00 AM,1900,3,3,0,0,CLEAR,DRY,True,1 VEHICLE PARKED POSITION (NOT PARKING LOT/DRIVEWAY),HEAD ON,STRAIGHT & LEVEL,DARK-HWY LIGHTED/OFF,,,2/18/2020 8:24:21 AM,False,5183,Accepted,
26385147,0568000,LOUISVILLE METRO POLICE DEPT,Accepted,JEFFERSON,,1425,LONGFIELD,AVE,,,,,,,,38.198779971,-85.785690054,0.938,2/17/2020 12:00:00 AM,1056,2,2,0,0,CLEAR,DRY,False,1 VEHICLE PARKED POSITION (NOT PARKING LOT/DRIVEWAY),REAR END,STRAIGHT & LEVEL,DAYLIGHT,,,2/18/2020 8:23:02 AM,False,7418,Accepted,
26414709,0568000,LOUISVILLE METRO POLICE DEPT,Accepted,JEFFERSON,,2627,MCCOY,WAY,,,,,,,,38.224981734,-85.673936831,0.183,2/17/2020 12:00:00 AM,1600,2,2,0,0,CLOUDY,DRY,False,1 VEHICLE PARKED POSITION (NOT PARKING LOT/DRIVEWAY),BACKING,STRAIGHT & LEVEL,DAYLIGHT,,,2/24/2020 9:13:56 AM,False,2738,Accepted,
26385149,0568000,LOUISVILLE METRO POLICE DEPT,Accepted,JEFFERSON,,,CLAY,ST,S,,,,CALDWELL,,SPECKERT,38.238309427,-85.742662964,1.163,2/17/2020 12:00:00 AM,1447,2,2,0,0,CLEAR,DRY,True,1 VEHICLE PARKED POSITION (NOT PARKING LOT/DRIVEWAY),SIDESWIPE-SAME DIRECTION,STRAIGHT & LEVEL,UNKNOWN,,,2/18/2020 8:23:13 AM,False,7418,Accepted,
26385179,0568000,LOUISVILLE METRO POLICE DEPT,Accepted,JEFFERSON,US0060,,SHELBYVILLE,RD,,,DORSEY,,,,,38.245696429,-85.567829982,8.357,2/17/2020 12:00:00 AM,1936,2,2,0,0,CLEAR,DRY,False,OTHER INTERSECTION COLLISIONS,REAR END,STRAIGHT & LEVEL,DARK-HWY LIGHTED/ON,,,2/18/2020 8:24:51 AM,False,7440,Accepted,
26385131,0568000,LOUISVILLE METRO POLICE DEPT,Accepted,JEFFERSON,KY1065,,OUTER,LOOP,,,AIR COMMERCE,,,,,38.134754629,-85.719242215,4.223,2/17/2020 12:00:00 AM,1016,2,2,0,0,CLEAR,DRY,False,OTHER INTERSECTION COLLISIONS,REAR END,STRAIGHT & LEVEL,DAYLIGHT,,,2/18/2020 8:22:04 AM,False,7269,Accepted,
26419874,0568000,LOUISVILLE METRO POLICE DEPT,Accepted,JEFFERSON,KY0864,,POPLAR LEVEL,RD,,KY0864,KY864 CROSSOVER,,,,,38.195607784,-85.707721367,11.332,2/17/2020 12:00:00 AM,0912,2,2,0,0,CLEAR,DRY,False,OTHER INTERSECTION COLLISIONS,REAR END,STRAIGHT & LEVEL,DAYLIGHT,,,2/25/2020 8:08:42 AM,False,7938,Accepted,
26385153,0568000,LOUISVILLE METRO POLICE DEPT,Accepted,JEFFERSON,US0060,,SHELBYVILLE,RD,,KY2841,EASTWOOD CUT OFF,,,,,38.233694516,-85.456566642,14.722,2/17/2020 12:00:00 AM,1714,2,2,0,0,CLOUDY,DRY,False,OTHER INTERSECTION COLLISIONS,REAR END,CURVE & LEVEL,DAYLIGHT,,,2/18/2020 8:23:25 AM,False,6334,Accepted,
26385160,0568000,LOUISVILLE METRO POLICE DEPT,Accepted,JEFFERSON,KY1747,,HURSTBOURNE,PKWY,S,,HURSTBOURNE,,,,,38.217631444,-85.587014320,11.290,2/17/2020 12:00:00 AM,1249,2,2,0,3,CLEAR,DRY,False,OTHER INTERSECTION COLLISIONS,REAR END,STRAIGHT & LEVEL,DAYLIGHT,,,2/18/2020 8:23:45 AM,False,7448,Accepted,
26405045,0563800,NORTHFIELD POLICE DEPARTMENT,Accepted,JEFFERSON,I 0264,,I264 W,,,I 0264,I264 W EXIT22 OFF RAMP TO US42,,,,,38.281066132,-85.637795787,22.195,2/17/2020 12:00:00 AM,1650,2,2,0,0,CLEAR,DRY,False,SIDESWIPE-SAME DIRECTION,SIDESWIPE-SAME DIRECTION,STRAIGHT & LEVEL,DAYLIGHT,,,2/21/2020 5:12:36 PM,False,1375,Accepted,
26385173,0568000,LOUISVILLE METRO POLICE DEPT,Accepted,JEFFERSON,KY2053,,MT WASHINGTON,RD,,,STANDIFORD PLAZA,,,,,38.092652365,-85.667283064,0.115,2/17/2020 12:00:00 AM,1854,2,2,0,0,CLEAR,DRY,False,OPPOSING LEFT TURN,OPPOSING LEFT TURN,STRAIGHT & LEVEL,DARK-HWY LIGHTED/OFF,,,2/18/2020 8:24:30 AM,False,5182,Accepted,
26385157,0568000,LOUISVILLE METRO POLICE DEPT,Accepted,JEFFERSON,KY1747,,FERN VALLEY,RD,,KY1747,KY1747 CROSSOVER,,,,,38.157394785,-85.695632103,2.018,2/17/2020 12:00:00 AM,1545,2,2,0,0,CLEAR,DRY,False,OPPOSING LEFT TURN,OPPOSING LEFT TURN,STRAIGHT & LEVEL,DAYLIGHT,,,2/18/2020 8:23:38 AM,False,4693,Accepted,
26391125,0568000,LOUISVILLE METRO POLICE DEPT,Accepted,JEFFERSON,KY1747,,HURSTBOURNE,PKWY,S,US0060,SHELBYVILLE,,,,,38.246377489,-85.576680888,13.497,2/17/2020 12:00:00 AM,0551,2,2,0,0,RAINING,WET,True,OPPOSITE DIRECTION - BOTH VEHICLES GOING STRAIGHT AHEAD,SIDESWIPE-OPPOSITE DIRECTION,STRAIGHT & LEVEL,DARK-HWY LIGHTED/ON,,,2/19/2020 8:24:02 AM,False,5292,Accepted,
26369552,0568000,LOUISVILLE METRO POLICE DEPT,Accepted,JEFFERSON,,,TERRA CROSSING,BLVD,,KY3084,OLD HENRY,,,,,38.272074305,-85.495757341,0.069,2/17/2020 12:00:00 AM,0720,2,2,0,0,CLEAR,DRY,False,SIDESWIPE-SAME DIRECTION,SIDESWIPE-SAME DIRECTION,STRAIGHT & LEVEL,DAYLIGHT,,,2/17/2020 9:19:27 AM,False,6953,Accepted,
26401957,0568000,LOUISVILLE METRO POLICE DEPT,Accepted,JEFFERSON,I 0264,,I264 W,,,I 0065,I65 W EXIT11 OFF RAMP,,,,,38.191104272,-85.718528981,12.694,2/17/2020 12:00:00 AM,0748,2,2,0,0,CLEAR,DRY,False,SIDESWIPE-SAME DIRECTION,SIDESWIPE-SAME DIRECTION,STRAIGHT & LEVEL,DAWN,,,2/21/2020 8:09:39 AM,False,7720,Accepted,
26385152,0568000,LOUISVILLE METRO POLICE DEPT,Accepted,JEFFERSON,,,SHENANDOAH,DR,,,ACCOMACK,,,,,38.310635224,-85.553230019,0.398,2/17/2020 12:00:00 AM,1447,2,2,0,0,CLEAR,DRY,False,ANGLE COLLISION - OTHER,ANGLE,STRAIGHT & HILLCREST,DAYLIGHT,,,2/18/2020 8:23:22 AM,False,7355,Accepted,
26385142,0568000,LOUISVILLE METRO POLICE DEPT,Accepted,JEFFERSON,US0150,,BROADWAY,,E,,BROOK,,,,,38.245590656,-85.751707026,2.730,2/17/2020 12:00:00 AM,0911,2,2,0,0,CLOUDY,DRY,False,ANGLE COLLISION - OTHER,ANGLE,STRAIGHT & LEVEL,DAYLIGHT,,,2/18/2020 8:22:44 AM,False,6360,Accepted,
26385143,0568000,LOUISVILLE METRO POLICE DEPT,Accepted,JEFFERSON,KY0061,,PRESTON,ST,S,,MUHAMMAD ALI,,,,,38.249980686,-85.746815318,12.585,2/17/2020 12:00:00 AM,0905,3,3,0,2,CLOUDY,DRY,False,ANGLE COLLISION - OTHER,ANGLE,STRAIGHT & LEVEL,DAYLIGHT,,,2/18/2020 8:22:48 AM,False,6360,Accepted,
26385161,0568000,LOUISVILLE METRO POLICE DEPT,Accepted,JEFFERSON,US0031E,,BARDSTOWN,RD,,,SPEED,,,,,38.228481568,-85.701045562,14.121,2/17/2020 12:00:00 AM,1423,2,2,0,0,CLOUDY,DRY,False,ANGLE COLLISION - OTHER,ANGLE,STRAIGHT & LEVEL,DAYLIGHT,,,2/18/2020 8:23:48 AM,False,7960,Accepted,
26385162,0568000,LOUISVILLE METRO POLICE DEPT,Accepted,JEFFERSON,,,HILL,ST,W,,12TH,,,,,38.227436311,-85.775281571,0.996,2/17/2020 12:00:00 AM,1248,2,2,0,1,CLEAR,DRY,False,ANGLE COLLISION - OTHER,ANGLE,STRAIGHT & LEVEL,DAYLIGHT,,,2/18/2020 8:23:51 AM,False,5190,Accepted,
26385178,0568000,LOUISVILLE METRO POLICE DEPT,Accepted,JEFFERSON,US0031E,,BARDSTOWN,RD,,I 0264,I264 E EXIT16 OFF RAMP TO US31E N,,,,,38.211887592,-85.671895648,12.093,2/17/2020 12:00:00 AM,2203,2,2,0,3,CLEAR,DRY,False,ANGLE COLLISION - OTHER,ANGLE,STRAIGHT & LEVEL,DARK-HWY LIGHTED/ON,,,2/18/2020 8:24:48 AM,False,5243,Accepted,
26385166,0568000,LOUISVILLE METRO POLICE DEPT,Accepted,JEFFERSON,,,1ST,ST,S,,WOODLAWN,,,,,38.181195354,-85.762902357,3.864,2/17/2020 12:00:00 AM,1942,2,2,0,0,CLEAR,DRY,True,ANGLE COLLISION - OTHER,ANGLE,STRAIGHT & LEVEL,DARK-HWY LIGHTED/ON,,,2/18/2020 8:24:04 AM,False,7963,Accepted,
26391103,0568000,LOUISVILLE METRO POLICE DEPT,Accepted,JEFFERSON,US0031W,,22ND,ST,S,,WILSON,,,,,38.234861240,-85.790447910,18.594,2/17/2020 12:00:00 AM,1916,2,2,0,2,CLEAR,DRY,False,ANGLE COLLISION - OTHER,ANGLE,STRAIGHT & LEVEL,DARK-HWY LIGHTED/ON,,,2/19/2020 8:22:49 AM,False,5190,Accepted,
26414643,0568000,LOUISVILLE METRO POLICE DEPT,Accepted,JEFFERSON,,,MANNING,RD,,,MONARCH,,,,,38.197842912,-85.733097214,0.067,2/17/2020 12:00:00 AM,1104,2,2,0,0,CLEAR,DRY,True,COLLISION WITH PARKED VEHICLE,SIDESWIPE-SAME DIRECTION,STRAIGHT & LEVEL,DAYLIGHT,,,2/24/2020 9:10:08 AM,False,7938,Accepted,
26414685,0568000,LOUISVILLE METRO POLICE DEPT,Accepted,JEFFERSON,,,HICKORY,ST,,,LYDIA,,,,,38.224313434,-85.737437213,0.223,2/17/2020 12:00:00 AM,1830,4,4,0,0,CLEAR,DRY,True,COLLISION WITH PARKED VEHICLE,ANGLE,STRAIGHT & LEVEL,DARK (UNKNOWN ROADWAY LIGHTING),,,2/24/2020 9:12:32 AM,False,5050,Accepted,
26385151,0568000,LOUISVILLE METRO POLICE DEPT,Accepted,JEFFERSON,KY1447,,WESTPORT,RD,,I 0265,I265 N EXIT33 OFF RAMP TO KY1447,,,,,38.297968215,-85.547008721,6.752,2/17/2020 12:00:00 AM,1008,2,2,0,0,CLEAR,DRY,False,COLLISION WITH FIXED OBJECT IN INTERSECTION - FIRST EVENT COLLISION 09 - 32,REAR END,STRAIGHT & LEVEL,DAYLIGHT,,,2/18/2020 8:23:19 AM,False,7355,Accepted,
26369514,0568000,LOUISVILLE METRO POLICE DEPT,Accepted,JEFFERSON,,,26TH,ST,N,KY3082,BANK,,,,,38.269338002,-85.790977412,0.619,2/16/2020 12:00:00 AM,1121,1,1,0,1,CLEAR,DRY,False,COLLISION WITH FIXED OBJECT IN INTERSECTION - FIRST EVENT COLLISION 09 - 32,SINGLE VEHICLE,STRAIGHT & LEVEL,DAYLIGHT,,,2/17/2020 9:16:35 AM,False,7220,Accepted,
26369537,0568000,LOUISVILLE METRO POLICE DEPT,Accepted,JEFFERSON,,,EMRICH,AVE,,US0031E,BARDSTOWN,,,,,38.167959325,-85.603611194,,2/16/2020 12:00:00 AM,2050,1,1,0,0,CLOUDY,DRY,False,COLLISION WITH FIXED OBJECT IN INTERSECTION - FIRST EVENT COLLISION 09 - 32,SINGLE VEHICLE,STRAIGHT & LEVEL,DARK (UNKNOWN ROADWAY LIGHTING),,,2/17/2020 9:17:46 AM,False,7828,Accepted,
26369547,0568000,LOUISVILLE METRO POLICE DEPT,Accepted,JEFFERSON,KY0061,,BRANDEIS,AVE,E,KY0061,PRESTON,,,,,38.219760478,-85.748036001,10.658,2/16/2020 12:00:00 AM,1941,2,2,0,0,CLEAR,DRY,True,COLLISION WITH PARKED VEHICLE,ANGLE,STRAIGHT & LEVEL,DARK-HWY LIGHTED/ON,,,2/17/2020 9:18:20 AM,False,5037,Accepted,
26369522,0568000,LOUISVILLE METRO POLICE DEPT,Accepted,JEFFERSON,,,TEXAS,AVE,,,MILTON,,,,,38.222592955,-85.736648405,0.552,2/16/2020 12:00:00 AM,0350,2,2,0,0,CLEAR,DRY,True,COLLISION WITH PARKED VEHICLE,REAR END,STRAIGHT & LEVEL,DARK (UNKNOWN ROADWAY LIGHTING),,,2/17/2020 9:17:00 AM,False,7334,Accepted,
26369515,0568000,LOUISVILLE METRO POLICE DEPT,Accepted,JEFFERSON,,,BROOK,ST,S,,MUHAMMAD ALI,,,,,38.250484717,-85.751552232,3.195,2/16/2020 12:00:00 AM,1347,2,2,0,0,CLOUDY,DRY,False,ANGLE COLLISION - ONE VEHICLE TURNING LEFT,ANGLE,STRAIGHT & LEVEL,DAYLIGHT,,,2/17/2020 9:16:38 AM,False,7848,Accepted,
26369536,0568000,LOUISVILLE METRO POLICE DEPT,Accepted,JEFFERSON,KY2052,,SHEPHERDSVILLE,RD,,,SAXON,,,,,38.144556570,-85.660097049,0.408,2/16/2020 12:00:00 AM,2349,2,2,0,0,CLEAR,DRY,False,ANGLE COLLISION - OTHER,ANGLE,CURVE & GRADE,DARK-HWY NOT LIGHTED,,,2/17/2020 9:17:43 AM,False,7106,Accepted,
26369549,0568000,LOUISVILLE METRO POLICE DEPT,Accepted,JEFFERSON,,,DURRETT,LN,,,CAVELLE,,,,,38.190780671,-85.716275466,0.533,2/16/2020 12:00:00 AM,2019,2,2,0,0,CLEAR,DRY,False,SIDESWIPE-SAME DIRECTION,SIDESWIPE-SAME DIRECTION,STRAIGHT & LEVEL,DARK-HWY LIGHTED/ON,,,2/17/2020 9:18:26 AM,False,5144,Accepted,
26369475,0568000,LOUISVILLE METRO POLICE DEPT,Accepted,JEFFERSON,,,41ST,ST,S,,BROADWAY,,,,,38.250199989,-85.819228602,1.006,2/16/2020 12:00:00 AM,0230,2,2,0,0,CLEAR,DRY,True,OPPOSITE DIRECTION - BOTH VEHICLES GOING STRAIGHT AHEAD,SIDESWIPE-OPPOSITE DIRECTION,STRAIGHT & LEVEL,DARK-HWY LIGHTED/ON,,,2/17/2020 9:15:54 AM,False,5181,Accepted,
26396730,0568000,LOUISVILLE METRO POLICE DEPT,Accepted,JEFFERSON,US0031E,,BAXTER,AVE,,,BRECKINRIDGE,,,,,38.242749945,-85.726252493,15.831,2/16/2020 12:00:00 AM,2115,2,2,0,0,CLEAR,DRY,False,OPPOSITE DIRECTION - BOTH VEHICLES GOING STRAIGHT AHEAD,SIDESWIPE-OPPOSITE DIRECTION,STRAIGHT & LEVEL,DARK-HWY LIGHTED/ON,,,2/20/2020 8:18:24 AM,False,2816,Accepted,
26369540,0568000,LOUISVILLE METRO POLICE DEPT,Accepted,JEFFERSON,KY1747,,HURSTBOURNE,PKWY,N,KY1447,WESTPORT,,,,,38.287629195,-85.572223197,17.025,2/16/2020 12:00:00 AM,1927,2,2,0,0,CLOUDY,DRY,False,REAR END - ONE VEHICLE TURNING RIGHT,REAR END,STRAIGHT & LEVEL,DARK-HWY LIGHTED/ON,,,2/17/2020 9:18:01 AM,False,5004,Accepted,
26369518,0568000,LOUISVILLE METRO POLICE DEPT,Accepted,JEFFERSON,KY1747,3201,FERN VALLEY,RD,,,ULRICH,,,,,38.156989499,-85.706371562,1.418,2/16/2020 12:00:00 AM,1415,2,2,0,0,CLOUDY,DRY,False,OTHER INTERSECTION COLLISIONS,REAR END,STRAIGHT & LEVEL,DAYLIGHT,,,2/17/2020 9:16:48 AM,False,2324,Accepted,
26431293,0568000,LOUISVILLE METRO POLICE DEPT,Accepted,JEFFERSON,,5302,RUSSETT,BLVD,,,,,,,,38.166190935,-85.663946139,0.242,2/16/2020 12:00:00 AM,1213,2,2,0,0,CLEAR,DRY,False,1 VEHICLE PARKED POSITION (NOT PARKING LOT/DRIVEWAY),SIDESWIPE-SAME DIRECTION,STRAIGHT & LEVEL,DAYLIGHT,,,2/27/2020 8:08:42 AM,False,7283,Accepted,
26369538,0568000,LOUISVILLE METRO POLICE DEPT,Accepted,JEFFERSON,,2217,DUMESNIL,ST,,,,,,,,38.236535642,-85.790717670,1.629,2/16/2020 12:00:00 AM,2136,4,4,0,0,CLEAR,DRY,False,1 VEHICLE PARKED POSITION (NOT PARKING LOT/DRIVEWAY),SIDESWIPE-SAME DIRECTION,STRAIGHT & LEVEL,DARK-HWY LIGHTED/ON,,,2/17/2020 9:17:51 AM,False,7388,Accepted,
26369521,0568000,LOUISVILLE METRO POLICE DEPT,Accepted,JEFFERSON,,6105,TOEBBE,LN,,,,,,,,38.112996112,-85.653666879,0.409,2/16/2020 12:00:00 AM,0621,1,1,0,0,CLEAR,DRY,True,1 VEHICLE PARKED POSITION (NOT PARKING LOT/DRIVEWAY),SINGLE VEHICLE,STRAIGHT & LEVEL,OTHER,,,2/17/2020 9:16:58 AM,False,7474,Accepted,
26369548,0568000,LOUISVILLE METRO POLICE DEPT,Accepted,JEFFERSON,,1352,BROOK,ST,S,,,,,,,38.229425800,-85.754550923,1.725,2/16/2020 12:00:00 AM,2358,3,3,0,0,CLEAR,DRY,True,1 VEHICLE PARKED POSITION (NOT PARKING LOT/DRIVEWAY),SIDESWIPE-SAME DIRECTION,STRAIGHT & LEVEL,DARK-HWY LIGHTED/ON,,,2/17/2020 9:18:23 AM,False,5186,Accepted,
26369520,0568000,LOUISVILLE METRO POLICE DEPT,Accepted,JEFFERSON,I 0064,,I64 W,,,,,,,,,38.278193250,-85.821576644,0.188,2/16/2020 12:00:00 AM,1619,2,2,0,1,CLEAR,DRY,False,REAR END IN TRAFFIC LANES BOTH VEHICLES MOVING,REAR END,STRAIGHT & LEVEL,DAYLIGHT,,,2/17/2020 9:16:54 AM,False,5113,Accepted,
26369519,0568000,LOUISVILLE METRO POLICE DEPT,Accepted,JEFFERSON,,1517,CRUMS,LN,,,,,,,,38.189298506,-85.802478567,0.366,2/16/2020 12:00:00 AM,1530,1,1,0,0,CLEAR,DRY,False,COLLISION WITH FIXED OBJECT NON - INTERSECTION - FIRST EVENT COLLISION 09 - 32 EXCLUDING 16,SINGLE VEHICLE,STRAIGHT & LEVEL,DAYLIGHT,,,2/17/2020 9:16:51 AM,False,5260,Accepted,
26369529,0568000,LOUISVILLE METRO POLICE DEPT,Accepted,JEFFERSON,,1617,RANGELAND,RD,,,,,,,,38.166935453,-85.676016143,0.308,2/16/2020 12:00:00 AM,1011,1,1,0,0,CLEAR,DRY,False,COLLISION WITH FIXED OBJECT NON - INTERSECTION - FIRST EVENT COLLISION 09 - 32 EXCLUDING 16,SINGLE VEHICLE,CURVE & HILLCREST,DAYLIGHT,,,2/17/2020 9:17:20 AM,False,5106,Accepted,
26369534,0568000,LOUISVILLE METRO POLICE DEPT,Accepted,JEFFERSON,KY0061,,PRESTON,HWY,,,,,OKOLONA,KY1065,OUTER,38.137134364,-85.685927887,3.858,2/16/2020 12:00:00 AM,1930,2,2,0,2,CLEAR,DRY,False,SIDESWIPE COLLISION - SAME DIRECTION,SIDESWIPE-SAME DIRECTION,STRAIGHT & LEVEL,DARK-HWY LIGHTED/ON,,,2/17/2020 9:17:37 AM,False,5270,Accepted,
26369527,0568000,LOUISVILLE METRO POLICE DEPT,Accepted,JEFFERSON,KY0061,,PRESTON,HWY,,,,,PINECROFT,,LAMBERT,38.135551294,-85.685163494,3.745,2/16/2020 12:00:00 AM,1819,2,2,0,0,CLEAR,DRY,False,SIDESWIPE COLLISION - SAME DIRECTION,SIDESWIPE-SAME DIRECTION,STRAIGHT & LEVEL,DUSK,,,2/17/2020 9:17:13 AM,False,7397,Accepted,
26396624,0568000,LOUISVILLE METRO POLICE DEPT,Accepted,JEFFERSON,KY0061,,PRESTON,HWY,,,,,,,,38.161844462,-85.699796138,5.736,2/16/2020 12:00:00 AM,1615,2,2,0,0,CLEAR,DRY,False,SIDESWIPE COLLISION - SAME DIRECTION,SIDESWIPE-SAME DIRECTION,STRAIGHT & GRADE,DAYLIGHT,,,2/20/2020 8:15:30 AM,False,5130,Accepted,
26369535,0568000,LOUISVILLE METRO POLICE DEPT,Accepted,JEFFERSON,,3506,GREENWOOD,AVE,,,,,,,,38.243798771,-85.816733732,1.665,2/16/2020 12:00:00 AM,2100,2,2,0,0,CLEAR,DRY,True,SIDESWIPE COLLISION - OPPOSITE DIRECTION,SIDESWIPE-OPPOSITE DIRECTION,STRAIGHT & LEVEL,DARK-HWY LIGHTED/ON,,,2/17/2020 9:17:40 AM,False,5181,Accepted,
26369543,0568000,LOUISVILLE METRO POLICE DEPT,Accepted,JEFFERSON,KY1865,4406,TAYLOR,BLVD,,,,,,,,38.175443126,-85.782642850,4.740,2/16/2020 12:00:00 AM,2142,2,2,0,0,CLEAR,DRY,False,1 VEHICLE ENTERING/LEAVING ENTRANCE,ANGLE,STRAIGHT & LEVEL,DARK-HWY LIGHTED/ON,,,2/17/2020 9:18:10 AM,False,5237,Accepted,
26396615,0568000,LOUISVILLE METRO POLICE DEPT,Accepted,JEFFERSON,I 0065,,I65 S,,,,,I 0065,I65 S EXIT132 OFF RAMP TO  CRITTENDEN DR,I 0065,I65 S EXIT132 ON RAMP FROM  CRITTENDEN DR,38.206761524,-85.749395957,132.435,2/16/2020 12:00:00 AM,0849,2,2,0,2,CLEAR,DRY,False,1 VEHICLE ENTERING/LEAVING ENTRANCE,ANGLE,CURVE & LEVEL,DAYLIGHT,,,2/20/2020 8:14:54 AM,False,2499,Accepted,
26369513,0568000,LOUISVILLE METRO POLICE DEPT,Accepted,JEFFERSON,,6629,BROOK BEND,WAY,,,,,,,,38.099281164,-85.651160948,0.260,2/16/2020 12:00:00 AM,0938,2,2,0,0,CLEAR,DRY,False,VEHICLE BACKING NON INTERSECTION,BACKING,STRAIGHT & LEVEL,DAYLIGHT,,,2/17/2020 9:16:32 AM,False,7799,Accepted,