IncidentID,AgencyORI,AgencyName,IncidentStatusDesc,County,RdwyNumber,Street,RoadwayName,StreetSfx,StreetDir,IntersectionRdwy,IntersectionRdwyName,BetweenStRdwy1,BetweenStRdwyName1,BetweenStRdwy2,BetweenStRdwyName2,Latitude,Longitude,Milepoint,CollisionDate,CollisionTime,UnitsInvolved,MotorVehiclesInvolved,NumberKilled,NumberInjured,Weather,RdwyConditionCode,HitandRun,DirAnalysisCode,MannerofCollision,RdwyCharacter,LightCondition,RampFromRdwyId,RampToRdwyId,AcceptedDate,IsSecondaryCollision,OwnerBadge,IncidentStatus,
26369508,0568000,LOUISVILLE METRO POLICE DEPT,Accepted,JEFFERSON,US0031E,,MARKET,ST,E,,,,CLAY,,SHELBY,38.253295752,-85.739035411,16.991,2/16/2020 12:00:00 AM,0045,2,2,0,0,CLEAR,DRY,False,1 VEHICLE ENTERING/LEAVING ENTRANCE,ANGLE,STRAIGHT & LEVEL,DARK-HWY LIGHTED/ON,,,2/17/2020 9:16:16 AM,False,5275,Accepted,
26369525,0568000,LOUISVILLE METRO POLICE DEPT,Accepted,JEFFERSON,KY1727,7711,TERRY,RD,,,,,GOALBY,,MILLER PARK,38.140686769,-85.872540681,1.312,2/16/2020 12:00:00 AM,0910,2,2,0,0,CLOUDY,DRY,False,OTHER COLLISIONS ON SHOULDER,ANGLE,STRAIGHT & LEVEL,DAYLIGHT,,,2/17/2020 9:17:09 AM,False,7336,Accepted,
26385137,0568000,LOUISVILLE METRO POLICE DEPT,Accepted,JEFFERSON,I 0071,,I71 S,,,,,,,,,38.318556888,-85.570701721,9.763,2/16/2020 12:00:00 AM,1732,1,1,0,1,CLEAR,DRY,False,OTHER COLLISIONS ON SHOULDER,SINGLE VEHICLE,STRAIGHT & LEVEL,DAYLIGHT,,,2/18/2020 8:22:27 AM,False,7751,Accepted,
26369545,0568000,LOUISVILLE METRO POLICE DEPT,Accepted,JEFFERSON,I 0265,,I265 E,,,,,,,,,38.139917048,-85.589437913,16.944,2/16/2020 12:00:00 AM,1909,1,1,0,0,CLEAR,DRY,False,OTHER COLLISIONS ON SHOULDER,SINGLE VEHICLE,STRAIGHT & LEVEL,DARK-HWY LIGHTED/ON,,,2/17/2020 9:18:13 AM,False,5107,Accepted,
26402045,0568000,LOUISVILLE METRO POLICE DEPT,Accepted,JEFFERSON,I 0265,,I265 E,,,,,,,,,38.182952622,-85.508145156,22.721,2/16/2020 12:00:00 AM,0427,1,1,0,1,CLEAR,DRY,False,OTHER COLLISIONS ON SHOULDER,SINGLE VEHICLE,CURVE & LEVEL,DARK-HWY LIGHTED/ON,,,2/21/2020 8:13:08 AM,False,5169,Accepted,
26419858,0568000,LOUISVILLE METRO POLICE DEPT,Accepted,JEFFERSON,KY1934,,CANE RUN,RD,,,,,,,,38.204149582,-85.831154650,9.657,2/16/2020 12:00:00 AM,1417,3,3,0,3,CLEAR,DRY,False,REAR END IN TRAFFIC LANES BOTH VEHICLES MOVING,REAR END,STRAIGHT & LEVEL,DAYLIGHT,,,2/25/2020 8:07:43 AM,False,5208,Accepted,
26369476,0568000,LOUISVILLE METRO POLICE DEPT,Accepted,JEFFERSON,,,FLOYD,ST,S,,,,,,,38.216979459,-85.754646493,2.661,2/16/2020 12:00:00 AM,0230,2,2,0,0,CLEAR,DRY,True,OTHER ROADWAY OR MID-BLOCK COLLISION,OPPOSING LEFT TURN,STRAIGHT & LEVEL,DARK-HWY LIGHTED/ON,,,2/17/2020 9:15:57 AM,False,7074,Accepted,
26369479,0568000,LOUISVILLE METRO POLICE DEPT,Accepted,JEFFERSON,,,3RD,ST,S,,,,KINGSTON,,AMHERST,38.174305681,-85.767502841,1.692,2/16/2020 12:00:00 AM,0000,2,2,0,0,CLEAR,DRY,False,OTHER ROADWAY OR MID-BLOCK COLLISION,OPPOSING LEFT TURN,STRAIGHT & LEVEL,DARK-HWY LIGHTED/ON,,,2/17/2020 9:16:01 AM,False,5245,Accepted,
26369524,0568000,LOUISVILLE METRO POLICE DEPT,Accepted,JEFFERSON,US0031E,1529,BARDSTOWN,RD,,,,,,,,38.231344741,-85.706906977,14.495,2/16/2020 12:00:00 AM,1730,2,2,0,0,CLOUDY,DRY,True,COLLISION IN PARKING LOT,ANGLE,STRAIGHT & LEVEL,DAYLIGHT,,,2/17/2020 9:17:06 AM,False,7740,Accepted,
26369431,0568000,LOUISVILLE METRO POLICE DEPT,Accepted,JEFFERSON,,833,WASHINGTON,ST,W,,,,,,,38.258228345,-85.764608393,0.389,2/15/2020 12:00:00 AM,1513,2,2,0,0,CLEAR,DRY,True,COLLISION IN PARKING LOT,ANGLE,STRAIGHT & LEVEL,DAYLIGHT,,,2/17/2020 9:13:32 AM,False,7937,Accepted,
26352758,0560300,ST. MATTHEWS POLICE DEPARTMENT,Accepted,JEFFERSON,US0060,5000,SHELBYVILLE,RD,,,,,,,,38.250162715,-85.623466447,5.310,2/15/2020 12:00:00 AM,1405,2,2,0,0,CLEAR,DRY,True,COLLISION IN PARKING LOT,SIDESWIPE-SAME DIRECTION,STRAIGHT & LEVEL,DAYLIGHT,,,2/15/2020 4:40:21 PM,False,9148,Accepted,
26369449,0568000,LOUISVILLE METRO POLICE DEPT,Accepted,JEFFERSON,I 0264,,,,,,,,,,,38.246109384,-85.620305130,0.424,2/15/2020 12:00:00 AM,1409,2,2,0,0,CLEAR,DRY,False,OTHER RAMP RELATED COLLISIONS NOT LISTED ABOVE,REAR END,STRAIGHT & LEVEL,DAYLIGHT,I 0264,US0060,2/17/2020 9:14:24 AM,False,5109,Accepted,
26369427,0568000,LOUISVILLE METRO POLICE DEPT,Accepted,JEFFERSON,I 0264,,,,,,,,,,,38.196211008,-85.707553751,0.237,2/15/2020 12:00:00 AM,1301,2,2,0,0,CLEAR,DRY,False,OTHER RAMP RELATED COLLISIONS NOT LISTED ABOVE,REAR END,CURVE & LEVEL,DAYLIGHT,I 0264,KY0864,2/17/2020 9:13:15 AM,False,7284,Accepted,
26369429,0568000,LOUISVILLE METRO POLICE DEPT,Accepted,JEFFERSON,,,26TH,ST,S,,,,BROADWAY,,MAPLE,38.248366661,-85.795008842,0.857,2/15/2020 12:00:00 AM,1455,2,2,0,0,CLEAR,DRY,False,OTHER ROADWAY OR MID-BLOCK COLLISION,REAR END,STRAIGHT & LEVEL,DAYLIGHT,,,2/17/2020 9:13:21 AM,False,7241,Accepted,
26369453,0568000,LOUISVILLE METRO POLICE DEPT,Accepted,JEFFERSON,,,KERRY,RD,,,PAGES,,,,,38.130347703,-85.852433269,0.001,2/15/2020 12:00:00 AM,1538,2,2,0,0,CLEAR,DRY,False,HEAD-ON COLLISION,HEAD ON,STRAIGHT & LEVEL,DAYLIGHT,,,2/17/2020 9:14:37 AM,False,6877,Accepted,
26369467,0568000,LOUISVILLE METRO POLICE DEPT,Accepted,JEFFERSON,,,SOUTHLAND,BLVD,W,,3RD,,,,,38.171192326,-85.765171680,0.085,2/15/2020 12:00:00 AM,0830,2,2,0,1,CLEAR,DRY,False,HEAD-ON COLLISION,HEAD ON,STRAIGHT & LEVEL,DAYLIGHT,,,2/17/2020 9:15:28 AM,False,5052,Accepted,
26369509,0568000,LOUISVILLE METRO POLICE DEPT,Accepted,JEFFERSON,,6710,SHAFFER,LN,,,,,TOMPKINS,,WILLOW BRANCH,38.144809505,-85.562549160,0.678,2/15/2020 12:00:00 AM,1027,2,2,0,0,CLEAR,DRY,False,1 VEHICLE ENTERING/LEAVING ENTRANCE,ANGLE,STRAIGHT & GRADE,DAYLIGHT,,,2/17/2020 9:16:20 AM,False,2308,Accepted,
26369444,0568000,LOUISVILLE METRO POLICE DEPT,Accepted,JEFFERSON,US0031E,,BARDSTOWN,RD,,,,,,,,38.208960080,-85.669306321,11.826,2/15/2020 12:00:00 AM,1142,2,2,0,0,CLEAR,DRY,False,1 VEHICLE ENTERING/LEAVING ENTRANCE,ANGLE,STRAIGHT & LEVEL,DAYLIGHT,,,2/17/2020 9:14:07 AM,False,7864,Accepted,
26369389,0568000,LOUISVILLE METRO POLICE DEPT,Accepted,JEFFERSON,KY1931,,GREENWOOD,RD,,,,,,,,38.144819184,-85.872455869,1.408,2/15/2020 12:00:00 AM,0011,2,2,0,0,CLEAR,DRY,True,1 VEHICLE ENTERING/LEAVING ENTRANCE,ANGLE,STRAIGHT & LEVEL,DARK-HWY LIGHTED/ON,,,2/17/2020 9:11:38 AM,False,5170,Accepted,
26369456,0568000,LOUISVILLE METRO POLICE DEPT,Accepted,JEFFERSON,,,SMYRNA,PKWY,,,,I 0265,I265 E EXIT14 ON RAMP FROM  COOPER CHAPEL RD,,,38.117118072,-85.643603083,1.440,2/15/2020 12:00:00 AM,1614,2,2,0,0,CLEAR,DRY,True,1 VEHICLE ENTERING/LEAVING ENTRANCE,ANGLE,STRAIGHT & LEVEL,DAYLIGHT,,,2/17/2020 9:14:48 AM,False,7989,Accepted,
26369435,0568000,LOUISVILLE METRO POLICE DEPT,Accepted,JEFFERSON,KY0061,,PRESTON,HWY,,,,,PINECROFT,,LAMBERT,38.135352807,-85.685065626,3.731,2/15/2020 12:00:00 AM,1550,2,2,0,1,CLEAR,DRY,False,1 VEHICLE ENTERING/LEAVING ENTRANCE,ANGLE,STRAIGHT & LEVEL,DAYLIGHT,,,2/17/2020 9:13:41 AM,False,7397,Accepted,
26369393,0568000,LOUISVILLE METRO POLICE DEPT,Accepted,JEFFERSON,,416,26TH,ST,S,,,,CEDAR,,EDDY,38.256276488,-85.794160256,0.277,2/15/2020 12:00:00 AM,0002,2,2,0,0,CLEAR,DRY,False,1 VEHICLE ENTERING/LEAVING ENTRANCE,ANGLE,STRAIGHT & LEVEL,DARK-HWY LIGHTED/ON,,,2/17/2020 9:11:51 AM,False,7417,Accepted,
26369507,0568000,LOUISVILLE METRO POLICE DEPT,Accepted,JEFFERSON,,2031,BUECHEL BANK,RD,,,,,,,,38.187820102,-85.647936670,0.315,2/15/2020 12:00:00 AM,2300,2,2,0,0,CLEAR,DRY,False,1 VEHICLE ENTERING/LEAVING ENTRANCE,ANGLE,STRAIGHT & LEVEL,DARK-HWY LIGHTED/ON,,,2/17/2020 9:16:13 AM,False,5207,Accepted,
26369511,0568000,LOUISVILLE METRO POLICE DEPT,Accepted,JEFFERSON,KY2251,,BARDSTOWN,RD,,,,,STEIER,,HIKES,38.198416910,-85.658904335,0.970,2/15/2020 12:00:00 AM,1341,2,2,0,0,CLEAR,DRY,False,1 VEHICLE ENTERING/LEAVING ENTRANCE,ANGLE,STRAIGHT & LEVEL,DAYLIGHT,,,2/17/2020 9:16:26 AM,False,2429,Accepted,
26369430,0568000,LOUISVILLE METRO POLICE DEPT,Accepted,JEFFERSON,,,7TH,ST,S,,,US0031W,MAIN,,PIKE,38.256567744,-85.761603054,2.727,2/15/2020 12:00:00 AM,1105,2,2,0,0,CLEAR,DRY,False,SIDESWIPE COLLISION - SAME DIRECTION,SIDESWIPE-SAME DIRECTION,STRAIGHT & LEVEL,DAYLIGHT,,,2/17/2020 9:13:27 AM,False,7937,Accepted,
26369461,0568000,LOUISVILLE METRO POLICE DEPT,Accepted,JEFFERSON,I 0065,,I65 N,,,,,I 0065,I65 N EXIT132 ON RAMP FROM  CRITTENDEN DR,I 0065,I65 N EXIT133A OFF RAMP TO  EASTERN PKWY,38.208235395,-85.751941117,132.620,2/15/2020 12:00:00 AM,1213,2,2,0,0,CLEAR,DRY,False,SIDESWIPE COLLISION - SAME DIRECTION,SIDESWIPE-SAME DIRECTION,CURVE & LEVEL,DAYLIGHT,,,2/17/2020 9:15:08 AM,False,7390,Accepted,
26369392,0568000,LOUISVILLE METRO POLICE DEPT,Accepted,JEFFERSON,KY1865,4500,TAYLOR,BLVD,,,,,SHINGO,,ARLING,38.173754165,-85.782275888,4.621,2/15/2020 12:00:00 AM,0420,1,1,0,0,CLEAR,DRY,False,COLLISION WITH FIXED OBJECT NON - INTERSECTION - FIRST EVENT COLLISION 09 - 32 EXCLUDING 16,SINGLE VEHICLE,STRAIGHT & LEVEL,DARK (UNKNOWN ROADWAY LIGHTING),,,2/17/2020 9:11:48 AM,False,5284,Accepted,
26369448,0568000,LOUISVILLE METRO POLICE DEPT,Accepted,JEFFERSON,I 0064,,I64 E,,,,,,,,,38.231614341,-85.604909707,13.540,2/15/2020 12:00:00 AM,0740,1,1,0,0,CLEAR,DRY,False,COLLISION WITH FIXED OBJECT NON - INTERSECTION - FIRST EVENT COLLISION 09 - 32 EXCLUDING 16,SINGLE VEHICLE,STRAIGHT & LEVEL,DAYLIGHT,,,2/17/2020 9:14:21 AM,False,5109,Accepted,
26369490,0568000,LOUISVILLE METRO POLICE DEPT,Accepted,JEFFERSON,,840,ASH,ST,,,,,,,,38.227713711,-85.738405209,0.525,2/15/2020 12:00:00 AM,2108,2,2,0,0,CLEAR,DRY,True,1 VEHICLE PARKED POSITION (NOT PARKING LOT/DRIVEWAY),HEAD ON,STRAIGHT & LEVEL,DARK-HWY LIGHTED/ON,,,2/17/2020 9:16:05 AM,False,7423,Accepted,
26369530,0568000,LOUISVILLE METRO POLICE DEPT,Accepted,JEFFERSON,,5915,TOEBBE,LN,,,,,,,,38.113059537,-85.648002971,0.084,2/15/2020 12:00:00 AM,0428,2,2,0,0,CLEAR,DRY,True,1 VEHICLE PARKED POSITION (NOT PARKING LOT/DRIVEWAY),ANGLE,CURVE & LEVEL,DARK (UNKNOWN ROADWAY LIGHTING),,,2/17/2020 9:17:25 AM,False,5184,Accepted,
26369415,0568000,LOUISVILLE METRO POLICE DEPT,Accepted,JEFFERSON,,1519,HUNTOON,AVE,,,,,,,,38.172202386,-85.787785418,0.333,2/15/2020 12:00:00 AM,0523,2,2,0,1,CLEAR,DRY,False,1 VEHICLE PARKED POSITION (NOT PARKING LOT/DRIVEWAY),REAR END,STRAIGHT & GRADE,DARK (UNKNOWN ROADWAY LIGHTING),,,2/17/2020 9:12:51 AM,False,5221,Accepted,
26369458,0568000,LOUISVILLE METRO POLICE DEPT,Accepted,JEFFERSON,,,CLIFTON,AVE,N,,,,,,,38.256270668,-85.704867425,0.193,2/15/2020 12:00:00 AM,0950,2,2,0,0,CLEAR,DRY,True,1 VEHICLE PARKED POSITION (NOT PARKING LOT/DRIVEWAY),SIDESWIPE-SAME DIRECTION,STRAIGHT & LEVEL,DARK (UNKNOWN ROADWAY LIGHTING),,,2/17/2020 9:14:57 AM,False,5274,Accepted,
26369459,0568000,LOUISVILLE METRO POLICE DEPT,Accepted,JEFFERSON,,5102,GREEN COVE,CIR,,,,,,,,38.178360532,-85.665325200,,2/15/2020 12:00:00 AM,1025,2,2,0,0,CLEAR,DRY,False,1 VEHICLE PARKED POSITION (NOT PARKING LOT/DRIVEWAY),BACKING,STRAIGHT & LEVEL,DAYLIGHT,,,2/17/2020 9:15:00 AM,False,5019,Accepted,
26369460,0568000,LOUISVILLE METRO POLICE DEPT,Accepted,JEFFERSON,KY1020,1315,2ND,ST,S,,,,,,,38.232037977,-85.757538740,11.136,2/15/2020 12:00:00 AM,1130,2,2,0,0,CLEAR,DRY,True,1 VEHICLE PARKED POSITION (NOT PARKING LOT/DRIVEWAY),ANGLE,STRAIGHT & LEVEL,DAYLIGHT,,,2/17/2020 9:15:05 AM,False,7495,Accepted,
26369447,0568000,LOUISVILLE METRO POLICE DEPT,Accepted,JEFFERSON,,2108,MAGAZINE,ST,,,,,,,,38.250795213,-85.786629774,1.069,2/15/2020 12:00:00 AM,0245,2,2,0,0,CLEAR,DRY,True,1 VEHICLE PARKED POSITION (NOT PARKING LOT/DRIVEWAY),SIDESWIPE-SAME DIRECTION,STRAIGHT & LEVEL,DARK (UNKNOWN ROADWAY LIGHTING),,,2/17/2020 9:14:19 AM,False,7463,Accepted,
26369418,0568000,LOUISVILLE METRO POLICE DEPT,Accepted,JEFFERSON,,407,18TH,ST,S,,,,,,,38.255071006,-85.780428625,0.286,2/15/2020 12:00:00 AM,0200,2,2,0,0,CLEAR,DRY,True,1 VEHICLE PARKED POSITION (NOT PARKING LOT/DRIVEWAY),SIDESWIPE-SAME DIRECTION,STRAIGHT & LEVEL,DARK (UNKNOWN ROADWAY LIGHTING),,,2/17/2020 9:13:01 AM,False,7463,Accepted,
26369499,0568000,LOUISVILLE METRO POLICE DEPT,Accepted,JEFFERSON,,2727,SHIPPEN,AVE,,,,,,,,38.257955485,-85.693633481,0.073,2/15/2020 12:00:00 AM,1030,2,2,0,0,CLEAR,DRY,True,1 VEHICLE PARKED POSITION (NOT PARKING LOT/DRIVEWAY),SIDESWIPE-SAME DIRECTION,STRAIGHT & LEVEL,DARK-HWY LIGHTED/ON,,,2/17/2020 9:16:07 AM,False,7304,Accepted,
26617665,0560300,ST. MATTHEWS POLICE DEPARTMENT,Accepted,JEFFERSON,I 0064,,I64 E,,,,,,,,,38.235969234,-85.644476062,11.298,2/15/2020 12:00:00 AM,0325,3,3,0,5,CLEAR,DRY,True,REAR END IN TRAFFIC LANES BOTH VEHICLES MOVING,REAR END,STRAIGHT & LEVEL,DARK-HWY NOT LIGHTED,,,4/20/2020 11:57:36 AM,False,9155,Accepted,
26490843,0568000,LOUISVILLE METRO POLICE DEPT,Accepted,JEFFERSON,US0031E,,BARDSTOWN,RD,,,,,,,,38.202882938,-85.664571784,11.343,2/15/2020 12:00:00 AM,1121,2,2,0,0,CLEAR,DRY,False,REAR END IN TRAFFIC LANES BOTH VEHICLES MOVING,REAR END,STRAIGHT & LEVEL,DAYLIGHT,,,3/10/2020 8:19:58 AM,False,5119,Accepted,
27099250,0568000,LOUISVILLE METRO POLICE DEPT,Accepted,JEFFERSON,,,1ST,ST,S,,,,OAK,,OAK,38.234091680,-85.755422992,1.531,2/15/2020 12:00:00 AM,0830,2,2,0,0,CLOUDY,DRY,True,1 VEHICLE PARKED POSITION (NOT PARKING LOT/DRIVEWAY),SIDESWIPE-SAME DIRECTION,STRAIGHT & LEVEL,DAYLIGHT,,,8/19/2020 8:44:29 AM,False,2000,Accepted,
26369452,0568000,LOUISVILLE METRO POLICE DEPT,Accepted,JEFFERSON,US0031W,,DIXIE,HWY,,,EUCLID,,,,,38.119305419,-85.857340019,9.588,2/15/2020 12:00:00 AM,1212,2,2,0,0,CLEAR,DRY,True,OTHER INTERSECTION COLLISIONS,REAR END,STRAIGHT & LEVEL,DAYLIGHT,,,2/17/2020 9:14:34 AM,False,6877,Accepted,
26369457,0568000,LOUISVILLE METRO POLICE DEPT,Accepted,JEFFERSON,KY1934,,GREENBELT,HWY,,KY1931,GREENWOOD,,,,,38.146994675,-85.886437702,4.452,2/15/2020 12:00:00 AM,1330,2,2,0,0,CLEAR,DRY,False,OTHER INTERSECTION COLLISIONS,REAR END,STRAIGHT & LEVEL,DAYLIGHT,,,2/17/2020 9:14:52 AM,False,7336,Accepted,
26369433,0568000,LOUISVILLE METRO POLICE DEPT,Accepted,JEFFERSON,KY1065,,OUTER,LOOP,,KY0061,PRESTON,,,,,38.138330530,-85.686875755,6.068,2/15/2020 12:00:00 AM,1249,2,2,0,0,CLEAR,DRY,False,OTHER INTERSECTION COLLISIONS,REAR END,STRAIGHT & LEVEL,DAYLIGHT,,,2/17/2020 9:13:38 AM,False,7397,Accepted,
26369417,0568000,LOUISVILLE METRO POLICE DEPT,Accepted,JEFFERSON,,,MARKET,ST,W,,26TH,,,,,38.259558539,-85.793749439,0.396,2/15/2020 12:00:00 AM,0900,2,2,0,0,CLEAR,DRY,False,OTHER INTERSECTION COLLISIONS,REAR END,STRAIGHT & LEVEL,DAYLIGHT,,,2/17/2020 9:12:58 AM,False,7305,Accepted,
26369413,0568000,LOUISVILLE METRO POLICE DEPT,Accepted,JEFFERSON,,,BANK,ST,,US0150,22ND,,,,,38.266551262,-85.783550556,0.001,2/15/2020 12:00:00 AM,0354,1,1,1,0,CLEAR,DRY,False,OTHER INTERSECTION COLLISIONS,SINGLE VEHICLE,CURVE & LEVEL,DARK-HWY LIGHTED/ON,,,2/17/2020 9:12:46 AM,False,7772,Accepted,
26369446,0568000,LOUISVILLE METRO POLICE DEPT,Accepted,JEFFERSON,KY0061,,PRESTON,HWY,,,MUD,,,,,38.092913865,-85.669294859,0.655,2/15/2020 12:00:00 AM,1710,2,2,0,1,CLEAR,DRY,True,OTHER INTERSECTION COLLISIONS,REAR END,STRAIGHT & LEVEL,DAYLIGHT,,,2/17/2020 9:14:15 AM,False,2959,Accepted,
26449183,0568000,LOUISVILLE METRO POLICE DEPT,Accepted,JEFFERSON,,,LIBERTY,ST,W,KY1020,3RD,,,,,38.252830768,-85.754628943,0.746,2/15/2020 12:00:00 AM,2304,2,2,0,0,CLEAR,DRY,False,OTHER INTERSECTION COLLISIONS,REAR TO REAR,STRAIGHT & LEVEL,DARK-HWY LIGHTED/ON,,,3/2/2020 9:07:30 AM,False,5148,Accepted,
26369516,0568000,LOUISVILLE METRO POLICE DEPT,Accepted,JEFFERSON,,,GRADE,LN,,KY0061,PRESTON,,,,,38.179916321,-85.718478211,0.014,2/15/2020 12:00:00 AM,1136,2,2,0,0,CLEAR,DRY,False,OTHER INTERSECTION COLLISIONS,REAR END,STRAIGHT & LEVEL,DAYLIGHT,,,2/17/2020 9:16:41 AM,False,2796,Accepted,
26369550,0568000,LOUISVILLE METRO POLICE DEPT,Accepted,JEFFERSON,KY2052,,SHEPHERDSVILLE,RD,,KY1747,FERN VALLEY,,,,,38.156076668,-85.659773089,1.212,2/15/2020 12:00:00 AM,2204,2,2,0,1,CLEAR,DRY,False,OTHER INTERSECTION COLLISIONS,REAR END,STRAIGHT & LEVEL,DARK-HWY NOT LIGHTED,,,2/17/2020 9:18:29 AM,False,5141,Accepted,
26369391,0568000,LOUISVILLE METRO POLICE DEPT,Accepted,JEFFERSON,KY1934,,CANE RUN,RD,,,NEW LYNNVIEW,,,,,38.189242003,-85.850243264,8.192,2/15/2020 12:00:00 AM,0332,2,2,0,0,CLEAR,DRY,True,SIDESWIPE-SAME DIRECTION,SIDESWIPE-SAME DIRECTION,STRAIGHT & LEVEL,DARK-HWY NOT LIGHTED,,,2/17/2020 9:11:45 AM,False,7437,Accepted,
26369454,0568000,LOUISVILLE METRO POLICE DEPT,Accepted,JEFFERSON,KY0864,,LOGAN,ST,,,SHELBY,,,,,38.231763163,-85.740236006,14.517,2/15/2020 12:00:00 AM,1114,2,2,0,0,CLEAR,DRY,False,SIDESWIPE-SAME DIRECTION,SIDESWIPE-SAME DIRECTION,STRAIGHT & LEVEL,DAYLIGHT,,,2/17/2020 9:14:40 AM,False,7429,Accepted,
26369455,0568000,LOUISVILLE METRO POLICE DEPT,Accepted,JEFFERSON,US0060A,,EASTERN,PKWY,,KY0061,SHELBY,,,,,38.214923505,-85.742610331,4.525,2/15/2020 12:00:00 AM,1631,2,2,0,0,CLEAR,DRY,False,SIDESWIPE-SAME DIRECTION,SIDESWIPE-SAME DIRECTION,STRAIGHT & LEVEL,DAYLIGHT,,,2/17/2020 9:14:43 AM,False,7429,Accepted,
26369436,0568000,LOUISVILLE METRO POLICE DEPT,Accepted,JEFFERSON,,,OAK,ST,W,US0031W,22ND,,,,,38.237501849,-85.790310655,1.912,2/15/2020 12:00:00 AM,1542,2,2,0,0,CLEAR,DRY,False,ANGLE COLLISION - OTHER,ANGLE,STRAIGHT & LEVEL,DAYLIGHT,,,2/17/2020 9:13:44 AM,False,5253,Accepted,
26369462,0568000,LOUISVILLE METRO POLICE DEPT,Accepted,JEFFERSON,US0060A,,EASTERN,PKWY,,KY0061,PRESTON,,,,,38.214695028,-85.742993654,4.560,2/15/2020 12:00:00 AM,1740,2,2,0,2,CLEAR,DRY,False,ANGLE COLLISION - OTHER,ANGLE,STRAIGHT & LEVEL,DAYLIGHT,,,2/17/2020 9:15:13 AM,False,7390,Accepted,
26369463,0568000,LOUISVILLE METRO POLICE DEPT,Accepted,JEFFERSON,US0060A,,BERRY,BLVD,,,GEORGETOWN,,,,,38.196628943,-85.793344520,0.896,2/15/2020 12:00:00 AM,1225,2,2,0,0,CLEAR,DRY,False,ANGLE COLLISION - OTHER,ANGLE,STRAIGHT & LEVEL,DAYLIGHT,,,2/17/2020 9:15:19 AM,False,7360,Accepted,
26369442,0568000,LOUISVILLE METRO POLICE DEPT,Accepted,JEFFERSON,KY1747,,HURSTBOURNE,PKWY,S,,RAINTREE,,,,,38.200687196,-85.602918870,9.729,2/15/2020 12:00:00 AM,1539,2,2,0,1,CLEAR,DRY,False,ANGLE COLLISION - OTHER,ANGLE,STRAIGHT & LEVEL,DAYLIGHT,,,2/17/2020 9:14:01 AM,False,5119,Accepted,
26369450,0568000,LOUISVILLE METRO POLICE DEPT,Accepted,JEFFERSON,KY1934,,CANE RUN,RD,,KY1727,TERRY,,,,,38.178065170,-85.861860982,7.182,2/15/2020 12:00:00 AM,1649,2,2,0,0,CLEAR,DRY,False,ANGLE COLLISION - OTHER,ANGLE,STRAIGHT & LEVEL,DAYLIGHT,,,2/17/2020 9:14:27 AM,False,7177,Accepted,
26369451,0568000,LOUISVILLE METRO POLICE DEPT,Accepted,JEFFERSON,,,DURRETT,LN,,,TRINITY,,,,,38.189942041,-85.717968959,0.420,2/15/2020 12:00:00 AM,1748,2,2,0,0,CLEAR,DRY,False,ANGLE COLLISION - OTHER,ANGLE,STRAIGHT & LEVEL,DAYLIGHT,,,2/17/2020 9:14:30 AM,False,7473,Accepted,
26369505,0568000,LOUISVILLE METRO POLICE DEPT,Accepted,JEFFERSON,KY0864,,POPLAR LEVEL,RD,,,PRODUCE,,,,,38.179209299,-85.691890480,9.868,2/15/2020 12:00:00 AM,2119,2,2,0,0,CLEAR,DRY,True,ANGLE COLLISION - ONE VEHICLE TURNING RIGHT,ANGLE,STRAIGHT & LEVEL,DARK-HWY LIGHTED/ON,,,2/17/2020 9:16:10 AM,False,5144,Accepted,
26369473,0568000,LOUISVILLE METRO POLICE DEPT,Accepted,JEFFERSON,KY1934,,CANE RUN,RD,,,RICHMONT,,,,,38.197167323,-85.840088692,8.970,2/15/2020 12:00:00 AM,2135,2,2,0,0,CLEAR,DRY,False,ANGLE COLLISION - OTHER,ANGLE,STRAIGHT & LEVEL,DARK-HWY LIGHTED/ON,,,2/17/2020 9:15:48 AM,False,7437,Accepted,
26369390,0568000,LOUISVILLE METRO POLICE DEPT,Accepted,JEFFERSON,,,18TH,ST,S,,JEFFERSON,,,,,38.256409383,-85.780156105,0.192,2/15/2020 12:00:00 AM,0321,2,2,0,0,CLEAR,DRY,True,ANGLE COLLISION - ONE VEHICLE TURNING LEFT,ANGLE,STRAIGHT & LEVEL,DARK-HWY LIGHTED/ON,,,2/17/2020 9:11:41 AM,False,5047,Accepted,
26369443,0568000,LOUISVILLE METRO POLICE DEPT,Accepted,JEFFERSON,KY1747,,FERN VALLEY,RD,,,HOLIDAY TOWERS,,,,,38.157302871,-85.714424998,0.974,2/15/2020 12:00:00 AM,1627,2,2,0,0,CLEAR,DRY,False,ANGLE COLLISION - ONE VEHICLE TURNING LEFT,ANGLE,STRAIGHT & LEVEL,DAYLIGHT,,,2/17/2020 9:14:04 AM,False,2324,Accepted,
26369523,0568000,LOUISVILLE METRO POLICE DEPT,Accepted,JEFFERSON,,,HITE,AVE,S,,FAYETTE,,,,,38.251966745,-85.693293695,0.177,2/15/2020 12:00:00 AM,1700,2,2,0,0,CLEAR,DRY,True,COLLISION WITH PARKED VEHICLE,BACKING,STRAIGHT & LEVEL,DAYLIGHT,,,2/17/2020 9:17:03 AM,False,5274,Accepted,
26490908,0568000,LOUISVILLE METRO POLICE DEPT,Accepted,JEFFERSON,,,HEIGHTS,DR,,,LOFT,,,,,38.130601110,-85.594025210,0.716,2/15/2020 12:00:00 AM,0700,2,2,0,0,CLEAR,DRY,False,COLLISION WITH PARKED VEHICLE,SIDESWIPE-OPPOSITE DIRECTION,CURVE & HILLCREST,DARK (UNKNOWN ROADWAY LIGHTING),,,3/10/2020 8:23:49 AM,False,5014,Accepted,