IncidentID,AgencyORI,AgencyName,IncidentStatusDesc,County,RdwyNumber,Street,RoadwayName,StreetSfx,StreetDir,IntersectionRdwy,IntersectionRdwyName,BetweenStRdwy1,BetweenStRdwyName1,BetweenStRdwy2,BetweenStRdwyName2,Latitude,Longitude,Milepoint,CollisionDate,CollisionTime,UnitsInvolved,MotorVehiclesInvolved,NumberKilled,NumberInjured,Weather,RdwyConditionCode,HitandRun,DirAnalysisCode,MannerofCollision,RdwyCharacter,LightCondition,RampFromRdwyId,RampToRdwyId,AcceptedDate,IsSecondaryCollision,OwnerBadge,IncidentStatus,
26369471,0568000,LOUISVILLE METRO POLICE DEPT,Accepted,JEFFERSON,,,9TH,ST,S,,CAWTHON,,,,,38.244327100,-85.767233009,0.176,2/15/2020 12:00:00 AM,0219,1,1,0,1,CLEAR,DRY,False,COLLISION WITH FIXED OBJECT IN INTERSECTION - FIRST EVENT COLLISION 09 - 32,SINGLE VEHICLE,STRAIGHT & LEVEL,DARK-HWY LIGHTED/ON,,,2/17/2020 9:15:42 AM,False,5239,Accepted,
26369466,0568000,LOUISVILLE METRO POLICE DEPT,Accepted,JEFFERSON,,,BURNETT,AVE,E,,SHELBY,,,,,38.224726503,-85.742191567,0.803,2/15/2020 12:00:00 AM,0623,1,1,0,0,CLEAR,DRY,False,COLLISION WITH FIXED OBJECT IN INTERSECTION - FIRST EVENT COLLISION 09 - 32,SINGLE VEHICLE,STRAIGHT & LEVEL,DARK-HWY LIGHTED/ON,,,2/17/2020 9:15:23 AM,False,5204,Accepted,
26397939,0568000,LOUISVILLE METRO POLICE DEPT,Accepted,JEFFERSON,KY1931,,GREENWOOD,RD,,,DATURA,,,,,38.144141443,-85.855029323,2.304,2/15/2020 12:00:00 AM,0514,1,1,0,0,CLEAR,DRY,False,COLLISION WITH FIXED OBJECT IN INTERSECTION - FIRST EVENT COLLISION 09 - 32,SINGLE VEHICLE,STRAIGHT & HILLCREST,DARK-HWY LIGHTED/OFF,,,2/20/2020 11:59:25 AM,False,7365,Accepted,
26369474,0568000,LOUISVILLE METRO POLICE DEPT,Accepted,JEFFERSON,KY0864,,GOSS,AVE,,,HOERTZ,,,,,38.227838911,-85.736390808,14.144,2/15/2020 12:00:00 AM,2326,2,1,0,0,CLEAR,DRY,True,COLLISION WITH BICYCLE IN INTERSECTION,SINGLE VEHICLE,STRAIGHT & LEVEL,DARK-HWY LIGHTED/ON,,,2/17/2020 9:15:51 AM,False,5204,Accepted,
26369367,0568000,LOUISVILLE METRO POLICE DEPT,Accepted,JEFFERSON,,,MURRAY,AVE,,US0031E,BARDSTOWN,,,,,38.230197091,-85.702908392,0.030,2/14/2020 12:00:00 AM,1616,2,2,0,0,CLEAR,DRY,False,COLLISION WITH PARKED VEHICLE,SIDESWIPE-SAME DIRECTION,STRAIGHT & LEVEL,DAYLIGHT,,,2/17/2020 9:10:28 AM,False,7740,Accepted,
26369374,0568000,LOUISVILLE METRO POLICE DEPT,Accepted,JEFFERSON,KY1865,,NEW CUT,RD,,,JONES,,,,,38.148461179,-85.775903533,2.847,2/14/2020 12:00:00 AM,1744,2,2,0,0,CLEAR,DRY,False,ANGLE COLLISION - ONE VEHICLE TURNING LEFT,ANGLE,STRAIGHT & LEVEL,DAYLIGHT,,,2/17/2020 9:10:48 AM,False,7373,Accepted,
26419898,0568000,LOUISVILLE METRO POLICE DEPT,Accepted,JEFFERSON,,,CENTRAL,AVE,,KY1020,3RD,,,,,38.204811205,-85.764049537,0.357,2/14/2020 12:00:00 AM,2106,2,2,0,0,CLEAR,DRY,True,ANGLE COLLISION - OTHER,ANGLE,STRAIGHT & LEVEL,DARK-HWY LIGHTED/ON,,,2/25/2020 8:09:57 AM,False,5163,Accepted,
26369382,0568000,LOUISVILLE METRO POLICE DEPT,Accepted,JEFFERSON,KY1020,,2ND,ST,S,,HILL,,,,,38.225665125,-85.758651306,10.691,2/14/2020 12:00:00 AM,0735,2,2,0,0,CLEAR,DRY,False,ANGLE COLLISION - OTHER,ANGLE,STRAIGHT & LEVEL,DAWN,,,2/17/2020 9:11:14 AM,False,7495,Accepted,
26369408,0568000,LOUISVILLE METRO POLICE DEPT,Accepted,JEFFERSON,,,ROCKCREST,WAY,,,ROCKCREST VIEW,,,,,38.238527771,-85.453132942,0.383,2/14/2020 12:00:00 AM,0913,2,2,0,0,CLOUDY,DRY,False,ANGLE COLLISION - OTHER,ANGLE,STRAIGHT & HILLCREST,DAYLIGHT,,,2/17/2020 9:12:28 AM,False,7751,Accepted,
26369380,0568000,LOUISVILLE METRO POLICE DEPT,Accepted,JEFFERSON,KY1865,,TAYLOR,BLVD,,,CONN,,,,,38.195625908,-85.783016478,6.145,2/14/2020 12:00:00 AM,1834,2,2,0,0,CLEAR,DRY,False,ANGLE COLLISION - OTHER,ANGLE,STRAIGHT & LEVEL,DARK-HWY LIGHTED/ON,,,2/17/2020 9:11:05 AM,True,7360,Accepted,
26369445,0568000,LOUISVILLE METRO POLICE DEPT,Accepted,JEFFERSON,KY0061,,PRESTON,HWY,,KY1065,OUTER,,,,,38.138111317,-85.686466023,3.934,2/14/2020 12:00:00 AM,2103,2,2,0,0,CLEAR,DRY,False,ANGLE COLLISION - OTHER,ANGLE,STRAIGHT & LEVEL,DARK-HWY LIGHTED/ON,,,2/17/2020 9:14:11 AM,False,7474,Accepted,
26369388,0568000,LOUISVILLE METRO POLICE DEPT,Accepted,JEFFERSON,US0031W,,DIXIE,HWY,,,UPPER HUNTERS,,,,,38.168746913,-85.828454338,13.261,2/14/2020 12:00:00 AM,2109,2,2,0,0,CLEAR,DRY,False,ANGLE COLLISION - OTHER,ANGLE,STRAIGHT & LEVEL,DARK-HWY LIGHTED/ON,,,2/17/2020 9:11:35 AM,False,5170,Accepted,
26369412,0568000,LOUISVILLE METRO POLICE DEPT,Accepted,JEFFERSON,KY1020,,NATIONAL,TPKE,,KY1065,OUTER,,,,,38.126996949,-85.748997309,3.665,2/14/2020 12:00:00 AM,1516,2,2,0,0,CLEAR,DRY,False,ANGLE COLLISION - OTHER,ANGLE,STRAIGHT & LEVEL,DAYLIGHT,,,2/17/2020 9:12:42 AM,False,7263,Accepted,
26401955,0568000,LOUISVILLE METRO POLICE DEPT,Accepted,JEFFERSON,I 0265,,I265 W,,,I 0265,I265 W EXIT23 OFF RAMP TO KY155,,,,,38.192900268,-85.508855836,23.381,2/14/2020 12:00:00 AM,1847,2,2,0,0,CLEAR,DRY,False,ANGLE COLLISION - OTHER,ANGLE,STRAIGHT & GRADE,DARK-HWY LIGHTED/ON,,,2/21/2020 8:09:32 AM,False,7720,Accepted,
26369348,0568000,LOUISVILLE METRO POLICE DEPT,Accepted,JEFFERSON,,,LINCOLN,AVE,,,COLORADO,,,,,38.212944535,-85.774838279,0.272,2/14/2020 12:00:00 AM,1400,2,2,0,0,CLEAR,DRY,False,ANGLE COLLISION - OTHER,ANGLE,STRAIGHT & LEVEL,DAYLIGHT,,,2/17/2020 9:09:21 AM,False,7298,Accepted,
26369353,0568000,LOUISVILLE METRO POLICE DEPT,Accepted,JEFFERSON,,,CHESTNUT,ST,E,,BROOK,,,,,38.248282581,-85.751834138,0.060,2/14/2020 12:00:00 AM,1032,2,2,0,0,CLEAR,DRY,True,ANGLE COLLISION - OTHER,ANGLE,STRAIGHT & LEVEL,DAYLIGHT,,,2/17/2020 9:09:38 AM,False,7406,Accepted,
26425851,0568000,LOUISVILLE METRO POLICE DEPT,Accepted,JEFFERSON,,,MAGNOLIA,AVE,W,KY1020,3RD,,,,,38.229071888,-85.760201758,0.210,2/14/2020 12:00:00 AM,1840,3,3,0,0,CLEAR,DRY,True,ANGLE COLLISION - OTHER,ANGLE,STRAIGHT & LEVEL,DARK-HWY LIGHTED/ON,,,2/26/2020 8:09:23 AM,False,5052,Accepted,
26369354,0568000,LOUISVILLE METRO POLICE DEPT,Accepted,JEFFERSON,,,MUHAMMAD ALI,BLVD,E,,CLAY,,,,,38.249321555,-85.740767223,0.392,2/14/2020 12:00:00 AM,1536,2,2,0,0,CLEAR,DRY,False,SIDESWIPE-SAME DIRECTION,SIDESWIPE-SAME DIRECTION,STRAIGHT & LEVEL,DAYLIGHT,,,2/17/2020 9:09:41 AM,False,7406,Accepted,
26369334,0568000,LOUISVILLE METRO POLICE DEPT,Accepted,JEFFERSON,,,DIXIE,HWY,,KY2054,ALGONQUIN,,,,,38.223514743,-85.792444651,1.844,2/14/2020 12:00:00 AM,1210,2,2,0,0,CLEAR,DRY,False,SIDESWIPE-SAME DIRECTION,SIDESWIPE-SAME DIRECTION,STRAIGHT & LEVEL,DAYLIGHT,,,2/17/2020 9:08:25 AM,False,5280,Accepted,
26369368,0568000,LOUISVILLE METRO POLICE DEPT,Accepted,JEFFERSON,,,DEER PARK,AVE,,US0031E,BARDSTOWN,,,,,38.228865280,-85.701916273,0.007,2/14/2020 12:00:00 AM,1648,2,2,0,0,CLEAR,DRY,False,SIDESWIPE-SAME DIRECTION,SIDESWIPE-SAME DIRECTION,STRAIGHT & LEVEL,DAYLIGHT,,,2/17/2020 9:10:32 AM,False,7740,Accepted,
26369396,0568000,LOUISVILLE METRO POLICE DEPT,Accepted,JEFFERSON,,,BROOK,ST,S,US0031E,MAIN,,,,,38.255911472,-85.749906792,3.583,2/14/2020 12:00:00 AM,2318,2,2,0,0,CLEAR,DRY,False,SIDESWIPE-SAME DIRECTION,SIDESWIPE-SAME DIRECTION,STRAIGHT & LEVEL,DARK-HWY LIGHTED/ON,,,2/17/2020 9:11:57 AM,False,5195,Accepted,
26369439,0568000,LOUISVILLE METRO POLICE DEPT,Accepted,JEFFERSON,US0060,,SHELBYVILLE,RD,,,FLAT ROCK,,,,,38.235871191,-85.444199729,15.426,2/14/2020 12:00:00 AM,1607,2,2,0,2,CLEAR,DRY,False,OTHER INTERSECTION COLLISIONS,REAR END,STRAIGHT & GRADE,DUSK,,,2/17/2020 9:13:52 AM,False,5223,Accepted,
26369360,0568000,LOUISVILLE METRO POLICE DEPT,Accepted,JEFFERSON,KY1931,,GREENWOOD,RD,,,HELEN,,,,,38.143691843,-85.843981856,2.905,2/14/2020 12:00:00 AM,1647,2,2,0,0,CLEAR,DRY,True,OTHER INTERSECTION COLLISIONS,REAR END,STRAIGHT & LEVEL,DAYLIGHT,,,2/17/2020 9:10:02 AM,False,7485,Accepted,
26369344,0568000,LOUISVILLE METRO POLICE DEPT,Accepted,JEFFERSON,,,BRANDEIS,AVE,E,,FLOYD,,,,,38.218513942,-85.754199686,0.246,2/14/2020 12:00:00 AM,1221,2,2,0,0,CLEAR,DRY,False,OTHER INTERSECTION COLLISIONS,REAR END,CURVE & LEVEL,DAYLIGHT,,,2/17/2020 9:09:01 AM,False,7390,Accepted,
26369361,0568000,LOUISVILLE METRO POLICE DEPT,Accepted,JEFFERSON,KY1931,,ST ANDREWS CHURCH,RD,,,GAYMONT,,,,,38.148177980,-85.827131231,3.927,2/14/2020 12:00:00 AM,1718,2,2,0,0,CLEAR,DRY,False,OTHER INTERSECTION COLLISIONS,REAR END,STRAIGHT & LEVEL,DAYLIGHT,,,2/17/2020 9:10:05 AM,False,7177,Accepted,
26369362,0568000,LOUISVILLE METRO POLICE DEPT,Accepted,JEFFERSON,,,FREEDOM,WAY,,,PHILLIPS,,,,,38.193548676,-85.739584514,0.334,2/14/2020 12:00:00 AM,1233,2,2,0,0,CLEAR,DRY,False,OTHER INTERSECTION COLLISIONS,REAR END,STRAIGHT & LEVEL,DAYLIGHT,,,2/17/2020 9:10:09 AM,False,7207,Accepted,
26369364,0568000,LOUISVILLE METRO POLICE DEPT,Accepted,JEFFERSON,KY0155,,TAYLORSVILLE,RD,,,MELBOURNE,,,,,38.220330439,-85.633427053,13.748,2/14/2020 12:00:00 AM,1350,4,4,0,1,CLEAR,DRY,False,OTHER INTERSECTION COLLISIONS,REAR END,STRAIGHT & LEVEL,DAYLIGHT,,,2/17/2020 9:10:16 AM,True,5191,Accepted,
26369397,0568000,LOUISVILLE METRO POLICE DEPT,Accepted,JEFFERSON,,,2ND,ST,N,KY3077,RIVER,,,,,38.258693884,-85.752735024,0.171,2/14/2020 12:00:00 AM,2240,2,2,0,0,CLEAR,DRY,False,OTHER INTERSECTION COLLISIONS,REAR END,STRAIGHT & LEVEL,DARK-HWY LIGHTED/ON,,,2/17/2020 9:12:01 AM,False,5275,Accepted,
26369373,0568000,LOUISVILLE METRO POLICE DEPT,Accepted,JEFFERSON,I 0264,,I264 E,,,I 0264,I264 E EXIT10 OFF RAMP TO KY1020,,,,,38.189477496,-85.773029791,9.705,2/14/2020 12:00:00 AM,0957,1,1,0,1,CLOUDY,MUD-DIRT,False,OTHER INTERSECTION COLLISIONS,SINGLE VEHICLE,STRAIGHT & LEVEL,DAYLIGHT,,,2/17/2020 9:10:45 AM,False,7468,Accepted,
26369315,0568000,LOUISVILLE METRO POLICE DEPT,Accepted,JEFFERSON,,,15TH,ST,S,US0031W,MAIN,,,,,38.258626051,-85.774725800,2.308,2/14/2020 12:00:00 AM,0929,2,2,0,0,CLEAR,DRY,False,SIDESWIPE-SAME DIRECTION,SIDESWIPE-SAME DIRECTION,STRAIGHT & LEVEL,DAYLIGHT,,,2/17/2020 9:07:18 AM,False,7220,Accepted,
27099249,0568000,LOUISVILLE METRO POLICE DEPT,Accepted,JEFFERSON,I 0065,,I65 S,,,,,I 0065,I65 S EXIT135 ON RAMP FROM  E OAK ST,I 0065,I65 S EXIT134 ON RAMP FROM  MAGNOLIA AVE,38.230366384,-85.751154160,134.170,2/14/2020 12:00:00 AM,1033,2,2,0,0,CLOUDY,DRY,True,REAR END IN TRAFFIC LANES BOTH VEHICLES MOVING,REAR END,STRAIGHT & LEVEL,DAYLIGHT,,,8/19/2020 8:44:24 AM,False,2000,Accepted,
26369355,0568000,LOUISVILLE METRO POLICE DEPT,Accepted,JEFFERSON,,,CHESTNUT,ST,E,,,,BROOK,,1ST,38.248329247,-85.752258278,0.036,2/14/2020 12:00:00 AM,1407,2,2,0,0,CLEAR,DRY,False,1 VEHICLE PARKED POSITION (NOT PARKING LOT/DRIVEWAY),SIDESWIPE-SAME DIRECTION,STRAIGHT & LEVEL,DAYLIGHT,,,2/17/2020 9:09:45 AM,False,7266,Accepted,
26369351,0568000,LOUISVILLE METRO POLICE DEPT,Accepted,JEFFERSON,I 0264,,I264 W,,,,,I 0264,I264 W EXIT14 ON RAMP FROM KY864,I 0065,I264 W EXIT12 OFF RAMP TO,38.193343231,-85.711532671,13.111,2/14/2020 12:00:00 AM,1651,2,2,0,0,CLEAR,DRY,False,REAR END IN TRAFFIC LANES BOTH VEHICLES MOVING,REAR END,STRAIGHT & LEVEL,DAYLIGHT,,,2/17/2020 9:09:31 AM,False,2499,Accepted,
26369375,0568000,LOUISVILLE METRO POLICE DEPT,Accepted,JEFFERSON,KY0061,,PRESTON,HWY,,,,,,,,38.141245162,-85.688286262,4.215,2/14/2020 12:00:00 AM,1147,2,2,0,0,CLEAR,DRY,False,REAR END IN TRAFFIC LANES BOTH VEHICLES MOVING,REAR END,STRAIGHT & LEVEL,DAYLIGHT,,,2/17/2020 9:10:52 AM,False,4693,Accepted,
26369376,0568000,LOUISVILLE METRO POLICE DEPT,Accepted,JEFFERSON,KY1747,,HURSTBOURNE,PKWY,S,,,,,,,38.161871402,-85.640109614,5.188,2/14/2020 12:00:00 AM,1344,3,3,0,2,CLEAR,DRY,False,REAR END IN TRAFFIC LANES BOTH VEHICLES MOVING,REAR END,STRAIGHT & LEVEL,DAYLIGHT,,,2/17/2020 9:10:55 AM,False,4693,Accepted,
26369377,0568000,LOUISVILLE METRO POLICE DEPT,Accepted,JEFFERSON,KY0061,,PRESTON,HWY,,,,,,,,38.115800969,-85.676683223,2.273,2/14/2020 12:00:00 AM,1532,2,2,0,0,CLEAR,DRY,False,REAR END IN TRAFFIC LANES BOTH VEHICLES MOVING,REAR END,STRAIGHT & LEVEL,DAYLIGHT,,,2/17/2020 9:11:01 AM,False,4693,Accepted,
26385136,0568000,LOUISVILLE METRO POLICE DEPT,Accepted,JEFFERSON,KY1065,,OUTER,LOOP,,,,,,,,38.138116220,-85.677001496,6.592,2/14/2020 12:00:00 AM,1759,2,2,0,0,CLEAR,DRY,False,REAR END IN TRAFFIC LANES BOTH VEHICLES MOVING,REAR END,STRAIGHT & LEVEL,DAYLIGHT,,,2/18/2020 8:22:23 AM,False,4693,Accepted,
26369510,0568000,LOUISVILLE METRO POLICE DEPT,Accepted,JEFFERSON,KY0155,,TAYLORSVILLE,RD,,,,,TAYLOR SPRINGS,,HOUSTON,38.219498010,-85.617669221,12.888,2/14/2020 12:00:00 AM,1635,2,2,0,0,CLEAR,DRY,False,REAR END IN TRAFFIC LANES BOTH VEHICLES MOVING,REAR END,STRAIGHT & LEVEL,DAYLIGHT,,,2/17/2020 9:16:23 AM,False,2429,Accepted,
26385134,0568000,LOUISVILLE METRO POLICE DEPT,Accepted,JEFFERSON,I 0265,,I265 W,,,,,,,,,38.195294588,-85.508497453,23.547,2/14/2020 12:00:00 AM,1631,2,2,0,0,CLEAR,DRY,False,REAR END IN TRAFFIC LANES BOTH VEHICLES MOVING,REAR END,STRAIGHT & LEVEL,DAYLIGHT,,,2/18/2020 8:22:15 AM,False,4693,Accepted,
26369339,0568000,LOUISVILLE METRO POLICE DEPT,Accepted,JEFFERSON,US0060,,SHELBYVILLE,RD,,,,,LYNDON,,WOOD,38.248167914,-85.598427188,6.683,2/14/2020 12:00:00 AM,1324,3,3,0,0,CLEAR,DRY,False,REAR END IN TRAFFIC LANES BOTH VEHICLES MOVING,REAR END,STRAIGHT & LEVEL,DAYLIGHT,,,2/17/2020 9:08:43 AM,False,5109,Accepted,
26369346,0568000,LOUISVILLE METRO POLICE DEPT,Accepted,JEFFERSON,US0031,,CLARK MEMORIAL,BRG,,,,,,,,38.261590222,-85.752171830,0.374,2/14/2020 12:00:00 AM,1604,3,3,0,0,CLEAR,DRY,False,REAR END IN TRAFFIC LANES BOTH VEHICLES MOVING,REAR END,STRAIGHT & LEVEL,DAYLIGHT,,,2/17/2020 9:09:08 AM,False,7937,Accepted,
26369406,0568000,LOUISVILLE METRO POLICE DEPT,Accepted,JEFFERSON,,,CEDAR,ST,,,,,,,,38.256625101,-85.794497634,1.137,2/14/2020 12:00:00 AM,0057,2,2,0,0,CLEAR,DRY,True,REAR END IN TRAFFIC LANES BOTH VEHICLES MOVING,REAR END,STRAIGHT & LEVEL,DARK-HWY LIGHTED/ON,,,2/17/2020 9:12:25 AM,False,7243,Accepted,
26369428,0568000,LOUISVILLE METRO POLICE DEPT,Accepted,JEFFERSON,I 0064,,I64 E,,,,,,,,,38.278645014,-85.822102360,0.158,2/14/2020 12:00:00 AM,1553,2,2,0,0,CLEAR,DRY,False,REAR END IN TRAFFIC LANES BOTH VEHICLES MOVING,REAR END,STRAIGHT & LEVEL,DAYLIGHT,,,2/17/2020 9:13:18 AM,False,5253,Accepted,
26369345,0568000,LOUISVILLE METRO POLICE DEPT,Accepted,JEFFERSON,I 0264,,I264 W,,,,,,,,,38.208222761,-85.676363514,15.325,2/14/2020 12:00:00 AM,1625,2,2,0,0,CLEAR,DRY,False,REAR END IN TRAFFIC LANES BOTH VEHICLES MOVING,REAR END,STRAIGHT & LEVEL,DAYLIGHT,,,2/17/2020 9:09:04 AM,False,7284,Accepted,
26369363,0568000,LOUISVILLE METRO POLICE DEPT,Accepted,JEFFERSON,I 0265,,I265 S,,,,,,,,,38.232896078,-85.504721167,26.149,2/14/2020 12:00:00 AM,1646,2,2,0,0,CLEAR,DRY,False,REAR END IN TRAFFIC LANES BOTH VEHICLES MOVING,REAR END,STRAIGHT & LEVEL,DAYLIGHT,,,2/17/2020 9:10:12 AM,False,5223,Accepted,
26396712,0568000,LOUISVILLE METRO POLICE DEPT,Accepted,JEFFERSON,,,CHEROKEE,RD,,,,,CHEROKEE,,SPRING,38.233134601,-85.695620337,2.198,2/14/2020 12:00:00 AM,2122,1,1,0,1,CLOUDY,DRY,False,COLLISION WITH FIXED OBJECT NON - INTERSECTION - FIRST EVENT COLLISION 09 - 32 EXCLUDING 16,SINGLE VEHICLE,CURVE & GRADE,DARK-HWY LIGHTED/ON,,,2/20/2020 8:17:29 AM,False,2953,Accepted,
26401992,0568000,LOUISVILLE METRO POLICE DEPT,Accepted,JEFFERSON,,,MELLWOOD,AVE,,,,,ZORN,,RIVER DELL,38.273162203,-85.697138807,1.412,2/14/2020 12:00:00 AM,1053,1,1,0,0,CLEAR,ICE,False,COLLISION WITH FIXED OBJECT NON - INTERSECTION - FIRST EVENT COLLISION 09 - 32 EXCLUDING 16,SINGLE VEHICLE,CURVE & LEVEL,DAYLIGHT,,,2/21/2020 8:11:21 AM,False,5274,Accepted,
26369420,0568000,LOUISVILLE METRO POLICE DEPT,Accepted,JEFFERSON,KY1020,,NATIONAL,TPKE,,,,,,,,38.119444234,-85.748101868,3.181,2/14/2020 12:00:00 AM,1640,2,2,0,0,CLEAR,DRY,False,SIDESWIPE COLLISION - SAME DIRECTION,SIDESWIPE-SAME DIRECTION,STRAIGHT & LEVEL,DAYLIGHT,,,2/17/2020 9:13:04 AM,False,7252,Accepted,
26369411,0568000,LOUISVILLE METRO POLICE DEPT,Accepted,JEFFERSON,I 0071,,I71 S,,,,,,,,,38.321125451,-85.559762240,10.386,2/14/2020 12:00:00 AM,1739,2,2,0,0,CLEAR,DRY,True,SIDESWIPE COLLISION - SAME DIRECTION,SIDESWIPE-SAME DIRECTION,STRAIGHT & LEVEL,DAYLIGHT,,,2/17/2020 9:12:39 AM,False,7751,Accepted,
26385180,0568000,LOUISVILLE METRO POLICE DEPT,Accepted,JEFFERSON,I 0264,,I264 E,,,,,,,,,38.226984908,-85.638677779,17.756,2/14/2020 12:00:00 AM,1620,2,2,0,0,CLEAR,DRY,False,SIDESWIPE COLLISION - SAME DIRECTION,SIDESWIPE-SAME DIRECTION,STRAIGHT & LEVEL,DAYLIGHT,,,2/18/2020 8:25:23 AM,False,7628,Accepted,
26369331,0568000,LOUISVILLE METRO POLICE DEPT,Accepted,JEFFERSON,I 0065,,I65 S,,,,,,,,,38.209842811,-85.753036781,132.741,2/14/2020 12:00:00 AM,0926,2,2,0,0,CLEAR,DRY,False,SIDESWIPE COLLISION - SAME DIRECTION,SIDESWIPE-SAME DIRECTION,CURVE & LEVEL,DUSK,,,2/17/2020 9:08:12 AM,False,7772,Accepted,
26369381,0568000,LOUISVILLE METRO POLICE DEPT,Accepted,JEFFERSON,KY2845,,MANSLICK,RD,E,,,KY0061,PRESTON,,GAILBREATH,38.118083807,-85.677093150,0.008,2/14/2020 12:00:00 AM,1550,2,2,0,0,CLOUDY,DRY,False,SIDESWIPE COLLISION - OPPOSITE DIRECTION,SIDESWIPE-OPPOSITE DIRECTION,STRAIGHT & LEVEL,DAYLIGHT,,,2/17/2020 9:11:09 AM,False,2583,Accepted,
26385135,0568000,LOUISVILLE METRO POLICE DEPT,Accepted,JEFFERSON,KY1065,,OUTER,LOOP,,,,,,,,38.138245391,-85.682946144,6.266,2/14/2020 12:00:00 AM,1837,2,2,0,0,CLEAR,DRY,False,1 VEHICLE ENTERING/LEAVING ENTRANCE,ANGLE,STRAIGHT & LEVEL,DARK-HWY NOT LIGHTED,,,2/18/2020 8:22:19 AM,False,4693,Accepted,
26369371,0568000,LOUISVILLE METRO POLICE DEPT,Accepted,JEFFERSON,,,DOROTHY,AVE,,,,,WROCKLAGE,,WOODBOURNE,38.224474992,-85.689178941,0.039,2/14/2020 12:00:00 AM,1457,2,2,0,0,CLEAR,DRY,False,1 VEHICLE ENTERING/LEAVING ENTRANCE,ANGLE,STRAIGHT & LEVEL,DAYLIGHT,,,2/17/2020 9:10:38 AM,False,7403,Accepted,
26369319,0568000,LOUISVILLE METRO POLICE DEPT,Accepted,JEFFERSON,KY1727,,TERRY,RD,,,,,,,,38.177504412,-85.862002155,4.011,2/14/2020 12:00:00 AM,1042,2,2,0,0,CLOUDY,DRY,True,VEHICLE BACKING NON INTERSECTION,BACKING,STRAIGHT & LEVEL,DAYLIGHT,,,2/17/2020 9:07:39 AM,False,7234,Accepted,
26369338,0568000,LOUISVILLE METRO POLICE DEPT,Accepted,JEFFERSON,US0031E,,BARDSTOWN,RD,,,FERNDALE,,,,,38.155442656,-85.589931914,5.954,2/14/2020 12:00:00 AM,1410,2,2,0,1,CLEAR,DRY,False,HEAD-ON COLLISION,HEAD ON,STRAIGHT & LEVEL,DAYLIGHT,,,2/17/2020 9:08:40 AM,False,7755,Accepted,
26369359,0568000,LOUISVILLE METRO POLICE DEPT,Accepted,JEFFERSON,KY1865,,NEW CUT,RD,,,,,,,,38.118173969,-85.776148309,0.568,2/14/2020 12:00:00 AM,1658,2,2,0,0,CLEAR,DRY,False,HEAD-ON COLLISION,HEAD ON,STRAIGHT & LEVEL,DAYLIGHT,,,2/17/2020 9:09:59 AM,False,7234,Accepted,
26349756,0560400,SHIVELY POLICE DEPARTMENT,Accepted,JEFFERSON,I 0264,,I264 W,,,,,I 0264,I264 W EXIT5 RAMP KY1934,I 0264,I264 W EXIT8 ON RAMP FROM US31W S,38.199233927,-85.827569004,5.834,2/14/2020 12:00:00 AM,1344,2,2,0,0,CLEAR,DRY,False,REAR END IN TRAFFIC LANES BOTH VEHICLES MOVING,REAR END,STRAIGHT & LEVEL,DAYLIGHT,,,2/14/2020 4:52:56 PM,False,7105,Accepted,
26369357,0568000,LOUISVILLE METRO POLICE DEPT,Accepted,JEFFERSON,US0031W,,DIXIE,HWY,,,,,,,,38.104081784,-85.869049153,8.358,2/14/2020 12:00:00 AM,1449,2,2,0,2,CLEAR,DRY,False,REAR END IN TRAFFIC LANES BOTH VEHICLES MOVING,REAR END,STRAIGHT & LEVEL,DAYLIGHT,,,2/17/2020 9:09:52 AM,False,7234,Accepted,
26369358,0568000,LOUISVILLE METRO POLICE DEPT,Accepted,JEFFERSON,KY2055,,MANSLICK,RD,W,,,,,,,38.108666867,-85.762802693,1.677,2/14/2020 12:00:00 AM,1606,2,2,0,0,CLEAR,DRY,False,REAR END IN TRAFFIC LANES BOTH VEHICLES MOVING,REAR END,STRAIGHT & LEVEL,DAYLIGHT,,,2/17/2020 9:09:55 AM,False,7234,Accepted,
26401956,0568000,LOUISVILLE METRO POLICE DEPT,Accepted,JEFFERSON,I 0264,,I264 E,,,,,I 0264,I264 E EXIT16 ON RAMP FROM US31E,I 0264,I264 E EXIT17A OFF RAMP TO KY155 S,38.214085899,-85.665662383,16.035,2/14/2020 12:00:00 AM,1658,1,1,0,0,CLEAR,DRY,False,OTHER ROADWAY OR MID-BLOCK COLLISION,SINGLE VEHICLE,STRAIGHT & GRADE,DAYLIGHT,,,2/21/2020 8:09:36 AM,False,7720,Accepted,
26369335,0568000,LOUISVILLE METRO POLICE DEPT,Accepted,JEFFERSON,I 0064,,,,,,,,,,,38.237027973,-85.618856585,0.348,2/14/2020 12:00:00 AM,0821,1,1,0,1,CLOUDY,DRY,False,COLLISION WITH FIXED OBJECT NOT IN GORE ,SINGLE VEHICLE,CURVE & GRADE,DAYLIGHT,I 0064,I 0264,2/17/2020 9:08:29 AM,False,2000,Accepted,