IncidentID,AgencyORI,AgencyName,IncidentStatusDesc,County,RdwyNumber,Street,RoadwayName,StreetSfx,StreetDir,IntersectionRdwy,IntersectionRdwyName,BetweenStRdwy1,BetweenStRdwyName1,BetweenStRdwy2,BetweenStRdwyName2,Latitude,Longitude,Milepoint,CollisionDate,CollisionTime,UnitsInvolved,MotorVehiclesInvolved,NumberKilled,NumberInjured,Weather,RdwyConditionCode,HitandRun,DirAnalysisCode,MannerofCollision,RdwyCharacter,LightCondition,RampFromRdwyId,RampToRdwyId,AcceptedDate,IsSecondaryCollision,OwnerBadge,IncidentStatus,
26386375,0560000,JEFFERSON COUNTY SHERIFF DEPT.,Accepted,JEFFERSON,,,ARNOLDTOWN,RD,,,,,,,,38.149484530,-85.824024137,0.005,2/14/2020 12:00:00 AM,2012,2,2,0,0,CLEAR,DRY,False,OTHER ROADWAY OR MID-BLOCK COLLISION,OPPOSING LEFT TURN,STRAIGHT & LEVEL,DARK-HWY NOT LIGHTED,,,2/18/2020 10:59:02 AM,False,4023,Accepted,
26369352,0568000,LOUISVILLE METRO POLICE DEPT,Accepted,JEFFERSON,KY0155,,TAYLORSVILLE,RD,,,,,,,,38.222911104,-85.669268603,15.696,2/14/2020 12:00:00 AM,1619,2,2,0,1,CLEAR,DRY,False,OTHER ROADWAY OR MID-BLOCK COLLISION,REAR END,STRAIGHT & LEVEL,DAYLIGHT,,,2/17/2020 9:09:34 AM,False,6813,Accepted,
26369343,0568000,LOUISVILLE METRO POLICE DEPT,Accepted,JEFFERSON,I 0065,,I65 S,,,,,,,,,38.213121141,-85.752647712,132.970,2/14/2020 12:00:00 AM,1428,2,2,0,1,CLEAR,DRY,True,OTHER ROADWAY OR MID-BLOCK COLLISION,REAR END,CURVE & GRADE,DAYLIGHT,,,2/17/2020 9:08:57 AM,False,7840,Accepted,
26369347,0568000,LOUISVILLE METRO POLICE DEPT,Accepted,JEFFERSON,KY2251,,BARDSTOWN,RD,,,,,,,,38.199035169,-85.659990976,1.040,2/14/2020 12:00:00 AM,1205,2,2,0,0,CLEAR,DRY,False,OTHER ROADWAY OR MID-BLOCK COLLISION,REAR END,STRAIGHT & LEVEL,DAYLIGHT,,,2/17/2020 9:09:13 AM,False,7864,Accepted,
26386374,0560000,JEFFERSON COUNTY SHERIFF DEPT.,Accepted,JEFFERSON,I 0064,,I64 W,,,,,,,,,38.242436597,-85.693793139,8.309,2/14/2020 12:00:00 AM,1555,2,2,0,0,CLEAR,DRY,False,OTHER ROADWAY OR MID-BLOCK COLLISION,REAR TO REAR,CURVE & LEVEL,DAYLIGHT,,,2/18/2020 10:58:58 AM,False,3670,Accepted,
26369330,0568000,LOUISVILLE METRO POLICE DEPT,Accepted,JEFFERSON,I 0065,,,,,,,,,,,38.236333867,-85.750849669,0.183,2/14/2020 12:00:00 AM,0801,2,2,0,0,CLOUDY,DRY,False,OTHER RAMP RELATED COLLISIONS NOT LISTED ABOVE,REAR END,CURVE & GRADE,DAYLIGHT,I 0065,E SAINT CATHERINE ST,2/17/2020 9:08:08 AM,False,7772,Accepted,
26369383,0568000,LOUISVILLE METRO POLICE DEPT,Accepted,JEFFERSON,I 0065,,,,,,,,,,,38.189201668,-85.744842504,0.244,2/14/2020 12:00:00 AM,1913,2,2,0,0,CLEAR,DRY,False,OTHER RAMP RELATED COLLISIONS NOT LISTED ABOVE,REAR END,STRAIGHT & LEVEL,DARK-HWY LIGHTED/ON,TUG RD,I 0065,2/17/2020 9:11:19 AM,False,5144,Accepted,
26369432,0568000,LOUISVILLE METRO POLICE DEPT,Accepted,JEFFERSON,I 0264,,,,,,,,,,,38.186807757,-85.784798822,0.060,2/14/2020 12:00:00 AM,0802,2,2,0,0,CLOUDY,DRY,False,OTHER RAMP RELATED COLLISIONS NOT LISTED ABOVE,REAR END,CURVE & GRADE,DAYLIGHT,KY1865,I 0264,2/17/2020 9:13:35 AM,False,7094,Accepted,
26369422,0568000,LOUISVILLE METRO POLICE DEPT,Accepted,JEFFERSON,I 0065,,,,,,,,,,,38.251348809,-85.748856531,0.001,2/14/2020 12:00:00 AM,1853,2,2,0,0,CLEAR,DRY,False,OTHER RAMP RELATED COLLISIONS NOT LISTED ABOVE,SIDESWIPE-SAME DIRECTION,STRAIGHT & LEVEL,DARK-HWY LIGHTED/ON,I 0065,W MUHAMMAD ALI BLVD,2/17/2020 9:13:07 AM,False,7406,Accepted,
26448999,0568000,LOUISVILLE METRO POLICE DEPT,Accepted,JEFFERSON,I 0064,,,,,,,,,,,38.256564444,-85.720870922,0.175,2/14/2020 12:00:00 AM,1355,2,2,0,0,CLEAR,DRY,False,OTHER RAMP RELATED COLLISIONS NOT LISTED ABOVE,REAR END,CURVE & LEVEL,DAYLIGHT,I 0064,MELLWOOD AVE,3/2/2020 8:54:50 AM,False,2764,Accepted,
26369356,0568000,LOUISVILLE METRO POLICE DEPT,Accepted,JEFFERSON,US0031W,6650,DIXIE,HWY,,,,,,,,38.154516533,-85.835511504,12.340,2/14/2020 12:00:00 AM,1333,2,2,0,0,CLEAR,DRY,True,COLLISION IN PARKING LOT,SIDESWIPE-OPPOSITE DIRECTION,STRAIGHT & LEVEL,DAYLIGHT,,,2/17/2020 9:09:49 AM,False,7234,Accepted,
26369410,0568000,LOUISVILLE METRO POLICE DEPT,Accepted,JEFFERSON,KY0146,12450,LA GRANGE,RD,,,,,,,,38.292184315,-85.510066080,7.802,2/14/2020 12:00:00 AM,1631,2,2,0,0,CLEAR,DRY,True,COLLISION IN PARKING LOT,REAR END,STRAIGHT & LEVEL,DAYLIGHT,,,2/17/2020 9:12:36 AM,False,7751,Accepted,
26390414,0560400,SHIVELY POLICE DEPARTMENT,Accepted,JEFFERSON,US0031W,2401,DIXIE,HWY,,,,,,,,38.216330158,-85.795263252,17.150,2/14/2020 12:00:00 AM,1610,2,2,0,0,CLEAR,DRY,True,COLLISION IN PARKING LOT,SIDESWIPE-SAME DIRECTION,STRAIGHT & LEVEL,DAYLIGHT,,,2/19/2020 5:12:33 AM,False,7127,Accepted,
26419840,0568000,LOUISVILLE METRO POLICE DEPT,Accepted,JEFFERSON,US0031E,4780,BARDSTOWN,RD,,,,,,,,38.178973485,-85.623006029,8.443,2/14/2020 12:00:00 AM,1653,2,2,0,1,CLEAR,DRY,False,COLLISION IN PARKING LOT,REAR END,STRAIGHT & LEVEL,DAYLIGHT,,,2/25/2020 8:06:19 AM,False,7303,Accepted,
26369416,0568000,LOUISVILLE METRO POLICE DEPT,Accepted,JEFFERSON,US0031E,1250,BARDSTOWN,RD,,,,,,,,38.235197694,-85.716348409,15.011,2/14/2020 12:00:00 AM,1908,2,2,0,0,CLEAR,DRY,True,COLLISION IN PARKING LOT,ANGLE,STRAIGHT & LEVEL,DARK-HWY LIGHTED/ON,,,2/17/2020 9:12:55 AM,False,2228,Accepted,
26369398,0568000,LOUISVILLE METRO POLICE DEPT,Accepted,JEFFERSON,KY0061,9200,PRESTON,HWY,,,,,,,,38.117881194,-85.677268761,2.436,2/14/2020 12:00:00 AM,2225,2,2,0,1,CLEAR,DRY,False,COLLISION IN PARKING LOT,REAR END,STRAIGHT & LEVEL,DARK-HWY LIGHTED/ON,,,2/17/2020 9:12:06 AM,False,5270,Accepted,
26342010,0568000,LOUISVILLE METRO POLICE DEPT,Accepted,JEFFERSON,KY1865,7400,NEW CUT,RD,,,,,,,,38.145798387,-85.775273800,2.669,2/13/2020 12:00:00 AM,0540,2,2,0,0,RAINING,WET,True,COLLISION IN PARKING LOT,ANGLE,STRAIGHT & LEVEL,DARK-HWY LIGHTED/ON,,,2/13/2020 8:36:44 AM,False,5263,Accepted,
26347654,0568000,LOUISVILLE METRO POLICE DEPT,Accepted,JEFFERSON,KY0061,5318,PRESTON,HWY,,,,,,,,38.171092821,-85.709057087,6.549,2/13/2020 12:00:00 AM,1538,2,2,0,0,CLOUDY,DRY,False,COLLISION IN PARKING LOT,SIDESWIPE-SAME DIRECTION,STRAIGHT & LEVEL,DAYLIGHT,,,2/14/2020 8:39:05 AM,False,7830,Accepted,
26347605,0568000,LOUISVILLE METRO POLICE DEPT,Accepted,JEFFERSON,KY0864,4225,POPLAR LEVEL,RD,,,,,,,,38.198673797,-85.707873010,11.530,2/13/2020 12:00:00 AM,0912,2,2,0,0,CLOUDY,WET,False,COLLISION IN PARKING LOT,BACKING,STRAIGHT & LEVEL,DAYLIGHT,,,2/14/2020 8:36:17 AM,False,2532,Accepted,
26347695,0568000,LOUISVILLE METRO POLICE DEPT,Accepted,JEFFERSON,I 0065,,,,,,,,,,,38.156627148,-85.716706664,0.423,2/13/2020 12:00:00 AM,2300,1,1,0,1,CLEAR,DRY,False,COLLISION WITH FIXED OBJECT NOT IN GORE ,SINGLE VEHICLE,STRAIGHT & LEVEL,DARK (UNKNOWN ROADWAY LIGHTING),I 0065,KY1631,2/14/2020 8:42:09 AM,False,5248,Accepted,
26342017,0568000,LOUISVILLE METRO POLICE DEPT,Accepted,JEFFERSON,I 0071,,,,,,,,,,,38.315391503,-85.581288103,0.243,2/13/2020 12:00:00 AM,0610,2,2,0,0,RAINING,WET,False,OTHER RAMP RELATED COLLISIONS NOT LISTED ABOVE,SIDESWIPE-SAME DIRECTION,CURVE & GRADE,DARK-HWY LIGHTED/ON,I 0071,I 0071,2/13/2020 8:37:04 AM,True,5155,Accepted,
26347653,0568000,LOUISVILLE METRO POLICE DEPT,Accepted,JEFFERSON,KY0841,,,,,,,,,,,38.119776237,-85.779690918,0.211,2/13/2020 12:00:00 AM,0833,1,1,0,1,CLOUDY,WET,False,COLLISION WITH FIXED OBJECT NOT IN GORE ,SINGLE VEHICLE,CURVE & LEVEL,DAYLIGHT,KY0841,KY1865,2/14/2020 8:39:02 AM,False,2098,Accepted,
26347629,0568000,LOUISVILLE METRO POLICE DEPT,Accepted,JEFFERSON,I 0065,,,,,,,,,,,38.192373524,-85.729744347,0.369,2/13/2020 12:00:00 AM,0929,1,1,0,0,CLOUDY,WET,False,COLLISION WITH FIXED OBJECT NOT IN GORE ,SINGLE VEHICLE,CURVE & GRADE,DAYLIGHT,I 0065,I 0065,2/14/2020 8:37:29 AM,False,4903,Accepted,
26519155,0568000,LOUISVILLE METRO POLICE DEPT,Accepted,JEFFERSON,KY0022,,BROWNSBORO,RD,,,,,NORTON HEALTHCARE,,CHAMBERLAIN,38.311359622,-85.569860037,4.298,2/13/2020 12:00:00 AM,1648,2,2,0,0,CLOUDY,DRY,False,OTHER ROADWAY OR MID-BLOCK COLLISION,REAR END,STRAIGHT & LEVEL,DAYLIGHT,,,3/16/2020 9:11:59 AM,False,7751,Accepted,
26369317,0568000,LOUISVILLE METRO POLICE DEPT,Accepted,JEFFERSON,KY1020,,NATIONAL,TPKE,,,,,,,,38.120545481,-85.748249931,3.255,2/13/2020 12:00:00 AM,1437,3,3,0,0,CLOUDY,DRY,False,REAR END IN TRAFFIC LANES BOTH VEHICLES MOVING,REAR END,STRAIGHT & LEVEL,DAYLIGHT,,,2/17/2020 9:07:35 AM,False,7234,Accepted,
26347636,0568000,LOUISVILLE METRO POLICE DEPT,Accepted,JEFFERSON,KY1447,,WESTPORT,RD,,,,,SHELBURN PARK,,FREYS HILL,38.293758546,-85.559203831,6.030,2/13/2020 12:00:00 AM,1058,2,2,0,0,CLOUDY,WET,False,REAR END IN TRAFFIC LANES BOTH VEHICLES MOVING,REAR END,STRAIGHT & LEVEL,DAYLIGHT,,,2/14/2020 8:38:01 AM,False,6929,Accepted,
26347601,0568000,LOUISVILLE METRO POLICE DEPT,Accepted,JEFFERSON,I 0064,,I64 W,,,,,,,,,38.223185484,-85.514326966,18.391,2/13/2020 12:00:00 AM,0746,2,2,0,0,RAINING,WET,False,REAR END IN TRAFFIC LANES BOTH VEHICLES MOVING,REAR END,STRAIGHT & LEVEL,DAYLIGHT,,,2/14/2020 8:35:47 AM,False,4903,Accepted,
26347646,0568000,LOUISVILLE METRO POLICE DEPT,Accepted,JEFFERSON,I 0064,,I64 W,,,,,,,,,38.234100196,-85.611755684,12.939,2/13/2020 12:00:00 AM,0717,2,2,0,0,CLOUDY,WET,False,REAR END IN TRAFFIC LANES BOTH VEHICLES MOVING,REAR END,STRAIGHT & LEVEL,DAWN,,,2/14/2020 8:38:37 AM,False,7772,Accepted,
26347622,0568000,LOUISVILLE METRO POLICE DEPT,Accepted,JEFFERSON,I 0265,,I265 E,,,,,I 0265,I265 E EXIT23 ON RAMP FROM KY155,I 0064,I64 N EXIT25A RAMP TO I64 E,38.194885466,-85.508251650,23.552,2/13/2020 12:00:00 AM,0856,2,2,0,0,CLEAR,WET,False,REAR END IN TRAFFIC LANES BOTH VEHICLES MOVING,REAR END,STRAIGHT & HILLCREST,DAYLIGHT,,,2/14/2020 8:37:26 AM,False,7278,Accepted,
26347647,0568000,LOUISVILLE METRO POLICE DEPT,Accepted,JEFFERSON,I 0264,,I264 E,,,,,,,,,38.283575823,-85.640274688,22.437,2/13/2020 12:00:00 AM,0811,2,2,0,0,CLOUDY,DRY,False,REAR END IN TRAFFIC LANES BOTH VEHICLES MOVING,REAR END,STRAIGHT & LEVEL,DAYLIGHT,,,2/14/2020 8:38:40 AM,False,7772,Accepted,
26347648,0568000,LOUISVILLE METRO POLICE DEPT,Accepted,JEFFERSON,I 0071,,I71 S,,,,,,,,,38.309288234,-85.593188139,8.350,2/13/2020 12:00:00 AM,0848,2,2,0,0,CLOUDY,DRY,False,REAR END IN TRAFFIC LANES BOTH VEHICLES MOVING,REAR END,STRAIGHT & LEVEL,DAYLIGHT,,,2/14/2020 8:38:44 AM,False,7772,Accepted,
26347651,0568000,LOUISVILLE METRO POLICE DEPT,Accepted,JEFFERSON,,,HILL,ST,E,,,,,,,38.225489475,-85.756949293,0.549,2/13/2020 12:00:00 AM,1355,2,2,0,0,CLEAR,DRY,False,REAR END IN TRAFFIC LANES BOTH VEHICLES MOVING,REAR END,STRAIGHT & LEVEL,DAYLIGHT,,,2/14/2020 8:38:54 AM,False,5258,Accepted,
26347667,0568000,LOUISVILLE METRO POLICE DEPT,Accepted,JEFFERSON,KY0155,,TAYLORSVILLE,RD,,,,,BROWNS,,MCMAHAN,38.219882198,-85.624833965,13.270,2/13/2020 12:00:00 AM,1516,2,2,0,0,CLOUDY,DRY,False,SIDESWIPE COLLISION - SAME DIRECTION,SIDESWIPE-SAME DIRECTION,STRAIGHT & LEVEL,DAYLIGHT,,,2/14/2020 8:40:11 AM,False,5247,Accepted,
26342012,0568000,LOUISVILLE METRO POLICE DEPT,Accepted,JEFFERSON,I 0071,,I71 S,,,,,,,,,38.290325006,-85.644382076,5.199,2/13/2020 12:00:00 AM,0620,2,2,0,0,RAINING,WET,False,SIDESWIPE COLLISION - SAME DIRECTION,SIDESWIPE-SAME DIRECTION,CURVE & LEVEL,DARK-HWY LIGHTED/ON,,,2/13/2020 8:36:50 AM,False,4903,Accepted,
26347708,0568000,LOUISVILLE METRO POLICE DEPT,Accepted,JEFFERSON,,,MUD,LN,,,,,,,,38.092914058,-85.669530637,0.027,2/13/2020 12:00:00 AM,2157,2,2,0,0,CLEAR,DRY,False,SIDESWIPE COLLISION - SAME DIRECTION,SIDESWIPE-SAME DIRECTION,STRAIGHT & LEVEL,DARK (UNKNOWN ROADWAY LIGHTING),,,2/14/2020 8:42:49 AM,False,5138,Accepted,
26347598,0568000,LOUISVILLE METRO POLICE DEPT,Accepted,JEFFERSON,,,NELSON MILLER,PKWY,,,,,,,,38.280259808,-85.514537377,0.076,2/13/2020 12:00:00 AM,0739,2,2,0,0,CLOUDY,WET,False,SIDESWIPE COLLISION - SAME DIRECTION,SIDESWIPE-SAME DIRECTION,STRAIGHT & LEVEL,DAYLIGHT,,,2/14/2020 8:35:33 AM,False,2218,Accepted,
26347703,0568000,LOUISVILLE METRO POLICE DEPT,Accepted,JEFFERSON,,,AIKEN,RD,,,,,,,,38.265288428,-85.461008971,4.066,2/13/2020 12:00:00 AM,2138,1,1,0,0,CLEAR,ICE,False,OTHER COLLISIONS ON SHOULDER,SINGLE VEHICLE,CURVE & GRADE,DARK-HWY LIGHTED/OFF,,,2/14/2020 8:42:35 AM,False,7944,Accepted,
26347600,0568000,LOUISVILLE METRO POLICE DEPT,Accepted,JEFFERSON,I 0071,,I71 S,,,,,,,,,38.275733123,-85.696250016,1.867,2/13/2020 12:00:00 AM,0738,2,2,0,1,RAINING,WET,False,OTHER ROADWAY OR MID-BLOCK COLLISION,REAR END,STRAIGHT & LEVEL,DAYLIGHT,,,2/14/2020 8:35:43 AM,False,7028,Accepted,
26347633,0568000,LOUISVILLE METRO POLICE DEPT,Accepted,JEFFERSON,KY2052,,SHEPHERDSVILLE,RD,,,,,CAROLINA CROSSINGS,,WHISPERING HILLS,38.147780688,-85.659965403,0.632,2/13/2020 12:00:00 AM,0709,2,2,0,0,RAINING,WET,False,OTHER ROADWAY OR MID-BLOCK COLLISION,REAR END,STRAIGHT & GRADE,DARK-HWY NOT LIGHTED,,,2/14/2020 8:37:48 AM,False,2017,Accepted,
26347613,0568000,LOUISVILLE METRO POLICE DEPT,Accepted,JEFFERSON,I 0064,,I64 W,,,,,,,,,38.259017980,-85.749891489,4.666,2/13/2020 12:00:00 AM,0902,2,2,0,0,CLOUDY,WET,False,OTHER ROADWAY OR MID-BLOCK COLLISION,REAR END,STRAIGHT & LEVEL,DAYLIGHT,,,2/14/2020 8:37:16 AM,False,5168,Accepted,
26347673,0568000,LOUISVILLE METRO POLICE DEPT,Accepted,JEFFERSON,,,CLARKS,LN,,,,,BURNETT,,FILSON,38.217506306,-85.733267594,0.545,2/13/2020 12:00:00 AM,1804,2,2,0,0,CLOUDY,DRY,False,OTHER ROADWAY OR MID-BLOCK COLLISION,REAR TO REAR,STRAIGHT & LEVEL,DUSK,,,2/14/2020 8:40:31 AM,False,2532,Accepted,
26347700,0568000,LOUISVILLE METRO POLICE DEPT,Accepted,JEFFERSON,,,4TH,ST,S,,,,MAGNOLIA,,HILL,38.227551409,-85.761622057,2.024,2/13/2020 12:00:00 AM,0508,2,2,0,0,RAINING,WET,False,SIDESWIPE COLLISION - OPPOSITE DIRECTION,SIDESWIPE-OPPOSITE DIRECTION,STRAIGHT & LEVEL,DARK (UNKNOWN ROADWAY LIGHTING),,,2/14/2020 8:42:24 AM,False,5050,Accepted,
26347666,0568000,LOUISVILLE METRO POLICE DEPT,Accepted,JEFFERSON,KY1932,,BRECKENRIDGE,LN,,,,,HIKES,,CHURCHILL PARK,38.216938001,-85.627656223,2.595,2/13/2020 12:00:00 AM,1202,2,2,0,0,CLOUDY,DRY,False,1 VEHICLE ENTERING/LEAVING ENTRANCE,ANGLE,STRAIGHT & LEVEL,DAYLIGHT,,,2/14/2020 8:40:08 AM,False,5247,Accepted,
26347684,0568000,LOUISVILLE METRO POLICE DEPT,Accepted,JEFFERSON,US0031E,,BARDSTOWN,RD,,,,,,,,38.170197598,-85.606953706,7.382,2/13/2020 12:00:00 AM,1905,2,2,0,0,CLEAR,DRY,False,1 VEHICLE ENTERING/LEAVING ENTRANCE,ANGLE,STRAIGHT & GRADE,DARK-HWY LIGHTED/OFF,,,2/14/2020 8:41:31 AM,False,5112,Accepted,
26347615,0568000,LOUISVILLE METRO POLICE DEPT,Accepted,JEFFERSON,,4550,MELTON,AVE,,,,,,,,38.145772516,-85.734545633,0.165,2/13/2020 12:00:00 AM,0951,2,2,0,0,CLOUDY,WET,True,1 VEHICLE ENTERING/LEAVING ENTRANCE,ANGLE,STRAIGHT & LEVEL,DAYLIGHT,,,2/14/2020 8:37:21 AM,False,7269,Accepted,
26391099,0568000,LOUISVILLE METRO POLICE DEPT,Accepted,JEFFERSON,I 0264,,I264 W,,,,,I 0065,I264 W EXIT12 OFF RAMP TO,I 0264,I264 W EXIT14 ON RAMP FROM KY864,38.191500940,-85.715690552,12.851,2/13/2020 12:00:00 AM,1227,2,2,0,0,CLEAR,DRY,False,SIDESWIPE COLLISION - SAME DIRECTION,SIDESWIPE-SAME DIRECTION,STRAIGHT & LEVEL,DAYLIGHT,,,2/19/2020 8:22:30 AM,False,7938,Accepted,
26347662,0568000,LOUISVILLE METRO POLICE DEPT,Accepted,JEFFERSON,I 0064,,I64 W,,,,,,,,,38.223344720,-85.521504056,18.000,2/13/2020 12:00:00 AM,0850,1,1,0,0,CLOUDY,DRY,False,COLLISION WITH FIXED OBJECT NON - INTERSECTION - FIRST EVENT COLLISION 09 - 32 EXCLUDING 16,SINGLE VEHICLE,STRAIGHT & LEVEL,DAYLIGHT,,,2/14/2020 8:39:55 AM,False,2217,Accepted,
26347676,0568000,LOUISVILLE METRO POLICE DEPT,Accepted,JEFFERSON,I 0264,,I264 E,,,,,,,,,38.203767388,-85.683328383,14.838,2/13/2020 12:00:00 AM,1739,1,1,0,1,CLEAR,DRY,False,COLLISION WITH FIXED OBJECT NON - INTERSECTION - FIRST EVENT COLLISION 09 - 32 EXCLUDING 16,SINGLE VEHICLE,CURVE & LEVEL,DAWN,,,2/14/2020 8:40:50 AM,False,5112,Accepted,
26342013,0568000,LOUISVILLE METRO POLICE DEPT,Accepted,JEFFERSON,I 0265,,,,,,,,,,,38.284550199,-85.511939703,0.213,2/13/2020 12:00:00 AM,0609,1,1,0,1,RAINING,WET,False,RAN OFF ROADWAY (1 VEHICLE WITH/EARTH EMBANKMENT/DITCH),SINGLE VEHICLE,CURVE & GRADE,DARK-HWY LIGHTED/ON,,,2/13/2020 8:36:53 AM,False,5128,Accepted,
26414640,0568000,LOUISVILLE METRO POLICE DEPT,Accepted,JEFFERSON,KY1065,,OUTER,LOOP,,,,,,,,38.127970342,-85.744974785,2.745,2/13/2020 12:00:00 AM,1700,2,2,0,0,CLEAR,DRY,False,REAR END IN TRAFFIC LANES BOTH VEHICLES MOVING,REAR END,STRAIGHT & LEVEL,DAYLIGHT,,,2/24/2020 9:09:57 AM,False,7080,Accepted,
26369342,0568000,LOUISVILLE METRO POLICE DEPT,Accepted,JEFFERSON,I 0264,,I264 E,,,,,,,,,38.189769671,-85.749328238,11.000,2/13/2020 12:00:00 AM,1632,3,3,0,0,CLEAR,DRY,False,REAR END IN TRAFFIC LANES BOTH VEHICLES MOVING,REAR END,STRAIGHT & LEVEL,DAYLIGHT,,,2/17/2020 9:08:54 AM,False,2142,Accepted,
26347694,0568000,LOUISVILLE METRO POLICE DEPT,Accepted,JEFFERSON,,6707,GRADE,LN,,,,,,,,38.156124382,-85.732448480,2.215,2/13/2020 12:00:00 AM,2323,2,2,0,0,CLEAR,DRY,False,REAR END IN TRAFFIC LANES BOTH VEHICLES MOVING,REAR END,STRAIGHT & LEVEL,DARK-HWY NOT LIGHTED,,,2/14/2020 8:42:05 AM,False,7735,Accepted,
26391070,0568000,LOUISVILLE METRO POLICE DEPT,Accepted,JEFFERSON,I 0264,,I264 E,,,,,,,,,38.197921703,-85.703939741,13.633,2/13/2020 12:00:00 AM,1414,2,2,0,0,CLOUDY,DRY,False,REAR END IN TRAFFIC LANES BOTH VEHICLES MOVING,REAR END,CURVE & GRADE,DAYLIGHT,,,2/19/2020 8:20:25 AM,False,8278,Accepted,
26347670,0568000,LOUISVILLE METRO POLICE DEPT,Accepted,JEFFERSON,KY1450,,BLUE LICK,RD,,,,,,,,38.118071911,-85.689488737,2.294,2/13/2020 12:00:00 AM,1617,2,2,0,0,CLOUDY,DRY,False,REAR END IN TRAFFIC LANES BOTH VEHICLES MOVING,REAR END,STRAIGHT & LEVEL,DAYLIGHT,,,2/14/2020 8:40:19 AM,False,4693,Accepted,
26347671,0568000,LOUISVILLE METRO POLICE DEPT,Accepted,JEFFERSON,KY0864,,FEGENBUSH,LN,,,,,,,,38.150992357,-85.629114032,5.595,2/13/2020 12:00:00 AM,1650,2,2,0,0,CLOUDY,DRY,False,REAR END IN TRAFFIC LANES BOTH VEHICLES MOVING,REAR END,CURVE & LEVEL,DAYLIGHT,,,2/14/2020 8:40:22 AM,False,4693,Accepted,
26347672,0568000,LOUISVILLE METRO POLICE DEPT,Accepted,JEFFERSON,KY1065,,OUTER,LOOP,,,,,,,,38.138464869,-85.686133265,6.085,2/13/2020 12:00:00 AM,1809,2,2,0,0,CLOUDY,DRY,False,REAR END IN TRAFFIC LANES BOTH VEHICLES MOVING,REAR END,STRAIGHT & LEVEL,DUSK,,,2/14/2020 8:40:26 AM,False,4693,Accepted,
26385130,0568000,LOUISVILLE METRO POLICE DEPT,Accepted,JEFFERSON,US0031W,,DIXIE,HWY,,,,,STEPHAN,,ELZIE,38.126838545,-85.850817175,10.219,2/13/2020 12:00:00 AM,1735,2,2,0,0,CLEAR,DRY,False,REAR END IN TRAFFIC LANES BOTH VEHICLES MOVING,REAR END,STRAIGHT & LEVEL,DAYLIGHT,,,2/18/2020 8:22:00 AM,False,7144,Accepted,
26385132,0568000,LOUISVILLE METRO POLICE DEPT,Accepted,JEFFERSON,I 0065,,I65 N EXIT130 TRANSIT,,,,,,,,,38.181571371,-85.721217629,0.370,2/13/2020 12:00:00 AM,1725,2,2,0,0,CLOUDY,DRY,False,REAR END IN TRAFFIC LANES BOTH VEHICLES MOVING,REAR END,STRAIGHT & LEVEL,DAYLIGHT,,,2/18/2020 8:22:08 AM,False,7830,Accepted,
26419821,0568000,LOUISVILLE METRO POLICE DEPT,Accepted,JEFFERSON,I 0264,,I264 W,,,,,,,,,38.203019858,-85.685437753,14.713,2/13/2020 12:00:00 AM,1628,2,2,0,0,CLEAR,DRY,False,REAR END IN TRAFFIC LANES BOTH VEHICLES MOVING,REAR END,CURVE & GRADE,DAYLIGHT,,,2/25/2020 8:05:03 AM,False,8278,Accepted,
26460010,0568000,LOUISVILLE METRO POLICE DEPT,Accepted,JEFFERSON,,,CARTER,ST,,,,,,,,38.269300913,-85.783884211,0.026,2/13/2020 12:00:00 AM,1320,2,2,0,0,CLOUDY,DRY,False,1 VEHICLE PARKED POSITION (NOT PARKING LOT/DRIVEWAY),SIDESWIPE-SAME DIRECTION,STRAIGHT & LEVEL,DAYLIGHT,,,3/4/2020 8:14:43 AM,False,7988,Accepted,
26347679,0568000,LOUISVILLE METRO POLICE DEPT,Accepted,JEFFERSON,,,11TH,ST,S,,,,HILL,,12TH,38.227046352,-85.774018786,1.773,2/13/2020 12:00:00 AM,1200,2,2,0,0,OTHER,DRY,True,1 VEHICLE PARKED POSITION (NOT PARKING LOT/DRIVEWAY),SIDESWIPE-SAME DIRECTION,CURVE & LEVEL,UNKNOWN,,,2/14/2020 8:41:14 AM,False,7381,Accepted,
26347699,0568000,LOUISVILLE METRO POLICE DEPT,Accepted,JEFFERSON,,,MUHAMMAD ALI,BLVD,E,I 0065,I65 N EXIT136C OFF RAMP TO  W MUHAMMAD ALI BLVD,,,,,38.250128300,-85.747979880,0.780,2/13/2020 12:00:00 AM,0545,2,2,0,0,RAINING,WET,True,SIDESWIPE-SAME DIRECTION,SIDESWIPE-SAME DIRECTION,STRAIGHT & LEVEL,DARK-HWY LIGHTED/ON,,,2/14/2020 8:42:21 AM,False,5135,Accepted,
26347650,0568000,LOUISVILLE METRO POLICE DEPT,Accepted,JEFFERSON,,,7TH,ST,S,US0031W,MARKET,,,,,38.255770499,-85.761737321,2.671,2/13/2020 12:00:00 AM,1355,2,2,0,0,CLOUDY,DRY,False,SIDESWIPE-SAME DIRECTION,SIDESWIPE-SAME DIRECTION,STRAIGHT & LEVEL,DAYLIGHT,,,2/14/2020 8:38:51 AM,False,5187,Accepted,