IncidentID,AgencyORI,AgencyName,IncidentStatusDesc,County,RdwyNumber,Street,RoadwayName,StreetSfx,StreetDir,IntersectionRdwy,IntersectionRdwyName,BetweenStRdwy1,BetweenStRdwyName1,BetweenStRdwy2,BetweenStRdwyName2,Latitude,Longitude,Milepoint,CollisionDate,CollisionTime,UnitsInvolved,MotorVehiclesInvolved,NumberKilled,NumberInjured,Weather,RdwyConditionCode,HitandRun,DirAnalysisCode,MannerofCollision,RdwyCharacter,LightCondition,RampFromRdwyId,RampToRdwyId,AcceptedDate,IsSecondaryCollision,OwnerBadge,IncidentStatus,
26347707,0568000,LOUISVILLE METRO POLICE DEPT,Accepted,JEFFERSON,KY1747,,HURSTBOURNE,PKWY,S,,BUNSEN,,,,,38.219007653,-85.584182972,11.454,2/13/2020 12:00:00 AM,2318,2,2,0,0,CLEAR,DRY,False,SIDESWIPE-SAME DIRECTION,SIDESWIPE-SAME DIRECTION,STRAIGHT & LEVEL,DARK-HWY LIGHTED/ON,,,2/14/2020 8:42:45 AM,False,5146,Accepted,
26347606,0568000,LOUISVILLE METRO POLICE DEPT,Accepted,JEFFERSON,KY1747,,HURSTBOURNE,PKWY,S,,WATTERSON,,,,,38.183455022,-85.606613440,8.515,2/13/2020 12:00:00 AM,0914,2,2,0,0,CLOUDY,WET,False,OTHER INTERSECTION COLLISIONS,REAR END,STRAIGHT & LEVEL,DAYLIGHT,,,2/14/2020 8:36:35 AM,False,7739,Accepted,
26347642,0568000,LOUISVILLE METRO POLICE DEPT,Accepted,JEFFERSON,KY1934,,CANE RUN,RD,,,MARGEE,,,,,38.192526490,-85.846235318,8.504,2/13/2020 12:00:00 AM,0754,2,2,0,0,RAINING,WET,False,OTHER INTERSECTION COLLISIONS,REAR END,STRAIGHT & LEVEL,DAYLIGHT,,,2/14/2020 8:38:18 AM,False,7346,Accepted,
26347645,0568000,LOUISVILLE METRO POLICE DEPT,Accepted,JEFFERSON,KY3084,,OLD HENRY,RD,,I 0265,I265 N EXIT29 ON RAMP FROM KY3084,,,,,38.271852677,-85.496398448,1.436,2/13/2020 12:00:00 AM,1147,3,3,0,0,CLOUDY,DRY,False,OTHER INTERSECTION COLLISIONS,REAR END,STRAIGHT & LEVEL,DAYLIGHT,,,2/14/2020 8:38:33 AM,False,7337,Accepted,
26347675,0568000,LOUISVILLE METRO POLICE DEPT,Accepted,JEFFERSON,US0031E,,BARDSTOWN,RD,,,WAHL ST BLVD,,,,,38.187266973,-85.637854809,9.436,2/13/2020 12:00:00 AM,1805,2,2,0,0,CLEAR,DRY,False,OTHER INTERSECTION COLLISIONS,REAR END,STRAIGHT & LEVEL,DAYLIGHT,,,2/14/2020 8:40:46 AM,False,7739,Accepted,
26347682,0568000,LOUISVILLE METRO POLICE DEPT,Accepted,JEFFERSON,KY1865,,TAYLOR,BLVD,,,BICKNELL,,,,,38.183108831,-85.783760936,5.285,2/13/2020 12:00:00 AM,0950,2,2,0,0,RAINING,WET,False,OTHER INTERSECTION COLLISIONS,REAR END,STRAIGHT & LEVEL,DAYLIGHT,,,2/14/2020 8:41:24 AM,False,2745,Accepted,
26347681,0568000,LOUISVILLE METRO POLICE DEPT,Accepted,JEFFERSON,KY1934,,CANE RUN,RD,,,KRAMERS,,,,,38.201051410,-85.834947723,9.367,2/13/2020 12:00:00 AM,1728,2,2,0,0,CLOUDY,DRY,False,OTHER INTERSECTION COLLISIONS,REAR END,STRAIGHT & LEVEL,DAYLIGHT,,,2/14/2020 8:41:21 AM,False,7420,Accepted,
26347693,0568000,LOUISVILLE METRO POLICE DEPT,Accepted,JEFFERSON,KY1747,,FERN VALLEY,RD,,I 0065,I65 S EXIT128 ON RAMP FROM KY1631 E,,,,,38.157911342,-85.722033245,0.558,2/13/2020 12:00:00 AM,2203,2,2,0,1,CLEAR,DRY,False,OTHER INTERSECTION COLLISIONS,REAR END,STRAIGHT & LEVEL,DARK-HWY LIGHTED/ON,,,2/14/2020 8:42:02 AM,False,7735,Accepted,
26347697,0568000,LOUISVILLE METRO POLICE DEPT,Accepted,JEFFERSON,,,SMYRNA,PKWY,,,BAY PINE,,,,,38.129326081,-85.642703906,0.595,2/13/2020 12:00:00 AM,2047,2,2,0,0,CLEAR,DRY,True,OTHER INTERSECTION COLLISIONS,REAR END,STRAIGHT & LEVEL,DARK-HWY LIGHTED/ON,,,2/14/2020 8:42:15 AM,False,5116,Accepted,
26347678,0568000,LOUISVILLE METRO POLICE DEPT,Accepted,JEFFERSON,KY2052,,SHEPHERDSVILLE,RD,,,MILE OF SUNSHINE,,,,,38.150434949,-85.659860725,0.815,2/13/2020 12:00:00 AM,1707,2,2,0,0,CLEAR,DRY,False,OTHER INTERSECTION COLLISIONS,REAR END,STRAIGHT & LEVEL,DAYLIGHT,,,2/14/2020 8:41:10 AM,False,7484,Accepted,
26347660,0568000,LOUISVILLE METRO POLICE DEPT,Accepted,JEFFERSON,KY0061,,PRESTON,ST,S,I 0065,I65 S EXIT134 ON RAMP FROM  MAGNOLIA AVE,,,,,38.227427139,-85.752057610,10.955,2/13/2020 12:00:00 AM,1510,2,2,0,0,CLOUDY,DRY,False,SIDESWIPE-SAME DIRECTION,SIDESWIPE-SAME DIRECTION,CURVE & HILLCREST,DAYLIGHT,,,2/14/2020 8:39:48 AM,False,7322,Accepted,
26347685,0568000,LOUISVILLE METRO POLICE DEPT,Accepted,JEFFERSON,KY0061,,PRESTON,HWY,,,PRESTWOOD,,,,,38.162657192,-85.700375124,5.798,2/13/2020 12:00:00 AM,0625,2,2,0,0,CLEAR,DRY,False,SIDESWIPE-SAME DIRECTION,SIDESWIPE-SAME DIRECTION,STRAIGHT & LEVEL,DARK-HWY LIGHTED/ON,,,2/14/2020 8:41:34 AM,False,7045,Accepted,
26347680,0568000,LOUISVILLE METRO POLICE DEPT,Accepted,JEFFERSON,KY0864,,FEGENBUSH,LN,,,FENWICK,,,,,38.155177612,-85.636372529,6.086,2/13/2020 12:00:00 AM,1505,2,2,0,0,CLOUDY,DRY,True,SIDESWIPE-SAME DIRECTION,SIDESWIPE-SAME DIRECTION,CURVE & GRADE,DAYLIGHT,,,2/14/2020 8:41:17 AM,False,7338,Accepted,
26347692,0568000,LOUISVILLE METRO POLICE DEPT,Accepted,JEFFERSON,KY1065,,OUTER,LOOP,,,GRADE,,,,,38.130031295,-85.737078569,3.183,2/13/2020 12:00:00 AM,0600,2,2,0,0,RAINING,WET,False,OPPOSING LEFT TURN,OPPOSING LEFT TURN,STRAIGHT & LEVEL,DARK-HWY LIGHTED/ON,,,2/14/2020 8:41:59 AM,False,5040,Accepted,
26347603,0568000,LOUISVILLE METRO POLICE DEPT,Accepted,JEFFERSON,US0031E,,BARDSTOWN,RD,,,LONGEST,,,,,38.235414003,-85.715568650,15.024,2/13/2020 12:00:00 AM,0754,2,2,0,0,CLOUDY,WET,False,OPPOSING LEFT TURN,OPPOSING LEFT TURN,STRAIGHT & LEVEL,DAWN,,,2/14/2020 8:35:56 AM,False,5250,Accepted,
26347609,0568000,LOUISVILLE METRO POLICE DEPT,Accepted,JEFFERSON,US0060A,,TAYLOR,BLVD,,,LONGFIELD,,,,,38.198643101,-85.782787221,1.616,2/13/2020 12:00:00 AM,0922,2,2,0,1,CLOUDY,WET,False,OPPOSING LEFT TURN,OPPOSING LEFT TURN,STRAIGHT & LEVEL,DAYLIGHT,,,2/14/2020 8:36:55 AM,False,7872,Accepted,
26342011,0568000,LOUISVILLE METRO POLICE DEPT,Accepted,JEFFERSON,KY1934,,CANE RUN,RD,,,ROCKFORD,,,,,38.183880331,-85.855336539,7.724,2/13/2020 12:00:00 AM,0539,2,2,0,0,RAINING,WET,False,ANGLE COLLISION - OTHER,ANGLE,STRAIGHT & GRADE,DARK (UNKNOWN ROADWAY LIGHTING),,,2/13/2020 8:36:47 AM,False,5059,Accepted,
26342007,0568000,LOUISVILLE METRO POLICE DEPT,Accepted,JEFFERSON,,,6TH,ST,S,,MAGNOLIA,,,,,38.229460430,-85.764681021,1.917,2/13/2020 12:00:00 AM,0042,2,2,0,1,CLEAR,WET,False,ANGLE COLLISION - OTHER,ANGLE,STRAIGHT & LEVEL,DARK-HWY LIGHTED/ON,,,2/13/2020 8:36:34 AM,False,5186,Accepted,
26342016,0568000,LOUISVILLE METRO POLICE DEPT,Accepted,JEFFERSON,,,1ST,ST,S,US0031E,MARKET,,,,,38.254681978,-85.751804701,0.097,2/13/2020 12:00:00 AM,0646,2,2,0,2,RAINING,WET,False,ANGLE COLLISION - OTHER,ANGLE,STRAIGHT & LEVEL,DARK-HWY LIGHTED/ON,,,2/13/2020 8:37:00 AM,False,7325,Accepted,
26347632,0568000,LOUISVILLE METRO POLICE DEPT,Accepted,JEFFERSON,KY0155,,TAYLORSVILLE,RD,,I 0265,I265 E EXIT23 ON RAMP FROM KY155,,,,,38.189178848,-85.507738120,5.987,2/13/2020 12:00:00 AM,0805,2,2,0,0,RAINING,WET,False,ANGLE COLLISION - OTHER,ANGLE,STRAIGHT & LEVEL,DAYLIGHT,,,2/14/2020 8:37:41 AM,False,2017,Accepted,
26347584,0568000,LOUISVILLE METRO POLICE DEPT,Accepted,JEFFERSON,US0031W,,DIXIE,HWY,,,KERRICK,,,,,38.153394650,-85.835894095,12.274,2/13/2020 12:00:00 AM,0643,4,4,0,0,RAINING,WET,False,ANGLE COLLISION - OTHER,ANGLE,STRAIGHT & LEVEL,DAWN,,,2/14/2020 8:35:03 AM,False,7340,Accepted,
26347602,0568000,LOUISVILLE METRO POLICE DEPT,Accepted,JEFFERSON,US0060,,SHELBYVILLE,RD,,,LAKE FOREST,,,,,38.240530770,-85.493545335,12.579,2/13/2020 12:00:00 AM,0835,2,2,0,0,RAINING,WET,False,ANGLE COLLISION - OTHER,ANGLE,STRAIGHT & LEVEL,DAYLIGHT,,,2/14/2020 8:35:52 AM,False,6953,Accepted,
26347698,0568000,LOUISVILLE METRO POLICE DEPT,Accepted,JEFFERSON,,,7TH,ST,S,US0031W,MARKET,,,,,38.255769536,-85.761736944,2.671,2/13/2020 12:00:00 AM,0604,2,2,0,0,RAINING,WET,False,ANGLE COLLISION - OTHER,ANGLE,STRAIGHT & LEVEL,DARK-HWY LIGHTED/ON,,,2/14/2020 8:42:18 AM,False,7823,Accepted,
27785054,0568000,LOUISVILLE METRO POLICE DEPT,Accepted,JEFFERSON,US0031W,,DIXIE,HWY,,,CITATION,,,,,38.113276789,-85.862544818,9.085,2/13/2020 12:00:00 AM,1557,3,3,0,1,CLOUDY,WET,False,ANGLE COLLISION - OTHER,ANGLE,STRAIGHT & LEVEL,DAYLIGHT,,,2/15/2021 11:20:49 AM,False,5304,Accepted,
26347663,0568000,LOUISVILLE METRO POLICE DEPT,Accepted,JEFFERSON,,,GARDINER,LN,,,SHERBROOKE,,,,,38.210559087,-85.676180822,0.960,2/13/2020 12:00:00 AM,1440,2,2,0,0,CLOUDY,DRY,False,ANGLE COLLISION - OTHER,ANGLE,STRAIGHT & LEVEL,DAYLIGHT,,,2/14/2020 8:39:58 AM,False,7306,Accepted,
26347669,0568000,LOUISVILLE METRO POLICE DEPT,Accepted,JEFFERSON,KY1065,,OUTER,LOOP,,,NOLTEMEYER WYNDE,,,,,38.138271732,-85.680466159,6.414,2/13/2020 12:00:00 AM,1252,2,2,0,0,CLOUDY,DRY,False,ANGLE COLLISION - OTHER,ANGLE,STRAIGHT & LEVEL,DAYLIGHT,,,2/14/2020 8:40:15 AM,False,4693,Accepted,
26391141,0568000,LOUISVILLE METRO POLICE DEPT,Accepted,JEFFERSON,,,4TH,ST,S,,BLOOM,,,,,38.222075484,-85.762586927,2.405,2/13/2020 12:00:00 AM,1904,2,2,0,0,CLEAR,DRY,False,ANGLE COLLISION - OTHER,ANGLE,STRAIGHT & LEVEL,DARK (UNKNOWN ROADWAY LIGHTING),,,2/19/2020 8:24:44 AM,False,5050,Accepted,
26347659,0568000,LOUISVILLE METRO POLICE DEPT,Accepted,JEFFERSON,,,JEFFERSON,ST,W,,19TH,,,,,38.256564228,-85.781885809,1.633,2/13/2020 12:00:00 AM,1425,3,3,0,3,CLOUDY,DRY,False,ANGLE COLLISION - ONE VEHICLE TURNING LEFT,ANGLE,STRAIGHT & LEVEL,DAYLIGHT,,,2/14/2020 8:39:43 AM,False,7805,Accepted,
26391061,0568000,LOUISVILLE METRO POLICE DEPT,Accepted,JEFFERSON,,,4TH,ST,S,,MUHAMMAD ALI,,,,,38.250851682,-85.757600270,0.402,2/13/2020 12:00:00 AM,1843,2,2,0,0,CLEAR,DRY,False,COLLISION WITH PARKED VEHICLE,REAR END,STRAIGHT & LEVEL,DARK-HWY LIGHTED/ON,,,2/19/2020 8:19:50 AM,False,5168,Accepted,
26347701,0568000,LOUISVILLE METRO POLICE DEPT,Accepted,JEFFERSON,,,34TH,ST,S,,HALE,,,,,38.240319039,-85.810016249,1.540,2/13/2020 12:00:00 AM,2328,2,2,0,0,CLEAR,DRY,False,COLLISION WITH PARKED VEHICLE,REAR END,STRAIGHT & LEVEL,DARK-HWY LIGHTED/ON,,,2/14/2020 8:42:28 AM,False,7481,Accepted,
26341971,0568000,LOUISVILLE METRO POLICE DEPT,Accepted,JEFFERSON,,,FLOYD,ST,S,,JACOB,,,,,38.243979030,-85.749914847,0.815,2/12/2020 12:00:00 AM,1354,2,2,0,0,RAINING,WET,False,COLLISION WITH PARKED VEHICLE,REAR END,STRAIGHT & LEVEL,DAYLIGHT,,,2/13/2020 8:34:34 AM,False,7407,Accepted,
26341986,0568000,LOUISVILLE METRO POLICE DEPT,Accepted,JEFFERSON,,1785,HILL,ST,W,,DIXIE,,,,,38.228394486,-85.790299168,1.829,2/12/2020 12:00:00 AM,1850,2,2,0,1,RAINING,WET,False,COLLISION WITH PARKED VEHICLE,SIDESWIPE-SAME DIRECTION,STRAIGHT & LEVEL,DARK-HWY LIGHTED/ON,,,2/13/2020 8:35:20 AM,False,5273,Accepted,
26347604,0568000,LOUISVILLE METRO POLICE DEPT,Accepted,JEFFERSON,,2,5TH,ST,S,US0031W,MARKET,,,,,38.255407528,-85.758423768,3.712,2/12/2020 12:00:00 AM,1726,2,2,0,0,CLOUDY,WATER (STANDING OR MOVING),True,ANGLE COLLISION - ONE VEHICLE TURNING LEFT,ANGLE,STRAIGHT & LEVEL,DARK-HWY LIGHTED/ON,,,2/14/2020 8:36:01 AM,False,5187,Accepted,
26347596,0568000,LOUISVILLE METRO POLICE DEPT,Accepted,JEFFERSON,KY0061,,PRESTON,ST,S,US0150,BROADWAY,,,,,38.245309948,-85.747578081,12.575,2/12/2020 12:00:00 AM,1629,2,1,0,1,RAINING,WET,False,COLLISION WITH PEDESTRIAN IN INTERSECTION,SINGLE VEHICLE,STRAIGHT & LEVEL,DAYLIGHT,,,2/14/2020 8:35:27 AM,False,7786,Accepted,
26347706,0568000,LOUISVILLE METRO POLICE DEPT,Accepted,JEFFERSON,,,4TH,ST,S,,CREEL,,,,,38.212926653,-85.764193063,3.041,2/12/2020 12:00:00 AM,2242,2,2,0,0,RAINING,WET,False,COLLISION WITH FIXED OBJECT IN INTERSECTION - FIRST EVENT COLLISION 09 - 32,ANGLE,STRAIGHT & LEVEL,DUSK,,,2/14/2020 8:42:42 AM,False,7291,Accepted,
26341944,0568000,LOUISVILLE METRO POLICE DEPT,Accepted,JEFFERSON,,,3RD,ST,S,,KENWOOD,,,,,38.178804064,-85.766716529,1.511,2/12/2020 12:00:00 AM,1719,1,1,0,0,RAINING,WET,False,COLLISION WITH FIXED OBJECT IN INTERSECTION - FIRST EVENT COLLISION 09 - 32,SINGLE VEHICLE,STRAIGHT & LEVEL,DAYLIGHT,,,2/13/2020 8:33:02 AM,False,7301,Accepted,
26369387,0568000,LOUISVILLE METRO POLICE DEPT,Accepted,JEFFERSON,US0031E,,BARDSTOWN,RD,,,WROCKLAGE,,,,,38.224029585,-85.688930446,13.353,2/12/2020 12:00:00 AM,0340,2,1,0,0,CLEAR,DRY,True,COLLISION WITH PEDESTRIAN IN INTERSECTION,SINGLE VEHICLE,STRAIGHT & LEVEL,DARK-HWY LIGHTED/ON,,,2/17/2020 9:11:32 AM,False,7544,Accepted,
26385163,0568000,LOUISVILLE METRO POLICE DEPT,Accepted,JEFFERSON,US0150,,BROADWAY,,W,,8TH,,,,,38.246715969,-85.765045014,2.022,2/12/2020 12:00:00 AM,1425,2,2,0,0,CLOUDY,WET,False,ANGLE COLLISION - OTHER,ANGLE,STRAIGHT & LEVEL,DAYLIGHT,,,2/18/2020 8:23:55 AM,False,5173,Accepted,
26385138,0568000,LOUISVILLE METRO POLICE DEPT,Accepted,JEFFERSON,,,STRAWBERRY,LN,,,ESTELE,,,,,38.159558389,-85.762732796,0.144,2/12/2020 12:00:00 AM,1609,3,3,0,0,RAINING,WET,False,ANGLE COLLISION - OTHER,ANGLE,STRAIGHT & LEVEL,DAYLIGHT,,,2/18/2020 8:22:30 AM,False,7053,Accepted,
26391106,0568000,LOUISVILLE METRO POLICE DEPT,Accepted,JEFFERSON,KY2054,,ALGONQUIN,PKWY,,US0060A,WINKLER,,,,,38.210889015,-85.769622938,3.297,2/12/2020 12:00:00 AM,1732,3,3,0,0,RAINING,WET,False,ANGLE COLLISION - OTHER,ANGLE,STRAIGHT & LEVEL,DARK-HWY LIGHTED/ON,,,2/19/2020 8:23:00 AM,False,7398,Accepted,
26348390,0568000,LOUISVILLE METRO POLICE DEPT,Accepted,JEFFERSON,,,ROY WILKINS,AVE,,,CHESTNUT,,,,,38.249851277,-85.765775641,0.520,2/12/2020 12:00:00 AM,1900,2,1,0,7,RAINING,WET,False,ANGLE COLLISION - OTHER,ANGLE,STRAIGHT & LEVEL,DARK-HWY LIGHTED/ON,,,2/14/2020 11:37:11 AM,False,2855,Accepted,
26341972,0568000,LOUISVILLE METRO POLICE DEPT,Accepted,JEFFERSON,KY0061,,PRESTON,ST,S,US0060A,EASTERN,,,,,38.214590903,-85.743110623,10.128,2/12/2020 12:00:00 AM,1531,2,2,0,0,RAINING,WET,False,ANGLE COLLISION - OTHER,ANGLE,STRAIGHT & LEVEL,DAYLIGHT,,,2/13/2020 8:34:37 AM,False,7322,Accepted,
26342003,0568000,LOUISVILLE METRO POLICE DEPT,Accepted,JEFFERSON,,,ROY WILKINS,AVE,,,JEFFERSON,,,,,38.254701031,-85.765148702,0.205,2/12/2020 12:00:00 AM,2316,2,2,0,0,RAINING,WET,False,ANGLE COLLISION - OTHER,ANGLE,STRAIGHT & LEVEL,DARK-HWY LIGHTED/ON,,,2/13/2020 8:36:25 AM,False,5271,Accepted,
26341931,0568000,LOUISVILLE METRO POLICE DEPT,Accepted,JEFFERSON,KY1932,,BRECKENRIDGE,LN,,,COUNTRY ACRES,,,,,38.183940290,-85.626322353,0.191,2/12/2020 12:00:00 AM,1537,2,2,0,0,RAINING,WET,False,ANGLE COLLISION - OTHER,ANGLE,STRAIGHT & LEVEL,DAYLIGHT,,,2/13/2020 8:32:19 AM,False,7338,Accepted,
26341836,0568000,LOUISVILLE METRO POLICE DEPT,Accepted,JEFFERSON,KY1020,,SOUTHSIDE,DR,,,ROBERTS,,,,,38.157931462,-85.764693394,6.077,2/12/2020 12:00:00 AM,0858,2,2,0,0,CLEAR,DRY,False,ANGLE COLLISION - OTHER,ANGLE,STRAIGHT & LEVEL,DAYLIGHT,,,2/13/2020 8:30:18 AM,False,7139,Accepted,
26347674,0568000,LOUISVILLE METRO POLICE DEPT,Accepted,JEFFERSON,,,ST CATHERINE,ST,W,,1ST,,,,,38.236876345,-85.754928002,,2/12/2020 12:00:00 AM,1053,2,2,0,2,CLOUDY,DRY,False,ANGLE COLLISION - OTHER,ANGLE,STRAIGHT & LEVEL,DAYLIGHT,,,2/14/2020 8:40:41 AM,False,7441,Accepted,
26341946,0568000,LOUISVILLE METRO POLICE DEPT,Accepted,JEFFERSON,,,BANK,ST,,,17TH,,,,,38.262167686,-85.777683297,0.441,2/12/2020 12:00:00 AM,1520,2,2,0,2,RAINING,WET,False,ANGLE COLLISION - OTHER,ANGLE,STRAIGHT & LEVEL,DAYLIGHT,,,2/13/2020 8:33:08 AM,False,5124,Accepted,
26341991,0568000,LOUISVILLE METRO POLICE DEPT,Accepted,JEFFERSON,,,2ND,ST,S,,WOODLAWN,,,,,38.181356597,-85.764631088,0.885,2/12/2020 12:00:00 AM,2133,2,2,0,0,RAINING,WET,False,ANGLE COLLISION - OTHER,ANGLE,STRAIGHT & LEVEL,DARK-HWY LIGHTED/ON,,,2/13/2020 8:35:42 AM,False,7963,Accepted,
26341851,0568000,LOUISVILLE METRO POLICE DEPT,Accepted,JEFFERSON,,,DUNCAN,ST,,US0150,22ND,,,,,38.262645505,-85.785875321,0.485,2/12/2020 12:00:00 AM,0926,2,2,0,1,CLOUDY,WET,False,ANGLE COLLISION - OTHER,ANGLE,CURVE & LEVEL,DAYLIGHT,,,2/13/2020 8:31:09 AM,False,7361,Accepted,
26339603,0561000,JEFFERSONTOWN POLICE DEPT,Accepted,JEFFERSON,KY1747,,HURSTBOURNE,PKWY,S,I 0064,I64 E EXIT15A OFF RAMP TO KY1747,,,,,38.220394286,-85.581058558,11.659,2/12/2020 12:00:00 AM,1122,2,2,0,0,RAINING,WET,True,ANGLE COLLISION - OTHER,ANGLE,STRAIGHT & LEVEL,DAYLIGHT,,,2/12/2020 4:42:59 PM,False,8291,Accepted,
26341969,0568000,LOUISVILLE METRO POLICE DEPT,Accepted,JEFFERSON,,,FLOYD,ST,S,,DENNY CRUM OVERPASS,,,,,38.203132210,-85.757107321,3.628,2/12/2020 12:00:00 AM,1601,2,2,0,0,RAINING,WET,False,OPPOSING LEFT TURN,OPPOSING LEFT TURN,STRAIGHT & LEVEL,DAYLIGHT,,,2/13/2020 8:34:27 AM,False,7872,Accepted,
26341945,0568000,LOUISVILLE METRO POLICE DEPT,Accepted,JEFFERSON,US0060,,SHELBYVILLE,RD,,,LYNDON,,,,,38.248214721,-85.598896243,6.656,2/12/2020 12:00:00 AM,1645,2,2,0,0,RAINING,WET,False,OPPOSING LEFT TURN,OPPOSING LEFT TURN,STRAIGHT & LEVEL,DAYLIGHT,,,2/13/2020 8:33:05 AM,False,6406,Accepted,
26341997,0568000,LOUISVILLE METRO POLICE DEPT,Accepted,JEFFERSON,,,SIX MILE,LN,,,HURSTBOURNE RIDGE,,,,,38.199090119,-85.606482464,2.673,2/12/2020 12:00:00 AM,2235,2,2,0,0,RAINING,WET,False,OPPOSING LEFT TURN,OPPOSING LEFT TURN,STRAIGHT & LEVEL,DARK-HWY NOT LIGHTED,,,2/13/2020 8:36:03 AM,False,6668,Accepted,
26414868,0568000,LOUISVILLE METRO POLICE DEPT,Accepted,JEFFERSON,US0150,,BROADWAY,,W,KY1020,3RD,,,,,38.246032329,-85.756684778,2.470,2/12/2020 12:00:00 AM,1750,2,2,0,0,RAINING,WET,False,SIDESWIPE-SAME DIRECTION,SIDESWIPE-SAME DIRECTION,STRAIGHT & GRADE,DARK-HWY LIGHTED/ON,,,2/24/2020 9:18:49 AM,False,2661,Accepted,
26391105,0568000,LOUISVILLE METRO POLICE DEPT,Accepted,JEFFERSON,KY1020,,3RD,ST,S,,BRANDEIS,,,,,38.219343995,-85.761383863,10.239,2/12/2020 12:00:00 AM,1600,2,2,0,0,RAINING,WET,True,SIDESWIPE-SAME DIRECTION,SIDESWIPE-SAME DIRECTION,CURVE & LEVEL,DAYLIGHT,,,2/19/2020 8:22:57 AM,False,7398,Accepted,
26347691,0568000,LOUISVILLE METRO POLICE DEPT,Accepted,JEFFERSON,,,MADISON,ST,E,,HANCOCK,,,,,38.248502647,-85.743061136,0.315,2/12/2020 12:00:00 AM,2352,2,2,0,0,CLOUDY,WET,False,OPPOSITE DIRECTION - BOTH VEHICLES GOING STRAIGHT AHEAD,SIDESWIPE-OPPOSITE DIRECTION,STRAIGHT & LEVEL,DARK-HWY LIGHTED/ON,,,2/14/2020 8:41:55 AM,False,5254,Accepted,
26347612,0568000,LOUISVILLE METRO POLICE DEPT,Accepted,JEFFERSON,KY1020,,3RD,ST,S,US0150,BROADWAY,,,,,38.246248897,-85.756714247,12.085,2/12/2020 12:00:00 AM,1530,2,2,0,0,RAINING,WET,False,VEHICLE BACKING IN INTERSECTION,BACKING,STRAIGHT & LEVEL,DAYLIGHT,,,2/14/2020 8:37:10 AM,False,5168,Accepted,
26341967,0568000,LOUISVILLE METRO POLICE DEPT,Accepted,JEFFERSON,KY1020,,KENWOOD,WAY,W,,SOUTHERN,,,,,38.181726390,-85.768366608,7.830,2/12/2020 12:00:00 AM,1711,2,2,0,0,RAINING,WET,True,VEHICLE BACKING IN INTERSECTION,BACKING,STRAIGHT & LEVEL,DARK-HWY LIGHTED/ON,,,2/13/2020 8:34:19 AM,False,5260,Accepted,
26369327,0568000,LOUISVILLE METRO POLICE DEPT,Accepted,JEFFERSON,I 0065,,I65 S,,,I 0065,I65 S EXIT125 OFF RAMP,,,,,38.121846226,-85.701991787,125.621,2/12/2020 12:00:00 AM,1644,2,2,0,0,RAINING,WET,False,OTHER INTERSECTION COLLISIONS,REAR END,STRAIGHT & LEVEL,DUSK,,,2/17/2020 9:08:01 AM,False,7720,Accepted,
26341980,0568000,LOUISVILLE METRO POLICE DEPT,Accepted,JEFFERSON,US0060A,,EASTERN,PKWY,,,NORRIS,,,,,38.230774249,-85.711525044,6.675,2/12/2020 12:00:00 AM,1525,3,3,0,0,RAINING,WET,False,OTHER INTERSECTION COLLISIONS,REAR END,STRAIGHT & GRADE,DAYLIGHT,,,2/13/2020 8:35:00 AM,False,5006,Accepted,
26341979,0568000,LOUISVILLE METRO POLICE DEPT,Accepted,JEFFERSON,,,BLUEGRASS,AVE,,KY1865,TAYLOR,,,,,38.179603905,-85.783273912,0.852,2/12/2020 12:00:00 AM,1511,2,2,0,0,RAINING,WET,False,OTHER INTERSECTION COLLISIONS,REAR END,STRAIGHT & LEVEL,DAYLIGHT,,,2/13/2020 8:34:57 AM,False,5111,Accepted,
26336851,0568000,LOUISVILLE METRO POLICE DEPT,Accepted,JEFFERSON,US0042,,STORY,AVE,,,FRANKFORT,,,,,38.258890221,-85.721308449,0.684,2/12/2020 12:00:00 AM,0001,2,2,0,0,CLEAR,DRY,False,OTHER INTERSECTION COLLISIONS,REAR END,STRAIGHT & GRADE,DARK-HWY LIGHTED/ON,,,2/12/2020 8:23:01 AM,False,5295,Accepted,
26341918,0568000,LOUISVILLE METRO POLICE DEPT,Accepted,JEFFERSON,US0031E,,BARDSTOWN,RD,,,MEADOWBROOK,,,,,38.189223006,-85.641803001,9.728,2/12/2020 12:00:00 AM,1440,2,2,0,0,RAINING,WET,False,OTHER INTERSECTION COLLISIONS,REAR END,STRAIGHT & LEVEL,DAYLIGHT,,,2/13/2020 8:32:01 AM,False,7338,Accepted,
26341833,0568000,LOUISVILLE METRO POLICE DEPT,Accepted,JEFFERSON,,,ADAMS,ST,,US0042,STORY,,,,,38.257328948,-85.724956742,0.002,2/12/2020 12:00:00 AM,0946,2,2,0,0,CLOUDY,DRY,False,OTHER INTERSECTION COLLISIONS,REAR END,STRAIGHT & LEVEL,DAYLIGHT,,,2/13/2020 8:30:01 AM,False,7216,Accepted,
26347607,0568000,LOUISVILLE METRO POLICE DEPT,Accepted,JEFFERSON,,,3RD,ST,S,,AMHERST,,,,,38.174714090,-85.767430916,1.664,2/12/2020 12:00:00 AM,0730,2,2,0,0,CLOUDY,DRY,False,OTHER INTERSECTION COLLISIONS,REAR END,STRAIGHT & LEVEL,DAYLIGHT,,,2/14/2020 8:36:43 AM,False,7301,Accepted,