IncidentID,AgencyORI,AgencyName,IncidentStatusDesc,County,RdwyNumber,Street,RoadwayName,StreetSfx,StreetDir,IntersectionRdwy,IntersectionRdwyName,BetweenStRdwy1,BetweenStRdwyName1,BetweenStRdwy2,BetweenStRdwyName2,Latitude,Longitude,Milepoint,CollisionDate,CollisionTime,UnitsInvolved,MotorVehiclesInvolved,NumberKilled,NumberInjured,Weather,RdwyConditionCode,HitandRun,DirAnalysisCode,MannerofCollision,RdwyCharacter,LightCondition,RampFromRdwyId,RampToRdwyId,AcceptedDate,IsSecondaryCollision,OwnerBadge,IncidentStatus,
26341928,0568000,LOUISVILLE METRO POLICE DEPT,Accepted,JEFFERSON,KY0864,,POPLAR LEVEL,RD,,,QUAIL HOLLOW,,,,,38.180290971,-85.694155943,10.005,2/12/2020 12:00:00 AM,1509,2,2,0,1,RAINING,WET,False,OTHER INTERSECTION COLLISIONS,REAR END,STRAIGHT & LEVEL,DAYLIGHT,,,2/13/2020 8:32:15 AM,False,7830,Accepted,
26341936,0568000,LOUISVILLE METRO POLICE DEPT,Accepted,JEFFERSON,KY1747,,FERN VALLEY,RD,,I 0065,I65 S EXIT128 OFF RAMP TO KY1631 W,,,,,38.157890133,-85.722805356,0.528,2/12/2020 12:00:00 AM,1624,2,2,0,0,RAINING,WET,False,OTHER INTERSECTION COLLISIONS,REAR END,STRAIGHT & LEVEL,DAYLIGHT,,,2/13/2020 8:32:36 AM,False,7269,Accepted,
26341957,0568000,LOUISVILLE METRO POLICE DEPT,Accepted,JEFFERSON,US0031E,,BARDSTOWN,RD,,,IONA,,,,,38.152678462,-85.588591663,5.755,2/12/2020 12:00:00 AM,1730,3,3,0,0,RAINING,WET,False,OTHER INTERSECTION COLLISIONS,REAR TO REAR,STRAIGHT & LEVEL,DARK-HWY NOT LIGHTED,,,2/13/2020 8:33:37 AM,False,7486,Accepted,
26341976,0568000,LOUISVILLE METRO POLICE DEPT,Accepted,JEFFERSON,KY1747,,HURSTBOURNE,PKWY,S,,BUNSEN,,,,,38.219031240,-85.584145359,11.452,2/12/2020 12:00:00 AM,1005,2,2,0,0,RAINING,WET,False,OTHER INTERSECTION COLLISIONS,REAR END,STRAIGHT & LEVEL,DAYLIGHT,,,2/13/2020 8:34:47 AM,False,5247,Accepted,
26341921,0568000,LOUISVILLE METRO POLICE DEPT,Accepted,JEFFERSON,US0031E,,BARDSTOWN,RD,,,WEBER,,,,,38.223567483,-85.686821592,13.253,2/12/2020 12:00:00 AM,1424,3,3,0,0,CLEAR,WET,False,SIDESWIPE-SAME DIRECTION,SIDESWIPE-SAME DIRECTION,STRAIGHT & LEVEL,DAYLIGHT,,,2/13/2020 8:32:07 AM,False,5250,Accepted,
26341985,0568000,LOUISVILLE METRO POLICE DEPT,Accepted,JEFFERSON,,,15TH,ST,S,,HILL,,,,,38.227954473,-85.780124629,0.170,2/12/2020 12:00:00 AM,1500,2,2,0,0,CLOUDY,WET,False,SIDESWIPE-SAME DIRECTION,SIDESWIPE-SAME DIRECTION,STRAIGHT & LEVEL,DAYLIGHT,,,2/13/2020 8:35:17 AM,False,5273,Accepted,
26347664,0568000,LOUISVILLE METRO POLICE DEPT,Accepted,JEFFERSON,US0031E,,BARDSTOWN,RD,,,TYLER,,,,,38.217806296,-85.677416560,12.593,2/12/2020 12:00:00 AM,1829,2,2,0,0,RAINING,WET,True,SIDESWIPE-SAME DIRECTION,SIDESWIPE-SAME DIRECTION,STRAIGHT & LEVEL,DARK-HWY LIGHTED/ON,,,2/14/2020 8:40:01 AM,False,7306,Accepted,
26341964,0568000,LOUISVILLE METRO POLICE DEPT,Accepted,JEFFERSON,KY1020,,2ND,ST,S,,YORK,,,,,38.243813985,-85.755400548,11.996,2/12/2020 12:00:00 AM,1222,2,2,0,2,RAINING,WET,False,SIDESWIPE-SAME DIRECTION,SIDESWIPE-SAME DIRECTION,STRAIGHT & LEVEL,DAYLIGHT,,,2/13/2020 8:34:05 AM,False,7441,Accepted,
26341981,0568000,LOUISVILLE METRO POLICE DEPT,Accepted,JEFFERSON,US0031E,,BARDSTOWN,RD,,,MURRAY,,,,,38.229879021,-85.703225546,14.270,2/12/2020 12:00:00 AM,1009,2,2,0,2,CLOUDY,DRY,False,SIDESWIPE-SAME DIRECTION,SIDESWIPE-SAME DIRECTION,STRAIGHT & LEVEL,DAYLIGHT,,,2/13/2020 8:35:04 AM,False,7960,Accepted,
26341987,0568000,LOUISVILLE METRO POLICE DEPT,Accepted,JEFFERSON,I 0065,,I65 S,,,I 0065,I65 S EXIT131A RAMP TO I264 E,,,,,38.196001395,-85.733629671,131.187,2/12/2020 12:00:00 AM,1830,2,2,0,0,RAINING,WET,False,SIDESWIPE-SAME DIRECTION,SIDESWIPE-SAME DIRECTION,STRAIGHT & LEVEL,DARK-HWY LIGHTED/ON,,,2/13/2020 8:35:23 AM,False,7862,Accepted,
26347631,0568000,LOUISVILLE METRO POLICE DEPT,Accepted,JEFFERSON,KY1020,,SOUTHERN,PKWY,,I 0264,I264 E EXIT10 OFF RAMP TO KY1020,,,,,38.190386088,-85.766718600,8.433,2/12/2020 12:00:00 AM,1902,2,2,0,0,RAINING,WET,True,SIDESWIPE-SAME DIRECTION,SIDESWIPE-SAME DIRECTION,STRAIGHT & LEVEL,DARK-HWY LIGHTED/ON,,,2/14/2020 8:37:33 AM,False,5260,Accepted,
26341965,0568000,LOUISVILLE METRO POLICE DEPT,Accepted,JEFFERSON,KY1020,,3RD,ST,S,,KENTUCKY,,,,,38.238752456,-85.757975682,11.598,2/12/2020 12:00:00 AM,1637,2,2,0,0,RAINING,WET,False,SIDESWIPE-SAME DIRECTION,SIDESWIPE-SAME DIRECTION,STRAIGHT & LEVEL,DAYLIGHT,,,2/13/2020 8:34:09 AM,False,7441,Accepted,
26385141,0568000,LOUISVILLE METRO POLICE DEPT,Accepted,JEFFERSON,,617,MUHAMMAD ALI,BLVD,E,,,,HANCOCK,,CLAY,38.249496394,-85.742357701,0.480,2/12/2020 12:00:00 AM,1830,2,2,0,0,RAINING,WET,True,1 VEHICLE PARKED POSITION (NOT PARKING LOT/DRIVEWAY),SIDESWIPE-SAME DIRECTION,STRAIGHT & LEVEL,DARK-HWY LIGHTED/ON,,,2/18/2020 8:22:41 AM,False,6360,Accepted,
26369554,0568000,LOUISVILLE METRO POLICE DEPT,Accepted,JEFFERSON,I 0264,,I264 W,,,,,I 0065,I264 W EXIT12 OFF RAMP TO,I 0264,I264 W EXIT14 ON RAMP FROM KY864,38.191823915,-85.714597420,12.914,2/12/2020 12:00:00 AM,1646,2,2,0,0,RAINING,WET,False,REAR END IN TRAFFIC LANES BOTH VEHICLES MOVING,REAR END,STRAIGHT & LEVEL,DAYLIGHT,,,2/17/2020 9:19:57 AM,False,7938,Accepted,
26391069,0568000,LOUISVILLE METRO POLICE DEPT,Accepted,JEFFERSON,I 0264,,I264 E,,,,,,,,,38.230842205,-85.631430685,18.232,2/12/2020 12:00:00 AM,1512,2,2,0,0,RAINING,WET,False,REAR END IN TRAFFIC LANES BOTH VEHICLES MOVING,REAR END,STRAIGHT & LEVEL,DAYLIGHT,,,2/19/2020 8:20:21 AM,False,8278,Accepted,
26341982,0568000,LOUISVILLE METRO POLICE DEPT,Accepted,JEFFERSON,,1929,YALE,DR,,,,,,,,38.222354684,-85.693744646,0.063,2/12/2020 12:00:00 AM,1256,1,1,0,0,RAINING,WET,False,RAN OFF ROADWAY (1 VEHICLE WITH/EARTH EMBANKMENT/DITCH),SINGLE VEHICLE,STRAIGHT & LEVEL,DAYLIGHT,,,2/13/2020 8:35:07 AM,False,7960,Accepted,
26341961,0568000,LOUISVILLE METRO POLICE DEPT,Accepted,JEFFERSON,KY1531,,ROUTT,RD,,,,,,,,38.169343382,-85.470664076,4.990,2/12/2020 12:00:00 AM,1607,1,1,0,0,RAINING,WET,False,RAN OFF ROADWAY (1 VEHICLE WITH/EARTH EMBANKMENT/DITCH),SINGLE VEHICLE,CURVE & LEVEL,DAYLIGHT,,,2/13/2020 8:33:53 AM,False,4693,Accepted,
26341907,0568000,LOUISVILLE METRO POLICE DEPT,Accepted,JEFFERSON,,2020,KENILWORTH,PL,,,,,,,,38.228197621,-85.698249284,0.084,2/12/2020 12:00:00 AM,0945,2,2,0,0,CLEAR,DRY,False,1 VEHICLE PARKED POSITION (NOT PARKING LOT/DRIVEWAY),REAR END,STRAIGHT & LEVEL,DAYLIGHT,,,2/13/2020 8:31:49 AM,False,5112,Accepted,
26347665,0568000,LOUISVILLE METRO POLICE DEPT,Accepted,JEFFERSON,,2623,ALANMEDE,RD,,,,,,,,38.218731120,-85.662824975,0.321,2/12/2020 12:00:00 AM,1516,2,2,0,0,RAINING,WET,False,1 VEHICLE PARKED POSITION (NOT PARKING LOT/DRIVEWAY),HEAD ON,STRAIGHT & LEVEL,DAYLIGHT,,,2/14/2020 8:40:05 AM,False,7306,Accepted,
26341955,0568000,LOUISVILLE METRO POLICE DEPT,Accepted,JEFFERSON,,3504,RIVER PARK,DR,,,,,,,,38.254682133,-85.809396004,0.962,2/12/2020 12:00:00 AM,1300,3,3,0,0,CLEAR,WET,False,1 VEHICLE PARKED POSITION (NOT PARKING LOT/DRIVEWAY),SIDESWIPE-SAME DIRECTION,STRAIGHT & LEVEL,DAYLIGHT,,,2/13/2020 8:33:30 AM,False,7112,Accepted,
26341995,0568000,LOUISVILLE METRO POLICE DEPT,Accepted,JEFFERSON,,,ROY WILKINS,AVE,,,,,CHESTNUT,,MUHAMMAD ALI,38.249826427,-85.765839843,0.538,2/12/2020 12:00:00 AM,2200,1,1,0,0,RAINING,WET,True,COLLISION WITH FIXED OBJECT NON - INTERSECTION - FIRST EVENT COLLISION 09 - 32 EXCLUDING 16,SINGLE VEHICLE,STRAIGHT & LEVEL,DARK-HWY LIGHTED/ON,,,2/13/2020 8:35:57 AM,False,7823,Accepted,
26341978,0568000,LOUISVILLE METRO POLICE DEPT,Accepted,JEFFERSON,US0031E,,BARDSTOWN,RD,,,,,LITTLE SPRING,,BARDSTOWN BLUFF,38.095975361,-85.562240349,1.519,2/12/2020 12:00:00 AM,1818,1,1,0,0,RAINING,WET,False,COLLISION WITH FIXED OBJECT NON - INTERSECTION - FIRST EVENT COLLISION 09 - 32 EXCLUDING 16,SINGLE VEHICLE,STRAIGHT & HILLCREST,DARK-HWY NOT LIGHTED,,,2/13/2020 8:34:54 AM,False,7278,Accepted,
26369340,0568000,LOUISVILLE METRO POLICE DEPT,Accepted,JEFFERSON,I 0264,,I264 E,,,,,,,,,38.228933961,-85.634941425,18.000,2/12/2020 12:00:00 AM,1521,2,2,0,0,RAINING,WET,False,COLLISION WITH FIXED OBJECT NON - INTERSECTION - FIRST EVENT COLLISION 09 - 32 EXCLUDING 16,REAR END,STRAIGHT & LEVEL,DUSK,,,2/17/2020 9:08:47 AM,False,2142,Accepted,
26347677,0568000,LOUISVILLE METRO POLICE DEPT,Accepted,JEFFERSON,KY1747,,HURSTBOURNE,PKWY,S,,,,PATRIOTS CROSSING,KY1747,KY1747 CROSSOVER,38.163182015,-85.635014751,5.486,2/12/2020 12:00:00 AM,1734,2,2,0,0,RAINING,WATER (STANDING OR MOVING),False,SIDESWIPE COLLISION - SAME DIRECTION,SIDESWIPE-SAME DIRECTION,CURVE & LEVEL,DARK-HWY NOT LIGHTED,,,2/14/2020 8:40:56 AM,False,7484,Accepted,
26419819,0568000,LOUISVILLE METRO POLICE DEPT,Accepted,JEFFERSON,I 0065,,I65 N,,,,,,,,,38.161740552,-85.720425118,128.593,2/12/2020 12:00:00 AM,1706,2,2,0,0,RAINING,WET,False,SIDESWIPE COLLISION - SAME DIRECTION,SIDESWIPE-SAME DIRECTION,STRAIGHT & GRADE,DAYLIGHT,,,2/25/2020 8:04:59 AM,False,8278,Accepted,
26341838,0568000,LOUISVILLE METRO POLICE DEPT,Accepted,JEFFERSON,,,1ST,ST,S,,,US0031E,MARKET,US0031E,MAIN,38.255495312,-85.752381380,0.047,2/12/2020 12:00:00 AM,1120,2,2,0,0,RAINING,WET,False,1 VEHICLE ENTERING/LEAVING ENTRANCE,ANGLE,STRAIGHT & LEVEL,DAYLIGHT,,,2/13/2020 8:30:31 AM,False,2855,Accepted,
26341953,0568000,LOUISVILLE METRO POLICE DEPT,Accepted,JEFFERSON,,,TUCKER STATION,RD,,,,,,,,38.217851843,-85.524870030,1.901,2/12/2020 12:00:00 AM,1729,2,2,0,0,RAINING,WET,False,1 VEHICLE ENTERING/LEAVING ENTRANCE,ANGLE,STRAIGHT & LEVEL,DAYLIGHT,,,2/13/2020 8:33:23 AM,False,2218,Accepted,
26347590,0568000,LOUISVILLE METRO POLICE DEPT,Accepted,JEFFERSON,,620,LOCUST,LN,,,,,MERHOFF,KY0061,PRESTON,38.207029156,-85.742050910,0.384,2/12/2020 12:00:00 AM,1006,2,2,0,0,CLOUDY,WET,False,1 VEHICLE ENTERING/LEAVING ENTRANCE,ANGLE,STRAIGHT & LEVEL,DAYLIGHT,,,2/14/2020 8:35:08 AM,False,7938,Accepted,
26341977,0568000,LOUISVILLE METRO POLICE DEPT,Accepted,JEFFERSON,,,PIKES PEAK,BLVD,,,,,,,,38.166340924,-85.806437533,0.526,2/12/2020 12:00:00 AM,1813,2,2,0,0,RAINING,WET,True,SIDESWIPE COLLISION - OPPOSITE DIRECTION,SIDESWIPE-OPPOSITE DIRECTION,STRAIGHT & LEVEL,DARK-HWY NOT LIGHTED,,,2/13/2020 8:34:51 AM,False,7331,Accepted,
26341983,0568000,LOUISVILLE METRO POLICE DEPT,Accepted,JEFFERSON,US0031W,,DIXIE,HWY,,,,,CITATION,,KENDALL,38.114895043,-85.861150495,9.221,2/12/2020 12:00:00 AM,1845,2,2,0,0,RAINING,WET,False,1 VEHICLE ENTERING/LEAVING ENTRANCE,ANGLE,STRAIGHT & LEVEL,DARK-HWY NOT LIGHTED,,,2/13/2020 8:35:10 AM,False,5279,Accepted,
26341960,0568000,LOUISVILLE METRO POLICE DEPT,Accepted,JEFFERSON,,,FAIRGROUND,RD,,,,,,,,38.174042421,-85.584104075,1.346,2/12/2020 12:00:00 AM,1420,2,2,0,0,RAINING,WET,False,1 VEHICLE ENTERING/LEAVING ENTRANCE,ANGLE,STRAIGHT & LEVEL,DAYLIGHT,,,2/13/2020 8:33:49 AM,False,4693,Accepted,
26391084,0568000,LOUISVILLE METRO POLICE DEPT,Accepted,JEFFERSON,,,MCNAIR,RD,,,,KY0907,3RD ST,,MANSLICK,38.132150324,-85.792105046,0.042,2/12/2020 12:00:00 AM,1609,2,2,0,0,RAINING,WET,False,SIDESWIPE COLLISION - OPPOSITE DIRECTION,SIDESWIPE-OPPOSITE DIRECTION,STRAIGHT & LEVEL,DAYLIGHT,,,2/19/2020 8:21:29 AM,False,7684,Accepted,
26341863,0568000,LOUISVILLE METRO POLICE DEPT,Accepted,JEFFERSON,,4109,CHENOWETH RUN,RD,,,,,,,,38.183072190,-85.551177415,1.210,2/12/2020 12:00:00 AM,0758,2,2,0,0,CLOUDY,DRY,False,OTHER ROADWAY OR MID-BLOCK COLLISION,REAR END,STRAIGHT & LEVEL,DAYLIGHT,,,2/13/2020 8:31:14 AM,False,2017,Accepted,
26341999,0568000,LOUISVILLE METRO POLICE DEPT,Accepted,JEFFERSON,KY1065,,OUTER,LOOP,,,,,,,,38.136245829,-85.695665175,5.548,2/12/2020 12:00:00 AM,1945,2,2,0,0,RAINING,WET,True,OTHER ROADWAY OR MID-BLOCK COLLISION,REAR END,STRAIGHT & LEVEL,DARK-HWY LIGHTED/ON,,,2/13/2020 8:36:10 AM,False,5040,Accepted,
26339396,0561500,UNIV. OF LOUISVILLE POLICE,Accepted,JEFFERSON,US0060A,200,EASTERN,PKWY,,,,,,,,38.213541189,-85.760190317,3.524,2/12/2020 12:00:00 AM,1021,2,2,0,0,CLOUDY,WET,False,OTHER ROADWAY OR MID-BLOCK COLLISION,REAR TO REAR,STRAIGHT & LEVEL,DAYLIGHT,,,2/12/2020 4:04:22 PM,False,5636,Accepted,
26341940,0568000,LOUISVILLE METRO POLICE DEPT,Accepted,JEFFERSON,US0031W,,DIXIE,HWY,,,,,,,,38.163655257,-85.831098846,12.988,2/12/2020 12:00:00 AM,1421,2,2,0,0,RAINING,WET,False,OTHER ROADWAY OR MID-BLOCK COLLISION,REAR END,STRAIGHT & LEVEL,DAYLIGHT,,,2/13/2020 8:32:51 AM,False,7234,Accepted,
26341990,0568000,LOUISVILLE METRO POLICE DEPT,Accepted,JEFFERSON,KY1727,5901,TERRY,RD,,,,,,,,38.165203371,-85.865605211,3.055,2/12/2020 12:00:00 AM,1954,2,2,0,0,RAINING,WET,False,OTHER ROADWAY OR MID-BLOCK COLLISION,OPPOSING LEFT TURN,STRAIGHT & LEVEL,DARK-HWY LIGHTED/ON,,,2/13/2020 8:35:38 AM,False,5212,Accepted,
26502513,0568000,LOUISVILLE METRO POLICE DEPT,Accepted,JEFFERSON,KY1932,,BRECKENRIDGE,LN,,,,,COUNTRY ACRES,KY1932,KY1932 TURN LANE,38.181519104,-85.626714963,0.025,2/12/2020 12:00:00 AM,1950,2,2,0,0,RAINING,WET,False,1 VEHICLE ENTERING/LEAVING ENTRANCE,ANGLE,STRAIGHT & LEVEL,DARK-HWY LIGHTED/ON,,,3/12/2020 8:50:23 AM,False,6668,Accepted,
26336863,0568000,LOUISVILLE METRO POLICE DEPT,Accepted,JEFFERSON,I 0265,,I265 N,,,,,,,,,38.222634138,-85.505503532,25.473,2/12/2020 12:00:00 AM,0539,4,4,0,0,OTHER,DRY,False,REAR END IN TRAFFIC LANES BOTH VEHICLES MOVING,REAR END,STRAIGHT & LEVEL,DARK-HWY LIGHTED/ON,,,2/12/2020 8:23:39 AM,False,4903,Accepted,
26347644,0568000,LOUISVILLE METRO POLICE DEPT,Accepted,JEFFERSON,I 0264,,I264 E,,,,,,,,,38.190122618,-85.753558924,10.768,2/12/2020 12:00:00 AM,1741,2,2,0,0,RAINING,WET,False,OTHER COLLISIONS ON SHOULDER,SIDESWIPE-SAME DIRECTION,STRAIGHT & LEVEL,DAYLIGHT,,,2/14/2020 8:38:30 AM,False,7830,Accepted,
26341938,0568000,LOUISVILLE METRO POLICE DEPT,Accepted,JEFFERSON,I 0265,,I265 E,,,,,,,,,38.150940546,-85.538001962,19.929,2/12/2020 12:00:00 AM,1737,1,1,0,0,RAINING,WET,False,OTHER COLLISIONS ON SHOULDER,SINGLE VEHICLE,STRAIGHT & LEVEL,DUSK,,,2/13/2020 8:32:43 AM,False,7698,Accepted,
26341970,0568000,LOUISVILLE METRO POLICE DEPT,Accepted,JEFFERSON,I 0065,,I65 S,,,,,,,,,38.253006485,-85.744612371,135.998,2/12/2020 12:00:00 AM,1755,2,2,0,0,RAINING,WET,False,OTHER COLLISIONS ON SHOULDER,SIDESWIPE-SAME DIRECTION,CURVE & LEVEL,DARK-HWY LIGHTED/ON,,,2/13/2020 8:34:30 AM,False,7216,Accepted,
26341911,0568000,LOUISVILLE METRO POLICE DEPT,Accepted,JEFFERSON,,4930,NORTON HEALTHCARE,BLVD,,,,,,,,38.312449972,-85.572111812,0.153,2/12/2020 12:00:00 AM,1229,2,2,0,0,RAINING,WET,False,SIDESWIPE COLLISION - SAME DIRECTION,SIDESWIPE-SAME DIRECTION,STRAIGHT & LEVEL,DAYLIGHT,,,2/13/2020 8:31:53 AM,False,2489,Accepted,
26341988,0568000,LOUISVILLE METRO POLICE DEPT,Accepted,JEFFERSON,I 0065,,I65 N,,,,,,,,,38.254573762,-85.742195744,136.170,2/12/2020 12:00:00 AM,2021,2,2,0,0,RAINING,WET,True,SIDESWIPE COLLISION - SAME DIRECTION,SIDESWIPE-SAME DIRECTION,STRAIGHT & LEVEL,DARK-HWY LIGHTED/ON,,,2/13/2020 8:35:28 AM,False,7316,Accepted,
26341925,0568000,LOUISVILLE METRO POLICE DEPT,Accepted,JEFFERSON,,,35TH,ST,N,,,,,,,38.272098585,-85.804377920,0.144,2/12/2020 12:00:00 AM,1511,2,2,0,0,RAINING,WET,True,SIDESWIPE COLLISION - SAME DIRECTION,SIDESWIPE-SAME DIRECTION,CURVE & LEVEL,DAYLIGHT,,,2/13/2020 8:32:11 AM,False,7988,Accepted,
26342004,0568000,LOUISVILLE METRO POLICE DEPT,Accepted,JEFFERSON,,,GARDINER,LN,,US0031E,BARDSTOWN,,,,,38.212598009,-85.672331863,1.211,2/12/2020 12:00:00 AM,1848,2,2,0,0,RAINING,WET,False,HEAD-ON COLLISION,HEAD ON,STRAIGHT & LEVEL,DARK-HWY LIGHTED/ON,,,2/13/2020 8:36:28 AM,False,5240,Accepted,
26342002,0568000,LOUISVILLE METRO POLICE DEPT,Accepted,JEFFERSON,US0031E,,BARDSTOWN,RD,,KY1065,BEULAH CHURCH,,,,,38.150644625,-85.587598514,5.611,2/12/2020 12:00:00 AM,1935,2,2,0,1,RAINING,WET,False,HEAD-ON COLLISION,HEAD ON,CURVE & LEVEL,DARK-HWY LIGHTED/ON,,,2/13/2020 8:36:21 AM,False,5011,Accepted,
26341897,0568000,LOUISVILLE METRO POLICE DEPT,Accepted,JEFFERSON,I 0065,,I65 N,,,,,,,,,38.090277203,-85.700824626,123.454,2/12/2020 12:00:00 AM,0720,2,2,0,0,CLOUDY,DRY,False,REAR END IN TRAFFIC LANES BOTH VEHICLES MOVING,REAR END,STRAIGHT & LEVEL,DAWN,,,2/13/2020 8:31:37 AM,False,7772,Accepted,
26341993,0568000,LOUISVILLE METRO POLICE DEPT,Accepted,JEFFERSON,KY1934,,CANE RUN,RD,,,,,CLARINET,,DONALD,38.192080026,-85.847041093,8.456,2/12/2020 12:00:00 AM,1915,2,2,0,0,RAINING,WET,False,REAR END IN TRAFFIC LANES BOTH VEHICLES MOVING,REAR END,STRAIGHT & LEVEL,DARK-HWY LIGHTED/OFF,,,2/13/2020 8:35:48 AM,False,2877,Accepted,
26341937,0568000,LOUISVILLE METRO POLICE DEPT,Accepted,JEFFERSON,I 0265,,I265 W,,,,,,,,,38.112111800,-85.670575827,12.000,2/12/2020 12:00:00 AM,0714,2,2,0,0,CLOUDY,DRY,False,REAR END IN TRAFFIC LANES BOTH VEHICLES MOVING,REAR END,STRAIGHT & LEVEL,DAYLIGHT,,,2/13/2020 8:32:39 AM,False,4656,Accepted,
26341998,0568000,LOUISVILLE METRO POLICE DEPT,Accepted,JEFFERSON,KY0864,,BEULAH CHURCH,RD,,,,,,,,38.135913582,-85.613585077,4.133,2/12/2020 12:00:00 AM,2036,2,2,0,0,RAINING,WET,False,REAR END IN TRAFFIC LANES BOTH VEHICLES MOVING,REAR END,STRAIGHT & LEVEL,DARK-HWY LIGHTED/OFF,,,2/13/2020 8:36:07 AM,False,5138,Accepted,
26341994,0568000,LOUISVILLE METRO POLICE DEPT,Accepted,JEFFERSON,,,4TH,ST,S,,,,,,,38.217473587,-85.763515667,2.727,2/12/2020 12:00:00 AM,1835,3,3,0,0,RAINING,WET,True,REAR END IN TRAFFIC LANES BOTH VEHICLES MOVING,REAR END,STRAIGHT & LEVEL,DARK-HWY LIGHTED/ON,,,2/13/2020 8:35:52 AM,False,7360,Accepted,
26341962,0568000,LOUISVILLE METRO POLICE DEPT,Accepted,JEFFERSON,US0031E,,BARDSTOWN,RD,,,,,,,,38.130665153,-85.577539131,4.106,2/12/2020 12:00:00 AM,1707,2,2,0,0,RAINING,WET,False,REAR END IN TRAFFIC LANES BOTH VEHICLES MOVING,REAR END,STRAIGHT & LEVEL,DAYLIGHT,,,2/13/2020 8:33:57 AM,False,4693,Accepted,
26341956,0568000,LOUISVILLE METRO POLICE DEPT,Accepted,JEFFERSON,KY1747,,HURSTBOURNE,PKWY,N,,,,,,,38.303834666,-85.575944168,18.272,2/12/2020 12:00:00 AM,1556,2,2,0,0,RAINING,WET,False,REAR END IN TRAFFIC LANES BOTH VEHICLES MOVING,REAR END,STRAIGHT & LEVEL,DAYLIGHT,,,2/13/2020 8:33:34 AM,False,7839,Accepted,
26369341,0568000,LOUISVILLE METRO POLICE DEPT,Accepted,JEFFERSON,I 0264,,I264 W,,,,,,,,,38.228824679,-85.635612825,17.945,2/12/2020 12:00:00 AM,1642,3,3,0,0,RAINING,WET,False,REAR END IN TRAFFIC LANES BOTH VEHICLES MOVING,REAR END,STRAIGHT & LEVEL,DARK-HWY LIGHTED/ON,,,2/17/2020 9:08:50 AM,False,2142,Accepted,
26336860,0568000,LOUISVILLE METRO POLICE DEPT,Accepted,JEFFERSON,,,CHAMBERLAIN,LN,,,,,WINCHESTER ACRES,I 0265,I265 S EXIT33 OFF RAMP TO  CHAMBERLAIN LN,38.291367163,-85.537522893,1.496,2/12/2020 12:00:00 AM,0343,2,2,0,0,CLOUDY,DRY,False,REAR END IN TRAFFIC LANES BOTH VEHICLES MOVING,REAR END,CURVE & LEVEL,DARK-HWY LIGHTED/ON,,,2/12/2020 8:23:30 AM,False,7159,Accepted,
26341817,0568000,LOUISVILLE METRO POLICE DEPT,Accepted,JEFFERSON,I 0264,,I264 W,,,,,,,,,38.202044233,-85.689005671,14.507,2/12/2020 12:00:00 AM,0740,2,2,0,0,CLOUDY,DRY,False,REAR END IN TRAFFIC LANES BOTH VEHICLES MOVING,REAR END,STRAIGHT & LEVEL,DAWN,,,2/13/2020 8:28:58 AM,False,7306,Accepted,
26341935,0568000,LOUISVILLE METRO POLICE DEPT,Accepted,JEFFERSON,KY1747,4500,HURSTBOURNE,PKWY,S,,,,,,,38.188220520,-85.605365327,8.896,2/12/2020 12:00:00 AM,1533,2,2,0,0,RAINING,WET,False,REAR END IN TRAFFIC LANES BOTH VEHICLES MOVING,REAR END,STRAIGHT & LEVEL,DAYLIGHT,,,2/13/2020 8:32:32 AM,False,7294,Accepted,
26341942,0568000,LOUISVILLE METRO POLICE DEPT,Accepted,JEFFERSON,US0031W,,DIXIE,HWY,,,,,,,,38.143334088,-85.839807330,11.676,2/12/2020 12:00:00 AM,1528,2,2,0,0,RAINING,WET,False,REAR END IN TRAFFIC LANES BOTH VEHICLES MOVING,REAR END,STRAIGHT & LEVEL,DAYLIGHT,,,2/13/2020 8:32:55 AM,False,7234,Accepted,
26341996,0568000,LOUISVILLE METRO POLICE DEPT,Accepted,JEFFERSON,I 0064,,,,,,,,,,,38.275243588,-85.809463488,0.198,2/12/2020 12:00:00 AM,2357,1,1,0,0,RAINING,WET,False,COLLISION WITH FIXED OBJECT NOT IN GORE ,SINGLE VEHICLE,STRAIGHT & LEVEL,DARK-HWY LIGHTED/ON,I 0064,I 0264,2/13/2020 8:36:00 AM,False,7481,Accepted,
26342014,0568000,LOUISVILLE METRO POLICE DEPT,Accepted,JEFFERSON,I 0064,,,,,,,,,,,38.260319109,-85.740162376,0.850,2/12/2020 12:00:00 AM,2042,1,1,0,1,RAINING,WET,False,COLLISION WITH FIXED OBJECT NOT IN GORE ,SINGLE VEHICLE,CURVE & GRADE,DARK-HWY LIGHTED/ON,I 0064,I 0065,2/13/2020 8:36:56 AM,False,7325,Accepted,