IncidentID,AgencyORI,AgencyName,IncidentStatusDesc,County,RdwyNumber,Street,RoadwayName,StreetSfx,StreetDir,IntersectionRdwy,IntersectionRdwyName,BetweenStRdwy1,BetweenStRdwyName1,BetweenStRdwy2,BetweenStRdwyName2,Latitude,Longitude,Milepoint,CollisionDate,CollisionTime,UnitsInvolved,MotorVehiclesInvolved,NumberKilled,NumberInjured,Weather,RdwyConditionCode,HitandRun,DirAnalysisCode,MannerofCollision,RdwyCharacter,LightCondition,RampFromRdwyId,RampToRdwyId,AcceptedDate,IsSecondaryCollision,OwnerBadge,IncidentStatus,
26336852,0568000,LOUISVILLE METRO POLICE DEPT,Accepted,JEFFERSON,KY1932,,BRECKENRIDGE,LN,,,BRONNER,,,,,38.185759005,-85.626228873,0.315,2/11/2020 12:00:00 AM,2020,2,2,0,0,CLEAR,DRY,False,OTHER INTERSECTION COLLISIONS,REAR END,STRAIGHT & LEVEL,DARK-HWY LIGHTED/ON,,,2/12/2020 8:23:04 AM,False,5207,Accepted,
26336822,0568000,LOUISVILLE METRO POLICE DEPT,Accepted,JEFFERSON,KY1020,,SOUTHERN,PKWY,,,ASHLAND,,,,,38.185709489,-85.767336041,8.110,2/11/2020 12:00:00 AM,0723,2,2,0,0,RAINING,WET,True,OTHER INTERSECTION COLLISIONS,REAR END,STRAIGHT & LEVEL,DAWN,,,2/12/2020 8:20:37 AM,False,7207,Accepted,
26402044,0568000,LOUISVILLE METRO POLICE DEPT,Accepted,JEFFERSON,,,PENNSYLVANIA RUN,RD,,,VAUGHN MILL,,,,,38.124382195,-85.629309590,0.139,2/11/2020 12:00:00 AM,2313,1,1,0,0,CLEAR,DRY,False,OTHER INTERSECTION COLLISIONS,SINGLE VEHICLE,STRAIGHT & LEVEL,DARK-HWY LIGHTED/OFF,,,2/21/2020 8:13:05 AM,False,5169,Accepted,
26402043,0568000,LOUISVILLE METRO POLICE DEPT,Accepted,JEFFERSON,KY0864,,FEGENBUSH,LN,,KY1065,OUTER,,,,,38.138513327,-85.615578210,4.250,2/11/2020 12:00:00 AM,0624,2,2,0,0,RAINING,WET,False,SIDESWIPE-SAME DIRECTION,SIDESWIPE-SAME DIRECTION,STRAIGHT & LEVEL,DARK-HWY LIGHTED/ON,,,2/21/2020 8:13:02 AM,False,5169,Accepted,
26369533,0568000,LOUISVILLE METRO POLICE DEPT,Accepted,JEFFERSON,,,4TH,ST,S,,CREEL,,,,,38.212963065,-85.764239227,3.039,2/11/2020 12:00:00 AM,2352,2,2,0,0,CLEAR,DRY,False,SIDESWIPE-SAME DIRECTION,SIDESWIPE-SAME DIRECTION,STRAIGHT & LEVEL,DARK-HWY LIGHTED/ON,,,2/17/2020 9:17:34 AM,False,5139,Accepted,
26396667,0568000,LOUISVILLE METRO POLICE DEPT,Accepted,JEFFERSON,,,MERIWETHER,AVE,,,SHELBY,,,,,38.228543596,-85.742110076,0.011,2/11/2020 12:00:00 AM,1007,2,2,0,0,CLEAR,DRY,False,SIDESWIPE-SAME DIRECTION,SIDESWIPE-SAME DIRECTION,STRAIGHT & LEVEL,DAYLIGHT,,,2/20/2020 8:16:10 AM,False,7429,Accepted,
26336794,0568000,LOUISVILLE METRO POLICE DEPT,Accepted,JEFFERSON,KY1934,,GREENBELT,HWY,,,RIVERPORT,,,,,38.161192338,-85.881713727,5.511,2/11/2020 12:00:00 AM,0600,2,2,0,0,RAINING,WET,False,OPPOSING LEFT TURN,OPPOSING LEFT TURN,STRAIGHT & LEVEL,DARK-HWY LIGHTED/ON,,,2/12/2020 8:19:02 AM,False,7365,Accepted,
26336800,0568000,LOUISVILLE METRO POLICE DEPT,Accepted,JEFFERSON,,,LOWER HUNTERS,TRCE,,,UPPER HUNTERS,,,,,38.157845484,-85.847716518,0.725,2/11/2020 12:00:00 AM,0656,2,2,0,0,CLOUDY,WET,False,OPPOSING LEFT TURN,OPPOSING LEFT TURN,STRAIGHT & LEVEL,DAYLIGHT,,,2/12/2020 8:19:27 AM,False,7485,Accepted,
26336843,0568000,LOUISVILLE METRO POLICE DEPT,Accepted,JEFFERSON,KY1747,,HURSTBOURNE,PKWY,N,,FELSMERE,,,,,38.293399882,-85.575537498,17.484,2/11/2020 12:00:00 AM,1939,2,2,0,0,CLEAR,DRY,False,OPPOSING LEFT TURN,OPPOSING LEFT TURN,CURVE & HILLCREST,DARK-HWY LIGHTED/ON,,,2/12/2020 8:22:23 AM,False,5102,Accepted,
26336808,0568000,LOUISVILLE METRO POLICE DEPT,Accepted,JEFFERSON,,,HESS,RD,,,GOEPPER,,,,,38.154097624,-85.843933108,0.203,2/11/2020 12:00:00 AM,1013,2,2,0,1,CLOUDY,WET,False,ANGLE COLLISION - OTHER,ANGLE,STRAIGHT & LEVEL,DAYLIGHT,,,2/12/2020 8:19:56 AM,False,7177,Accepted,
26336801,0568000,LOUISVILLE METRO POLICE DEPT,Accepted,JEFFERSON,,,LIBERTY,ST,W,,ROY WILKINS,,,,,38.253384378,-85.765197911,0.167,2/11/2020 12:00:00 AM,0910,2,2,0,0,CLOUDY,DRY,False,ANGLE COLLISION - OTHER,ANGLE,STRAIGHT & LEVEL,DAYLIGHT,,,2/12/2020 8:19:30 AM,False,2406,Accepted,
26336793,0568000,LOUISVILLE METRO POLICE DEPT,Accepted,JEFFERSON,KY2054,,ALGONQUIN,PKWY,,,BELQUIN,,,,,38.225558681,-85.819315128,0.169,2/11/2020 12:00:00 AM,0825,2,2,0,1,CLOUDY,WET,False,ANGLE COLLISION - OTHER,ANGLE,STRAIGHT & LEVEL,DAYLIGHT,,,2/12/2020 8:18:59 AM,False,5232,Accepted,
26336818,0568000,LOUISVILLE METRO POLICE DEPT,Accepted,JEFFERSON,KY1934,,CANE RUN,RD,,,ROCKFORD,,,,,38.184394246,-85.854555646,7.782,2/11/2020 12:00:00 AM,1640,2,2,0,0,CLOUDY,DRY,True,ANGLE COLLISION - OTHER,ANGLE,STRAIGHT & LEVEL,DAYLIGHT,,,2/12/2020 8:20:24 AM,False,7467,Accepted,
26336828,0568000,LOUISVILLE METRO POLICE DEPT,Accepted,JEFFERSON,,,OAK,ST,W,,15TH,,,,,38.236603111,-85.778315729,1.257,2/11/2020 12:00:00 AM,1806,2,2,0,0,CLEAR,DRY,False,ANGLE COLLISION - OTHER,ANGLE,STRAIGHT & LEVEL,DUSK,,,2/12/2020 8:21:17 AM,False,5253,Accepted,
26336849,0568000,LOUISVILLE METRO POLICE DEPT,Accepted,JEFFERSON,,,ST CATHERINE,ST,W,KY1020,2ND,,,,,38.237053153,-85.756586051,0.091,2/11/2020 12:00:00 AM,0042,2,2,0,0,RAINING,WET,True,ANGLE COLLISION - OTHER,ANGLE,STRAIGHT & LEVEL,DARK-HWY LIGHTED/ON,,,2/12/2020 8:22:55 AM,False,5249,Accepted,
26336831,0568000,LOUISVILLE METRO POLICE DEPT,Accepted,JEFFERSON,KY1865,,TAYLOR,BLVD,,,STRADER,,,,,38.191113604,-85.783313823,5.839,2/11/2020 12:00:00 AM,1730,2,2,0,0,CLEAR,DRY,False,ANGLE COLLISION - OTHER,ANGLE,STRAIGHT & LEVEL,DAYLIGHT,,,2/12/2020 8:21:32 AM,False,7360,Accepted,
26369322,0568000,LOUISVILLE METRO POLICE DEPT,Accepted,JEFFERSON,,,RUBEL,AVE,,US0150,BROADWAY,,,,,38.243888832,-85.728709374,0.196,2/11/2020 12:00:00 AM,0922,3,3,0,2,RAINING,WET,False,ANGLE COLLISION - OTHER,ANGLE,STRAIGHT & LEVEL,DAYLIGHT,,,2/17/2020 9:07:42 AM,False,2228,Accepted,
26336829,0568000,LOUISVILLE METRO POLICE DEPT,Accepted,JEFFERSON,,,WINDEMERE,DR,,KY1931,ST ANDREWS CHURCH,,,,,38.153437247,-85.806459111,0.002,2/11/2020 12:00:00 AM,1608,1,1,0,0,CLOUDY,DRY,False,COLLISION WITH FIXED OBJECT IN INTERSECTION - FIRST EVENT COLLISION 09 - 32,SINGLE VEHICLE,CURVE & LEVEL,DAYLIGHT,,,2/12/2020 8:21:21 AM,False,5100,Accepted,
26336816,0568000,LOUISVILLE METRO POLICE DEPT,Accepted,JEFFERSON,,,PINEWOOD,RD,,,PRODUCE,,,,,38.181103444,-85.688543647,0.575,2/11/2020 12:00:00 AM,0742,2,2,0,0,RAINING,WET,True,COLLISION WITH FIXED OBJECT IN INTERSECTION - FIRST EVENT COLLISION 09 - 32,ANGLE,STRAIGHT & LEVEL,DAWN,,,2/12/2020 8:20:17 AM,False,5019,Accepted,
26336838,0568000,LOUISVILLE METRO POLICE DEPT,Accepted,JEFFERSON,,,CLAY,ST,S,,JACOB,,,,,38.242950479,-85.741860632,0.836,2/11/2020 12:00:00 AM,0730,2,1,0,1,RAINING,WET,False,COLLISION WITH PEDESTRIAN IN INTERSECTION,SINGLE VEHICLE,STRAIGHT & LEVEL,DARK-HWY LIGHTED/ON,,,2/12/2020 8:22:04 AM,False,7116,Accepted,
26341959,0568000,LOUISVILLE METRO POLICE DEPT,Accepted,JEFFERSON,KY2052,,SHEPHERDSVILLE,RD,,,MILE OF SUNSHINE,,,,,38.150424128,-85.659830329,0.813,2/11/2020 12:00:00 AM,1733,2,2,0,0,CLOUDY,DRY,False,ANGLE COLLISION - ONE VEHICLE TURNING LEFT,ANGLE,STRAIGHT & LEVEL,DAYLIGHT,,,2/13/2020 8:33:46 AM,False,4693,Accepted,
26330916,0568000,LOUISVILLE METRO POLICE DEPT,Accepted,JEFFERSON,,,PATRICK HENRY,RD,,,YORKTOWN,,,,,38.140406768,-85.756376888,0.238,2/11/2020 12:00:00 AM,0153,2,2,0,0,RAINING,WET,False,COLLISION WITH PARKED VEHICLE,REAR END,STRAIGHT & LEVEL,DARK-HWY NOT LIGHTED,,,2/11/2020 8:27:13 AM,False,7890,Accepted,
26336805,0568000,LOUISVILLE METRO POLICE DEPT,Accepted,JEFFERSON,,,HILL,ST,W,,12TH,,,,,38.227683861,-85.775188495,0.987,2/11/2020 12:00:00 AM,1600,2,2,0,0,CLEAR,DRY,True,COLLISION WITH PARKED VEHICLE,SIDESWIPE-SAME DIRECTION,STRAIGHT & LEVEL,DAYLIGHT,,,2/12/2020 8:19:45 AM,False,5280,Accepted,
26328666,0568000,LOUISVILLE METRO POLICE DEPT,Accepted,JEFFERSON,,1804,BEECH,ST,,,WYANDOTTE,,,,,38.224885007,-85.805172321,0.959,2/10/2020 12:00:00 AM,1500,2,2,0,0,CLEAR,WET,False,COLLISION WITH PARKED VEHICLE,BACKING,STRAIGHT & LEVEL,DAYLIGHT,,,2/10/2020 5:17:39 PM,False,5280,Accepted,
26336797,0568000,LOUISVILLE METRO POLICE DEPT,Accepted,JEFFERSON,,,KENWOOD,WAY,W,,3RD,,,,,38.178871538,-85.766568314,0.009,2/10/2020 12:00:00 AM,1800,2,2,0,0,CLOUDY,WET,True,COLLISION WITH PARKED VEHICLE,SIDESWIPE-OPPOSITE DIRECTION,CURVE & LEVEL,DAYLIGHT,,,2/12/2020 8:19:17 AM,False,5289,Accepted,
27042539,0568000,LOUISVILLE METRO POLICE DEPT,Accepted,JEFFERSON,,,GAULBERT,AVE,W,KY1020,3RD,,,,,38.224571882,-85.760517099,0.087,2/10/2020 12:00:00 AM,1307,5,1,0,1,RAINING,WET,False,COLLISION WITH PARKED VEHICLE,ANGLE,STRAIGHT & LEVEL,DAYLIGHT,,,2/11/2020 8:26:53 AM,True,7390,Accepted,
26330892,0568000,LOUISVILLE METRO POLICE DEPT,Accepted,JEFFERSON,,,ASHBY,LN,,,TWILIGHT,,,,,38.108749738,-85.883634824,0.869,2/10/2020 12:00:00 AM,1050,1,1,0,0,RAINING,WET,False,COLLISION WITH FIXED OBJECT IN INTERSECTION - FIRST EVENT COLLISION 09 - 32,SINGLE VEHICLE,CURVE & HILLCREST,DAYLIGHT,,,2/11/2020 8:25:55 AM,False,7336,Accepted,
26330903,0568000,LOUISVILLE METRO POLICE DEPT,Accepted,JEFFERSON,,,CLAY,ST,S,,GRAY,,,,,38.245827131,-85.741365716,0.640,2/10/2020 12:00:00 AM,0806,1,1,0,0,RAINING,WET,False,COLLISION WITH FIXED OBJECT IN INTERSECTION - FIRST EVENT COLLISION 09 - 32,SINGLE VEHICLE,STRAIGHT & LEVEL,DAYLIGHT,,,2/11/2020 8:26:27 AM,False,7266,Accepted,
26336788,0568000,LOUISVILLE METRO POLICE DEPT,Accepted,JEFFERSON,,,3RD,ST,S,,WOODLAWN,,,,,38.181176541,-85.766350763,1.346,2/10/2020 12:00:00 AM,1330,2,1,0,1,RAINING,WET,False,COLLISION WITH PEDESTRIAN IN INTERSECTION,SINGLE VEHICLE,STRAIGHT & LEVEL,DAYLIGHT,,,2/12/2020 8:18:41 AM,False,5127,Accepted,
26330895,0568000,LOUISVILLE METRO POLICE DEPT,Accepted,JEFFERSON,KY1934,,GREENBELT,HWY,,KY1230,CANE RUN,,,,,38.116475912,-85.895022044,2.311,2/10/2020 12:00:00 AM,1600,2,2,0,1,OTHER,WET,False,ANGLE COLLISION - ONE VEHICLE TURNING LEFT,ANGLE,STRAIGHT & LEVEL,DAYLIGHT,,,2/11/2020 8:26:06 AM,False,7336,Accepted,
26328661,0568000,LOUISVILLE METRO POLICE DEPT,Accepted,JEFFERSON,US0150,,BROADWAY,,E,KY0061,JACKSON,,,,,38.245182515,-85.745609249,3.072,2/10/2020 12:00:00 AM,1255,2,2,0,0,RAINING,WET,False,ANGLE COLLISION - OTHER,ANGLE,STRAIGHT & LEVEL,DAYLIGHT,,,2/10/2020 5:17:14 PM,False,2406,Accepted,
26330898,0568000,LOUISVILLE METRO POLICE DEPT,Accepted,JEFFERSON,KY0155,,TAYLORSVILLE,RD,,,POPE LICK,,,,,38.190807760,-85.486885369,4.874,2/10/2020 12:00:00 AM,1332,2,2,0,0,RAINING,WET,False,ANGLE COLLISION - OTHER,ANGLE,STRAIGHT & HILLCREST,DAYLIGHT,,,2/11/2020 8:26:16 AM,False,4693,Accepted,
26330899,0568000,LOUISVILLE METRO POLICE DEPT,Accepted,JEFFERSON,KY1450,,BLUE LICK,RD,,,BONAVENTURE,,,,,38.122294848,-85.689463986,2.586,2/10/2020 12:00:00 AM,1541,2,2,0,0,CLOUDY,WET,False,ANGLE COLLISION - OTHER,ANGLE,STRAIGHT & LEVEL,DAYLIGHT,,,2/11/2020 8:26:20 AM,False,4693,Accepted,
26330904,0568000,LOUISVILLE METRO POLICE DEPT,Accepted,JEFFERSON,,,25TH,ST,S,,HILL,,,,,38.229953134,-85.797090093,1.307,2/10/2020 12:00:00 AM,1048,2,2,0,0,RAINING,WET,True,ANGLE COLLISION - OTHER,ANGLE,STRAIGHT & LEVEL,DAYLIGHT,,,2/11/2020 8:26:30 AM,False,5282,Accepted,
26330878,0568000,LOUISVILLE METRO POLICE DEPT,Accepted,JEFFERSON,,,BROOK,ST,S,,BURNETT,,,,,38.226593756,-85.755067915,1.527,2/10/2020 12:00:00 AM,1615,2,2,0,1,CLOUDY,WET,False,ANGLE COLLISION - OTHER,ANGLE,STRAIGHT & LEVEL,DAYLIGHT,,,2/11/2020 8:24:59 AM,False,2499,Accepted,
26328662,0568000,LOUISVILLE METRO POLICE DEPT,Accepted,JEFFERSON,US0031E,,MAIN,ST,E,KY0061,JACKSON,,,,,38.255279737,-85.743905971,17.339,2/10/2020 12:00:00 AM,0900,2,2,0,0,RAINING,WET,True,ANGLE COLLISION - OTHER,ANGLE,,DAYLIGHT,,,2/10/2020 5:17:17 PM,False,2406,Accepted,
26347634,0568000,LOUISVILLE METRO POLICE DEPT,Accepted,JEFFERSON,,,HIKES,LN,,,FURMAN,,,,,38.211967815,-85.639413150,2.305,2/10/2020 12:00:00 AM,0758,2,2,0,2,RAINING,WET,False,ANGLE COLLISION - OTHER,ANGLE,STRAIGHT & LEVEL,DAYLIGHT,,,2/14/2020 8:37:54 AM,False,2429,Accepted,
26336836,0568000,LOUISVILLE METRO POLICE DEPT,Accepted,JEFFERSON,,,GRAND,AVE,,,25TH,,,,,38.240644118,-85.794246523,0.465,2/10/2020 12:00:00 AM,1653,2,2,0,5,CLOUDY,WET,False,ANGLE COLLISION - OTHER,ANGLE,STRAIGHT & LEVEL,DAWN,,,2/12/2020 8:21:58 AM,False,7387,Accepted,
26328652,0568000,LOUISVILLE METRO POLICE DEPT,Accepted,JEFFERSON,,,DIXIE,HWY,,,BERNHEIM,,,,,38.221414326,-85.793244443,1.995,2/10/2020 12:00:00 AM,1135,2,2,0,1,RAINING,WET,False,OPPOSING LEFT TURN,OPPOSING LEFT TURN,STRAIGHT & LEVEL,DAYLIGHT,,,2/10/2020 5:16:28 PM,False,6860,Accepted,
26484527,0568000,LOUISVILLE METRO POLICE DEPT,Accepted,JEFFERSON,KY1020,,2ND,ST,S,,BRECKINRIDGE,,,,,38.241554035,-85.755838017,11.798,2/10/2020 12:00:00 AM,1315,2,2,0,0,CLOUDY,WET,True,SIDESWIPE-SAME DIRECTION,SIDESWIPE-SAME DIRECTION,STRAIGHT & LEVEL,DAYLIGHT,,,3/9/2020 8:43:14 AM,False,7296,Accepted,
26336835,0568000,LOUISVILLE METRO POLICE DEPT,Accepted,JEFFERSON,,,34TH,ST,S,,DUMESNIL,,,,,38.237630461,-85.810501707,1.726,2/10/2020 12:00:00 AM,1108,2,2,0,0,RAINING,WET,False,VEHICLE BACKING IN INTERSECTION,BACKING,STRAIGHT & LEVEL,DAYLIGHT,,,2/12/2020 8:21:54 AM,False,7387,Accepted,
26330887,0568000,LOUISVILLE METRO POLICE DEPT,Accepted,JEFFERSON,,,SUNKIST,WAY,,,DAY BREAK,,,,,38.111996207,-85.886166530,0.159,2/10/2020 12:00:00 AM,1620,2,2,0,0,CLOUDY,WET,False,VEHICLE BACKING IN INTERSECTION,BACKING,STRAIGHT & LEVEL,DAYLIGHT,,,2/11/2020 8:25:38 AM,False,2936,Accepted,
26336846,0568000,LOUISVILLE METRO POLICE DEPT,Accepted,JEFFERSON,US0060A,,WINKLER,AVE,,KY1020,3RD,,,,,38.210179503,-85.763073251,3.152,2/10/2020 12:00:00 AM,2249,2,2,0,0,RAINING,WET,False,OTHER INTERSECTION COLLISIONS,REAR END,STRAIGHT & LEVEL,DARK-HWY LIGHTED/ON,,,2/12/2020 8:22:46 AM,False,5163,Accepted,
26328659,0568000,LOUISVILLE METRO POLICE DEPT,Accepted,JEFFERSON,KY1230,,CANE RUN,RD,,,BOSSIER,,,,,38.175698401,-85.884588900,7.084,2/10/2020 12:00:00 AM,1146,2,2,0,0,RAINING,WET,True,SIDESWIPE-SAME DIRECTION,SIDESWIPE-SAME DIRECTION,CURVE & LEVEL,DAYLIGHT,,,2/10/2020 5:17:05 PM,False,5100,Accepted,
26330906,0568000,LOUISVILLE METRO POLICE DEPT,Accepted,JEFFERSON,US0031E,,BARDSTOWN,RD,,,KAELIN,,,,,38.222263581,-85.683353503,13.029,2/10/2020 12:00:00 AM,1919,2,2,0,0,RAINING,WET,False,SIDESWIPE-SAME DIRECTION,SIDESWIPE-SAME DIRECTION,STRAIGHT & LEVEL,DARK-HWY LIGHTED/ON,,,2/11/2020 8:26:34 AM,False,6947,Accepted,
26336824,0568000,LOUISVILLE METRO POLICE DEPT,Accepted,JEFFERSON,,,1ST,ST,S,I 0065,I65 S EXIT136 ON RAMP FROM  E JACOB ST,,,,,38.244254871,-85.753642647,0.823,2/10/2020 12:00:00 AM,1109,2,2,0,0,RAINING,WET,True,SIDESWIPE-SAME DIRECTION,SIDESWIPE-SAME DIRECTION,CURVE & GRADE,DAYLIGHT,,,2/12/2020 8:20:45 AM,False,7429,Accepted,
26328665,0568000,LOUISVILLE METRO POLICE DEPT,Accepted,JEFFERSON,,,18TH,ST,S,US0031W,MARKET,,,,,38.257815598,-85.779946179,0.096,2/10/2020 12:00:00 AM,1503,2,2,0,0,RAINING,WET,False,SIDESWIPE-SAME DIRECTION,SIDESWIPE-SAME DIRECTION,STRAIGHT & LEVEL,DAYLIGHT,,,2/10/2020 5:17:33 PM,False,7220,Accepted,
26328657,0568000,LOUISVILLE METRO POLICE DEPT,Accepted,JEFFERSON,US0150,,BROADWAY,,E,,CLAY,,,,,38.244836701,-85.741540095,3.304,2/10/2020 12:00:00 AM,1327,2,2,0,0,RAINING,WET,False,SIDESWIPE-SAME DIRECTION,SIDESWIPE-SAME DIRECTION,STRAIGHT & LEVEL,DAYLIGHT,,,2/10/2020 5:16:52 PM,False,7406,Accepted,
27774374,0568000,LOUISVILLE METRO POLICE DEPT,Accepted,JEFFERSON,,705,DOUGLAS,PARK,,,,,,,,38.177525141,-85.760150028,0.199,2/10/2020 12:00:00 AM,1800,2,2,0,0,SLEET HAIL FREEZING RAIN,ICE,True,1 VEHICLE PARKED POSITION (NOT PARKING LOT/DRIVEWAY),SIDESWIPE-SAME DIRECTION,STRAIGHT & LEVEL,DUSK,,,2/11/2021 9:32:31 AM,False,7048,Accepted,
26419837,0568000,LOUISVILLE METRO POLICE DEPT,Accepted,JEFFERSON,KY0907,,SOUTHSIDE,DR,,,,,SOUTHVIEW,KY0907,KY907 TURN LANE,38.151966001,-85.766056815,6.989,2/10/2020 12:00:00 AM,0746,2,2,0,1,RAINING,WET,False,REAR END IN TRAFFIC LANES BOTH VEHICLES MOVING,REAR END,STRAIGHT & LEVEL,DAYLIGHT,,,2/25/2020 8:06:06 AM,False,7232,Accepted,
26391062,0568000,LOUISVILLE METRO POLICE DEPT,Accepted,JEFFERSON,I 0064,,I64 E,,,,,,,,,38.260044498,-85.737624931,5.687,2/10/2020 12:00:00 AM,1737,2,2,0,0,RAINING,WET,False,REAR END IN TRAFFIC LANES BOTH VEHICLES MOVING,REAR END,CURVE & GRADE,DAYLIGHT,,,2/19/2020 8:19:54 AM,False,8278,Accepted,
26347705,0568000,LOUISVILLE METRO POLICE DEPT,Accepted,JEFFERSON,US0042,,MELLWOOD,AVE,,,,I 0064,I64 W EXIT7 OFF RAMP TO  MELLWOOD AVE,,STEVENSON,38.256741716,-85.720677354,0.710,2/10/2020 12:00:00 AM,1030,2,2,0,0,RAINING,WET,False,REAR END IN TRAFFIC LANES BOTH VEHICLES MOVING,REAR END,STRAIGHT & LEVEL,DAYLIGHT,,,2/14/2020 8:42:38 AM,False,7128,Accepted,
26391066,0568000,LOUISVILLE METRO POLICE DEPT,Accepted,JEFFERSON,I 0064,,I64 E,,,,,,,,,38.244482733,-85.697380809,8.325,2/10/2020 12:00:00 AM,1632,2,2,0,0,CLOUDY,WET,True,REAR END IN TRAFFIC LANES BOTH VEHICLES MOVING,REAR END,STRAIGHT & LEVEL,DAYLIGHT,,,2/19/2020 8:20:09 AM,False,8278,Accepted,
26369401,0568000,LOUISVILLE METRO POLICE DEPT,Accepted,JEFFERSON,,,FEGENBUSH,LN,,,,,,,,38.161429360,-85.640972281,1.796,2/10/2020 12:00:00 AM,1900,2,2,0,0,RAINING,WET,False,REAR END IN TRAFFIC LANES BOTH VEHICLES MOVING,REAR END,STRAIGHT & LEVEL,DARK (UNKNOWN ROADWAY LIGHTING),,,2/17/2020 9:12:19 AM,False,5184,Accepted,
26336792,0568000,LOUISVILLE METRO POLICE DEPT,Accepted,JEFFERSON,US0031E,,MAIN,ST,E,,,,WENZEL,,CAMPBELL,38.254346542,-85.735558197,16.907,2/10/2020 12:00:00 AM,1116,2,2,0,0,RAINING,WET,True,1 VEHICLE PARKED POSITION (NOT PARKING LOT/DRIVEWAY),SIDESWIPE-SAME DIRECTION,STRAIGHT & LEVEL,DAYLIGHT,,,2/12/2020 8:18:55 AM,False,2764,Accepted,
26336814,0568000,LOUISVILLE METRO POLICE DEPT,Accepted,JEFFERSON,,945,5TH,ST,S,,,,,,,38.240602975,-85.760666600,2.682,2/10/2020 12:00:00 AM,2345,3,3,0,0,RAINING,WET,True,1 VEHICLE PARKED POSITION (NOT PARKING LOT/DRIVEWAY),SIDESWIPE-SAME DIRECTION,STRAIGHT & LEVEL,DARK-HWY LIGHTED/ON,,,2/12/2020 8:20:10 AM,False,7619,Accepted,
26330890,0568000,LOUISVILLE METRO POLICE DEPT,Accepted,JEFFERSON,,3323,MOULTON,LN,,,,,,,,38.205209498,-85.671331530,0.070,2/10/2020 12:00:00 AM,,2,2,0,0,RAINING,WET,True,1 VEHICLE PARKED POSITION (NOT PARKING LOT/DRIVEWAY),SIDESWIPE-SAME DIRECTION,STRAIGHT & LEVEL,DAYLIGHT,,,2/11/2020 8:25:52 AM,False,5233,Accepted,
26328644,0568000,LOUISVILLE METRO POLICE DEPT,Accepted,JEFFERSON,,2632,CLEVELAND,BLVD,,,,,HITE,,NOB HILL,38.261144370,-85.701601611,0.109,2/10/2020 12:00:00 AM,0920,2,2,0,0,CLOUDY,WET,True,1 VEHICLE PARKED POSITION (NOT PARKING LOT/DRIVEWAY),BACKING,STRAIGHT & LEVEL,DAYLIGHT,,,2/10/2020 5:16:01 PM,False,7128,Accepted,
26369365,0568000,LOUISVILLE METRO POLICE DEPT,Accepted,JEFFERSON,I 0265,,I265 W,,,,,,,,,38.205030657,-85.507543207,24.221,2/10/2020 12:00:00 AM,1746,1,1,0,0,CLOUDY,DRY,False,RAN OFF ROADWAY (1 VEHICLE WITH/EARTH EMBANKMENT/DITCH),SINGLE VEHICLE,STRAIGHT & LEVEL,DAYLIGHT,,,2/17/2020 9:10:25 AM,False,7840,Accepted,
26369386,0568000,LOUISVILLE METRO POLICE DEPT,Accepted,JEFFERSON,KY1932,,BRECKENRIDGE,LN,,,,,SIX MILE,,LANDSIDE,38.197827338,-85.625048468,1.145,2/10/2020 12:00:00 AM,2041,1,1,0,0,CLEAR,DRY,False,COLLISION WITH FIXED OBJECT NON - INTERSECTION - FIRST EVENT COLLISION 09 - 32 EXCLUDING 16,SINGLE VEHICLE,STRAIGHT & LEVEL,DARK-HWY LIGHTED/OFF,,,2/17/2020 9:11:29 AM,False,7200,Accepted,
26391065,0568000,LOUISVILLE METRO POLICE DEPT,Accepted,JEFFERSON,I 0264,,I264 E,,,,,,,,,38.226562094,-85.639560875,17.700,2/10/2020 12:00:00 AM,1550,2,2,0,0,CLOUDY,WET,True,SIDESWIPE COLLISION - SAME DIRECTION,SIDESWIPE-SAME DIRECTION,STRAIGHT & LEVEL,DAYLIGHT,,,2/19/2020 8:20:05 AM,False,8278,Accepted,
26391067,0568000,LOUISVILLE METRO POLICE DEPT,Accepted,JEFFERSON,I 0264,,I264 W,,,,,,,,,38.227184228,-85.638715166,17.742,2/10/2020 12:00:00 AM,1657,2,2,0,0,CLOUDY,DRY,False,SIDESWIPE COLLISION - SAME DIRECTION,SIDESWIPE-SAME DIRECTION,STRAIGHT & LEVEL,DAYLIGHT,,,2/19/2020 8:20:14 AM,False,8278,Accepted,
26330913,0568000,LOUISVILLE METRO POLICE DEPT,Accepted,JEFFERSON,,3720,KLONDIKE,LN,,,,,,,,38.209389661,-85.639080051,0.834,2/10/2020 12:00:00 AM,2238,3,3,0,0,RAINING,WET,False,1 VEHICLE ENTERING/LEAVING ENTRANCE,ANGLE,STRAIGHT & LEVEL,DARK-HWY LIGHTED/ON,,,2/11/2020 8:27:01 AM,False,5222,Accepted,
26342006,0568000,LOUISVILLE METRO POLICE DEPT,Accepted,JEFFERSON,US0031W,,DIXIE,HWY,,,,,,,,38.083995511,-85.880785220,6.832,2/10/2020 12:00:00 AM,0634,2,2,0,1,RAINING,WET,False,SIDESWIPE COLLISION - OPPOSITE DIRECTION,SIDESWIPE-OPPOSITE DIRECTION,STRAIGHT & LEVEL,DARK-HWY LIGHTED/ON,,,2/13/2020 8:36:31 AM,False,5136,Accepted,