IncidentID,AgencyORI,AgencyName,IncidentStatusDesc,County,RdwyNumber,Street,RoadwayName,StreetSfx,StreetDir,IntersectionRdwy,IntersectionRdwyName,BetweenStRdwy1,BetweenStRdwyName1,BetweenStRdwy2,BetweenStRdwyName2,Latitude,Longitude,Milepoint,CollisionDate,CollisionTime,UnitsInvolved,MotorVehiclesInvolved,NumberKilled,NumberInjured,Weather,RdwyConditionCode,HitandRun,DirAnalysisCode,MannerofCollision,RdwyCharacter,LightCondition,RampFromRdwyId,RampToRdwyId,AcceptedDate,IsSecondaryCollision,OwnerBadge,IncidentStatus,
26330883,0568000,LOUISVILLE METRO POLICE DEPT,Accepted,JEFFERSON,US0031W,,DIXIE,HWY,,,,,FURY,,COFER,38.137789930,-85.843044443,11.182,2/10/2020 12:00:00 AM,1526,2,2,0,0,RAINING,WET,False,OTHER ROADWAY OR MID-BLOCK COLLISION,REAR END,STRAIGHT & LEVEL,DAYLIGHT,,,2/11/2020 8:25:19 AM,False,6877,Accepted,
26330893,0568000,LOUISVILLE METRO POLICE DEPT,Accepted,JEFFERSON,,6819,BARBROOK,RD,,,,,,,,38.141343278,-85.880887412,0.251,2/10/2020 12:00:00 AM,1500,2,2,0,0,RAINING,WET,False,VEHICLE BACKING NON INTERSECTION,BACKING,STRAIGHT & LEVEL,DAYLIGHT,,,2/11/2020 8:25:59 AM,False,7336,Accepted,
26341823,0568000,LOUISVILLE METRO POLICE DEPT,Accepted,JEFFERSON,KY1447,,WESTPORT,RD,,,,,WESTPORT,KY1747,HURSTBOURNE,38.287038504,-85.573649764,5.152,2/10/2020 12:00:00 AM,0916,2,2,0,0,RAINING,WET,False,OTHER ROADWAY OR MID-BLOCK COLLISION,REAR END,STRAIGHT & HILLCREST,DAYLIGHT,,,2/13/2020 8:29:35 AM,False,7751,Accepted,
26341826,0568000,LOUISVILLE METRO POLICE DEPT,Accepted,JEFFERSON,KY0022,,BROWNSBORO,RD,,,,,GOOSE CREEK,,RUNNING WATER,38.300506926,-85.592475087,2.727,2/10/2020 12:00:00 AM,1716,3,3,0,0,RAINING,WET,False,OTHER ROADWAY OR MID-BLOCK COLLISION,REAR END,STRAIGHT & HILLCREST,DUSK,,,2/13/2020 8:29:46 AM,False,7751,Accepted,
26330896,0568000,LOUISVILLE METRO POLICE DEPT,Accepted,JEFFERSON,KY1020,4521,SOUTHERN,PKWY,,,,,,,,38.186101244,-85.767242545,8.101,2/10/2020 12:00:00 AM,0816,2,2,0,0,RAINING,WET,False,OTHER ROADWAY OR MID-BLOCK COLLISION,REAR END,STRAIGHT & LEVEL,DAYLIGHT,,,2/11/2020 8:26:10 AM,False,5289,Accepted,
26328645,0568000,LOUISVILLE METRO POLICE DEPT,Accepted,JEFFERSON,KY0864,,BEULAH CHURCH,RD,,,,,DELCOUR,KY0864,FEGENBUSH,38.137061779,-85.613491895,4.211,2/10/2020 12:00:00 AM,0923,2,2,0,0,RAINING,WET,False,OTHER ROADWAY OR MID-BLOCK COLLISION,REAR END,STRAIGHT & GRADE,DAYLIGHT,,,2/10/2020 5:16:05 PM,False,2017,Accepted,
26328655,0568000,LOUISVILLE METRO POLICE DEPT,Accepted,JEFFERSON,I 0265,,I265 W,,,,,,,,,38.204725298,-85.507494164,24.200,2/10/2020 12:00:00 AM,0806,2,2,0,0,RAINING,WET,False,REAR END IN TRAFFIC LANES BOTH VEHICLES MOVING,REAR END,STRAIGHT & LEVEL,DAYLIGHT,,,2/10/2020 5:16:41 PM,False,4656,Accepted,
26325657,0568000,LOUISVILLE METRO POLICE DEPT,Accepted,JEFFERSON,KY1934,,CANE RUN,RD,,,,,,,,38.183753691,-85.855219609,7.727,2/10/2020 12:00:00 AM,0546,2,2,0,0,RAINING,WET,False,REAR END IN TRAFFIC LANES BOTH VEHICLES MOVING,REAR END,STRAIGHT & LEVEL,DARK-HWY LIGHTED/ON,,,2/10/2020 8:34:03 AM,False,7992,Accepted,
26330879,0568000,LOUISVILLE METRO POLICE DEPT,Accepted,JEFFERSON,US0031W,,DIXIE,HWY,,,,,,,,38.107948653,-85.866512102,8.617,2/10/2020 12:00:00 AM,1126,2,2,0,0,CLOUDY,WET,False,REAR END IN TRAFFIC LANES BOTH VEHICLES MOVING,REAR END,STRAIGHT & LEVEL,DAYLIGHT,,,2/11/2020 8:25:04 AM,False,7234,Accepted,
26330880,0568000,LOUISVILLE METRO POLICE DEPT,Accepted,JEFFERSON,KY1934,,CANE RUN,RD,,,,,,,,38.180428862,-85.859039405,7.412,2/10/2020 12:00:00 AM,1543,2,2,0,0,CLOUDY,WET,False,REAR END IN TRAFFIC LANES BOTH VEHICLES MOVING,REAR END,STRAIGHT & LEVEL,DAYLIGHT,,,2/11/2020 8:25:07 AM,False,7234,Accepted,
26330886,0568000,LOUISVILLE METRO POLICE DEPT,Accepted,JEFFERSON,KY1020,,NATIONAL,TPKE,,,,,,,,38.147371250,-85.759357911,5.182,2/10/2020 12:00:00 AM,1659,2,2,0,0,RAINING,WET,False,REAR END IN TRAFFIC LANES BOTH VEHICLES MOVING,REAR END,STRAIGHT & LEVEL,DAYLIGHT,,,2/11/2020 8:25:32 AM,False,7424,Accepted,
26369337,0568000,LOUISVILLE METRO POLICE DEPT,Accepted,JEFFERSON,US0031E,,BARDSTOWN,RD,,,,,,,,38.143714602,-85.584343188,5.086,2/10/2020 12:00:00 AM,1848,1,1,0,0,RAINING,WET,False,OTHER COLLISIONS ON SHOULDER,SINGLE VEHICLE,STRAIGHT & LEVEL,DARK-HWY NOT LIGHTED,,,2/17/2020 9:08:36 AM,False,7755,Accepted,
26328660,0568000,LOUISVILLE METRO POLICE DEPT,Accepted,JEFFERSON,US0031W,4819,DIXIE,HWY,,,,,,,,38.170383003,-85.827205777,13.438,2/10/2020 12:00:00 AM,1250,2,2,0,2,RAINING,WET,False,SIDESWIPE COLLISION - SAME DIRECTION,SIDESWIPE-SAME DIRECTION,STRAIGHT & LEVEL,DAYLIGHT,,,2/10/2020 5:17:09 PM,False,5100,Accepted,
26328650,0568000,LOUISVILLE METRO POLICE DEPT,Accepted,JEFFERSON,US0031W,,2ND,ST,S,,,US0031E,MARKET,US0031E,MAIN,38.255510262,-85.753453372,22.081,2/10/2020 12:00:00 AM,1151,3,3,0,0,RAINING,WET,False,SIDESWIPE COLLISION - SAME DIRECTION,SIDESWIPE-SAME DIRECTION,STRAIGHT & LEVEL,DAYLIGHT,,,2/10/2020 5:16:22 PM,False,7937,Accepted,
26330901,0568000,LOUISVILLE METRO POLICE DEPT,Accepted,JEFFERSON,US0031W,,MARKET,ST,W,,,,7TH,,8TH,38.255881861,-85.762584647,21.528,2/10/2020 12:00:00 AM,1649,2,2,0,0,RAINING,WET,False,SIDESWIPE COLLISION - SAME DIRECTION,SIDESWIPE-SAME DIRECTION,STRAIGHT & LEVEL,DAYLIGHT,,,2/11/2020 8:26:23 AM,False,5251,Accepted,
26341824,0568000,LOUISVILLE METRO POLICE DEPT,Accepted,JEFFERSON,KY0022,,BROWNSBORO,RD,,,,,CHAMBERLAIN,,FRONTAGE RD 2,38.312395681,-85.567776919,4.416,2/10/2020 12:00:00 AM,0957,2,2,0,0,RAINING,WET,False,SIDESWIPE COLLISION - SAME DIRECTION,SIDESWIPE-SAME DIRECTION,STRAIGHT & LEVEL,DAYLIGHT,,,2/13/2020 8:29:39 AM,False,7751,Accepted,
26347635,0568000,LOUISVILLE METRO POLICE DEPT,Accepted,JEFFERSON,,3001,MID DALE,LN,,,,,,,,38.209864498,-85.638207680,0.058,2/10/2020 12:00:00 AM,1522,2,2,0,0,CLOUDY,WET,False,SIDESWIPE COLLISION - SAME DIRECTION,SIDESWIPE-SAME DIRECTION,STRAIGHT & LEVEL,DAYLIGHT,,,2/14/2020 8:37:57 AM,False,2429,Accepted,
26336804,0568000,LOUISVILLE METRO POLICE DEPT,Accepted,JEFFERSON,,,PAGES,LN,E,,,,,,,38.119684379,-85.836934892,0.968,2/10/2020 12:00:00 AM,1856,2,2,0,0,RAINING,WET,True,HEAD-ON COLLISION,HEAD ON,STRAIGHT & LEVEL,DARK-HWY LIGHTED/OFF,,,2/12/2020 8:19:41 AM,False,7174,Accepted,
26330888,0568000,LOUISVILLE METRO POLICE DEPT,Accepted,JEFFERSON,KY0061,,PRESTON,HWY,,,,,MARKWELL,KY1065,OUTER,38.138661075,-85.686767749,3.974,2/10/2020 12:00:00 AM,1430,2,2,0,0,RAINING,WET,False,SIDESWIPE COLLISION - SAME DIRECTION,SIDESWIPE-SAME DIRECTION,STRAIGHT & LEVEL,DAYLIGHT,,,2/11/2020 8:25:44 AM,False,2324,Accepted,
26330881,0568000,LOUISVILLE METRO POLICE DEPT,Accepted,JEFFERSON,KY1934,,CANE RUN,RD,,,,,,,,38.182100548,-85.856977910,7.572,2/10/2020 12:00:00 AM,1451,2,2,0,0,CLOUDY,WET,False,REAR END IN TRAFFIC LANES BOTH VEHICLES MOVING,REAR END,STRAIGHT & LEVEL,DAYLIGHT,,,2/11/2020 8:25:11 AM,False,7234,Accepted,
26330889,0568000,LOUISVILLE METRO POLICE DEPT,Accepted,JEFFERSON,I 0064,,I64 E,,,,,I 0064,I64 E EXIT15 OFF RAMP TO KY1747,I 0064,I64 E EXIT19 RAMP TO I64 E,38.233737033,-85.611474819,13.165,2/10/2020 12:00:00 AM,0845,2,2,0,0,RAINING,WET,False,REAR END IN TRAFFIC LANES BOTH VEHICLES MOVING,REAR END,STRAIGHT & LEVEL,DAYLIGHT,,,2/11/2020 8:25:47 AM,False,5109,Accepted,
26330897,0568000,LOUISVILLE METRO POLICE DEPT,Accepted,JEFFERSON,KY1865,,NEW CUT,RD,,,,,ORCHARD HILL,,KENWOOD,38.159588694,-85.778602663,3.635,2/10/2020 12:00:00 AM,1244,2,2,0,0,RAINING,WET,True,REAR END IN TRAFFIC LANES BOTH VEHICLES MOVING,REAR END,STRAIGHT & LEVEL,DAYLIGHT,,,2/11/2020 8:26:13 AM,False,7232,Accepted,
26328658,0568000,LOUISVILLE METRO POLICE DEPT,Accepted,JEFFERSON,US0031W,6788,DIXIE,HWY,,,,,,,,38.152666855,-85.836261781,12.230,2/10/2020 12:00:00 AM,0747,3,3,0,0,RAINING,WET,False,REAR END IN TRAFFIC LANES BOTH VEHICLES MOVING,REAR END,STRAIGHT & LEVEL,DAWN,,,2/10/2020 5:16:58 PM,False,5100,Accepted,
26330884,0568000,LOUISVILLE METRO POLICE DEPT,Accepted,JEFFERSON,US0031E,,BARDSTOWN,RD,,,,,,,,38.208474087,-85.668903154,11.771,2/10/2020 12:00:00 AM,1250,2,2,0,0,RAINING,WET,False,REAR END IN TRAFFIC LANES BOTH VEHICLES MOVING,REAR END,STRAIGHT & LEVEL,DAYLIGHT,,,2/11/2020 8:25:24 AM,False,7864,Accepted,
26325662,0568000,LOUISVILLE METRO POLICE DEPT,Accepted,JEFFERSON,I 0071,,,,,,,,,,,38.312854265,-85.581839981,0.347,2/10/2020 12:00:00 AM,0053,1,1,0,0,OTHER,WET,False,OTHER RAMP RELATED COLLISIONS NOT LISTED ABOVE,SINGLE VEHICLE,CURVE & HILLCREST,DARK-HWY LIGHTED/ON,I 0071,I 0265,2/10/2020 8:34:30 AM,False,7369,Accepted,
26328653,0568000,LOUISVILLE METRO POLICE DEPT,Accepted,JEFFERSON,I 0065,,,,,,,,,,,38.248276206,-85.751828471,,2/10/2020 12:00:00 AM,1300,2,2,0,0,CLOUDY,WET,False,OTHER RAMP RELATED COLLISIONS NOT LISTED ABOVE,ANGLE,STRAIGHT & LEVEL,DAYLIGHT,I 0065,S BROOK ST,2/10/2020 5:16:31 PM,False,7848,Accepted,
26325659,0568000,LOUISVILLE METRO POLICE DEPT,Accepted,JEFFERSON,I 0264,,,,,,,,,,,38.221817675,-85.646984552,0.190,2/10/2020 12:00:00 AM,0610,2,2,0,0,RAINING,WET,True,OTHER RAMP RELATED COLLISIONS NOT LISTED ABOVE,REAR END,CURVE & GRADE,DARK-HWY NOT LIGHTED,I 0264,KY0155,2/10/2020 8:34:15 AM,False,4903,Accepted,
26328664,0568000,LOUISVILLE METRO POLICE DEPT,Accepted,JEFFERSON,KY0061,6200,PRESTON,HWY,,,,,,,,38.161656974,-85.699692451,5.722,2/10/2020 12:00:00 AM,1407,2,2,0,0,RAINING,WET,False,COLLISION IN PARKING LOT,SIDESWIPE-SAME DIRECTION,STRAIGHT & LEVEL,DAYLIGHT,,,2/10/2020 5:17:26 PM,False,2796,Accepted,
26330894,0568000,LOUISVILLE METRO POLICE DEPT,Accepted,JEFFERSON,,4211,3RD,ST,S,,,,,,,38.194551520,-85.764973011,0.417,2/10/2020 12:00:00 AM,1543,2,2,0,0,CLOUDY,WET,True,COLLISION IN PARKING LOT,ANGLE,STRAIGHT & LEVEL,DAYLIGHT,,,2/11/2020 8:26:03 AM,False,7207,Accepted,
26328656,0568000,LOUISVILLE METRO POLICE DEPT,Accepted,JEFFERSON,,,THRUSTON,AVE,,,DIXIE,,,,,38.216935046,-85.728044728,0.158,2/10/2020 12:00:00 AM,1341,1,1,0,0,RAINING,WET,False,COLLISION IN PARKING LOT,SINGLE VEHICLE,STRAIGHT & GRADE,DAYLIGHT,,,2/10/2020 5:16:47 PM,False,2234,Accepted,
26328640,0568000,LOUISVILLE METRO POLICE DEPT,Accepted,JEFFERSON,KY0864,4516,POPLAR LEVEL,RD,,,,,,,,38.185491171,-85.700511127,10.517,2/10/2020 12:00:00 AM,0823,2,2,0,0,RAINING,WET,False,COLLISION IN PARKING LOT,BACKING,STRAIGHT & LEVEL,DAYLIGHT,,,2/10/2020 5:15:45 PM,False,2796,Accepted,
26341825,0568000,LOUISVILLE METRO POLICE DEPT,Accepted,JEFFERSON,KY0022,9500,BROWNSBORO,RD,,,,,,,,38.307462539,-85.574727189,3.930,2/10/2020 12:00:00 AM,1118,2,2,0,0,RAINING,WET,False,COLLISION IN PARKING LOT,OPPOSING LEFT TURN,STRAIGHT & LEVEL,DAYLIGHT,,,2/13/2020 8:29:42 AM,False,7751,Accepted,
26419817,0568000,LOUISVILLE METRO POLICE DEPT,Accepted,JEFFERSON,I 0064,,,,,,,,,,,38.258845380,-85.739713969,0.222,2/10/2020 12:00:00 AM,1303,1,1,0,0,RAINING,WET,False,OTHER RAMP RELATED COLLISIONS NOT LISTED ABOVE,SINGLE VEHICLE,CURVE & GRADE,DAYLIGHT,I 0064,I 0071,2/25/2020 8:04:56 AM,False,8278,Accepted,
26325640,0568000,LOUISVILLE METRO POLICE DEPT,Accepted,JEFFERSON,KY1447,,WESTPORT,RD,,,,,,,,38.287521818,-85.575486444,5.077,2/9/2020 12:00:00 AM,1505,2,2,0,0,CLOUDY,DRY,True,COLLISION IN PARKING LOT,BACKING,,DAYLIGHT,,,2/10/2020 8:32:32 AM,False,7839,Accepted,
26341904,0568000,LOUISVILLE METRO POLICE DEPT,Accepted,JEFFERSON,KY1865,5440,NEW CUT,RD,,,,,,,,38.148254800,-85.775873627,2.836,2/9/2020 12:00:00 AM,1500,2,1,0,1,CLEAR,DRY,False,COLLISION IN PARKING LOT,SINGLE VEHICLE,STRAIGHT & LEVEL,DAYLIGHT,,,2/13/2020 8:31:46 AM,False,7053,Accepted,
26325627,0568000,LOUISVILLE METRO POLICE DEPT,Accepted,JEFFERSON,I 0265,,,,,,,,,,,38.296045032,-85.548434243,0.358,2/9/2020 12:00:00 AM,1439,1,1,0,0,CLOUDY,DRY,False,COLLISION WITH FIXED OBJECT NOT IN GORE ,SINGLE VEHICLE,CURVE & GRADE,DAYLIGHT,I 0265,KY1447,2/10/2020 8:31:46 AM,False,7355,Accepted,
26341820,0568000,LOUISVILLE METRO POLICE DEPT,Accepted,JEFFERSON,KY1020,8102,NATIONAL,TPKE,,,,,,,,38.132130308,-85.750955102,4.030,2/9/2020 12:00:00 AM,1025,2,2,0,0,CLOUDY,DRY,False,REAR END IN TRAFFIC LANES BOTH VEHICLES MOVING,REAR END,STRAIGHT & LEVEL,DAYLIGHT,,,2/13/2020 8:29:08 AM,False,7080,Accepted,
26325642,0568000,LOUISVILLE METRO POLICE DEPT,Accepted,JEFFERSON,US0031E,,BARDSTOWN,RD,,,,,GOLDSMITH,,BELMONT,38.207525237,-85.668388013,11.711,2/9/2020 12:00:00 AM,1759,2,2,0,0,CLEAR,DRY,False,SIDESWIPE COLLISION - SAME DIRECTION,SIDESWIPE-SAME DIRECTION,STRAIGHT & LEVEL,DARK-HWY LIGHTED/ON,,,2/10/2020 8:32:36 AM,False,7497,Accepted,
26341818,0568000,LOUISVILLE METRO POLICE DEPT,Accepted,JEFFERSON,KY1065,5326,OUTER,LOOP,,,,,,,,38.126378820,-85.775955491,1.020,2/9/2020 12:00:00 AM,1615,2,2,0,0,CLOUDY,DRY,False,SIDESWIPE COLLISION - SAME DIRECTION,SIDESWIPE-SAME DIRECTION,STRAIGHT & HILLCREST,DAYLIGHT,,,2/13/2020 8:29:02 AM,False,7080,Accepted,
26341822,0568000,LOUISVILLE METRO POLICE DEPT,Accepted,JEFFERSON,KY0061,,PRESTON,HWY,,,,,GILMORE,,ROSE,38.175042244,-85.713158927,6.916,2/9/2020 12:00:00 AM,1300,2,2,0,0,CLOUDY,DRY,False,SIDESWIPE COLLISION - SAME DIRECTION,SIDESWIPE-SAME DIRECTION,STRAIGHT & LEVEL,DAYLIGHT,,,2/13/2020 8:29:30 AM,False,7431,Accepted,
26325611,0568000,LOUISVILLE METRO POLICE DEPT,Accepted,JEFFERSON,,,LIBERTY,ST,W,,,,,,,38.253632080,-85.761719056,0.320,2/9/2020 12:00:00 AM,1224,2,2,0,0,CLOUDY,WET,False,OTHER COLLISIONS ON SHOULDER,BACKING,STRAIGHT & LEVEL,DAYLIGHT,,,2/10/2020 8:30:18 AM,False,7988,Accepted,
26325617,0568000,LOUISVILLE METRO POLICE DEPT,Accepted,JEFFERSON,KY1747,,HURSTBOURNE,PKWY,S,,,,WHITTINGTON,KY1747,KY1747 CROSSOVER,38.243163123,-85.576882909,13.181,2/9/2020 12:00:00 AM,1210,2,2,0,1,CLOUDY,WET,False,REAR END IN TRAFFIC LANES BOTH VEHICLES MOVING,REAR END,STRAIGHT & LEVEL,DAYLIGHT,,,2/10/2020 8:31:05 AM,False,2969,Accepted,
26325648,0568000,LOUISVILLE METRO POLICE DEPT,Accepted,JEFFERSON,KY0155,,TAYLORSVILLE,RD,,,,,BROWNS,,MCMAHAN,38.219888725,-85.625589180,13.310,2/9/2020 12:00:00 AM,1649,2,2,0,0,CLOUDY,DRY,False,REAR END IN TRAFFIC LANES BOTH VEHICLES MOVING,REAR END,STRAIGHT & LEVEL,DAYLIGHT,,,2/10/2020 8:33:04 AM,False,7448,Accepted,
26325654,0568000,LOUISVILLE METRO POLICE DEPT,Accepted,JEFFERSON,US0031E,,BARDSTOWN,RD,,,,,,,,38.236374333,-85.717268764,15.177,2/9/2020 12:00:00 AM,1945,2,2,0,0,CLOUDY,DRY,False,REAR END IN TRAFFIC LANES BOTH VEHICLES MOVING,REAR END,STRAIGHT & LEVEL,DARK-HWY LIGHTED/ON,,,2/10/2020 8:33:38 AM,False,7916,Accepted,
26325655,0568000,LOUISVILLE METRO POLICE DEPT,Accepted,JEFFERSON,KY0864,,POPLAR LEVEL,RD,,,,,ATHENS,,PATTERSON,38.160266564,-85.675172548,8.261,2/9/2020 12:00:00 AM,0359,2,2,0,1,CLEAR,DRY,True,REAR END IN TRAFFIC LANES BOTH VEHICLES MOVING,REAR END,STRAIGHT & GRADE,DARK-HWY LIGHTED/OFF,,,2/10/2020 8:33:45 AM,False,5203,Accepted,
26325650,0568000,LOUISVILLE METRO POLICE DEPT,Accepted,JEFFERSON,KY1934,4136,CANE RUN,RD,,,,,FARNSLEY,,VAN WINKLE,38.202683156,-85.833079517,9.520,2/9/2020 12:00:00 AM,1702,2,2,0,0,CLEAR,DRY,True,OTHER ROADWAY OR MID-BLOCK COLLISION,REAR END,STRAIGHT & LEVEL,DAYLIGHT,,,2/10/2020 8:33:17 AM,False,7420,Accepted,
26325635,0568000,LOUISVILLE METRO POLICE DEPT,Accepted,JEFFERSON,,6208,JEANINE,DR,,,,,,,,38.158088975,-85.688547734,0.031,2/9/2020 12:00:00 AM,1731,1,1,0,0,CLEAR,DRY,True,OTHER ROADWAY OR MID-BLOCK COLLISION,SINGLE VEHICLE,STRAIGHT & LEVEL,DAYLIGHT,,,2/10/2020 8:32:14 AM,False,7451,Accepted,
26325626,0568000,LOUISVILLE METRO POLICE DEPT,Accepted,JEFFERSON,KY0864,,POPLAR LEVEL,RD,,,,,,,,38.182665322,-85.698361928,10.290,2/9/2020 12:00:00 AM,1219,2,2,0,4,CLOUDY,WET,False,OTHER ROADWAY OR MID-BLOCK COLLISION,OPPOSING LEFT TURN,STRAIGHT & LEVEL,DAYLIGHT,,,2/10/2020 8:31:39 AM,False,5027,Accepted,
26325638,0568000,LOUISVILLE METRO POLICE DEPT,Accepted,JEFFERSON,I 0064,,I64 W,,,,,,,,,38.260020120,-85.767743967,3.669,2/9/2020 12:00:00 AM,0712,1,1,0,0,CLOUDY,WET,False,OTHER ROADWAY OR MID-BLOCK COLLISION,SINGLE VEHICLE,STRAIGHT & LEVEL,DARK (UNKNOWN ROADWAY LIGHTING),,,2/10/2020 8:32:25 AM,False,5124,Accepted,
26325651,0568000,LOUISVILLE METRO POLICE DEPT,Accepted,JEFFERSON,KY1865,4000B,TAYLOR,BLVD,,,,,,,,38.183967024,-85.783861409,5.345,2/9/2020 12:00:00 AM,1834,2,2,0,2,CLEAR,DRY,False,1 VEHICLE ENTERING/LEAVING ENTRANCE,ANGLE,STRAIGHT & LEVEL,DARK-HWY LIGHTED/ON,,,2/10/2020 8:33:24 AM,False,7963,Accepted,
26325619,0568000,LOUISVILLE METRO POLICE DEPT,Accepted,JEFFERSON,KY1747,,FERN VALLEY,RD,,,,,,,,38.157045936,-85.709036395,1.272,2/9/2020 12:00:00 AM,1337,2,2,0,1,CLOUDY,WET,False,1 VEHICLE ENTERING/LEAVING ENTRANCE,ANGLE,STRAIGHT & LEVEL,DAYLIGHT,,,2/10/2020 8:31:13 AM,False,7269,Accepted,
26414681,0568000,LOUISVILLE METRO POLICE DEPT,Accepted,JEFFERSON,KY1065,5800,OUTER,LOOP,,,,,,,,38.138664341,-85.653894269,7.858,2/9/2020 12:00:00 AM,0559,1,1,0,0,CLEAR,DRY,False,COLLISION WITH FIXED OBJECT NON - INTERSECTION - FIRST EVENT COLLISION 09 - 32 EXCLUDING 16,SINGLE VEHICLE,STRAIGHT & LEVEL,DARK-HWY LIGHTED/ON,,,2/24/2020 9:12:16 AM,False,5042,Accepted,
26325624,0568000,LOUISVILLE METRO POLICE DEPT,Accepted,JEFFERSON,KY0864,4520,POPLAR LEVEL,RD,,,,,,,,38.188088906,-85.702597357,10.777,2/9/2020 12:00:00 AM,1050,1,1,0,0,CLOUDY,DRY,False,COLLISION WITH FIXED OBJECT NON - INTERSECTION - FIRST EVENT COLLISION 09 - 32 EXCLUDING 16,SINGLE VEHICLE,STRAIGHT & LEVEL,DAYLIGHT,,,2/10/2020 8:31:31 AM,False,7830,Accepted,
26325592,0568000,LOUISVILLE METRO POLICE DEPT,Accepted,JEFFERSON,I 0265,,I265 W,,,,,,,,,38.218187919,-85.506164527,25.131,2/9/2020 12:00:00 AM,0337,1,1,0,0,CLEAR,DRY,False,COLLISION WITH FIXED OBJECT NON - INTERSECTION - FIRST EVENT COLLISION 09 - 32 EXCLUDING 16,SINGLE VEHICLE,STRAIGHT & LEVEL,DARK-HWY LIGHTED/ON,,,2/10/2020 8:29:24 AM,False,5128,Accepted,
26328639,0568000,LOUISVILLE METRO POLICE DEPT,Accepted,JEFFERSON,,1028,BARRET,AVE,,,,,,,,38.235749241,-85.727659232,1.009,2/9/2020 12:00:00 AM,2005,1,1,0,0,CLOUDY,DRY,True,COLLISION WITH FIXED OBJECT NON - INTERSECTION - FIRST EVENT COLLISION 09 - 32 EXCLUDING 16,SINGLE VEHICLE,STRAIGHT & LEVEL,DARK-HWY LIGHTED/ON,,,2/10/2020 5:15:41 PM,False,5188,Accepted,
26325660,0568000,LOUISVILLE METRO POLICE DEPT,Accepted,JEFFERSON,US0060A,,BERRY,BLVD,,,,,,,,38.196505693,-85.789347105,1.113,2/9/2020 12:00:00 AM,0503,3,3,0,0,CLEAR,DRY,False,1 VEHICLE PARKED POSITION (NOT PARKING LOT/DRIVEWAY),REAR END,STRAIGHT & HILLCREST,DARK-HWY LIGHTED/ON,,,2/10/2020 8:34:22 AM,False,5287,Accepted,
26325656,0568000,LOUISVILLE METRO POLICE DEPT,Accepted,JEFFERSON,KY2054,,ALGONQUIN,PKWY,,,DIXIE,,,,,38.223179483,-85.792511992,1.639,2/9/2020 12:00:00 AM,1946,2,2,0,0,CLEAR,DRY,False,SIDESWIPE-SAME DIRECTION,SIDESWIPE-SAME DIRECTION,STRAIGHT & LEVEL,DARK-HWY LIGHTED/ON,,,2/10/2020 8:33:54 AM,False,7439,Accepted,
26325643,0568000,LOUISVILLE METRO POLICE DEPT,Accepted,JEFFERSON,KY1931,,MANSLICK,RD,,,ROSEWOOD,,,,,38.169132243,-85.797143552,6.505,2/9/2020 12:00:00 AM,1330,2,2,0,0,CLEAR,WET,True,OTHER INTERSECTION COLLISIONS,REAR END,STRAIGHT & LEVEL,DAYLIGHT,,,2/10/2020 8:32:43 AM,False,7267,Accepted,
26325625,0568000,LOUISVILLE METRO POLICE DEPT,Accepted,JEFFERSON,KY0864,,SHELBY,ST,S,US0150,BROADWAY,,,,,38.244764782,-85.739520199,15.476,2/9/2020 12:00:00 AM,1510,2,2,0,0,CLOUDY,WET,False,OTHER INTERSECTION COLLISIONS,REAR END,STRAIGHT & LEVEL,DAYLIGHT,,,2/10/2020 8:31:35 AM,False,6360,Accepted,
26325649,0568000,LOUISVILLE METRO POLICE DEPT,Accepted,JEFFERSON,,,SIX MILE,LN,,KY1747,HURSTBOURNE,,,,,38.198555970,-85.603271793,2.853,2/9/2020 12:00:00 AM,1855,2,2,0,0,CLEAR,DRY,False,OTHER INTERSECTION COLLISIONS,REAR END,STRAIGHT & LEVEL,DARK-HWY LIGHTED/ON,,,2/10/2020 8:33:11 AM,False,7739,Accepted,
26325621,0568000,LOUISVILLE METRO POLICE DEPT,Accepted,JEFFERSON,US0031W,,22ND,ST,S,,HILL,,,,,38.228914811,-85.792850874,18.157,2/9/2020 12:00:00 AM,1104,2,2,0,0,SNOWING,WET,False,OTHER INTERSECTION COLLISIONS,REAR END,STRAIGHT & LEVEL,DAYLIGHT,,,2/10/2020 8:31:22 AM,False,7656,Accepted,
26325593,0568000,LOUISVILLE METRO POLICE DEPT,Accepted,JEFFERSON,KY0061,,PRESTON,ST,S,,ATWOOD,,,,,38.216592555,-85.744979152,10.295,2/9/2020 12:00:00 AM,0348,1,1,0,0,CLEAR,DRY,True,OTHER INTERSECTION COLLISIONS,SINGLE VEHICLE,STRAIGHT & LEVEL,DARK-HWY LIGHTED/ON,,,2/10/2020 8:29:28 AM,False,5196,Accepted,