IncidentID,AgencyORI,AgencyName,IncidentStatusDesc,County,RdwyNumber,Street,RoadwayName,StreetSfx,StreetDir,IntersectionRdwy,IntersectionRdwyName,BetweenStRdwy1,BetweenStRdwyName1,BetweenStRdwy2,BetweenStRdwyName2,Latitude,Longitude,Milepoint,CollisionDate,CollisionTime,UnitsInvolved,MotorVehiclesInvolved,NumberKilled,NumberInjured,Weather,RdwyConditionCode,HitandRun,DirAnalysisCode,MannerofCollision,RdwyCharacter,LightCondition,RampFromRdwyId,RampToRdwyId,AcceptedDate,IsSecondaryCollision,OwnerBadge,IncidentStatus,
26325632,0568000,LOUISVILLE METRO POLICE DEPT,Accepted,JEFFERSON,US0031E,3400,BARDSTOWN,RD,,,,,,,,38.205593717,-85.666759139,11.562,2/9/2020 12:00:00 AM,1239,2,1,0,1,CLOUDY,WET,False,COLLISION WITH BICYCLIST NON INTERSECTION,SINGLE VEHICLE,STRAIGHT & LEVEL,DAYLIGHT,,,2/10/2020 8:32:00 AM,False,7448,Accepted,
26347702,0568000,LOUISVILLE METRO POLICE DEPT,Accepted,JEFFERSON,US0060A,,EASTERN,PKWY,,KY0864,POPLAR LEVEL,,,,,38.224000351,-85.730065787,5.522,2/9/2020 12:00:00 AM,2251,2,2,0,2,RAINING,WET,False,OTHER INTERSECTION COLLISIONS,REAR END,STRAIGHT & LEVEL,DARK-HWY LIGHTED/ON,,,2/14/2020 8:42:31 AM,False,7450,Accepted,
26347688,0568000,LOUISVILLE METRO POLICE DEPT,Accepted,JEFFERSON,KY1020,,3RD,ST,S,US0150,BROADWAY,,,,,38.245931460,-85.756714218,12.098,2/9/2020 12:00:00 AM,2201,2,2,0,1,RAINING,WET,False,OTHER INTERSECTION COLLISIONS,REAR END,STRAIGHT & LEVEL,DARK-HWY LIGHTED/ON,,,2/14/2020 8:41:45 AM,False,5050,Accepted,
26325599,0568000,LOUISVILLE METRO POLICE DEPT,Accepted,JEFFERSON,,,FRANKFORT,AVE,,US0042,STORY,,,,,38.258836819,-85.721475179,0.001,2/9/2020 12:00:00 AM,0214,2,2,0,0,CLEAR,DRY,False,OPPOSITE DIRECTION - BOTH VEHICLES GOING STRAIGHT AHEAD,SIDESWIPE-OPPOSITE DIRECTION,CURVE & HILLCREST,DARK-HWY LIGHTED/ON,,,2/10/2020 8:29:45 AM,False,7316,Accepted,
26414867,0568000,LOUISVILLE METRO POLICE DEPT,Accepted,JEFFERSON,US0031W,,MARKET,ST,W,KY1020,3RD,,,,,38.255067191,-85.755235548,21.950,2/9/2020 12:00:00 AM,1840,2,2,0,0,CLOUDY,WET,False,SIDESWIPE-SAME DIRECTION,SIDESWIPE-SAME DIRECTION,STRAIGHT & GRADE,DARK-HWY LIGHTED/ON,,,2/24/2020 9:18:42 AM,False,2661,Accepted,
26341934,0568000,LOUISVILLE METRO POLICE DEPT,Accepted,JEFFERSON,,,3RD,ST,S,,WOODLAWN,,,,,38.181579917,-85.766229555,1.319,2/9/2020 12:00:00 AM,1837,2,2,0,1,CLOUDY,DRY,False,OPPOSING LEFT TURN,OPPOSING LEFT TURN,STRAIGHT & LEVEL,DARK-HWY LIGHTED/ON,,,2/13/2020 8:32:28 AM,False,5260,Accepted,
26325633,0568000,LOUISVILLE METRO POLICE DEPT,Accepted,JEFFERSON,US0031E,,BARDSTOWN,RD,,,BELMONT,,,,,38.206274231,-85.667088878,11.610,2/9/2020 12:00:00 AM,1430,2,2,0,0,CLEAR,DRY,False,ANGLE COLLISION - OTHER,ANGLE,STRAIGHT & LEVEL,DAYLIGHT,,,2/10/2020 8:32:04 AM,False,7448,Accepted,
26325637,0568000,LOUISVILLE METRO POLICE DEPT,Accepted,JEFFERSON,,,45TH,ST,S,,KENTUCKY,,,,,38.246120440,-85.827445921,0.308,2/9/2020 12:00:00 AM,1625,2,2,0,0,CLEAR,DRY,True,ANGLE COLLISION - OTHER,ANGLE,STRAIGHT & LEVEL,DAYLIGHT,,,2/10/2020 8:32:22 AM,False,5290,Accepted,
26325623,0568000,LOUISVILLE METRO POLICE DEPT,Accepted,JEFFERSON,US0031W,,22ND,ST,S,,GAULBERT,,,,,38.228002417,-85.793199887,18.093,2/9/2020 12:00:00 AM,1339,2,2,0,0,CLOUDY,WET,True,ANGLE COLLISION - OTHER,ANGLE,STRAIGHT & LEVEL,DAYLIGHT,,,2/10/2020 8:31:27 AM,False,7656,Accepted,
26325591,0568000,LOUISVILLE METRO POLICE DEPT,Accepted,JEFFERSON,,3000,DUNDEE,RD,,,EMERSON,,,,,38.215148159,-85.688388586,0.734,2/9/2020 12:00:00 AM,0218,1,1,0,0,CLOUDY,DRY,False,COLLISION WITH FIXED OBJECT IN INTERSECTION - FIRST EVENT COLLISION 09 - 32,SINGLE VEHICLE,STRAIGHT & LEVEL,DARK-HWY LIGHTED/ON,,,2/10/2020 8:29:21 AM,False,7935,Accepted,
26325590,0568000,LOUISVILLE METRO POLICE DEPT,Accepted,JEFFERSON,,,SOUTHWESTERN,PKWY,,,MUHAMMAD ALI,,,,,38.258605960,-85.824127053,0.686,2/9/2020 12:00:00 AM,0034,1,1,0,0,CLEAR,DRY,False,COLLISION WITH FIXED OBJECT IN INTERSECTION - FIRST EVENT COLLISION 09 - 32,SINGLE VEHICLE,STRAIGHT & LEVEL,DARK-HWY LIGHTED/ON,,,2/10/2020 8:29:18 AM,False,7481,Accepted,
26325595,0568000,LOUISVILLE METRO POLICE DEPT,Accepted,JEFFERSON,,,ELLISON,AVE,,,SCHILLER,,,,,38.230939788,-85.729401117,0.500,2/9/2020 12:00:00 AM,0214,2,2,0,0,CLEAR,DRY,False,COLLISION WITH PARKED VEHICLE,REAR END,STRAIGHT & LEVEL,DARK-HWY LIGHTED/ON,,,2/10/2020 8:29:31 AM,False,5196,Accepted,
27777370,0568000,LOUISVILLE METRO POLICE DEPT,Accepted,JEFFERSON,KY0864,,POPLAR LEVEL,RD,,,ROEDERER,,,,,38.161248682,-85.677367477,8.406,2/9/2020 12:00:00 AM,0645,2,2,0,0,RAINING,WET,False,ANGLE COLLISION - ONE VEHICLE TURNING LEFT,ANGLE,STRAIGHT & LEVEL,DARK-HWY LIGHTED/ON,,,2/12/2021 10:51:22 AM,False,5144,Accepted,
26341876,0568000,LOUISVILLE METRO POLICE DEPT,Accepted,JEFFERSON,,,ROY WILKINS,AVE,,,MUHAMMAD ALI,,,,,38.252088868,-85.765852743,0.381,2/9/2020 12:00:00 AM,1052,2,2,0,0,CLOUDY,DRY,False,ANGLE COLLISION - ONE VEHICLE TURNING LEFT,ANGLE,STRAIGHT & LEVEL,DAYLIGHT,,,2/13/2020 8:31:17 AM,False,5168,Accepted,
26454300,0568000,LOUISVILLE METRO POLICE DEPT,Accepted,JEFFERSON,I 0264,,I264 W,,,I 0065,I264 W EXIT12 OFF RAMP TO,,,,,38.191092295,-85.718498093,12.695,2/8/2020 12:00:00 AM,2344,2,2,0,2,CLEAR,DRY,False,COLLISION WITH PARKED VEHICLE,REAR END,STRAIGHT & LEVEL,DARK-HWY LIGHTED/ON,,,3/3/2020 8:28:17 AM,False,7720,Accepted,
26325556,0568000,LOUISVILLE METRO POLICE DEPT,Accepted,JEFFERSON,,1824,MAGAZINE,ST,,,18TH,,,,,38.250253503,-85.781700896,0.760,2/8/2020 12:00:00 AM,1251,2,2,0,0,CLOUDY,DRY,True,COLLISION WITH PARKED VEHICLE,ANGLE,STRAIGHT & LEVEL,DAYLIGHT,,,2/10/2020 8:27:41 AM,False,7361,Accepted,
26325581,0568000,LOUISVILLE METRO POLICE DEPT,Accepted,JEFFERSON,KY1230,,DOVER,AVE,,KY3206,CANE RUN,,,,,38.176580497,-85.868850034,7.968,2/8/2020 12:00:00 AM,1120,1,1,0,0,CLOUDY,DRY,False,COLLISION WITH FIXED OBJECT IN INTERSECTION - FIRST EVENT COLLISION 09 - 32,SINGLE VEHICLE,STRAIGHT & LEVEL,DAYLIGHT,,,2/10/2020 8:28:48 AM,False,7340,Accepted,
26325530,0568000,LOUISVILLE METRO POLICE DEPT,Accepted,JEFFERSON,I 0264,,I264 E,,,I 0264,I264 E EXIT1 OFF RAMP TO,,,,,38.270359746,-85.808550449,0.459,2/8/2020 12:00:00 AM,0004,1,1,0,0,CLEAR,DRY,False,COLLISION WITH FIXED OBJECT IN INTERSECTION - FIRST EVENT COLLISION 09 - 32,SINGLE VEHICLE,STRAIGHT & LEVEL,DARK-HWY LIGHTED/ON,,,2/10/2020 8:26:18 AM,False,5285,Accepted,
26325608,0568000,LOUISVILLE METRO POLICE DEPT,Accepted,JEFFERSON,,,SOUTHLAND,BLVD,W,KY1020,SOUTHSIDE,,,,,38.171138905,-85.764715246,0.060,2/8/2020 12:00:00 AM,1838,2,2,0,0,CLEAR,DRY,True,ANGLE COLLISION - ONE VEHICLE TURNING LEFT,ANGLE,STRAIGHT & LEVEL,DAYLIGHT,,,2/10/2020 8:30:05 AM,False,7301,Accepted,
26325541,0568000,LOUISVILLE METRO POLICE DEPT,Accepted,JEFFERSON,,,BROADWAY,,W,,34TH,,,,,38.249886493,-85.808011629,1.066,2/8/2020 12:00:00 AM,1255,2,2,0,1,CLEAR,DRY,True,ANGLE COLLISION - OTHER,ANGLE,,DAYLIGHT,,,2/10/2020 8:26:56 AM,False,7460,Accepted,
26325577,0568000,LOUISVILLE METRO POLICE DEPT,Accepted,JEFFERSON,,,23RD,ST,S,,RATCLIFFE,,,,,38.219553043,-85.798101510,2.426,2/8/2020 12:00:00 AM,1719,2,2,0,0,CLOUDY,DRY,False,ANGLE COLLISION - OTHER,ANGLE,STRAIGHT & LEVEL,DAYLIGHT,,,2/10/2020 8:28:29 AM,False,2569,Accepted,
26325579,0568000,LOUISVILLE METRO POLICE DEPT,Accepted,JEFFERSON,,,WILSON,AVE,,,17TH,,,,,38.233623698,-85.782511021,0.393,2/8/2020 12:00:00 AM,1435,3,3,0,3,SNOWING,DRY,False,ANGLE COLLISION - OTHER,ANGLE,STRAIGHT & LEVEL,DAYLIGHT,,,2/10/2020 8:28:37 AM,False,7381,Accepted,
26325609,0568000,LOUISVILLE METRO POLICE DEPT,Accepted,JEFFERSON,KY3084,,OLD HENRY,RD,,I 0265,I265 S EXIT29 OFF RAMP TO KY3084,,,,,38.269300625,-85.502974572,1.045,2/8/2020 12:00:00 AM,1919,2,2,0,0,CLOUDY,WET,False,ANGLE COLLISION - OTHER,ANGLE,STRAIGHT & LEVEL,DARK-HWY NOT LIGHTED,,,2/10/2020 8:30:08 AM,False,6334,Accepted,
26325600,0568000,LOUISVILLE METRO POLICE DEPT,Accepted,JEFFERSON,US0042,,MELLWOOD,AVE,,US0060,FRANKFORT,,,,,38.257715922,-85.719471538,0.805,2/8/2020 12:00:00 AM,2128,2,2,0,0,CLEAR,DRY,False,ANGLE COLLISION - OTHER,ANGLE,STRAIGHT & LEVEL,DARK-HWY LIGHTED/ON,,,2/10/2020 8:29:48 AM,False,7325,Accepted,
26325586,0568000,LOUISVILLE METRO POLICE DEPT,Accepted,JEFFERSON,KY2054,,ALGONQUIN,PKWY,,KY1931,7TH ST,,,,,38.220079688,-85.777380486,2.518,2/8/2020 12:00:00 AM,1404,2,2,0,0,CLOUDY,DRY,False,OPPOSING LEFT TURN,OPPOSING LEFT TURN,STRAIGHT & LEVEL,DAYLIGHT,,,2/10/2020 8:29:04 AM,False,7422,Accepted,
26325629,0568000,LOUISVILLE METRO POLICE DEPT,Accepted,JEFFERSON,US0060,,FRANKFORT,AVE,,,BAYLY,,,,,38.254651252,-85.692982067,1.471,2/8/2020 12:00:00 AM,1559,2,2,0,2,CLOUDY,DRY,False,OPPOSING LEFT TURN,OPPOSING LEFT TURN,STRAIGHT & LEVEL,DAYLIGHT,,,2/10/2020 8:31:54 AM,False,7180,Accepted,
26325524,0568000,LOUISVILLE METRO POLICE DEPT,Accepted,JEFFERSON,,,PENNACOOK,RD,,KY1931,ST ANDREWS CHURCH,,,,,38.154506315,-85.802825465,,2/8/2020 12:00:00 AM,0015,2,2,0,0,SNOWING,DRY,True,OPPOSITE DIRECTION - BOTH VEHICLES GOING STRAIGHT AHEAD,SIDESWIPE-OPPOSITE DIRECTION,STRAIGHT & LEVEL,DUSK,,,2/10/2020 8:25:56 AM,False,5059,Accepted,
26325554,0568000,LOUISVILLE METRO POLICE DEPT,Accepted,JEFFERSON,US0031E,,MARKET,ST,E,,SHELBY,,,,,38.253200345,-85.737955609,16.932,2/8/2020 12:00:00 AM,1619,2,2,0,0,CLOUDY,DRY,False,VEHICLE BACKING IN INTERSECTION,BACKING,STRAIGHT & LEVEL,DAYLIGHT,,,2/10/2020 8:27:38 AM,False,5168,Accepted,
26325658,0568000,LOUISVILLE METRO POLICE DEPT,Accepted,JEFFERSON,,,LONGFIELD,AVE,,US0060A,TAYLOR,,,,,38.198591308,-85.782735034,0.779,2/8/2020 12:00:00 AM,1859,2,2,0,0,CLEAR,DRY,False,OTHER INTERSECTION COLLISIONS,REAR END,STRAIGHT & LEVEL,DUSK,,,2/10/2020 8:34:09 AM,False,7291,Accepted,
26325552,0568000,LOUISVILLE METRO POLICE DEPT,Accepted,JEFFERSON,KY0061,,PRESTON,HWY,,,SPRINGVIEW,,,,,38.119522247,-85.677668962,2.557,2/8/2020 12:00:00 AM,1546,2,2,0,0,CLOUDY,DRY,False,OTHER INTERSECTION COLLISIONS,REAR END,STRAIGHT & LEVEL,DAYLIGHT,,,2/10/2020 8:27:31 AM,False,7269,Accepted,
26325587,0568000,LOUISVILLE METRO POLICE DEPT,Accepted,JEFFERSON,US0031W,,DIXIE,HWY,,,LANDSTAR,,,,,38.065888709,-85.885272135,5.530,2/8/2020 12:00:00 AM,1845,2,2,0,0,CLEAR,DRY,False,OTHER INTERSECTION COLLISIONS,REAR END,STRAIGHT & LEVEL,DARK-HWY LIGHTED/ON,,,2/10/2020 8:29:07 AM,False,2021,Accepted,
26325543,0568000,LOUISVILLE METRO POLICE DEPT,Accepted,JEFFERSON,KY0061,,PRESTON,HWY,,,BELMAR,,,,,38.194775713,-85.729934325,8.529,2/8/2020 12:00:00 AM,1420,2,2,0,0,CLOUDY,DRY,False,OTHER INTERSECTION COLLISIONS,REAR END,STRAIGHT & LEVEL,DAYLIGHT,,,2/10/2020 8:27:00 AM,False,6148,Accepted,
26325597,0568000,LOUISVILLE METRO POLICE DEPT,Accepted,JEFFERSON,KY1932,,BRECKENRIDGE,LN,,KY0155,TAYLORSVILLE,,,,,38.220217174,-85.630566992,2.866,2/8/2020 12:00:00 AM,2247,2,2,0,0,CLEAR,DRY,False,SIDESWIPE-SAME DIRECTION,SIDESWIPE-SAME DIRECTION,STRAIGHT & LEVEL,DARK-HWY LIGHTED/ON,,,2/10/2020 8:29:38 AM,False,5028,Accepted,
26325582,0568000,LOUISVILLE METRO POLICE DEPT,Accepted,JEFFERSON,KY1020,,2ND,ST,S,,OAK,,,,,38.234715508,-85.756996192,11.372,2/8/2020 12:00:00 AM,1545,2,2,0,0,CLOUDY,DRY,False,SIDESWIPE-SAME DIRECTION,SIDESWIPE-SAME DIRECTION,STRAIGHT & LEVEL,DAYLIGHT,,,2/10/2020 8:28:51 AM,False,7441,Accepted,
26325539,0568000,LOUISVILLE METRO POLICE DEPT,Accepted,JEFFERSON,,,WEAVER,CT,,,,,,,,38.231970643,-85.809856576,,2/8/2020 12:00:00 AM,1227,2,2,0,0,CLOUDY,DRY,True,1 VEHICLE ENTERING OR LEAVING PARKED POSITION (NOT PARKING LOT),BACKING,STRAIGHT & LEVEL,DAYLIGHT,,,2/10/2020 8:26:48 AM,False,5179,Accepted,
26325636,0568000,LOUISVILLE METRO POLICE DEPT,Accepted,JEFFERSON,,2417,BROADWAY,,W,,,,,,,38.249307083,-85.788953545,0.041,2/8/2020 12:00:00 AM,0330,2,2,0,0,CLEAR,DRY,True,1 VEHICLE PARKED POSITION (NOT PARKING LOT/DRIVEWAY),REAR END,STRAIGHT & LEVEL,DARK (UNKNOWN ROADWAY LIGHTING),,,2/10/2020 8:32:18 AM,False,5290,Accepted,
26325588,0568000,LOUISVILLE METRO POLICE DEPT,Accepted,JEFFERSON,,8228,BLAKE,LN,,,,,,,,38.132546948,-85.853402199,0.367,2/8/2020 12:00:00 AM,2000,2,2,0,0,CLEAR,DRY,False,1 VEHICLE PARKED POSITION (NOT PARKING LOT/DRIVEWAY),SIDESWIPE-OPPOSITE DIRECTION,STRAIGHT & LEVEL,DARK-HWY LIGHTED/ON,,,2/10/2020 8:29:11 AM,False,2721,Accepted,
26328880,0560400,SHIVELY POLICE DEPARTMENT,Accepted,JEFFERSON,I 0264,,I264 W,,,,,,,,,38.186506913,-85.815813942,7.392,2/8/2020 12:00:00 AM,1853,1,1,0,0,CLEAR,DRY,False,COLLISION WITH FIXED OBJECT NON - INTERSECTION - FIRST EVENT COLLISION 09 - 32 EXCLUDING 16,SINGLE VEHICLE,CURVE & LEVEL,DARK-HWY LIGHTED/ON,,,2/10/2020 6:43:47 PM,False,7128,Accepted,
26325584,0568000,LOUISVILLE METRO POLICE DEPT,Accepted,JEFFERSON,,3001,CHAMBERLAIN,LN,,,,,,,,38.291824612,-85.538262736,1.543,2/8/2020 12:00:00 AM,1838,2,2,0,0,CLOUDY,DRY,False,1 VEHICLE ENTERING/LEAVING ENTRANCE,ANGLE,STRAIGHT & LEVEL,DARK-HWY LIGHTED/ON,,,2/10/2020 8:29:00 AM,False,7355,Accepted,
26325596,0568000,LOUISVILLE METRO POLICE DEPT,Accepted,JEFFERSON,US0031W,,22ND,ST,S,,,,,,,38.252176410,-85.787893291,19.759,2/8/2020 12:00:00 AM,2319,2,2,0,0,CLEAR,DRY,False,1 VEHICLE ENTERING/LEAVING ENTRANCE,ANGLE,STRAIGHT & LEVEL,DARK-HWY LIGHTED/ON,,,2/10/2020 8:29:34 AM,False,7253,Accepted,
26325544,0568000,LOUISVILLE METRO POLICE DEPT,Accepted,JEFFERSON,,,BECKLEY STATION,RD,N,,,,LAKE FOREST,,BECKLEY CROSSING,38.247846873,-85.481768297,0.738,2/8/2020 12:00:00 AM,1328,2,2,0,0,CLOUDY,WET,False,1 VEHICLE ENTERING/LEAVING ENTRANCE,ANGLE,CURVE & GRADE,DAYLIGHT,,,2/10/2020 8:27:07 AM,False,6334,Accepted,
26325553,0568000,LOUISVILLE METRO POLICE DEPT,Accepted,JEFFERSON,US0031W,2133,DIXIE,HWY,,,,,,,,38.220129337,-85.793817599,17.417,2/8/2020 12:00:00 AM,1432,2,2,0,3,CLOUDY,DRY,False,1 VEHICLE ENTERING/LEAVING ENTRANCE,ANGLE,STRAIGHT & LEVEL,DAYLIGHT,,,2/10/2020 8:27:34 AM,False,7656,Accepted,
26325647,0568000,LOUISVILLE METRO POLICE DEPT,Accepted,JEFFERSON,,,4TH,ST,S,,,,,,,38.211667141,-85.764435294,3.131,2/8/2020 12:00:00 AM,1129,2,2,0,1,CLOUDY,DRY,False,1 VEHICLE ENTERING/LEAVING ENTRANCE,ANGLE,STRAIGHT & LEVEL,DAYLIGHT,,,2/10/2020 8:32:58 AM,False,7398,Accepted,
26325583,0568000,LOUISVILLE METRO POLICE DEPT,Accepted,JEFFERSON,KY1747,,HURSTBOURNE,PKWY,S,,,,STONY BROOK,KY1747,KY1747 CROSSOVER,38.171435638,-85.604633222,7.658,2/8/2020 12:00:00 AM,1732,2,2,0,0,CLOUDY,DRY,False,OTHER ROADWAY OR MID-BLOCK COLLISION,REAR END,STRAIGHT & GRADE,DAYLIGHT,,,2/10/2020 8:28:57 AM,False,6494,Accepted,
26325550,0568000,LOUISVILLE METRO POLICE DEPT,Accepted,JEFFERSON,KY0022,,BROWNSBORO,RD,,,,,,,,38.307207279,-85.575118699,3.858,2/8/2020 12:00:00 AM,1425,2,2,0,0,CLOUDY,DRY,False,OTHER ROADWAY OR MID-BLOCK COLLISION,OPPOSING LEFT TURN,STRAIGHT & LEVEL,DAYLIGHT,,,2/10/2020 8:27:23 AM,False,7839,Accepted,
26325551,0568000,LOUISVILLE METRO POLICE DEPT,Accepted,JEFFERSON,KY1747,201,HURSTBOURNE,PKWY,S,,,,,,,38.242376191,-85.576855323,13.192,2/8/2020 12:00:00 AM,1452,2,2,0,0,CLOUDY,DRY,False,OTHER ROADWAY OR MID-BLOCK COLLISION,OPPOSING LEFT TURN,STRAIGHT & LEVEL,DAYLIGHT,,,2/10/2020 8:27:27 AM,False,7337,Accepted,
26347658,0568000,LOUISVILLE METRO POLICE DEPT,Accepted,JEFFERSON,US0031E,,BARDSTOWN,RD,,,,,,,,38.211032350,-85.670928239,12.053,2/8/2020 12:00:00 AM,2019,3,3,0,0,CLEAR,DRY,False,OTHER ROADWAY OR MID-BLOCK COLLISION,REAR END,STRAIGHT & LEVEL,DARK-HWY LIGHTED/ON,,,2/14/2020 8:39:37 AM,False,5006,Accepted,
26347683,0568000,LOUISVILLE METRO POLICE DEPT,Accepted,JEFFERSON,KY0864,,FEGENBUSH,LN,,,,,,,,38.138399472,-85.615396593,4.372,2/8/2020 12:00:00 AM,1907,2,2,0,0,CLEAR,DRY,False,OTHER ROADWAY OR MID-BLOCK COLLISION,OPPOSING LEFT TURN,STRAIGHT & LEVEL,DARK-HWY LIGHTED/ON,,,2/14/2020 8:41:28 AM,False,7449,Accepted,
26325661,0568000,LOUISVILLE METRO POLICE DEPT,Accepted,JEFFERSON,I 0264,,I264 W,,,,,I 0264,I264 W EXIT21 ON RAMP FROM KY1447,I 0264,I264 W EXIT21 OFF RAMP TO KY1447,38.263917002,-85.623972635,20.767,2/8/2020 12:00:00 AM,0608,1,1,0,1,SNOWING,SNOW/SLUSH,False,OTHER ROADWAY OR MID-BLOCK COLLISION,SINGLE VEHICLE,CURVE & HILLCREST,DARK-HWY LIGHTED/ON,,,2/10/2020 8:34:26 AM,False,7369,Accepted,
26707336,0568000,LOUISVILLE METRO POLICE DEPT,Accepted,JEFFERSON,KY1747,,FERN VALLEY,RD,,,,,,,,38.157739855,-85.686634842,2.498,2/8/2020 12:00:00 AM,2230,2,2,0,0,CLEAR,DRY,False,1 VEHICLE ENTERING/LEAVING ENTRANCE,ANGLE,STRAIGHT & GRADE,DARK-HWY LIGHTED/ON,,,5/18/2020 3:02:25 PM,False,5040,Accepted,
26325559,0568000,LOUISVILLE METRO POLICE DEPT,Accepted,JEFFERSON,,,MARY,ST,,,,KY0864,LOGAN,,SWAN,38.234127576,-85.739090709,0.297,2/8/2020 12:00:00 AM,1457,2,2,0,0,CLOUDY,DRY,False,REAR END IN TRAFFIC LANES BOTH VEHICLES MOVING,REAR END,STRAIGHT & LEVEL,DAYLIGHT,,,2/10/2020 8:27:48 AM,False,7322,Accepted,
26325646,0568000,LOUISVILLE METRO POLICE DEPT,Accepted,JEFFERSON,US0060A,,WINKLER,AVE,,,,,,,,38.210872350,-85.769645202,2.779,2/8/2020 12:00:00 AM,1617,2,2,0,0,CLOUDY,DRY,False,REAR END IN TRAFFIC LANES BOTH VEHICLES MOVING,REAR END,CURVE & LEVEL,DAYLIGHT,,,2/10/2020 8:32:53 AM,False,7398,Accepted,
26325548,0568000,LOUISVILLE METRO POLICE DEPT,Accepted,JEFFERSON,KY2050,,HERR,LN,,,,,,,,38.281661022,-85.626159324,2.000,2/8/2020 12:00:00 AM,1235,3,3,0,0,CLOUDY,DRY,False,REAR END IN TRAFFIC LANES BOTH VEHICLES MOVING,REAR END,STRAIGHT & LEVEL,DAYLIGHT,,,2/10/2020 8:27:19 AM,False,7839,Accepted,
26325580,0568000,LOUISVILLE METRO POLICE DEPT,Accepted,JEFFERSON,I 0264,,I264 W,,,,,,,,,38.189522450,-85.745503000,11.250,2/8/2020 12:00:00 AM,0930,2,2,0,1,CLEAR,WET,False,REAR END IN TRAFFIC LANES BOTH VEHICLES MOVING,REAR END,STRAIGHT & LEVEL,DAYLIGHT,,,2/10/2020 8:28:43 AM,True,5258,Accepted,
26325557,0568000,LOUISVILLE METRO POLICE DEPT,Accepted,JEFFERSON,I 0264,,,,,,,,,,,38.193947951,-85.709527239,0.178,2/8/2020 12:00:00 AM,1149,2,2,0,0,CLOUDY,DRY,False,OTHER RAMP RELATED COLLISIONS NOT LISTED ABOVE,REAR END,STRAIGHT & HILLCREST,DAYLIGHT,I 0264,KY0864,2/10/2020 8:27:45 AM,False,7451,Accepted,
26325589,0568000,LOUISVILLE METRO POLICE DEPT,Accepted,JEFFERSON,KY0864,7201,FEGENBUSH,LN,,,,,NORLYNN,,LORENZO,38.145600090,-85.627223647,5.044,2/8/2020 12:00:00 AM,1924,2,2,0,0,CLEAR,DRY,False,COLLISION IN PARKING LOT,BACKING,STRAIGHT & LEVEL,DARK-HWY LIGHTED/ON,,,2/10/2020 8:29:14 AM,False,6028,Accepted,
26325496,0568000,LOUISVILLE METRO POLICE DEPT,Accepted,JEFFERSON,,,28TH,ST,S,,BROADWAY,,,,,38.249566172,-85.798277558,0.798,2/7/2020 12:00:00 AM,0935,2,1,0,1,CLOUDY,WET,False,COLLISION IN PARKING LOT,SINGLE VEHICLE,STRAIGHT & LEVEL,DAYLIGHT,,,2/10/2020 8:24:24 AM,False,5124,Accepted,
26314505,0568000,LOUISVILLE METRO POLICE DEPT,Accepted,JEFFERSON,US0031E,3255,BARDSTOWN,RD,,,GOLDSMITH,,,,,38.208806269,-85.668948851,11.757,2/7/2020 12:00:00 AM,0240,1,1,0,0,SNOWING,SNOW/SLUSH,False,COLLISION IN PARKING LOT,SINGLE VEHICLE,STRAIGHT & LEVEL,DARK-HWY LIGHTED/ON,,,2/7/2020 8:20:23 AM,False,5269,Accepted,
26325527,0568000,LOUISVILLE METRO POLICE DEPT,Accepted,JEFFERSON,,,DUNDEE,RD,,,EMERSON,,,,,38.214631665,-85.688248116,0.719,2/7/2020 12:00:00 AM,1933,1,1,0,1,CLEAR,DRY,False,COLLISION IN PARKING LOT,SINGLE VEHICLE,STRAIGHT & LEVEL,DARK-HWY LIGHTED/ON,,,2/10/2020 8:26:07 AM,False,5240,Accepted,
26414855,0568000,LOUISVILLE METRO POLICE DEPT,Accepted,JEFFERSON,KY1932,3039,BRECKENRIDGE,LN,,,,,,,,38.217037877,-85.627526029,,2/7/2020 12:00:00 AM,1810,1,1,0,0,SNOWING,WET,False,COLLISION IN PARKING LOT,SINGLE VEHICLE,STRAIGHT & LEVEL,DARK-HWY NOT LIGHTED,,,2/24/2020 9:18:11 AM,False,2307,Accepted,
26314527,0568000,LOUISVILLE METRO POLICE DEPT,Accepted,JEFFERSON,I 0065,,,,,,,,,,,38.192362657,-85.729719975,0.367,2/7/2020 12:00:00 AM,0539,2,2,0,0,SNOWING,SNOW/SLUSH,False,OTHER RAMP RELATED COLLISIONS NOT LISTED ABOVE,REAR END,CURVE & LEVEL,DARK (UNKNOWN ROADWAY LIGHTING),I 0065,I 0065,2/7/2020 8:22:25 AM,False,5286,Accepted,
26325523,0568000,LOUISVILLE METRO POLICE DEPT,Accepted,JEFFERSON,I 0064,,,,,,,,,,,38.222858485,-85.504556055,0.205,2/7/2020 12:00:00 AM,2155,2,2,0,0,CLEAR,DRY,True,OTHER RAMP RELATED COLLISIONS NOT LISTED ABOVE,ANGLE,CURVE & GRADE,DARK-HWY NOT LIGHTED,I 0064,I 0064,2/10/2020 8:25:52 AM,False,6931,Accepted,
26484508,0568000,LOUISVILLE METRO POLICE DEPT,Accepted,JEFFERSON,US0031E,,BARDSTOWN,RD,,,,,MURRAY,,DUKER,38.230159134,-85.703725565,14.302,2/7/2020 12:00:00 AM,1422,2,2,0,0,CLOUDY,WET,False,OTHER ROADWAY OR MID-BLOCK COLLISION,REAR END,STRAIGHT & LEVEL,DAYLIGHT,,,3/9/2020 8:41:37 AM,False,7960,Accepted,