IncidentID,AgencyORI,AgencyName,IncidentStatusDesc,County,RdwyNumber,Street,RoadwayName,StreetSfx,StreetDir,IntersectionRdwy,IntersectionRdwyName,BetweenStRdwy1,BetweenStRdwyName1,BetweenStRdwy2,BetweenStRdwyName2,Latitude,Longitude,Milepoint,CollisionDate,CollisionTime,UnitsInvolved,MotorVehiclesInvolved,NumberKilled,NumberInjured,Weather,RdwyConditionCode,HitandRun,DirAnalysisCode,MannerofCollision,RdwyCharacter,LightCondition,RampFromRdwyId,RampToRdwyId,AcceptedDate,IsSecondaryCollision,OwnerBadge,IncidentStatus,
26325562,KSP0400,KY STATE POLICE POST 04,Accepted,JEFFERSON,,,FOREST SPRINGS,DR,,,,,,,,38.293607508,-85.508695480,0.005,2/7/2020 12:00:00 AM,0930,2,2,0,0,CLOUDY,SNOW/SLUSH,False,REAR END IN TRAFFIC LANES BOTH VEHICLES MOVING,REAR END,STRAIGHT & LEVEL,DAYLIGHT,,,2/10/2020 8:27:55 AM,False,553,Accepted,
26325503,0568000,LOUISVILLE METRO POLICE DEPT,Accepted,JEFFERSON,KY0841,,GENE SNYDER,FWY,,,,,,,,38.117776694,-85.738023130,8.202,2/7/2020 12:00:00 AM,1323,2,2,0,0,CLEAR,DRY,False,OTHER COLLISIONS ON SHOULDER,SIDESWIPE-SAME DIRECTION,STRAIGHT & LEVEL,DAYLIGHT,,,2/10/2020 8:24:52 AM,False,2142,Accepted,
26325473,0568000,LOUISVILLE METRO POLICE DEPT,Accepted,JEFFERSON,I 0065,,I65 S,,,,,,,,,38.246456993,-85.752260233,135.307,2/7/2020 12:00:00 AM,1428,2,2,0,0,CLOUDY,DRY,False,REAR END IN TRAFFIC LANES BOTH VEHICLES MOVING,REAR END,STRAIGHT & GRADE,DAYLIGHT,,,2/10/2020 8:23:26 AM,False,7216,Accepted,
26325576,0568000,LOUISVILLE METRO POLICE DEPT,Accepted,JEFFERSON,I 0065,,I65 S,,,,,,,,,38.181623825,-85.721809265,129.998,2/7/2020 12:00:00 AM,1114,2,2,0,0,SNOWING,WET,False,REAR END IN TRAFFIC LANES BOTH VEHICLES MOVING,REAR END,STRAIGHT & LEVEL,DAYLIGHT,,,2/10/2020 8:28:25 AM,True,8278,Accepted,
26325534,0568000,LOUISVILLE METRO POLICE DEPT,Accepted,JEFFERSON,US0031E,,BARDSTOWN,RD,,,,,JEFFERSON,,FERN CREEK,38.158771383,-85.591510332,6.196,2/7/2020 12:00:00 AM,1630,2,2,0,0,CLOUDY,DRY,False,REAR END IN TRAFFIC LANES BOTH VEHICLES MOVING,REAR END,STRAIGHT & GRADE,DAYLIGHT,,,2/10/2020 8:26:34 AM,False,6494,Accepted,
26325502,0568000,LOUISVILLE METRO POLICE DEPT,Accepted,JEFFERSON,KY1747,,HURSTBOURNE,PKWY,N,,,,,,,38.287476109,-85.572305048,17.026,2/7/2020 12:00:00 AM,1409,3,3,0,0,CLOUDY,DRY,False,REAR END IN TRAFFIC LANES BOTH VEHICLES MOVING,REAR END,STRAIGHT & LEVEL,DAYLIGHT,,,2/10/2020 8:24:48 AM,False,7839,Accepted,
26325484,0568000,LOUISVILLE METRO POLICE DEPT,Accepted,JEFFERSON,,,15TH,ST,S,,,,,,,38.253001244,-85.775738203,1.917,2/7/2020 12:00:00 AM,1607,2,2,0,0,CLEAR,DRY,False,REAR END IN TRAFFIC LANES BOTH VEHICLES MOVING,REAR END,STRAIGHT & LEVEL,DAYLIGHT,,,2/10/2020 8:23:55 AM,False,7988,Accepted,
26325499,0568000,LOUISVILLE METRO POLICE DEPT,Accepted,JEFFERSON,I 0264,,I264 W,,,,,I 0264,I264 W EXIT18 ON RAMP FROM KY1932,I 0264,I264 W EXIT17B OFF RAMP TO KY155 N,38.223092006,-85.647735104,17.195,2/7/2020 12:00:00 AM,1720,2,2,0,0,CLEAR,DRY,False,REAR END IN TRAFFIC LANES BOTH VEHICLES MOVING,REAR END,STRAIGHT & LEVEL,DAYLIGHT,,,2/10/2020 8:24:33 AM,False,7793,Accepted,
26347689,0568000,LOUISVILLE METRO POLICE DEPT,Accepted,JEFFERSON,,,CARDINAL,BLVD,W,,,,4TH,KY1020,3RD,38.220599493,-85.761580721,0.167,2/7/2020 12:00:00 AM,2045,2,2,0,0,CLEAR,DRY,True,SIDESWIPE COLLISION - SAME DIRECTION,SIDESWIPE-SAME DIRECTION,STRAIGHT & LEVEL,DARK (UNKNOWN ROADWAY LIGHTING),,,2/14/2020 8:41:48 AM,False,5050,Accepted,
26325458,0568000,LOUISVILLE METRO POLICE DEPT,Accepted,JEFFERSON,US0031,,CLARK MEMORIAL,BRG,,,,,,,,38.259197415,-85.752702084,0.207,2/7/2020 12:00:00 AM,0700,2,2,0,0,SNOWING,SNOW/SLUSH,False,SIDESWIPE COLLISION - SAME DIRECTION,SIDESWIPE-SAME DIRECTION,STRAIGHT & GRADE,DUSK,,,2/10/2020 8:22:14 AM,False,5148,Accepted,
26325459,0568000,LOUISVILLE METRO POLICE DEPT,Accepted,JEFFERSON,US0031,,CLARK MEMORIAL,BRG,,,,,,,,38.259326971,-85.752647778,0.216,2/7/2020 12:00:00 AM,0700,2,2,0,0,SNOWING,SNOW/SLUSH,True,SIDESWIPE COLLISION - SAME DIRECTION,SIDESWIPE-SAME DIRECTION,STRAIGHT & GRADE,DAWN,,,2/10/2020 8:22:23 AM,False,5148,Accepted,
26328651,0568000,LOUISVILLE METRO POLICE DEPT,Accepted,JEFFERSON,I 0265,,I265 E,,,,,I 0265,I265 E EXIT15 ON RAMP FROM KY864,I 0265,I265 E EXIT17 OFF RAMP TO US31E,38.129545843,-85.603894520,15.873,2/7/2020 12:00:00 AM,1616,2,2,0,0,CLOUDY,DRY,True,SIDESWIPE COLLISION - SAME DIRECTION,SIDESWIPE-SAME DIRECTION,CURVE & GRADE,DAYLIGHT,,,2/10/2020 5:16:25 PM,False,2308,Accepted,
26325500,0568000,LOUISVILLE METRO POLICE DEPT,Accepted,JEFFERSON,,,CHESTNUT,ST,W,,,,4TH,KY1020,3RD,38.248855160,-85.757068632,2.408,2/7/2020 12:00:00 AM,1730,2,2,0,0,CLOUDY,DRY,False,SIDESWIPE COLLISION - SAME DIRECTION,SIDESWIPE-SAME DIRECTION,STRAIGHT & LEVEL,DUSK,,,2/10/2020 8:24:39 AM,False,5187,Accepted,
26325461,0568000,LOUISVILLE METRO POLICE DEPT,Accepted,JEFFERSON,I 0065,,I65 S,,,,,,,,,38.172991732,-85.720506906,129.369,2/7/2020 12:00:00 AM,0555,2,2,0,0,OTHER,SNOW/SLUSH,False,SIDESWIPE COLLISION - SAME DIRECTION,SIDESWIPE-SAME DIRECTION,CURVE & GRADE,DARK-HWY LIGHTED/ON,,,2/10/2020 8:22:30 AM,False,4903,Accepted,
26325575,0568000,LOUISVILLE METRO POLICE DEPT,Accepted,JEFFERSON,I 0065,,I65 S,,,,,,,,,38.181644133,-85.721822872,129.999,2/7/2020 12:00:00 AM,1114,2,2,0,0,SNOWING,WET,False,SIDESWIPE COLLISION - SAME DIRECTION,SIDESWIPE-SAME DIRECTION,STRAIGHT & LEVEL,DAYLIGHT,,,2/10/2020 8:28:22 AM,False,8278,Accepted,
26325531,0568000,LOUISVILLE METRO POLICE DEPT,Accepted,JEFFERSON,I 0264,,I264 W,,,,,,,,,38.189530420,-85.744944390,11.279,2/7/2020 12:00:00 AM,2000,2,2,0,0,CLOUDY,DRY,True,SIDESWIPE COLLISION - SAME DIRECTION,SIDESWIPE-SAME DIRECTION,STRAIGHT & LEVEL,DARK-HWY LIGHTED/ON,,,2/10/2020 8:26:22 AM,False,5287,Accepted,
26325455,0568000,LOUISVILLE METRO POLICE DEPT,Accepted,JEFFERSON,I 0264,,I264 W,,,,,,,,,38.207867767,-85.827843819,5.137,2/7/2020 12:00:00 AM,0709,2,2,0,1,SNOWING,ICE,False,HEAD-ON COLLISION,HEAD ON,CURVE & LEVEL,DAWN,,,2/10/2020 8:21:57 AM,False,5000,Accepted,
26325464,0568000,LOUISVILLE METRO POLICE DEPT,Accepted,JEFFERSON,I 0265,,I265 E,,,,,I 0265,I265 E EXIT19 ON RAMP FROM KY1819,I 0265,I265 E EXIT23 OFF RAMP TO KY155,38.152716189,-85.535745052,20.107,2/7/2020 12:00:00 AM,0654,2,2,0,0,SNOWING,ICE,False,SIDESWIPE COLLISION - SAME DIRECTION,SIDESWIPE-SAME DIRECTION,STRAIGHT & LEVEL,DARK-HWY NOT LIGHTED,,,2/10/2020 8:22:49 AM,False,2017,Accepted,
26341885,0568000,LOUISVILLE METRO POLICE DEPT,Accepted,JEFFERSON,I 0071,,I71 S,,,,,,,,,38.303405657,-85.605211740,7.567,2/7/2020 12:00:00 AM,1144,2,2,0,0,CLOUDY,WET,False,REAR END IN TRAFFIC LANES BOTH VEHICLES MOVING,REAR END,STRAIGHT & LEVEL,DAYLIGHT,,,2/13/2020 8:31:25 AM,False,7772,Accepted,
26325628,0568000,LOUISVILLE METRO POLICE DEPT,Accepted,JEFFERSON,US0060A,,LEXINGTON,RD,,,,,MACON,,WENDOVER,38.252158094,-85.659565878,10.413,2/7/2020 12:00:00 AM,1347,2,2,0,0,CLOUDY,DRY,False,OTHER ROADWAY OR MID-BLOCK COLLISION,OPPOSING LEFT TURN,STRAIGHT & LEVEL,DAYLIGHT,,,2/10/2020 8:31:50 AM,False,7180,Accepted,
26325538,0568000,LOUISVILLE METRO POLICE DEPT,Accepted,JEFFERSON,,,CHESTNUT,ST,E,,,,1ST,,BROOK,38.248337741,-85.752379738,0.030,2/7/2020 12:00:00 AM,1305,2,2,0,0,CLOUDY,WET,True,OTHER ROADWAY OR MID-BLOCK COLLISION,REAR END,STRAIGHT & LEVEL,DAYLIGHT,,,2/10/2020 8:26:45 AM,False,6360,Accepted,
26314518,0568000,LOUISVILLE METRO POLICE DEPT,Accepted,JEFFERSON,I 0065,,I65 S,,,,,,,,,38.155688299,-85.717267475,128.132,2/7/2020 12:00:00 AM,0228,1,1,0,0,SNOWING,SNOW/SLUSH,False,OTHER ROADWAY OR MID-BLOCK COLLISION,SINGLE VEHICLE,STRAIGHT & LEVEL,DARK-HWY LIGHTED/ON,,,2/7/2020 8:21:42 AM,False,7074,Accepted,
26325578,0568000,LOUISVILLE METRO POLICE DEPT,Accepted,JEFFERSON,KY2251,,BARDSTOWN,RD,,,,,HIKES,,GERALD,38.199033488,-85.659988161,1.040,2/7/2020 12:00:00 AM,1233,2,2,0,0,SNOWING,SNOW/SLUSH,False,1 VEHICLE ENTERING/LEAVING ENTRANCE,ANGLE,STRAIGHT & LEVEL,DAYLIGHT,,,2/10/2020 8:28:33 AM,False,7448,Accepted,
26325535,0568000,LOUISVILLE METRO POLICE DEPT,Accepted,JEFFERSON,KY1932,,BRECKENRIDGE,LN,,,,KY2241,WILLIS,US0060,SHELBYVILLE,38.252204003,-85.654857586,5.469,2/7/2020 12:00:00 AM,1412,2,2,0,0,CLOUDY,WET,False,1 VEHICLE ENTERING/LEAVING ENTRANCE,ANGLE,STRAIGHT & LEVEL,DAYLIGHT,,,2/10/2020 8:26:37 AM,False,7043,Accepted,
26314521,0568000,LOUISVILLE METRO POLICE DEPT,Accepted,JEFFERSON,I 0265,,I265 E,,,,,,,I 0265,I265 E EXIT19 OFF RAMP TO KY1819,38.143063766,-85.561293468,18.512,2/7/2020 12:00:00 AM,0508,2,2,0,0,SNOWING,SNOW/SLUSH,False,1 VEHICLE ENTERING/LEAVING ENTRANCE,ANGLE,STRAIGHT & LEVEL,DARK (UNKNOWN ROADWAY LIGHTING),,,2/7/2020 8:21:52 AM,False,7828,Accepted,
26325545,0568000,LOUISVILLE METRO POLICE DEPT,Accepted,JEFFERSON,KY2052,,SHEPHERDSVILLE,RD,,,,,BRISCOE,,RONWOOD,38.143160140,-85.659590790,0.304,2/7/2020 12:00:00 AM,1607,2,2,0,0,CLEAR,DRY,False,1 VEHICLE ENTERING/LEAVING ENTRANCE,ANGLE,STRAIGHT & LEVEL,DAYLIGHT,,,2/10/2020 8:27:11 AM,False,7484,Accepted,
26325522,0568000,LOUISVILLE METRO POLICE DEPT,Accepted,JEFFERSON,KY1450,,BLUE LICK,RD,,,,,,,,38.114852462,-85.689540242,2.072,2/7/2020 12:00:00 AM,2345,2,2,0,0,CLEAR,DRY,False,1 VEHICLE ENTERING/LEAVING ENTRANCE,ANGLE,STRAIGHT & LEVEL,DARK (UNKNOWN ROADWAY LIGHTING),,,2/10/2020 8:25:46 AM,False,5248,Accepted,
26325483,0568000,LOUISVILLE METRO POLICE DEPT,Accepted,JEFFERSON,,311,LAKE FOREST,PKWY,,,,,,,,38.245812504,-85.490941621,0.445,2/7/2020 12:00:00 AM,1540,1,1,0,0,CLOUDY,DRY,False,COLLISION WITH FIXED OBJECT NON - INTERSECTION - FIRST EVENT COLLISION 09 - 32 EXCLUDING 16,SINGLE VEHICLE,CURVE & LEVEL,DAYLIGHT,,,2/10/2020 8:23:52 AM,False,6953,Accepted,
26328654,0568000,LOUISVILLE METRO POLICE DEPT,Accepted,JEFFERSON,KY1703,1727,NEWBURG,RD,,,,,DEER PARK,,DEERWOOD,38.224658272,-85.711850612,4.419,2/7/2020 12:00:00 AM,0200,1,1,0,0,CLOUDY,WET,False,COLLISION WITH FIXED OBJECT NON - INTERSECTION - FIRST EVENT COLLISION 09 - 32 EXCLUDING 16,SINGLE VEHICLE,STRAIGHT & GRADE,DARK-HWY NOT LIGHTED,,,2/10/2020 5:16:35 PM,False,7746,Accepted,
26325501,0568000,LOUISVILLE METRO POLICE DEPT,Accepted,JEFFERSON,,12401,ORELL,RD,E,,,,,,,38.078850987,-85.880653715,0.297,2/7/2020 12:00:00 AM,1604,1,1,0,1,CLEAR,DRY,False,COLLISION WITH FIXED OBJECT NON - INTERSECTION - FIRST EVENT COLLISION 09 - 32 EXCLUDING 16,SINGLE VEHICLE,CURVE & LEVEL,DAYLIGHT,,,2/10/2020 8:24:45 AM,False,7496,Accepted,
26325536,0568000,LOUISVILLE METRO POLICE DEPT,Accepted,JEFFERSON,,405,SOUTHLAND,BLVD,W,,,,,,,38.171808796,-85.772313625,0.477,2/7/2020 12:00:00 AM,0919,1,1,0,0,SNOWING,ICE,False,COLLISION WITH FIXED OBJECT NON - INTERSECTION - FIRST EVENT COLLISION 09 - 32 EXCLUDING 16,SINGLE VEHICLE,STRAIGHT & LEVEL,DAYLIGHT,,,2/10/2020 8:26:41 AM,False,7301,Accepted,
26336855,0568000,LOUISVILLE METRO POLICE DEPT,Accepted,JEFFERSON,KY2251,4700,BARDSTOWN,RD,,,,,HIKES,,STEIER,38.198086029,-85.658213169,0.928,2/7/2020 12:00:00 AM,0512,1,1,0,1,SNOWING,SNOW/SLUSH,False,COLLISION WITH FIXED OBJECT NON - INTERSECTION - FIRST EVENT COLLISION 09 - 32 EXCLUDING 16,SINGLE VEHICLE,STRAIGHT & LEVEL,DARK-HWY LIGHTED/ON,,,2/12/2020 8:23:14 AM,False,7851,Accepted,
26314502,0568000,LOUISVILLE METRO POLICE DEPT,Accepted,JEFFERSON,,1100,GRADE,LN,,,,,,,,38.174668382,-85.721216399,0.435,2/7/2020 12:00:00 AM,0518,1,1,0,0,SLEET HAIL FREEZING RAIN,ICE,False,COLLISION WITH FIXED OBJECT NON - INTERSECTION - FIRST EVENT COLLISION 09 - 32 EXCLUDING 16,SINGLE VEHICLE,CURVE & LEVEL,DARK-HWY LIGHTED/ON,,,2/7/2020 8:20:09 AM,False,7419,Accepted,
26314512,0568000,LOUISVILLE METRO POLICE DEPT,Accepted,JEFFERSON,I 0265,,I265 E,,,,,,,,,38.110625020,-85.685126485,11.185,2/7/2020 12:00:00 AM,0520,1,1,0,0,SNOWING,ICE,False,COLLISION WITH FIXED OBJECT NON - INTERSECTION - FIRST EVENT COLLISION 09 - 32 EXCLUDING 16,SINGLE VEHICLE,STRAIGHT & GRADE,DARK-HWY NOT LIGHTED,,,2/7/2020 8:21:07 AM,False,5184,Accepted,
26314525,0568000,LOUISVILLE METRO POLICE DEPT,Accepted,JEFFERSON,US0042,,BROWNSBORO,RD,,,,,KENILWORTH,,CORAL,38.259692788,-85.708770045,1.458,2/7/2020 12:00:00 AM,0622,1,1,0,0,SNOWING,SNOW/SLUSH,False,COLLISION WITH FIXED OBJECT NON - INTERSECTION - FIRST EVENT COLLISION 09 - 32 EXCLUDING 16,SINGLE VEHICLE,CURVE & LEVEL,DARK-HWY LIGHTED/ON,,,2/7/2020 8:22:09 AM,False,2816,Accepted,
26314508,0568000,LOUISVILLE METRO POLICE DEPT,Accepted,JEFFERSON,I 0265,,I265 W,,,,,,,,,38.113140456,-85.667755251,12.170,2/7/2020 12:00:00 AM,0338,1,1,0,0,SNOWING,ICE,False,COLLISION WITH FIXED OBJECT NON - INTERSECTION - FIRST EVENT COLLISION 09 - 32 EXCLUDING 16,SINGLE VEHICLE,STRAIGHT & LEVEL,DARK-HWY NOT LIGHTED,,,2/7/2020 8:20:55 AM,False,5184,Accepted,
26314503,0568000,LOUISVILLE METRO POLICE DEPT,Accepted,JEFFERSON,US0060,,FRANKFORT,AVE,,,,,WILLIAM,,POPE,38.257076798,-85.717559469,0.066,2/7/2020 12:00:00 AM,0216,3,3,0,0,SNOWING,WET,False,1 VEHICLE PARKED POSITION (NOT PARKING LOT/DRIVEWAY),SIDESWIPE-SAME DIRECTION,STRAIGHT & HILLCREST,DARK-HWY LIGHTED/ON,,,2/7/2020 8:20:13 AM,False,2229,Accepted,
26325489,0568000,LOUISVILLE METRO POLICE DEPT,Accepted,JEFFERSON,,,SHINGO,AVE,,,,KY1865,TAYLOR,,WHITMORE,38.174310221,-85.782567185,0.009,2/7/2020 12:00:00 AM,1614,2,2,0,0,CLEAR,DRY,False,1 VEHICLE PARKED POSITION (NOT PARKING LOT/DRIVEWAY),SIDESWIPE-OPPOSITE DIRECTION,STRAIGHT & LEVEL,DAYLIGHT,,,2/10/2020 8:24:11 AM,False,5111,Accepted,
26396722,0568000,LOUISVILLE METRO POLICE DEPT,Accepted,JEFFERSON,,,PAGES,LN,E,,,,STANDING OAK,,CRESCENT VIEW,38.129691802,-85.846366125,0.089,2/7/2020 12:00:00 AM,0534,2,2,0,0,SNOWING,SNOW/SLUSH,False,1 VEHICLE PARKED POSITION (NOT PARKING LOT/DRIVEWAY),REAR END,CURVE & GRADE,DARK-HWY NOT LIGHTED,,,2/20/2020 8:18:00 AM,False,2457,Accepted,
26314504,0568000,LOUISVILLE METRO POLICE DEPT,Accepted,JEFFERSON,KY1747,,FERN VALLEY,RD,,KY6319,SIGNATURE,,,,,38.157293144,-85.714422109,0.975,2/7/2020 12:00:00 AM,0500,2,2,0,0,SNOWING,SNOW/SLUSH,False,SIDESWIPE-SAME DIRECTION,SIDESWIPE-SAME DIRECTION,STRAIGHT & LEVEL,DARK-HWY LIGHTED/ON,,,2/7/2020 8:20:18 AM,False,5270,Accepted,
26314526,0568000,LOUISVILLE METRO POLICE DEPT,Accepted,JEFFERSON,I 0071,,I71 N,,,I 0071,I71 TURN AROUND6,,,,,38.310223433,-85.590925687,8.502,2/7/2020 12:00:00 AM,0544,2,2,0,0,SNOWING,SNOW/SLUSH,False,SIDESWIPE-SAME DIRECTION,SIDESWIPE-SAME DIRECTION,STRAIGHT & GRADE,DARK-HWY LIGHTED/ON,,,2/7/2020 8:22:15 AM,False,7098,Accepted,
26325477,0568000,LOUISVILLE METRO POLICE DEPT,Accepted,JEFFERSON,KY0061,,PRESTON,HWY,,KY1747,FERN VALLEY,,,,,38.157134527,-85.697045913,5.365,2/7/2020 12:00:00 AM,1348,2,2,0,0,CLOUDY,DRY,False,SIDESWIPE-SAME DIRECTION,SIDESWIPE-SAME DIRECTION,STRAIGHT & LEVEL,DAYLIGHT,,,2/10/2020 8:23:36 AM,False,2017,Accepted,
26325645,0568000,LOUISVILLE METRO POLICE DEPT,Accepted,JEFFERSON,,,JEFFERSON,ST,E,,SHELBY,,,,,38.251809564,-85.738311337,0.292,2/7/2020 12:00:00 AM,1109,2,2,0,0,CLOUDY,WET,False,SIDESWIPE-SAME DIRECTION,SIDESWIPE-SAME DIRECTION,STRAIGHT & GRADE,DAYLIGHT,,,2/10/2020 8:32:50 AM,False,2661,Accepted,
26325487,0568000,LOUISVILLE METRO POLICE DEPT,Accepted,JEFFERSON,KY1932,,BRECKENRIDGE,LN,,,BRONNER,,,,,38.184804173,-85.626254838,0.250,2/7/2020 12:00:00 AM,1611,2,2,0,0,CLEAR,DRY,False,OTHER INTERSECTION COLLISIONS,REAR END,STRAIGHT & LEVEL,DAYLIGHT,,,2/10/2020 8:24:03 AM,False,7739,Accepted,
26325462,0568000,LOUISVILLE METRO POLICE DEPT,Accepted,JEFFERSON,,,STONESTREET,RD,,,POND STATION,,,,,38.103238186,-85.828694211,2.121,2/7/2020 12:00:00 AM,0831,2,2,0,1,SNOWING,WET,False,OTHER INTERSECTION COLLISIONS,REAR END,STRAIGHT & LEVEL,DAYLIGHT,,,2/10/2020 8:22:38 AM,False,6318,Accepted,
26314522,0568000,LOUISVILLE METRO POLICE DEPT,Accepted,JEFFERSON,KY1747,,HURSTBOURNE,PKWY,N,US0060,SHELBYVILLE,,,,,38.246514483,-85.577010452,13.517,2/7/2020 12:00:00 AM,0546,2,2,0,0,SNOWING,SNOW/SLUSH,False,OTHER INTERSECTION COLLISIONS,REAR END,STRAIGHT & LEVEL,DARK-HWY LIGHTED/ON,,,2/7/2020 8:21:56 AM,False,5007,Accepted,
26336796,0568000,LOUISVILLE METRO POLICE DEPT,Accepted,JEFFERSON,KY0864,,POPLAR LEVEL,RD,,,POPLAR LEVEL,,,,,38.164087435,-85.679301722,8.618,2/7/2020 12:00:00 AM,2348,2,1,1,0,CLEAR,DRY,True,OTHER INTERSECTION COLLISIONS,SINGLE VEHICLE,STRAIGHT & LEVEL,DARK-HWY NOT LIGHTED,,,2/12/2020 8:19:12 AM,False,2000,Accepted,
26325526,0568000,LOUISVILLE METRO POLICE DEPT,Accepted,JEFFERSON,US0031W,,DIXIE,HWY,,KY0907,VALLEY STATION,,,,,38.107656154,-85.866682398,8.632,2/7/2020 12:00:00 AM,2235,2,2,0,0,CLOUDY,WET,True,OTHER INTERSECTION COLLISIONS,REAR END,STRAIGHT & LEVEL,DARK-HWY LIGHTED/ON,,,2/10/2020 8:26:04 AM,False,5211,Accepted,
26325476,0568000,LOUISVILLE METRO POLICE DEPT,Accepted,JEFFERSON,KY0061,,PRESTON,HWY,,,OLD FERN VALLEY,,,,,38.155406437,-85.696085746,5.183,2/7/2020 12:00:00 AM,1146,2,2,0,0,CLOUDY,WET,False,OTHER INTERSECTION COLLISIONS,REAR END,STRAIGHT & LEVEL,DAYLIGHT,,,2/10/2020 8:23:31 AM,False,2017,Accepted,
26325613,0568000,LOUISVILLE METRO POLICE DEPT,Accepted,JEFFERSON,,,KENWOOD,DR,E,KY1020,SOUTHSIDE,,,,,38.156286437,-85.764943985,0.016,2/7/2020 12:00:00 AM,1416,2,2,0,0,CLOUDY,DRY,False,OTHER INTERSECTION COLLISIONS,REAR END,STRAIGHT & GRADE,DAYLIGHT,,,2/10/2020 8:30:29 AM,False,7139,Accepted,
26347655,0568000,LOUISVILLE METRO POLICE DEPT,Accepted,JEFFERSON,KY0146,,NEW LA GRANGE,RD,,US0060,SHELBYVILLE,,,,,38.249654058,-85.615129774,0.012,2/7/2020 12:00:00 AM,1117,2,2,0,0,CLEAR,WET,False,OTHER INTERSECTION COLLISIONS,REAR END,STRAIGHT & LEVEL,DAYLIGHT,,,2/14/2020 8:39:09 AM,False,5180,Accepted,
26347690,0568000,LOUISVILLE METRO POLICE DEPT,Accepted,JEFFERSON,US0060A,,EASTERN,PKWY,,,,KY0061,SHELBY,KY0061,PRESTON,38.214647853,-85.742951040,4.541,2/7/2020 12:00:00 AM,2045,2,1,0,1,CLEAR,DRY,True,COLLISION WITH PEDESTRIAN NON - INTERSECTION,SINGLE VEHICLE,STRAIGHT & LEVEL,DARK (UNKNOWN ROADWAY LIGHTING),,,2/14/2020 8:41:51 AM,False,5050,Accepted,
26325540,0568000,LOUISVILLE METRO POLICE DEPT,Accepted,JEFFERSON,,,SHADYSIDE,DR,,,,,RUSSELL LEE,,PEONY,38.227058914,-85.817966962,0.217,2/7/2020 12:00:00 AM,1609,2,1,0,0,CLOUDY,DRY,False,COLLISION WITH PEDESTRIAN NON - INTERSECTION,SINGLE VEHICLE,STRAIGHT & LEVEL,DAYLIGHT,,,2/10/2020 8:26:52 AM,False,7656,Accepted,
26325529,0568000,LOUISVILLE METRO POLICE DEPT,Accepted,JEFFERSON,,,18TH,ST,S,,JEFFERSON,,,,,38.256391807,-85.780216717,0.193,2/7/2020 12:00:00 AM,2306,2,2,0,1,CLEAR,WET,True,OPPOSING LEFT TURN,OPPOSING LEFT TURN,STRAIGHT & LEVEL,DARK-HWY LIGHTED/ON,,,2/10/2020 8:26:14 AM,False,7217,Accepted,
26325479,0568000,LOUISVILLE METRO POLICE DEPT,Accepted,JEFFERSON,,,DIXIE,HWY,,,VORSTER,,,,,38.224632089,-85.791914895,1.762,2/7/2020 12:00:00 AM,1247,2,2,0,0,CLEAR,DRY,False,OPPOSING LEFT TURN,OPPOSING LEFT TURN,STRAIGHT & LEVEL,DAYLIGHT,,,2/10/2020 8:23:40 AM,False,7346,Accepted,
26314501,0568000,LOUISVILLE METRO POLICE DEPT,Accepted,JEFFERSON,KY1865,,TAYLOR,BLVD,,,LYNNHURST,,,,,38.178495962,-85.783017598,4.927,2/7/2020 12:00:00 AM,0504,2,2,0,0,CLEAR,SNOW/SLUSH,False,ANGLE COLLISION - OTHER,ANGLE,STRAIGHT & LEVEL,DARK-HWY LIGHTED/ON,,,2/7/2020 8:20:05 AM,False,5237,Accepted,
26325465,0568000,LOUISVILLE METRO POLICE DEPT,Accepted,JEFFERSON,KY1450,,BLUE LICK,RD,,,KURTZ,,,,,38.107966451,-85.691752450,1.578,2/7/2020 12:00:00 AM,0943,2,2,0,1,SNOWING,SNOW/SLUSH,False,ANGLE COLLISION - OTHER,ANGLE,STRAIGHT & LEVEL,DAYLIGHT,,,2/10/2020 8:22:55 AM,False,2017,Accepted,
26325480,0568000,LOUISVILLE METRO POLICE DEPT,Accepted,JEFFERSON,,,JEFFERSON,ST,W,,8TH,,,,,38.254588957,-85.763639162,0.634,2/7/2020 12:00:00 AM,1310,2,2,0,0,CLOUDY,DRY,False,ANGLE COLLISION - OTHER,ANGLE,STRAIGHT & LEVEL,DAYLIGHT,,,2/10/2020 8:23:44 AM,False,5168,Accepted,
26325488,0568000,LOUISVILLE METRO POLICE DEPT,Accepted,JEFFERSON,,,7TH,ST,S,,SHIPP,,,,,38.226211489,-85.769296573,0.616,2/7/2020 12:00:00 AM,1650,2,2,0,0,CLEAR,DRY,False,ANGLE COLLISION - OTHER,ANGLE,STRAIGHT & LEVEL,DAYLIGHT,,,2/10/2020 8:24:07 AM,False,7433,Accepted,
26325486,0568000,LOUISVILLE METRO POLICE DEPT,Accepted,JEFFERSON,KY1932,,BRECKENRIDGE,LN,,,COUNTRY ACRES,,,,,38.183915364,-85.626385722,0.190,2/7/2020 12:00:00 AM,1623,2,2,0,0,CLOUDY,DRY,False,ANGLE COLLISION - OTHER,ANGLE,STRAIGHT & LEVEL,DAYLIGHT,,,2/10/2020 8:24:00 AM,False,7338,Accepted,