IncidentID,AgencyORI,AgencyName,IncidentStatusDesc,County,RdwyNumber,Street,RoadwayName,StreetSfx,StreetDir,IntersectionRdwy,IntersectionRdwyName,BetweenStRdwy1,BetweenStRdwyName1,BetweenStRdwy2,BetweenStRdwyName2,Latitude,Longitude,Milepoint,CollisionDate,CollisionTime,UnitsInvolved,MotorVehiclesInvolved,NumberKilled,NumberInjured,Weather,RdwyConditionCode,HitandRun,DirAnalysisCode,MannerofCollision,RdwyCharacter,LightCondition,RampFromRdwyId,RampToRdwyId,AcceptedDate,IsSecondaryCollision,OwnerBadge,IncidentStatus,
26314506,0568000,LOUISVILLE METRO POLICE DEPT,Accepted,JEFFERSON,,,4TH,ST,S,,LEE,,,,,38.223380796,-85.762369248,2.315,2/7/2020 12:00:00 AM,0305,2,2,0,0,SNOWING,SNOW/SLUSH,False,ANGLE COLLISION - OTHER,ANGLE,STRAIGHT & LEVEL,DARK-HWY LIGHTED/ON,,,2/7/2020 8:20:29 AM,False,5249,Accepted,
26341821,0568000,LOUISVILLE METRO POLICE DEPT,Accepted,JEFFERSON,KY1065,,OUTER,LOOP,,KY1020,NATIONAL,,,,,38.127063381,-85.748766295,2.527,2/7/2020 12:00:00 AM,1350,2,2,0,0,CLEAR,DRY,False,ANGLE COLLISION - OTHER,ANGLE,STRAIGHT & LEVEL,DAYLIGHT,,,2/13/2020 8:29:21 AM,False,7080,Accepted,
26325456,0568000,LOUISVILLE METRO POLICE DEPT,Accepted,JEFFERSON,US0150,,BROADWAY,,W,,5TH,,,,,38.246217732,-85.760090305,2.294,2/7/2020 12:00:00 AM,0720,1,1,0,0,SNOWING,SNOW/SLUSH,False,COLLISION WITH FIXED OBJECT IN INTERSECTION - FIRST EVENT COLLISION 09 - 32,SINGLE VEHICLE,STRAIGHT & LEVEL,DAWN,,,2/10/2020 8:22:02 AM,False,7361,Accepted,
26325515,0568000,LOUISVILLE METRO POLICE DEPT,Accepted,JEFFERSON,,,BEAUMONT,RD,,KY0155,TAYLORSVILLE,,,,,38.222362126,-85.666864407,0.031,2/7/2020 12:00:00 AM,2241,2,2,0,0,CLOUDY,DRY,False,COLLISION WITH PARKED VEHICLE,SIDESWIPE-OPPOSITE DIRECTION,STRAIGHT & LEVEL,DARK-HWY LIGHTED/OFF,,,2/10/2020 8:25:30 AM,False,7935,Accepted,
26325457,0568000,LOUISVILLE METRO POLICE DEPT,Accepted,JEFFERSON,US0031W,,DIXIE,HWY,,,KINGSFORD,,,,,38.172851770,-85.824825133,13.680,2/7/2020 12:00:00 AM,0723,1,1,0,0,SNOWING,WET,False,COLLISION WITH FIXED OBJECT IN INTERSECTION - FIRST EVENT COLLISION 09 - 32,SINGLE VEHICLE,STRAIGHT & LEVEL,DARK-HWY NOT LIGHTED,,,2/10/2020 8:22:07 AM,False,7073,Accepted,
26391104,0568000,LOUISVILLE METRO POLICE DEPT,Accepted,JEFFERSON,KY0061,,PRESTON,HWY,,,OAKLAWN,,,,,38.149022908,-85.692572540,4.747,2/7/2020 12:00:00 AM,1923,2,1,1,0,CLEAR,DRY,False,COLLISION WITH PEDESTRIAN IN INTERSECTION,SINGLE VEHICLE,STRAIGHT & LEVEL,DARK-HWY NOT LIGHTED,,,2/19/2020 8:22:52 AM,False,2217,Accepted,
26325516,0568000,LOUISVILLE METRO POLICE DEPT,Accepted,JEFFERSON,,,KENTUCKY,ST,W,KY1020,2ND,,,,,38.238556144,-85.756173842,3.748,2/7/2020 12:00:00 AM,2256,2,2,0,0,CLEAR,DRY,True,COLLISION WITH PARKED VEHICLE,HEAD ON,STRAIGHT & LEVEL,DARK-HWY LIGHTED/ON,,,2/10/2020 8:25:34 AM,False,7344,Accepted,
26330914,0568000,LOUISVILLE METRO POLICE DEPT,Accepted,JEFFERSON,,,26TH,ST,N,KY3082,BANK,,,,,38.269333181,-85.790975127,0.619,2/6/2020 12:00:00 AM,0015,2,2,0,1,RAINING,WET,False,ANGLE COLLISION - ONE VEHICLE TURNING LEFT,ANGLE,STRAIGHT & LEVEL,DARK-HWY LIGHTED/ON,,,2/11/2020 8:27:06 AM,False,5275,Accepted,
26466016,0568000,LOUISVILLE METRO POLICE DEPT,Accepted,JEFFERSON,KY1934,,CANE RUN,RD,,KY1727,TERRY,,,,,38.177986182,-85.861938807,7.188,2/6/2020 12:00:00 AM,0721,2,2,0,2,CLOUDY,WET,False,ANGLE COLLISION - ONE VEHICLE TURNING LEFT,ANGLE,STRAIGHT & LEVEL,DAWN,,,3/5/2020 8:35:23 AM,False,7356,Accepted,
26314400,0568000,LOUISVILLE METRO POLICE DEPT,Accepted,JEFFERSON,US0150,,BROADWAY,,W,,6TH,,,,,38.246360420,-85.761717566,2.171,2/6/2020 12:00:00 AM,0944,2,1,0,1,RAINING,WET,False,COLLISION WITH PEDESTRIAN IN INTERSECTION,SINGLE VEHICLE,STRAIGHT & LEVEL,DAYLIGHT,,,2/7/2020 8:10:53 AM,False,7937,Accepted,
26309545,0568000,LOUISVILLE METRO POLICE DEPT,Accepted,JEFFERSON,KY0864,,POPLAR LEVEL,RD,,I 0264,I264 E EXIT14 OFF RAMP TO KY864 N,,,,,38.195456072,-85.707614377,11.315,2/6/2020 12:00:00 AM,0425,2,1,0,1,CLOUDY,WET,False,COLLISION WITH PEDESTRIAN IN INTERSECTION,SINGLE VEHICLE,STRAIGHT & LEVEL,DARK-HWY LIGHTED/ON,,,2/6/2020 8:23:18 AM,False,7276,Accepted,
26330885,0568000,LOUISVILLE METRO POLICE DEPT,Accepted,JEFFERSON,,,DUMESNIL,ST,,,25TH,,,,,38.236840080,-85.795063917,1.392,2/6/2020 12:00:00 AM,1423,2,1,0,1,CLOUDY,DRY,False,COLLISION WITH PEDESTRIAN IN INTERSECTION,SINGLE VEHICLE,CURVE & LEVEL,DAYLIGHT,,,2/11/2020 8:25:28 AM,False,5257,Accepted,
26309538,0568000,LOUISVILLE METRO POLICE DEPT,Accepted,JEFFERSON,US0031W,,DIXIE,HWY,,KY1931,ST ANDREWS CHURCH,,,,,38.143316315,-85.839514682,11.673,2/6/2020 12:00:00 AM,0525,1,1,0,0,CLEAR,WET,False,COLLISION WITH ANIMAL IN INTERSECTION,SINGLE VEHICLE,STRAIGHT & LEVEL,DARK-HWY LIGHTED/ON,,,2/6/2020 8:22:35 AM,False,5224,Accepted,
26314493,0568000,LOUISVILLE METRO POLICE DEPT,Accepted,JEFFERSON,,,BEECH,ST,,,WOODLAND,,,,,38.234344964,-85.804810772,0.275,2/6/2020 12:00:00 AM,1919,3,3,0,0,CLOUDY,DRY,False,COLLISION WITH PARKED VEHICLE,REAR END,STRAIGHT & LEVEL,DARK-HWY LIGHTED/ON,,,2/7/2020 8:19:31 AM,False,7370,Accepted,
26314470,0568000,LOUISVILLE METRO POLICE DEPT,Accepted,JEFFERSON,KY0061,,JACKSON,ST,S,,BRECKINRIDGE,,,,,38.240536853,-85.746391900,11.966,2/6/2020 12:00:00 AM,1708,2,2,0,0,CLOUDY,DRY,False,COLLISION WITH PARKED VEHICLE,ANGLE,STRAIGHT & LEVEL,DAYLIGHT,,,2/7/2020 8:17:01 AM,False,7334,Accepted,
26314468,0568000,LOUISVILLE METRO POLICE DEPT,Accepted,JEFFERSON,US0060A,,EASTERN,PKWY,,,BRADLEY,,,,,38.212459050,-85.747065108,4.281,2/6/2020 12:00:00 AM,1054,1,1,0,0,CLOUDY,WET,False,COLLISION WITH FIXED OBJECT IN INTERSECTION - FIRST EVENT COLLISION 09 - 32,SINGLE VEHICLE,CURVE & LEVEL,DAYLIGHT,,,2/7/2020 8:16:57 AM,False,7334,Accepted,
26314396,0568000,LOUISVILLE METRO POLICE DEPT,Accepted,JEFFERSON,,,ST CATHERINE,ST,W,,1ST,,,,,38.236919785,-85.755017088,0.006,2/6/2020 12:00:00 AM,0845,2,2,0,0,RAINING,WET,False,ANGLE COLLISION - ONE VEHICLE TURNING LEFT,ANGLE,STRAIGHT & LEVEL,DAYLIGHT,,,2/7/2020 8:10:37 AM,False,7296,Accepted,
26369531,0568000,LOUISVILLE METRO POLICE DEPT,Accepted,JEFFERSON,KY1020,,3RD,ST,S,,IOWA,,,,,38.207532928,-85.763473016,9.676,2/6/2020 12:00:00 AM,2111,2,2,0,2,CLOUDY,DRY,False,ANGLE COLLISION - OTHER,ANGLE,STRAIGHT & LEVEL,DARK-HWY LIGHTED/ON,,,2/17/2020 9:17:28 AM,False,5139,Accepted,
26314476,0568000,LOUISVILLE METRO POLICE DEPT,Accepted,JEFFERSON,US0031W,,MAIN,ST,W,,10TH,,,,,38.257704775,-85.766452507,21.386,2/6/2020 12:00:00 AM,1233,2,2,0,0,RAINING,WET,False,ANGLE COLLISION - OTHER,ANGLE,STRAIGHT & LEVEL,DAYLIGHT,,,2/7/2020 8:17:38 AM,False,2854,Accepted,
26314524,0568000,LOUISVILLE METRO POLICE DEPT,Accepted,JEFFERSON,,,MURPHY,LN,,,NANSEMOND,,,,,38.304202946,-85.534113829,0.172,2/6/2020 12:00:00 AM,2147,2,2,0,0,CLEAR,DRY,False,OPPOSING LEFT TURN,OPPOSING LEFT TURN,STRAIGHT & LEVEL,DARK-HWY LIGHTED/OFF,,,2/7/2020 8:22:05 AM,False,5056,Accepted,
26314455,0568000,LOUISVILLE METRO POLICE DEPT,Accepted,JEFFERSON,,,LOWER HUNTERS,TRCE,,KY1727,TERRY,,,,,38.164801696,-85.865545046,1.843,2/6/2020 12:00:00 AM,1350,2,2,0,0,CLOUDY,WET,False,OPPOSING LEFT TURN,OPPOSING LEFT TURN,STRAIGHT & LEVEL,DAYLIGHT,,,2/7/2020 8:15:54 AM,False,7485,Accepted,
26325604,0568000,LOUISVILLE METRO POLICE DEPT,Accepted,JEFFERSON,KY1447,,WESTPORT,RD,,,SPRINGHURST,,,,,38.293840098,-85.559191848,6.036,2/6/2020 12:00:00 AM,0723,2,2,0,0,RAINING,WET,False,OPPOSING LEFT TURN,OPPOSING LEFT TURN,STRAIGHT & HILLCREST,DARK (UNKNOWN ROADWAY LIGHTING),,,2/10/2020 8:29:55 AM,False,7751,Accepted,
26314484,0568000,LOUISVILLE METRO POLICE DEPT,Accepted,JEFFERSON,US0060A,,3RD,ST,S,US0060A,EASTERN,,,,,38.213720501,-85.762300530,3.407,2/6/2020 12:00:00 AM,1959,2,2,0,0,CLEAR,DRY,False,OPPOSING LEFT TURN,OPPOSING LEFT TURN,STRAIGHT & LEVEL,DARK-HWY LIGHTED/ON,,,2/7/2020 8:18:25 AM,False,5249,Accepted,
26314434,0568000,LOUISVILLE METRO POLICE DEPT,Accepted,JEFFERSON,KY0061,,PRESTON,HWY,,,LACLEDE,,,,,38.162667046,-85.700358464,5.798,2/6/2020 12:00:00 AM,1300,2,2,0,2,CLOUDY,DRY,False,ANGLE COLLISION - OTHER,ANGLE,STRAIGHT & GRADE,DAYLIGHT,,,2/7/2020 8:13:43 AM,False,5130,Accepted,
26314448,0568000,LOUISVILLE METRO POLICE DEPT,Accepted,JEFFERSON,,,SKY BLUE,AVE,,KY1931,GREENWOOD,,,,,38.144089026,-85.851906406,0.006,2/6/2020 12:00:00 AM,1634,2,2,0,0,CLOUDY,DRY,False,ANGLE COLLISION - OTHER,ANGLE,STRAIGHT & LEVEL,DAYLIGHT,,,2/7/2020 8:15:05 AM,False,5100,Accepted,
26314449,0568000,LOUISVILLE METRO POLICE DEPT,Accepted,JEFFERSON,,,BRECKINRIDGE,ST,E,KY0061,PRESTON,,,,,38.240777177,-85.748179642,1.273,2/6/2020 12:00:00 AM,1525,2,2,0,0,CLEAR,DRY,False,ANGLE COLLISION - OTHER,ANGLE,STRAIGHT & LEVEL,DAYLIGHT,,,2/7/2020 8:15:10 AM,False,7429,Accepted,
26314457,0568000,LOUISVILLE METRO POLICE DEPT,Accepted,JEFFERSON,,,MORGAN,AVE,,,FRANKLIN,,,,,38.194178595,-85.725741337,0.173,2/6/2020 12:00:00 AM,0928,2,2,0,0,RAINING,WET,False,ANGLE COLLISION - OTHER,ANGLE,STRAIGHT & LEVEL,DAYLIGHT,,,2/7/2020 8:16:18 AM,False,2234,Accepted,
26314446,0568000,LOUISVILLE METRO POLICE DEPT,Accepted,JEFFERSON,KY1819,,BILLTOWN,RD,,I 0265,I265 W EXIT19 OFF RAMP TO KY1819 S,,,,,38.147597856,-85.546489369,5.277,2/6/2020 12:00:00 AM,1600,2,2,0,0,CLOUDY,DRY,False,ANGLE COLLISION - OTHER,ANGLE,STRAIGHT & LEVEL,DAYLIGHT,,,2/7/2020 8:14:57 AM,False,4693,Accepted,
26314454,0568000,LOUISVILLE METRO POLICE DEPT,Accepted,JEFFERSON,KY0061,,PRESTON,HWY,,,TRIO,,,,,38.130129403,-85.682168431,3.310,2/6/2020 12:00:00 AM,1431,2,2,0,0,CLOUDY,DRY,False,ANGLE COLLISION - OTHER,ANGLE,STRAIGHT & LEVEL,DAYLIGHT,,,2/7/2020 8:15:43 AM,False,7397,Accepted,
26331221,0564400,INDIAN HILLS POLICE DEPARTMENT,Accepted,JEFFERSON,US0042,4000,BROWNSBORO,RD,,,,,,,,38.266651477,-85.662752753,4.068,2/6/2020 12:00:00 AM,2020,1,1,0,0,CLOUDY,WET,False,COLLISION WITH ANIMAL NON INTERSECTION,SINGLE VEHICLE,STRAIGHT & LEVEL,DARK-HWY NOT LIGHTED,,,2/11/2020 9:09:44 AM,False,4411,Accepted,
26369532,0568000,LOUISVILLE METRO POLICE DEPT,Accepted,JEFFERSON,I 0065,,I65 S,,,I 0065,I65 S EXIT131B OFF RAMP,,,,,38.197465484,-85.733922063,131.294,2/6/2020 12:00:00 AM,2354,1,1,0,0,RAINING,WET,False,OTHER INTERSECTION COLLISIONS,SINGLE VEHICLE,STRAIGHT & LEVEL,DARK-HWY LIGHTED/ON,,,2/17/2020 9:17:31 AM,False,5139,Accepted,
26314399,0568000,LOUISVILLE METRO POLICE DEPT,Accepted,JEFFERSON,KY1020,,SOUTHSIDE,DR,,KY1020,NATIONAL,,,,,38.152544005,-85.765629666,5.683,2/6/2020 12:00:00 AM,0922,2,2,0,0,RAINING,WET,False,OTHER INTERSECTION COLLISIONS,REAR END,STRAIGHT & LEVEL,DAYLIGHT,,,2/7/2020 8:10:49 AM,False,7768,Accepted,
26314416,0568000,LOUISVILLE METRO POLICE DEPT,Accepted,JEFFERSON,,,DUMESNIL,ST,,,HAZEL,,,,,38.237270698,-85.805983304,0.777,2/6/2020 12:00:00 AM,0926,2,2,0,0,CLOUDY,WET,False,OTHER INTERSECTION COLLISIONS,REAR END,STRAIGHT & LEVEL,DAYLIGHT,,,2/7/2020 8:12:31 AM,False,5151,Accepted,
26314433,0568000,LOUISVILLE METRO POLICE DEPT,Accepted,JEFFERSON,,,HIKES,LN,,KY1932,BRECKENRIDGE,,,,,38.218160921,-85.628587648,3.028,2/6/2020 12:00:00 AM,0734,2,2,0,0,RAINING,WET,False,OTHER INTERSECTION COLLISIONS,REAR END,STRAIGHT & LEVEL,DAYLIGHT,,,2/7/2020 8:13:39 AM,False,7366,Accepted,
26314483,0568000,LOUISVILLE METRO POLICE DEPT,Accepted,JEFFERSON,US0031W,,DIXIE,HWY,,KY1849,MOORMAN,,,,,38.085459241,-85.879963647,6.929,2/6/2020 12:00:00 AM,1834,2,2,0,0,CLEAR,DRY,False,OTHER INTERSECTION COLLISIONS,REAR END,STRAIGHT & LEVEL,DARK-HWY LIGHTED/OFF,,,2/7/2020 8:18:19 AM,False,7277,Accepted,
26314465,0568000,LOUISVILLE METRO POLICE DEPT,Accepted,JEFFERSON,KY1747,,HURSTBOURNE,PKWY,S,,BUNSEN,,,,,38.219395718,-85.583510326,11.509,2/6/2020 12:00:00 AM,1638,2,2,0,0,CLOUDY,WET,False,OTHER INTERSECTION COLLISIONS,REAR END,STRAIGHT & LEVEL,DAYLIGHT,,,2/7/2020 8:16:52 AM,False,5191,Accepted,
26314397,0568000,LOUISVILLE METRO POLICE DEPT,Accepted,JEFFERSON,KY1819,,BILLTOWN,RD,,KY6328,KENDRICK,,,,,38.143750527,-85.543185668,4.947,2/6/2020 12:00:00 AM,0800,2,2,0,0,CLOUDY,WET,False,OTHER INTERSECTION COLLISIONS,REAR END,STRAIGHT & LEVEL,DAYLIGHT,,,2/7/2020 8:10:41 AM,False,6878,Accepted,
26314427,0568000,LOUISVILLE METRO POLICE DEPT,Accepted,JEFFERSON,KY1747,,HURSTBOURNE,PKWY,S,US0031E,BARDSTOWN,,,,,38.169422018,-85.604959036,7.518,2/6/2020 12:00:00 AM,0758,2,2,0,0,RAINING,WET,False,OTHER INTERSECTION COLLISIONS,REAR END,STRAIGHT & LEVEL,DAWN,,,2/7/2020 8:13:20 AM,False,6337,Accepted,
26314414,0568000,LOUISVILLE METRO POLICE DEPT,Accepted,JEFFERSON,US0031W,,22ND,ST,S,,MARKET,,,,,38.258536364,-85.786561318,20.209,2/6/2020 12:00:00 AM,1134,2,2,0,3,CLOUDY,WET,False,SIDESWIPE-SAME DIRECTION,SIDESWIPE-SAME DIRECTION,STRAIGHT & LEVEL,DAYLIGHT,,,2/7/2020 8:12:17 AM,False,7463,Accepted,
26314447,0568000,LOUISVILLE METRO POLICE DEPT,Accepted,JEFFERSON,,,JEFFERSON,ST,W,,6TH,,,,,38.254179159,-85.760313400,0.453,2/6/2020 12:00:00 AM,1733,2,2,0,0,CLOUDY,DRY,False,SIDESWIPE-SAME DIRECTION,SIDESWIPE-SAME DIRECTION,STRAIGHT & LEVEL,DUSK,,,2/7/2020 8:15:01 AM,False,7937,Accepted,
26314486,0568000,LOUISVILLE METRO POLICE DEPT,Accepted,JEFFERSON,US0060A,,3RD,ST,S,US0060A,EASTERN,,,,,38.213118263,-85.762423541,3.365,2/6/2020 12:00:00 AM,1256,2,2,0,0,CLOUDY,WET,True,SIDESWIPE-SAME DIRECTION,SIDESWIPE-SAME DIRECTION,STRAIGHT & GRADE,DAYLIGHT,,,2/7/2020 8:18:52 AM,False,7390,Accepted,
26314488,0568000,LOUISVILLE METRO POLICE DEPT,Accepted,JEFFERSON,,,FLOYD,ST,S,,JACOB,,,,,38.244059364,-85.750281823,0.829,2/6/2020 12:00:00 AM,1602,2,2,0,0,CLOUDY,DRY,False,SIDESWIPE-SAME DIRECTION,SIDESWIPE-SAME DIRECTION,STRAIGHT & LEVEL,DAYLIGHT,,,2/7/2020 8:18:57 AM,False,7390,Accepted,
26314475,0568000,LOUISVILLE METRO POLICE DEPT,Accepted,JEFFERSON,KY1865,,TAYLOR,BLVD,,,LYNNHURST,,,,,38.178300621,-85.782967544,4.937,2/6/2020 12:00:00 AM,1819,2,2,0,0,CLOUDY,DRY,False,SIDESWIPE-SAME DIRECTION,SIDESWIPE-SAME DIRECTION,CURVE & LEVEL,DAYLIGHT,,,2/7/2020 8:17:24 AM,False,7468,Accepted,
26314491,0568000,LOUISVILLE METRO POLICE DEPT,Accepted,JEFFERSON,,,MUHAMMAD ALI,BLVD,W,,20TH,,,,,38.254148498,-85.785087154,1.788,2/6/2020 12:00:00 AM,2022,2,2,0,0,CLEAR,DRY,False,SIDESWIPE-SAME DIRECTION,SIDESWIPE-SAME DIRECTION,STRAIGHT & LEVEL,DARK-HWY LIGHTED/ON,,,2/7/2020 8:19:13 AM,False,5047,Accepted,
26314412,0568000,LOUISVILLE METRO POLICE DEPT,Accepted,JEFFERSON,,4402,NEWPORT,RD,,,,,,,,38.178229951,-85.639866091,0.057,2/6/2020 12:00:00 AM,1214,2,2,0,0,CLOUDY,WET,False,1 VEHICLE PARKED POSITION (NOT PARKING LOT/DRIVEWAY),SIDESWIPE-OPPOSITE DIRECTION,STRAIGHT & LEVEL,DAYLIGHT,,,2/7/2020 8:12:12 AM,False,7307,Accepted,
26314459,0568000,LOUISVILLE METRO POLICE DEPT,Accepted,JEFFERSON,US0042,1841,BROWNSBORO,RD,,,,,,,,38.259846651,-85.714846083,1.130,2/6/2020 12:00:00 AM,1129,2,2,0,0,CLOUDY,WET,True,1 VEHICLE PARKED POSITION (NOT PARKING LOT/DRIVEWAY),SIDESWIPE-OPPOSITE DIRECTION,STRAIGHT & LEVEL,DAYLIGHT,,,2/7/2020 8:16:30 AM,False,5274,Accepted,
26314520,0568000,LOUISVILLE METRO POLICE DEPT,Accepted,JEFFERSON,,8911,WALTLEE,RD,,,,,,,,38.171515113,-85.592047735,0.301,2/6/2020 12:00:00 AM,2208,1,1,0,0,CLOUDY,WET,True,COLLISION WITH FIXED OBJECT NON - INTERSECTION - FIRST EVENT COLLISION 09 - 32 EXCLUDING 16,SINGLE VEHICLE,STRAIGHT & LEVEL,UNKNOWN,,,2/7/2020 8:21:45 AM,False,7828,Accepted,
26314432,0568000,LOUISVILLE METRO POLICE DEPT,Accepted,JEFFERSON,,416,GILLILAND,RD,,,,,,,,38.228394277,-85.457163780,0.337,2/6/2020 12:00:00 AM,0930,1,1,0,0,CLOUDY,WET,False,COLLISION WITH FIXED OBJECT NON - INTERSECTION - FIRST EVENT COLLISION 09 - 32 EXCLUDING 16,SINGLE VEHICLE,CURVE & GRADE,DAYLIGHT,,,2/7/2020 8:13:36 AM,False,6532,Accepted,
26314480,0568000,LOUISVILLE METRO POLICE DEPT,Accepted,JEFFERSON,,,DAVIES,AVE,,,,,,,,38.224214107,-85.770815608,0.012,2/6/2020 12:00:00 AM,1859,2,2,0,0,CLOUDY,DRY,True,COLLISION WITH FIXED OBJECT NON - INTERSECTION - FIRST EVENT COLLISION 09 - 32 EXCLUDING 16,ANGLE,STRAIGHT & GRADE,DUSK,,,2/7/2020 8:18:01 AM,False,7977,Accepted,
26314472,0568000,LOUISVILLE METRO POLICE DEPT,Accepted,JEFFERSON,KY0155,,TAYLORSVILLE,RD,,,,,,,,38.221396925,-85.648963637,14.588,2/6/2020 12:00:00 AM,1004,2,2,0,0,RAINING,WET,False,COLLISION WITH FIXED OBJECT NON - INTERSECTION - FIRST EVENT COLLISION 09 - 32 EXCLUDING 16,REAR END,STRAIGHT & LEVEL,DAYLIGHT,,,2/7/2020 8:17:10 AM,False,6813,Accepted,
26314437,0568000,LOUISVILLE METRO POLICE DEPT,Accepted,JEFFERSON,,1631,CYPRESS,ST,,,,,,,,38.237211437,-85.797691552,0.046,2/6/2020 12:00:00 AM,0841,2,2,0,0,RAINING,WET,True,COLLISION WITH FIXED OBJECT NON - INTERSECTION - FIRST EVENT COLLISION 09 - 32 EXCLUDING 16,,STRAIGHT & LEVEL,UNKNOWN,,,2/7/2020 8:13:51 AM,False,5002,Accepted,
26314453,0568000,LOUISVILLE METRO POLICE DEPT,Accepted,JEFFERSON,,3500,HUON,DR,,,,,,,,38.200599871,-85.675702180,0.198,2/6/2020 12:00:00 AM,1323,1,1,0,0,CLOUDY,WET,True,COLLISION WITH FIXED OBJECT NON - INTERSECTION - FIRST EVENT COLLISION 09 - 32 EXCLUDING 16,SINGLE VEHICLE,STRAIGHT & LEVEL,DAYLIGHT,,,2/7/2020 8:15:38 AM,False,5233,Accepted,
26328649,0568000,LOUISVILLE METRO POLICE DEPT,Accepted,JEFFERSON,,1114,ULRICH,AVE,,,,,,,,38.158268813,-85.704960570,0.435,2/6/2020 12:00:00 AM,1718,1,1,0,0,CLEAR,DRY,False,COLLISION WITH FIXED OBJECT NON - INTERSECTION - FIRST EVENT COLLISION 09 - 32 EXCLUDING 16,SINGLE VEHICLE,STRAIGHT & LEVEL,DAYLIGHT,,,2/10/2020 5:16:19 PM,False,7496,Accepted,
26314495,0568000,LOUISVILLE METRO POLICE DEPT,Accepted,JEFFERSON,KY1703,,BAXTER,AVE,,,,,,,,38.231973202,-85.717648956,5.010,2/6/2020 12:00:00 AM,0730,2,2,0,0,CLEAR,DRY,True,1 VEHICLE ENTERING/LEAVING ENTRANCE,ANGLE,STRAIGHT & LEVEL,DAYLIGHT,,,2/7/2020 8:19:44 AM,False,7376,Accepted,
26314395,0568000,LOUISVILLE METRO POLICE DEPT,Accepted,JEFFERSON,KY0155,,TAYLORSVILLE,RD,,,,,,,,38.220000044,-85.627256078,13.403,2/6/2020 12:00:00 AM,0809,2,2,0,0,RAINING,WET,False,1 VEHICLE ENTERING/LEAVING ENTRANCE,ANGLE,STRAIGHT & LEVEL,DAYLIGHT,,,2/7/2020 8:10:32 AM,False,5119,Accepted,
26369333,0568000,LOUISVILLE METRO POLICE DEPT,Accepted,JEFFERSON,KY0864,,POPLAR LEVEL,RD,,,,,NAOMI,,ALETHA,38.165823176,-85.680746188,8.761,2/6/2020 12:00:00 AM,1238,2,2,0,0,CLOUDY,WET,False,1 VEHICLE ENTERING/LEAVING ENTRANCE,ANGLE,STRAIGHT & LEVEL,DAYLIGHT,,,2/17/2020 9:08:22 AM,False,7473,Accepted,
26314516,0568000,LOUISVILLE METRO POLICE DEPT,Accepted,JEFFERSON,KY1747,,FERN VALLEY,RD,,,,,,,,38.157507003,-85.716565903,0.821,2/6/2020 12:00:00 AM,2125,2,2,0,0,CLEAR,DRY,False,OTHER ROADWAY OR MID-BLOCK COLLISION,OPPOSING LEFT TURN,STRAIGHT & LEVEL,DARK-HWY LIGHTED/ON,,,2/7/2020 8:21:30 AM,False,7074,Accepted,
26309544,0568000,LOUISVILLE METRO POLICE DEPT,Accepted,JEFFERSON,I 0064,,I64 E,,,,,,,,,38.258489411,-85.762877668,4.185,2/6/2020 12:00:00 AM,0557,2,2,0,0,OTHER,WET,False,OTHER ROADWAY OR MID-BLOCK COLLISION,REAR END,CURVE & LEVEL,DARK-HWY LIGHTED/ON,,,2/6/2020 8:23:14 AM,True,4903,Accepted,
26326661,0561500,UNIV. OF LOUISVILLE POLICE,Accepted,JEFFERSON,US0060A,,3RD,ST,S,,,,,,,38.212913406,-85.762395864,3.351,2/6/2020 12:00:00 AM,1610,2,2,0,0,CLOUDY,DRY,False,OTHER ROADWAY OR MID-BLOCK COLLISION,REAR END,STRAIGHT & HILLCREST,DUSK,,,2/10/2020 10:58:53 AM,False,5694,Accepted,
26309548,0568000,LOUISVILLE METRO POLICE DEPT,Accepted,JEFFERSON,I 0064,,I64 E,,,,,,,,,38.258736339,-85.756277583,4.565,2/6/2020 12:00:00 AM,0524,1,1,0,0,CLOUDY,WET,False,OTHER ROADWAY OR MID-BLOCK COLLISION,SINGLE VEHICLE,STRAIGHT & LEVEL,DARK-HWY LIGHTED/ON,,,2/6/2020 8:23:35 AM,False,7243,Accepted,
26325605,0568000,LOUISVILLE METRO POLICE DEPT,Accepted,JEFFERSON,KY3084,,OLD HENRY,RD,,,,I 0265,I265 N EXIT29 OFF RAMP TO KY3084,I 0265,I265 S EXIT29 ON RAMP FROM KY3084,38.270447170,-85.499595270,1.238,2/6/2020 12:00:00 AM,1103,2,2,0,0,CLOUDY,DRY,False,VEHICLE BACKING NON INTERSECTION,BACKING,STRAIGHT & LEVEL,DAYLIGHT,,,2/10/2020 8:29:58 AM,False,7751,Accepted,
26325601,0568000,LOUISVILLE METRO POLICE DEPT,Accepted,JEFFERSON,I 0071,,I71 S,,,,,,,,,38.290253910,-85.644825923,5.175,2/6/2020 12:00:00 AM,0843,1,1,0,0,RAINING,WET,False,OTHER ROADWAY OR MID-BLOCK COLLISION,SINGLE VEHICLE,CURVE & GRADE,DAYLIGHT,,,2/10/2020 8:29:51 AM,False,7751,Accepted,
26419845,0568000,LOUISVILLE METRO POLICE DEPT,Accepted,JEFFERSON,,1112,PAYNE,ST,,,,,,,,38.246262905,-85.728939288,0.109,2/6/2020 12:00:00 AM,1638,2,2,0,0,CLOUDY,DRY,False,1 VEHICLE ENTERING/LEAVING ENTRANCE,ANGLE,STRAIGHT & LEVEL,DAYLIGHT,,,2/25/2020 8:06:41 AM,False,2228,Accepted,