IncidentID,AgencyORI,AgencyName,IncidentStatusDesc,County,RdwyNumber,Street,RoadwayName,StreetSfx,StreetDir,IntersectionRdwy,IntersectionRdwyName,BetweenStRdwy1,BetweenStRdwyName1,BetweenStRdwy2,BetweenStRdwyName2,Latitude,Longitude,Milepoint,CollisionDate,CollisionTime,UnitsInvolved,MotorVehiclesInvolved,NumberKilled,NumberInjured,Weather,RdwyConditionCode,HitandRun,DirAnalysisCode,MannerofCollision,RdwyCharacter,LightCondition,RampFromRdwyId,RampToRdwyId,AcceptedDate,IsSecondaryCollision,OwnerBadge,IncidentStatus,
26314451,0568000,LOUISVILLE METRO POLICE DEPT,Accepted,JEFFERSON,KY0907,,VALLEY STATION,RD,,,,,RENAISSANCE VALLEY,US0031W,DIXIE,38.107306499,-85.865744832,0.058,2/6/2020 12:00:00 AM,1523,2,2,0,0,CLOUDY,DRY,False,1 VEHICLE ENTERING/LEAVING ENTRANCE,ANGLE,STRAIGHT & LEVEL,DAYLIGHT,,,2/7/2020 8:15:26 AM,False,6877,Accepted,
26314490,0568000,LOUISVILLE METRO POLICE DEPT,Accepted,JEFFERSON,US0060,,FRANKFORT,AVE,,,,,STILZ,,CRESCENT,38.254612117,-85.685708769,1.892,2/6/2020 12:00:00 AM,0626,2,2,0,0,CLOUDY,DRY,False,1 VEHICLE ENTERING/LEAVING ENTRANCE,ANGLE,STRAIGHT & LEVEL,DAWN,,,2/7/2020 8:19:01 AM,False,2229,Accepted,
26314482,0568000,LOUISVILLE METRO POLICE DEPT,Accepted,JEFFERSON,,,FLOYD,ST,S,,,,,,,38.246344318,-85.749549364,0.612,2/6/2020 12:00:00 AM,1710,2,2,0,0,CLOUDY,DRY,False,1 VEHICLE ENTERING/LEAVING ENTRANCE,ANGLE,STRAIGHT & LEVEL,DAYLIGHT,,,2/7/2020 8:18:13 AM,False,7239,Accepted,
26314426,0568000,LOUISVILLE METRO POLICE DEPT,Accepted,JEFFERSON,KY0061,5900,PRESTON,HWY,,,,,,,,38.164797625,-85.702420481,5.985,2/6/2020 12:00:00 AM,1303,2,2,0,0,CLOUDY,DRY,False,1 VEHICLE ENTERING/LEAVING ENTRANCE,ANGLE,STRAIGHT & LEVEL,DAYLIGHT,,,2/7/2020 8:13:16 AM,False,7879,Accepted,
26314391,0568000,LOUISVILLE METRO POLICE DEPT,Accepted,JEFFERSON,KY0155,,TAYLORSVILLE,RD,,,,,,,,38.221212877,-85.646722450,14.467,2/6/2020 12:00:00 AM,0809,2,2,0,0,RAINING,WET,False,REAR END IN TRAFFIC LANES BOTH VEHICLES MOVING,REAR END,STRAIGHT & LEVEL,DAYLIGHT,,,2/7/2020 8:10:21 AM,False,7307,Accepted,
26309546,0568000,LOUISVILLE METRO POLICE DEPT,Accepted,JEFFERSON,I 0064,,I64 E,,,,,,,,,38.258777644,-85.754675953,4.657,2/6/2020 12:00:00 AM,0524,2,2,0,0,CLEAR,WET,False,REAR END IN TRAFFIC LANES BOTH VEHICLES MOVING,REAR END,STRAIGHT & LEVEL,DARK-HWY LIGHTED/ON,,,2/6/2020 8:23:23 AM,False,5172,Accepted,
26314456,0568000,LOUISVILLE METRO POLICE DEPT,Accepted,JEFFERSON,US0060,,SHELBYVILLE,RD,,,,,,,,38.248790094,-85.606804003,6.219,2/6/2020 12:00:00 AM,1738,2,2,0,0,CLOUDY,DRY,False,REAR END IN TRAFFIC LANES BOTH VEHICLES MOVING,REAR END,STRAIGHT & LEVEL,DUSK,,,2/7/2020 8:16:05 AM,False,2454,Accepted,
26314473,0568000,LOUISVILLE METRO POLICE DEPT,Accepted,JEFFERSON,I 0265,,I265 W,,,,,I 0265,I265 W EXIT15 OFF RAMP TO KY864,I 0265,I265 W EXIT17 ON RAMP FROM US31E,38.127974858,-85.606572818,15.677,2/6/2020 12:00:00 AM,0819,2,2,0,0,CLEAR,DRY,False,REAR END IN TRAFFIC LANES BOTH VEHICLES MOVING,REAR END,STRAIGHT & LEVEL,DAYLIGHT,,,2/7/2020 8:17:14 AM,False,2321,Accepted,
26314474,0568000,LOUISVILLE METRO POLICE DEPT,Accepted,JEFFERSON,I 0064,7.4,I64 E,,,,,,,,,38.249447742,-85.708669999,7.605,2/6/2020 12:00:00 AM,1758,3,3,0,0,CLOUDY,DRY,False,REAR END IN TRAFFIC LANES BOTH VEHICLES MOVING,REAR END,STRAIGHT & LEVEL,DAYLIGHT,,,2/7/2020 8:17:17 AM,False,5020,Accepted,
26314458,0568000,LOUISVILLE METRO POLICE DEPT,Accepted,JEFFERSON,I 0071,,I71 S,,,,,,,,,38.263831863,-85.716695903,0.474,2/6/2020 12:00:00 AM,0921,2,2,0,0,RAINING,WET,False,REAR END IN TRAFFIC LANES BOTH VEHICLES MOVING,REAR END,STRAIGHT & LEVEL,DAYLIGHT,,,2/7/2020 8:16:26 AM,False,5274,Accepted,
26314463,0568000,LOUISVILLE METRO POLICE DEPT,Accepted,JEFFERSON,,,KLONDIKE,LN,,,BRADFORD,,,,,38.200304225,-85.644255939,0.091,2/6/2020 12:00:00 AM,0920,2,2,0,0,RAINING,WET,False,HEAD-ON COLLISION,HEAD ON,STRAIGHT & LEVEL,DAYLIGHT,,,2/7/2020 8:16:48 AM,False,5191,Accepted,
26314445,0568000,LOUISVILLE METRO POLICE DEPT,Accepted,JEFFERSON,KY1747,,FERN VALLEY,RD,,,,,,,,38.157957518,-85.693794340,2.121,2/6/2020 12:00:00 AM,1449,2,2,0,0,CLOUDY,DRY,True,SIDESWIPE COLLISION - SAME DIRECTION,SIDESWIPE-SAME DIRECTION,STRAIGHT & LEVEL,DAYLIGHT,,,2/7/2020 8:14:52 AM,False,4693,Accepted,
26325573,0568000,LOUISVILLE METRO POLICE DEPT,Accepted,JEFFERSON,I 0264,,I264 W,,,,,,,,,38.191475705,-85.715826089,12.844,2/6/2020 12:00:00 AM,1650,2,2,0,0,CLOUDY,DRY,False,SIDESWIPE COLLISION - SAME DIRECTION,SIDESWIPE-SAME DIRECTION,CURVE & GRADE,DAYLIGHT,,,2/10/2020 8:28:18 AM,False,8278,Accepted,
26325467,0568000,LOUISVILLE METRO POLICE DEPT,Accepted,JEFFERSON,US0031E,,MAIN,ST,E,,,,1ST,,BROOK,38.256077919,-85.751496030,17.786,2/6/2020 12:00:00 AM,1530,2,2,0,0,CLOUDY,WET,False,SIDESWIPE COLLISION - SAME DIRECTION,SIDESWIPE-SAME DIRECTION,STRAIGHT & LEVEL,DAYLIGHT,,,2/10/2020 8:23:04 AM,False,7058,Accepted,
26325607,0568000,LOUISVILLE METRO POLICE DEPT,Accepted,JEFFERSON,US0060,,SHELBYVILLE,RD,,,,,ARTERBURN,,CHRISTIAN,38.249107265,-85.609832084,6.053,2/6/2020 12:00:00 AM,1332,2,2,0,0,CLOUDY,DRY,False,SIDESWIPE COLLISION - SAME DIRECTION,SIDESWIPE-SAME DIRECTION,STRAIGHT & LEVEL,DAYLIGHT,,,2/10/2020 8:30:02 AM,False,7751,Accepted,
26325525,0568000,LOUISVILLE METRO POLICE DEPT,Accepted,JEFFERSON,I 0065,,I65 N,,,,,I 0065,I65 N EXIT135 OFF RAMP TO  E SAINT CATHERINE ST,I 0065,I65 N EXIT134B OFF RAMP TO  WOODBINE ST,38.231661510,-85.750820847,134.263,2/6/2020 12:00:00 AM,1200,2,2,0,0,CLEAR,DRY,False,SIDESWIPE COLLISION - SAME DIRECTION,SIDESWIPE-SAME DIRECTION,CURVE & LEVEL,DAYLIGHT,,,2/10/2020 8:26:00 AM,False,7116,Accepted,
26314481,0568000,LOUISVILLE METRO POLICE DEPT,Accepted,JEFFERSON,,,BROOK,ST,S,,,,,,,38.252820033,-85.750475207,3.401,2/6/2020 12:00:00 AM,1510,2,2,0,0,CLOUDY,DRY,False,SIDESWIPE COLLISION - SAME DIRECTION,SIDESWIPE-SAME DIRECTION,STRAIGHT & LEVEL,DAYLIGHT,,,2/7/2020 8:18:06 AM,False,7239,Accepted,
26314497,0568000,LOUISVILLE METRO POLICE DEPT,Accepted,JEFFERSON,KY3084,,OLD HENRY,RD,,,,,,,,38.270529702,-85.499377993,1.251,2/6/2020 12:00:00 AM,1939,4,4,0,1,CLOUDY,DRY,False,REAR END IN TRAFFIC LANES BOTH VEHICLES MOVING,REAR END,STRAIGHT & LEVEL,DARK (UNKNOWN ROADWAY LIGHTING),,,2/7/2020 8:19:54 AM,False,5228,Accepted,
26314499,0568000,LOUISVILLE METRO POLICE DEPT,Accepted,JEFFERSON,I 0064,,I64 W,,,,,I 0064,I64 W EXIT5 OFF RAMP TO  N  3RD ST,I 0064,I64 W EXIT4 OFF RAMP TO  JEFFERSON ST,38.258916206,-85.759615544,4.135,2/6/2020 12:00:00 AM,1049,2,2,0,2,CLOUDY,WATER (STANDING OR MOVING),False,REAR END IN TRAFFIC LANES BOTH VEHICLES MOVING,REAR END,CURVE & LEVEL,DAYLIGHT,,,2/7/2020 8:20:01 AM,False,2000,Accepted,
26314422,0568000,LOUISVILLE METRO POLICE DEPT,Accepted,JEFFERSON,US0031E,,BARDSTOWN,RD,,,,I 0264,I264 W EXIT16 OFF RAMP TO US31E N,,GARDINER,38.211944055,-85.671688084,12.096,2/6/2020 12:00:00 AM,0807,2,2,0,0,RAINING,WET,False,REAR END IN TRAFFIC LANES BOTH VEHICLES MOVING,REAR END,STRAIGHT & LEVEL,DAYLIGHT,,,2/7/2020 8:13:03 AM,False,7632,Accepted,
26314444,0568000,LOUISVILLE METRO POLICE DEPT,Accepted,JEFFERSON,KY1450,,BLUE LICK,RD,,,,,,,,38.113814693,-85.689504370,2.000,2/6/2020 12:00:00 AM,1232,2,2,0,0,CLOUDY,WET,False,REAR END IN TRAFFIC LANES BOTH VEHICLES MOVING,REAR END,STRAIGHT & LEVEL,DAYLIGHT,,,2/7/2020 8:14:48 AM,False,4693,Accepted,
26314436,0568000,LOUISVILLE METRO POLICE DEPT,Accepted,JEFFERSON,US0060A,,3RD,ST,S,,,US0060A,WINKLER,US0060A,EASTERN,38.211823641,-85.762674850,3.274,2/6/2020 12:00:00 AM,1355,2,2,0,0,CLOUDY,DRY,False,REAR END IN TRAFFIC LANES BOTH VEHICLES MOVING,REAR END,STRAIGHT & GRADE,DAYLIGHT,,,2/7/2020 8:13:47 AM,False,2499,Accepted,
26314471,0568000,LOUISVILLE METRO POLICE DEPT,Accepted,JEFFERSON,I 0264,,I264 W,,,,,,,,,38.201084658,-85.694578635,14.197,2/6/2020 12:00:00 AM,0716,3,3,0,1,CLOUDY,DRY,False,REAR END IN TRAFFIC LANES BOTH VEHICLES MOVING,REAR END,STRAIGHT & LEVEL,DARK-HWY LIGHTED/ON,,,2/7/2020 8:17:06 AM,False,6813,Accepted,
26314496,0568000,LOUISVILLE METRO POLICE DEPT,Accepted,JEFFERSON,KY1934,4400,CANE RUN,RD,,,,,,,,38.198070618,-85.839132043,9.054,2/6/2020 12:00:00 AM,0650,3,3,0,3,CLEAR,DRY,False,REAR END IN TRAFFIC LANES BOTH VEHICLES MOVING,REAR END,STRAIGHT & LEVEL,DAWN,,,2/7/2020 8:19:49 AM,False,5140,Accepted,
26314431,0568000,LOUISVILLE METRO POLICE DEPT,Accepted,JEFFERSON,I 0265,12,I265 E,,,,,,,,,38.117165751,-85.649099941,13.235,2/6/2020 12:00:00 AM,0803,1,1,0,0,CLOUDY,WET,False,OTHER COLLISIONS ON SHOULDER,SINGLE VEHICLE,STRAIGHT & LEVEL,DAYLIGHT,,,2/7/2020 8:13:33 AM,False,7799,Accepted,
26314410,0568000,LOUISVILLE METRO POLICE DEPT,Accepted,JEFFERSON,KY0907,,3RD ST,RD,,,,,WISERTOWN,,MCNAIR,38.130568879,-85.792449711,4.902,2/6/2020 12:00:00 AM,1119,1,1,0,1,CLOUDY,WET,False,OTHER COLLISIONS ON SHOULDER,SINGLE VEHICLE,STRAIGHT & LEVEL,DAYLIGHT,,,2/7/2020 8:12:04 AM,False,7768,Accepted,
26314478,0568000,LOUISVILLE METRO POLICE DEPT,Accepted,JEFFERSON,I 0064,,,,,,,,,,,38.256181144,-85.765396824,0.001,2/6/2020 12:00:00 AM,1652,2,2,0,0,CLOUDY,WET,False,OTHER RAMP RELATED COLLISIONS NOT LISTED ABOVE,REAR END,STRAIGHT & GRADE,DAYLIGHT,US31W,I 0064,2/7/2020 8:17:49 AM,False,2854,Accepted,
26330912,0568000,LOUISVILLE METRO POLICE DEPT,Accepted,JEFFERSON,I 0065,,,,,,,,,,,38.252951317,-85.750009458,0.062,2/6/2020 12:00:00 AM,0700,2,2,0,0,RAINING,WET,False,OTHER RAMP RELATED COLLISIONS NOT LISTED ABOVE,REAR END,CURVE & GRADE,DARK-HWY LIGHTED/ON,I 0065,E JEFFERSON ST,2/11/2020 8:26:58 AM,False,5295,Accepted,
26448898,0568000,LOUISVILLE METRO POLICE DEPT,Accepted,JEFFERSON,I 0264,,,,,,,,,,,38.218350542,-85.657840579,0.402,2/6/2020 12:00:00 AM,0744,2,2,0,0,CLEAR,DRY,False,OTHER RAMP RELATED COLLISIONS NOT LISTED ABOVE,REAR END,STRAIGHT & LEVEL,DAWN,KY0155,I 0264,3/2/2020 8:49:06 AM,False,2228,Accepted,
26314389,0568000,LOUISVILLE METRO POLICE DEPT,Accepted,JEFFERSON,I 0064,,,,,,,,,,,38.224665623,-85.585256544,0.392,2/6/2020 12:00:00 AM,0754,2,2,0,0,RAINING,WET,False,OTHER RAMP RELATED COLLISIONS NOT LISTED ABOVE,REAR END,STRAIGHT & LEVEL,DAYLIGHT,I 0064,KY1747,2/7/2020 8:10:16 AM,False,4903,Accepted,
26326665,0561500,UNIV. OF LOUISVILLE POLICE,Accepted,JEFFERSON,KY1020,,3RD,ST,S,,,,BRANDEIS,,CARDINAL,38.219851648,-85.761302797,10.274,2/6/2020 12:00:00 AM,1807,2,2,0,0,CLOUDY,DRY,True,COLLISION IN PARKING LOT,SIDESWIPE-SAME DIRECTION,STRAIGHT & LEVEL,DAYLIGHT,,,2/10/2020 10:59:08 AM,False,5690,Accepted,
26326667,0561500,UNIV. OF LOUISVILLE POLICE,Accepted,JEFFERSON,,2800,FLOYD,ST,S,,,,,,,38.204008005,-85.757520943,3.401,2/6/2020 12:00:00 AM,1249,2,2,0,0,CLOUDY,DRY,False,COLLISION IN PARKING LOT,ANGLE,STRAIGHT & LEVEL,DAYLIGHT,,,2/10/2020 10:59:20 AM,False,5691,Accepted,
26326664,0561500,UNIV. OF LOUISVILLE POLICE,Accepted,JEFFERSON,,2800,FLOYD,ST,S,,,,BOXLEY,,CENTRAL,38.204223369,-85.756935255,3.552,2/6/2020 12:00:00 AM,1729,2,2,0,0,CLOUDY,DRY,True,COLLISION IN PARKING LOT,BACKING,STRAIGHT & LEVEL,DAYLIGHT,,,2/10/2020 10:58:59 AM,False,5690,Accepted,
26314417,0568000,LOUISVILLE METRO POLICE DEPT,Accepted,JEFFERSON,US0031E,6109,BARDSTOWN,RD,,,,,,,,38.157529157,-85.590904743,6.103,2/6/2020 12:00:00 AM,0957,2,2,0,0,CLOUDY,WET,True,COLLISION IN PARKING LOT,BACKING,STRAIGHT & LEVEL,DAYLIGHT,,,2/7/2020 8:12:49 AM,False,2017,Accepted,
26311529,0561500,UNIV. OF LOUISVILLE POLICE,Accepted,JEFFERSON,,403,REG SMITH CIRCLE,,,,,,,,,38.214743192,-85.754941038,,2/5/2020 12:00:00 AM,1100,2,2,0,0,CLOUDY,WET,True,COLLISION IN PARKING LOT,BACKING,STRAIGHT & LEVEL,DAYLIGHT,,,2/6/2020 3:09:52 PM,False,5618,Accepted,
26309542,0568000,LOUISVILLE METRO POLICE DEPT,Accepted,JEFFERSON,,11700,ANTONIA,WAY,,,,,,,,38.093952931,-85.670796170,0.122,2/5/2020 12:00:00 AM,1758,1,1,0,0,RAINING,WET,False,COLLISION IN PARKING LOT,SINGLE VEHICLE,STRAIGHT & LEVEL,OTHER,,,2/6/2020 8:23:01 AM,False,7474,Accepted,
26322000,0566900,LOUISVILLE AIRPORT POLICE,Accepted,JEFFERSON,,600,LOWER TERMINAL,DR,,,,,,,,38.186675906,-85.741280146,0.267,2/5/2020 12:00:00 AM,1430,2,2,0,0,CLEAR,DRY,False,COLLISION IN PARKING LOT,ANGLE,STRAIGHT & LEVEL,DAYLIGHT,,,2/9/2020 7:24:01 AM,False,5751,Accepted,
26309483,0568000,LOUISVILLE METRO POLICE DEPT,Accepted,JEFFERSON,,,6TH,ST,S,,,,GAULBERT,,HILL,38.225680643,-85.764302881,2.090,2/5/2020 12:00:00 AM,1700,2,2,0,0,CLEAR,DRY,True,COLLISION IN PARKING LOT,SIDESWIPE-SAME DIRECTION,STRAIGHT & LEVEL,DARK (UNKNOWN ROADWAY LIGHTING),,,2/6/2020 8:16:52 AM,False,7422,Accepted,
26309489,0568000,LOUISVILLE METRO POLICE DEPT,Accepted,JEFFERSON,,241,STEEDLY,DR,,,,,,,,38.162623895,-85.760952911,0.300,2/5/2020 12:00:00 AM,1527,2,2,0,0,RAINING,WET,True,COLLISION IN PARKING LOT,ANGLE,STRAIGHT & LEVEL,DAYLIGHT,,,2/6/2020 8:17:22 AM,False,7768,Accepted,
26333886,0566900,LOUISVILLE AIRPORT POLICE,Accepted,JEFFERSON,,,TERMINAL,DR,,,,,,,,38.188367416,-85.743523141,0.698,2/5/2020 12:00:00 AM,1335,2,2,0,0,CLOUDY,DRY,False,COLLISION IN PARKING LOT,ANGLE,STRAIGHT & GRADE,DAYLIGHT,,,2/11/2020 4:15:32 PM,False,5856,Accepted,
26309507,0568000,LOUISVILLE METRO POLICE DEPT,Accepted,JEFFERSON,I 0065,,,,,,,,,,,38.130269324,-85.702865465,0.006,2/5/2020 12:00:00 AM,0822,2,2,0,0,RAINING,WET,False,OTHER RAMP RELATED COLLISIONS NOT LISTED ABOVE,REAR END,STRAIGHT & LEVEL,DAYLIGHT,I 0065,KY1065,2/6/2020 8:18:43 AM,False,7397,Accepted,
26325466,0568000,LOUISVILLE METRO POLICE DEPT,Accepted,JEFFERSON,I 0064,,,,,,,,,,,38.257876008,-85.723667593,0.152,2/5/2020 12:00:00 AM,1810,2,2,0,0,CLOUDY,WET,False,OTHER RAMP RELATED COLLISIONS NOT LISTED ABOVE,REAR END,CURVE & HILLCREST,DARK-HWY LIGHTED/ON,I 0064,STORY AVE,2/10/2020 8:23:00 AM,False,7058,Accepted,
26309294,0566700,MIDDLETOWN POLICE DEPARTMENT,Accepted,JEFFERSON,US0060,,SHELBYVILLE,RD,,,,,,,,38.244089642,-85.547091527,9.476,2/5/2020 12:00:00 AM,1704,2,2,0,0,RAINING,WET,False,OTHER ROADWAY OR MID-BLOCK COLLISION,REAR END,STRAIGHT & LEVEL,DAYLIGHT,,,2/6/2020 7:33:00 AM,False,2008,Accepted,
26309456,0568000,LOUISVILLE METRO POLICE DEPT,Accepted,JEFFERSON,KY1819,,BILLTOWN,RD,,,,,WEATHER VANE,,GELLHAUS,38.150795530,-85.550152377,5.576,2/5/2020 12:00:00 AM,0701,2,2,0,0,CLOUDY,WET,False,OTHER ROADWAY OR MID-BLOCK COLLISION,REAR END,STRAIGHT & LEVEL,DARK-HWY NOT LIGHTED,,,2/6/2020 8:14:54 AM,False,2017,Accepted,
26314388,0568000,LOUISVILLE METRO POLICE DEPT,Accepted,JEFFERSON,,1020,PALATKA,RD,,,,,,,,38.147633765,-85.768912405,0.134,2/5/2020 12:00:00 AM,1627,2,2,0,0,RAINING,WET,False,REAR END IN TRAFFIC LANES BOTH VEHICLES MOVING,REAR END,STRAIGHT & LEVEL,DAYLIGHT,,,2/7/2020 8:10:11 AM,False,7427,Accepted,
26314461,0568000,LOUISVILLE METRO POLICE DEPT,Accepted,JEFFERSON,,3709,INDIAN,TRL,E,,,,,,,38.170428663,-85.690033118,0.916,2/5/2020 12:00:00 AM,1707,2,2,0,0,RAINING,WET,False,REAR END IN TRAFFIC LANES BOTH VEHICLES MOVING,REAR END,STRAIGHT & LEVEL,DAYLIGHT,,,2/7/2020 8:16:42 AM,False,5106,Accepted,
26309525,0568000,LOUISVILLE METRO POLICE DEPT,Accepted,JEFFERSON,US0060,8209,SHELBYVILLE,RD,,,,,,,,38.248548525,-85.602392235,6.413,2/5/2020 12:00:00 AM,1915,2,2,0,0,RAINING,WET,False,REAR END IN TRAFFIC LANES BOTH VEHICLES MOVING,REAR END,STRAIGHT & LEVEL,DARK-HWY LIGHTED/ON,,,2/6/2020 8:20:53 AM,False,7096,Accepted,
26328642,0568000,LOUISVILLE METRO POLICE DEPT,Accepted,JEFFERSON,I 0065,,I65 N,,,,,,,,,38.172311419,-85.720369548,129.323,2/5/2020 12:00:00 AM,0715,3,3,0,1,CLOUDY,WET,False,REAR END IN TRAFFIC LANES BOTH VEHICLES MOVING,REAR END,STRAIGHT & LEVEL,DAYLIGHT,,,2/10/2020 5:15:53 PM,False,4903,Accepted,
26309509,0568000,LOUISVILLE METRO POLICE DEPT,Accepted,JEFFERSON,,,SMYRNA,PKWY,,,,,,,,38.119770810,-85.643415539,1.255,2/5/2020 12:00:00 AM,1617,2,2,0,0,RAINING,WET,False,REAR END IN TRAFFIC LANES BOTH VEHICLES MOVING,REAR END,STRAIGHT & LEVEL,DAYLIGHT,,,2/6/2020 8:18:51 AM,False,4693,Accepted,
26325571,0568000,LOUISVILLE METRO POLICE DEPT,Accepted,JEFFERSON,I 0264,,I264 W,,,,,,,,,38.191245186,-85.717036944,12.776,2/5/2020 12:00:00 AM,1532,2,2,0,0,RAINING,WET,False,REAR END IN TRAFFIC LANES BOTH VEHICLES MOVING,REAR END,CURVE & GRADE,DAYLIGHT,,,2/10/2020 8:28:10 AM,False,8278,Accepted,
26325569,0568000,LOUISVILLE METRO POLICE DEPT,Accepted,JEFFERSON,I 0264,,I264 E,,,,,,,,,38.199987379,-85.699167939,13.930,2/5/2020 12:00:00 AM,1443,2,2,0,0,CLOUDY,DRY,False,SIDESWIPE COLLISION - SAME DIRECTION,SIDESWIPE-SAME DIRECTION,CURVE & GRADE,DAYLIGHT,,,2/10/2020 8:28:06 AM,False,8278,Accepted,
26309505,0568000,LOUISVILLE METRO POLICE DEPT,Accepted,JEFFERSON,KY1865,,NEW CUT,RD,,,,,,,,38.127022725,-85.775995648,1.308,2/5/2020 12:00:00 AM,1724,2,2,0,0,RAINING,WET,True,SIDESWIPE COLLISION - SAME DIRECTION,SIDESWIPE-SAME DIRECTION,STRAIGHT & LEVEL,DAYLIGHT,,,2/6/2020 8:18:32 AM,False,7252,Accepted,
26309532,0568000,LOUISVILLE METRO POLICE DEPT,Accepted,JEFFERSON,I 0065,,I65 S,,,,,,,,,38.186555283,-85.726135301,130.415,2/5/2020 12:00:00 AM,2207,2,2,0,0,CLOUDY,WET,False,SIDESWIPE COLLISION - SAME DIRECTION,SIDESWIPE-SAME DIRECTION,STRAIGHT & LEVEL,DARK-HWY LIGHTED/ON,,,2/6/2020 8:21:35 AM,False,7423,Accepted,
26309497,0568000,LOUISVILLE METRO POLICE DEPT,Accepted,JEFFERSON,,,VESPER,LN,,,,,,,,38.105880347,-85.867855634,0.001,2/5/2020 12:00:00 AM,1611,2,2,0,0,RAINING,WET,False,SIDESWIPE COLLISION - SAME DIRECTION,SIDESWIPE-SAME DIRECTION,STRAIGHT & LEVEL,DAYLIGHT,,,2/6/2020 8:17:52 AM,False,6877,Accepted,
26309449,0568000,LOUISVILLE METRO POLICE DEPT,Accepted,JEFFERSON,KY1865,5620,NEW CUT,RD,,,,,,,,38.140486926,-85.774130463,2.298,2/5/2020 12:00:00 AM,0947,2,2,0,0,CLOUDY,DRY,False,SIDESWIPE COLLISION - SAME DIRECTION,SIDESWIPE-SAME DIRECTION,STRAIGHT & LEVEL,DAYLIGHT,,,2/6/2020 8:14:25 AM,False,7252,Accepted,
26309511,0568000,LOUISVILLE METRO POLICE DEPT,Accepted,JEFFERSON,US0031W,,DIXIE,HWY,,,,,,,,38.104442821,-85.868828586,8.386,2/5/2020 12:00:00 AM,1148,2,2,0,1,CLOUDY,DRY,False,HEAD-ON COLLISION,HEAD ON,STRAIGHT & LEVEL,DAYLIGHT,,,2/6/2020 8:19:05 AM,False,7234,Accepted,
26309504,0568000,LOUISVILLE METRO POLICE DEPT,Accepted,JEFFERSON,KY1931,7100,MANSLICK,RD,,,,,,,,38.157996428,-85.799447558,5.711,2/5/2020 12:00:00 AM,1708,3,3,0,0,RAINING,WET,False,SIDESWIPE COLLISION - SAME DIRECTION,SIDESWIPE-SAME DIRECTION,CURVE & GRADE,DUSK,,,2/6/2020 8:18:27 AM,False,7356,Accepted,
26309521,0568000,LOUISVILLE METRO POLICE DEPT,Accepted,JEFFERSON,US0150,,BROADWAY,,W,,,,5TH,,4TH,38.246135987,-85.759153871,2.340,2/5/2020 12:00:00 AM,1343,2,2,0,0,CLOUDY,WET,False,SIDESWIPE COLLISION - SAME DIRECTION,SIDESWIPE-SAME DIRECTION,STRAIGHT & LEVEL,DAYLIGHT,,,2/6/2020 8:20:30 AM,False,2854,Accepted,
26309462,0568000,LOUISVILLE METRO POLICE DEPT,Accepted,JEFFERSON,KY1747,,HURSTBOURNE,PKWY,,,,,WATTERSON,,LISA,38.163979922,-85.608943455,7.078,2/5/2020 12:00:00 AM,1000,2,2,0,0,CLOUDY,WET,False,SIDESWIPE COLLISION - SAME DIRECTION,SIDESWIPE-SAME DIRECTION,STRAIGHT & GRADE,DAYLIGHT,,,2/6/2020 8:15:09 AM,False,2017,Accepted,
26314407,0568000,LOUISVILLE METRO POLICE DEPT,Accepted,JEFFERSON,US0031E,,MARKET,ST,W,,,,1ST,US0031W,2ND,38.254808165,-85.752750276,17.735,2/5/2020 12:00:00 AM,2330,2,2,0,0,RAINING,WET,True,SIDESWIPE COLLISION - SAME DIRECTION,SIDESWIPE-SAME DIRECTION,STRAIGHT & LEVEL,DARK-HWY LIGHTED/ON,,,2/7/2020 8:11:52 AM,False,7937,Accepted,
26309476,0568000,LOUISVILLE METRO POLICE DEPT,Accepted,JEFFERSON,KY0864,,POPLAR LEVEL,RD,,,,,,,,38.163440126,-85.678787547,8.567,2/5/2020 12:00:00 AM,0720,2,2,0,0,CLOUDY,WET,True,REAR END IN TRAFFIC LANES BOTH VEHICLES MOVING,REAR END,STRAIGHT & GRADE,DAWN,,,2/6/2020 8:16:20 AM,False,5130,Accepted,
26309537,0568000,LOUISVILLE METRO POLICE DEPT,Accepted,JEFFERSON,KY1934,,CANE RUN,RD,,,,,CRUMS,,RICHMONT,38.196546449,-85.840899234,8.907,2/5/2020 12:00:00 AM,2055,2,2,0,0,RAINING,WET,False,REAR END IN TRAFFIC LANES BOTH VEHICLES MOVING,REAR END,STRAIGHT & LEVEL,DARK-HWY LIGHTED/ON,,,2/6/2020 8:22:22 AM,False,5140,Accepted,
26309510,0568000,LOUISVILLE METRO POLICE DEPT,Accepted,JEFFERSON,KY0061,,PRESTON,HWY,,,,,,,,38.097058687,-85.670499580,0.940,2/5/2020 12:00:00 AM,1750,2,2,0,0,RAINING,WET,False,REAR END IN TRAFFIC LANES BOTH VEHICLES MOVING,REAR END,STRAIGHT & GRADE,DUSK,,,2/6/2020 8:18:59 AM,False,4693,Accepted,
26309479,0568000,LOUISVILLE METRO POLICE DEPT,Accepted,JEFFERSON,KY0864,,POPLAR LEVEL,RD,,,,,,,,38.193429419,-85.706785912,11.181,2/5/2020 12:00:00 AM,1620,2,2,0,1,RAINING,WET,False,REAR END IN TRAFFIC LANES BOTH VEHICLES MOVING,REAR END,STRAIGHT & GRADE,DAYLIGHT,,,2/6/2020 8:16:34 AM,False,5130,Accepted,