IncidentID,AgencyORI,AgencyName,IncidentStatusDesc,County,RdwyNumber,Street,RoadwayName,StreetSfx,StreetDir,IntersectionRdwy,IntersectionRdwyName,BetweenStRdwy1,BetweenStRdwyName1,BetweenStRdwy2,BetweenStRdwyName2,Latitude,Longitude,Milepoint,CollisionDate,CollisionTime,UnitsInvolved,MotorVehiclesInvolved,NumberKilled,NumberInjured,Weather,RdwyConditionCode,HitandRun,DirAnalysisCode,MannerofCollision,RdwyCharacter,LightCondition,RampFromRdwyId,RampToRdwyId,AcceptedDate,IsSecondaryCollision,OwnerBadge,IncidentStatus,
26309485,0568000,LOUISVILLE METRO POLICE DEPT,Accepted,JEFFERSON,KY0146,,LA GRANGE,RD,,,,,SADDLECREEK,,OLIVER STATION,38.295739839,-85.507031841,8.137,2/5/2020 12:00:00 AM,1647,2,2,0,0,RAINING,WET,False,REAR END IN TRAFFIC LANES BOTH VEHICLES MOVING,REAR END,STRAIGHT & LEVEL,DAYLIGHT,,,2/6/2020 8:17:04 AM,False,2109,Accepted,
26309486,0568000,LOUISVILLE METRO POLICE DEPT,Accepted,JEFFERSON,,900B,CHEROKEE,RD,,,,,EASTERN STAR,,HIGHLAND,38.242480712,-85.724091060,0.174,2/5/2020 12:00:00 AM,1706,2,2,0,0,RAINING,WET,False,REAR END IN TRAFFIC LANES BOTH VEHICLES MOVING,REAR END,STRAIGHT & LEVEL,DAYLIGHT,,,2/6/2020 8:17:09 AM,False,7900,Accepted,
26314423,0568000,LOUISVILLE METRO POLICE DEPT,Accepted,JEFFERSON,I 0064,,I64 W,,,,,I 0064,I64 W EXIT10 ON RAMP FROM KY2048,I 0064,I64 W EXIT10 OFF RAMP TO KY2048,38.237386246,-85.663020822,10.038,2/5/2020 12:00:00 AM,1647,2,2,0,0,RAINING,WET,False,REAR END IN TRAFFIC LANES BOTH VEHICLES MOVING,REAR END,STRAIGHT & LEVEL,DAYLIGHT,,,2/7/2020 8:13:08 AM,False,7840,Accepted,
26309526,0568000,LOUISVILLE METRO POLICE DEPT,Accepted,JEFFERSON,I 0065,,I65 S,,,,,,,,,38.170550755,-85.720797604,129.201,2/5/2020 12:00:00 AM,0757,2,2,0,2,CLOUDY,WET,False,REAR END IN TRAFFIC LANES BOTH VEHICLES MOVING,REAR END,STRAIGHT & LEVEL,DAYLIGHT,,,2/6/2020 8:20:56 AM,False,4656,Accepted,
26314409,0568000,LOUISVILLE METRO POLICE DEPT,Accepted,JEFFERSON,,900,FAIRDALE,RD,,,,,,,,38.109823952,-85.752014060,0.494,2/5/2020 12:00:00 AM,1637,2,2,0,0,RAINING,WET,False,1 VEHICLE ENTERING/LEAVING ENTRANCE,ANGLE,STRAIGHT & LEVEL,DUSK,,,2/7/2020 8:12:00 AM,False,7263,Accepted,
26309482,0568000,LOUISVILLE METRO POLICE DEPT,Accepted,JEFFERSON,,,WOODLAND,AVE,,,,,BEECH,,HEMLOCK,38.234404997,-85.804565306,0.800,2/5/2020 12:00:00 AM,1547,2,2,0,0,RAINING,WET,False,VEHICLE BACKING NON INTERSECTION,BACKING,STRAIGHT & LEVEL,DAYLIGHT,,,2/6/2020 8:16:45 AM,False,5232,Accepted,
26314439,0568000,LOUISVILLE METRO POLICE DEPT,Accepted,JEFFERSON,,2200,WALLIE ANN,CT,,,,,,,,38.217130864,-85.791558596,0.291,2/5/2020 12:00:00 AM,1602,2,2,0,0,CLOUDY,WET,False,VEHICLE BACKING NON INTERSECTION,BACKING,STRAIGHT & LEVEL,DAYLIGHT,,,2/7/2020 8:13:58 AM,False,7363,Accepted,
26325572,0568000,LOUISVILLE METRO POLICE DEPT,Accepted,JEFFERSON,I 0264,,I264 E,,,,,,,,,38.276610388,-85.632824137,21.809,2/5/2020 12:00:00 AM,1653,2,2,0,0,RAINING,WET,False,OTHER ROADWAY OR MID-BLOCK COLLISION,REAR END,STRAIGHT & GRADE,DAYLIGHT,,,2/10/2020 8:28:14 AM,False,8278,Accepted,
26325528,0568000,LOUISVILLE METRO POLICE DEPT,Accepted,JEFFERSON,,382,27TH,ST,N,,,,,,,38.267328677,-85.794539701,0.080,2/5/2020 12:00:00 AM,0537,1,1,0,0,CLEAR,DRY,True,OTHER ROADWAY OR MID-BLOCK COLLISION,SINGLE VEHICLE,STRAIGHT & LEVEL,DARK-HWY LIGHTED/ON,,,2/10/2020 8:26:11 AM,False,7190,Accepted,
26309517,0568000,LOUISVILLE METRO POLICE DEPT,Accepted,JEFFERSON,KY1747,,HURSTBOURNE,PKWY,S,,,,HURSTBOURNE CROSSINGS,,HENDRIK,38.186914882,-85.605733999,8.793,2/5/2020 12:00:00 AM,1820,4,4,0,0,RAINING,WET,False,OTHER ROADWAY OR MID-BLOCK COLLISION,REAR END,STRAIGHT & GRADE,DARK (UNKNOWN ROADWAY LIGHTING),,,2/6/2020 8:19:56 AM,False,7366,Accepted,
26309463,0568000,LOUISVILLE METRO POLICE DEPT,Accepted,JEFFERSON,KY1865,,TAYLOR,BLVD,,,,,,,,38.196993172,-85.782921556,6.178,2/5/2020 12:00:00 AM,1108,2,2,0,1,CLOUDY,DRY,False,1 VEHICLE ENTERING/LEAVING ENTRANCE,ANGLE,STRAIGHT & LEVEL,DAYLIGHT,,,2/6/2020 8:15:18 AM,False,5289,Accepted,
26309448,0568000,LOUISVILLE METRO POLICE DEPT,Accepted,JEFFERSON,,1300,WILLOW,AVE,,,,,,,,38.237642203,-85.711250012,0.106,2/5/2020 12:00:00 AM,0957,1,1,0,0,CLOUDY,DRY,True,COLLISION WITH FIXED OBJECT NON - INTERSECTION - FIRST EVENT COLLISION 09 - 32 EXCLUDING 16,SINGLE VEHICLE,STRAIGHT & LEVEL,DAYLIGHT,,,2/6/2020 8:14:15 AM,False,2228,Accepted,
26309514,0568000,LOUISVILLE METRO POLICE DEPT,Accepted,JEFFERSON,,,ROSEBOROUGH,RD,,,,,SPOURTLAND,,ROSEBOROUGH,38.127325322,-85.632861956,0.326,2/5/2020 12:00:00 AM,1803,1,1,0,0,RAINING,WET,False,COLLISION WITH FIXED OBJECT NON - INTERSECTION - FIRST EVENT COLLISION 09 - 32 EXCLUDING 16,SINGLE VEHICLE,CURVE & LEVEL,DARK-HWY NOT LIGHTED,,,2/6/2020 8:19:27 AM,False,6937,Accepted,
26314401,0568000,LOUISVILLE METRO POLICE DEPT,Accepted,JEFFERSON,,4515,PRODUCE,RD,,,,,,,,38.188341846,-85.675517304,1.095,2/5/2020 12:00:00 AM,2246,2,2,0,0,RAINING,WET,True,1 VEHICLE PARKED POSITION (NOT PARKING LOT/DRIVEWAY),ANGLE,CURVE & LEVEL,DARK (UNKNOWN ROADWAY LIGHTING),,,2/7/2020 8:10:57 AM,False,7879,Accepted,
26309488,0568000,LOUISVILLE METRO POLICE DEPT,Accepted,JEFFERSON,,3924,ILLINOIS,AVE,,,,,,,,38.213696321,-85.713890484,0.684,2/5/2020 12:00:00 AM,1546,1,1,0,0,RAINING,WET,False,RAN OFF ROADWAY (1 VEHICLE WITH/EARTH EMBANKMENT/DITCH),SINGLE VEHICLE,CURVE & GRADE,DAYLIGHT,,,2/6/2020 8:17:17 AM,False,2234,Accepted,
27763475,0568000,LOUISVILLE METRO POLICE DEPT,Accepted,JEFFERSON,,,FLOYD,ST,S,,,,BRECKINRIDGE,,COLLEGE,38.242293723,-85.750242411,0.931,2/5/2020 12:00:00 AM,1521,2,2,0,0,CLEAR,DRY,False,1 VEHICLE PARKED POSITION (NOT PARKING LOT/DRIVEWAY),SIDESWIPE-SAME DIRECTION,STRAIGHT & LEVEL,DAYLIGHT,,,2/8/2021 2:25:41 PM,False,7418,Accepted,
26309520,0568000,LOUISVILLE METRO POLICE DEPT,Accepted,JEFFERSON,,,CRITTENDEN,DR,,,CRITTENDEN DR CONN,,,,,38.171801179,-85.749517899,2.025,2/5/2020 12:00:00 AM,0834,3,3,0,0,RAINING,WET,False,SIDESWIPE-SAME DIRECTION,SIDESWIPE-SAME DIRECTION,CURVE & LEVEL,DAYLIGHT,,,2/6/2020 8:20:25 AM,False,2854,Accepted,
26314460,0568000,LOUISVILLE METRO POLICE DEPT,Accepted,JEFFERSON,I 0065,,I65 S,,,I 0065,I65 S EXIT130 ON RAMP FROM  GRADE LN,,,,,38.174111436,-85.720149125,129.469,2/5/2020 12:00:00 AM,1016,2,2,0,1,CLEAR,DRY,False,SIDESWIPE-SAME DIRECTION,SIDESWIPE-SAME DIRECTION,STRAIGHT & LEVEL,DAYLIGHT,,,2/7/2020 8:16:37 AM,False,5106,Accepted,
26309503,0568000,LOUISVILLE METRO POLICE DEPT,Accepted,JEFFERSON,KY1931,,ST ANDREWS CHURCH,RD,,,BLANTON,,,,,38.151875265,-85.819458796,4.414,2/5/2020 12:00:00 AM,1602,3,3,0,0,RAINING,WET,False,SIDESWIPE-SAME DIRECTION,SIDESWIPE-SAME DIRECTION,STRAIGHT & LEVEL,DAYLIGHT,,,2/6/2020 8:18:21 AM,False,7356,Accepted,
26309508,0568000,LOUISVILLE METRO POLICE DEPT,Accepted,JEFFERSON,,,RANGELAND,RD,,,OAKLAWN,,,,,38.165067491,-85.669492048,0.701,2/5/2020 12:00:00 AM,1528,2,2,0,0,RAINING,WET,True,OTHER INTERSECTION COLLISIONS,REAR END,STRAIGHT & LEVEL,DAYLIGHT,,,2/6/2020 8:18:48 AM,False,5019,Accepted,
26309458,0568000,LOUISVILLE METRO POLICE DEPT,Accepted,JEFFERSON,US0031E,,BARDSTOWN,RD,,I 0265,I265 E EXIT17 OFF RAMP TO US31E,,,,,38.139354079,-85.582218966,4.754,2/5/2020 12:00:00 AM,0748,2,2,0,0,CLOUDY,WET,False,OTHER INTERSECTION COLLISIONS,REAR END,CURVE & LEVEL,DAWN,,,2/6/2020 8:14:59 AM,False,2017,Accepted,
26314430,0568000,LOUISVILLE METRO POLICE DEPT,Accepted,JEFFERSON,US0060,,FRANKFORT,AVE,,KY2048,CANNONS,,,,,38.254053258,-85.670370276,2.740,2/5/2020 12:00:00 AM,1506,2,2,0,0,RAINING,WET,False,OTHER INTERSECTION COLLISIONS,REAR END,STRAIGHT & LEVEL,DAYLIGHT,,,2/7/2020 8:13:29 AM,False,2673,Accepted,
26314402,0568000,LOUISVILLE METRO POLICE DEPT,Accepted,JEFFERSON,US0031E,,BARDSTOWN,RD,,,FAIRGROUND,,,,,38.162881439,-85.595880625,6.585,2/5/2020 12:00:00 AM,1928,2,2,0,0,RAINING,WET,False,OTHER INTERSECTION COLLISIONS,REAR END,STRAIGHT & LEVEL,DARK-HWY NOT LIGHTED,,,2/7/2020 8:11:00 AM,False,7755,Accepted,
26309515,0568000,LOUISVILLE METRO POLICE DEPT,Accepted,JEFFERSON,KY1747,,HURSTBOURNE,PKWY,S,,BUNSEN,,,,,38.218827896,-85.584103076,11.463,2/5/2020 12:00:00 AM,1225,2,2,0,0,CLOUDY,DRY,False,OTHER INTERSECTION COLLISIONS,REAR END,STRAIGHT & LEVEL,DAYLIGHT,,,2/6/2020 8:19:38 AM,False,5191,Accepted,
26309516,0568000,LOUISVILLE METRO POLICE DEPT,Accepted,JEFFERSON,KY1934,,CANE RUN,RD,,,POPLAR VIEW,,,,,38.185490840,-85.853631279,7.876,2/5/2020 12:00:00 AM,1830,4,4,0,0,RAINING,WET,True,OTHER INTERSECTION COLLISIONS,REAR END,STRAIGHT & LEVEL,DARK-HWY LIGHTED/OFF,,,2/6/2020 8:19:48 AM,False,7467,Accepted,
26309523,0568000,LOUISVILLE METRO POLICE DEPT,Accepted,JEFFERSON,KY1020,,3RD,ST,S,US0031W,MARKET,,,,,38.255046135,-85.755117500,12.724,2/5/2020 12:00:00 AM,1705,2,2,0,0,RAINING,WET,False,OTHER INTERSECTION COLLISIONS,REAR END,STRAIGHT & LEVEL,DAYLIGHT,,,2/6/2020 8:20:36 AM,False,2854,Accepted,
26309490,0568000,LOUISVILLE METRO POLICE DEPT,Accepted,JEFFERSON,KY1447,,WESTPORT,RD,,KY1747,HURSTBOURNE,,,,,38.287624892,-85.572230296,5.244,2/5/2020 12:00:00 AM,1614,3,3,0,0,RAINING,WET,False,OTHER INTERSECTION COLLISIONS,REAR END,STRAIGHT & LEVEL,DAYLIGHT,,,2/6/2020 8:17:35 AM,False,7313,Accepted,
26309484,0568000,LOUISVILLE METRO POLICE DEPT,Accepted,JEFFERSON,,,ANTONIA,WAY,,,MUD,,,,,38.092472396,-85.670544901,0.233,2/5/2020 12:00:00 AM,1230,2,2,0,0,RAINING,WET,False,OTHER INTERSECTION COLLISIONS,REAR END,STRAIGHT & LEVEL,DAYLIGHT,,,2/6/2020 8:16:59 AM,False,2583,Accepted,
26309446,0568000,LOUISVILLE METRO POLICE DEPT,Accepted,JEFFERSON,,,MURPHY,LN,,KY1447,WESTPORT,,,,,38.302181752,-85.532721729,0.013,2/5/2020 12:00:00 AM,0728,2,2,0,0,CLOUDY,WET,False,OTHER INTERSECTION COLLISIONS,REAR END,STRAIGHT & LEVEL,DARK (UNKNOWN ROADWAY LIGHTING),,,2/6/2020 8:13:56 AM,False,7529,Accepted,
26309501,0568000,LOUISVILLE METRO POLICE DEPT,Accepted,JEFFERSON,KY1447,,WESTPORT,RD,,,INDIAN LAKE,,,,,38.296108052,-85.553430438,6.394,2/5/2020 12:00:00 AM,1745,2,2,0,0,RAINING,WET,False,OTHER INTERSECTION COLLISIONS,REAR END,STRAIGHT & LEVEL,DAYLIGHT,,,2/6/2020 8:18:05 AM,False,7631,Accepted,
26309536,0568000,LOUISVILLE METRO POLICE DEPT,Accepted,JEFFERSON,KY1932,,BRECKENRIDGE,LN,,,HIKES,,,,,38.218134215,-85.628576557,2.694,2/5/2020 12:00:00 AM,2107,2,2,0,0,RAINING,WET,False,OTHER INTERSECTION COLLISIONS,REAR END,STRAIGHT & LEVEL,DARK-HWY LIGHTED/ON,,,2/6/2020 8:22:16 AM,False,5222,Accepted,
26314315,0566900,LOUISVILLE AIRPORT POLICE,Accepted,JEFFERSON,,,MARTHA MOLONEY,DR,,KY1631,CRITTENDEN,,,,,38.187760092,-85.750678447,0.011,2/5/2020 12:00:00 AM,1320,1,1,0,1,RAINING,WET,False,OTHER INTERSECTION COLLISIONS,SINGLE VEHICLE,STRAIGHT & LEVEL,DAYLIGHT,,,2/7/2020 8:01:12 AM,False,5826,Accepted,
26314393,0564400,INDIAN HILLS POLICE DEPARTMENT,Accepted,JEFFERSON,US0042,3905,BROWNSBORO,RD,,,,,,,,38.265839308,-85.665764960,3.885,2/5/2020 12:00:00 AM,0700,1,1,0,0,RAINING,WET,False,COLLISION WITH FIXED OBJECT NON - INTERSECTION - FIRST EVENT COLLISION 09 - 32 EXCLUDING 16,SINGLE VEHICLE,STRAIGHT & LEVEL,DAWN,,,2/7/2020 8:10:26 AM,False,4419,Accepted,
26309535,0568000,LOUISVILLE METRO POLICE DEPT,Accepted,JEFFERSON,,4772,ALLMOND,AVE,,,,,WOODLAWN,,STRAWBERRY,38.179239099,-85.758459853,1.020,2/5/2020 12:00:00 AM,2209,1,1,0,0,CLOUDY,WET,False,COLLISION WITH FIXED OBJECT NON - INTERSECTION - FIRST EVENT COLLISION 09 - 32 EXCLUDING 16,SINGLE VEHICLE,STRAIGHT & LEVEL,DARK (UNKNOWN ROADWAY LIGHTING),,,2/6/2020 8:22:09 AM,False,5284,Accepted,
26314408,0568000,LOUISVILLE METRO POLICE DEPT,Accepted,JEFFERSON,,607,DRUMMOND,WAY,,,,,,,,38.121215539,-85.755061588,0.238,2/5/2020 12:00:00 AM,1515,1,1,0,0,RAINING,WET,False,COLLISION WITH FIXED OBJECT NON - INTERSECTION - FIRST EVENT COLLISION 09 - 32 EXCLUDING 16,SINGLE VEHICLE,STRAIGHT & LEVEL,DAYLIGHT,,,2/7/2020 8:11:55 AM,False,7263,Accepted,
26309471,0568000,LOUISVILLE METRO POLICE DEPT,Accepted,JEFFERSON,KY1819,,SEATONVILLE,RD,,,,,,,,38.132875506,-85.525025268,3.468,2/5/2020 12:00:00 AM,1314,1,1,0,3,CLOUDY,DRY,False,COLLISION WITH FIXED OBJECT NON - INTERSECTION - FIRST EVENT COLLISION 09 - 32 EXCLUDING 16,SINGLE VEHICLE,STRAIGHT & LEVEL,DAYLIGHT,,,2/6/2020 8:16:01 AM,False,4693,Accepted,
26309477,0568000,LOUISVILLE METRO POLICE DEPT,Accepted,JEFFERSON,KY0061,,PRESTON,HWY,,,,,,,,38.196051567,-85.730544973,8.644,2/5/2020 12:00:00 AM,1000,1,1,0,1,CLOUDY,DRY,False,COLLISION WITH FIXED OBJECT NON - INTERSECTION - FIRST EVENT COLLISION 09 - 32 EXCLUDING 16,SINGLE VEHICLE,STRAIGHT & GRADE,DAYLIGHT,,,2/6/2020 8:16:25 AM,False,5130,Accepted,
26314514,0568000,LOUISVILLE METRO POLICE DEPT,Accepted,JEFFERSON,,,MAGNOLIA,AVE,E,,BROOK,,,,,38.228364797,-85.754759715,0.105,2/5/2020 12:00:00 AM,2236,2,2,0,0,CLEAR,DRY,False,ANGLE COLLISION - OTHER,ANGLE,STRAIGHT & GRADE,DARK-HWY LIGHTED/ON,,,2/7/2020 8:21:18 AM,False,5166,Accepted,
26314411,0568000,LOUISVILLE METRO POLICE DEPT,Accepted,JEFFERSON,US0060A,,BERRY,BLVD,,,GEORGETOWN,,,,,38.196628358,-85.793325759,0.896,2/5/2020 12:00:00 AM,1644,2,2,0,0,RAINING,WET,False,ANGLE COLLISION - OTHER,ANGLE,STRAIGHT & LEVEL,DARK-HWY LIGHTED/ON,,,2/7/2020 8:12:08 AM,False,5289,Accepted,
26314420,0568000,LOUISVILLE METRO POLICE DEPT,Accepted,JEFFERSON,US0031E,,BARDSTOWN,RD,,,ALFRESCO,,,,,38.226398941,-85.697803364,13.888,2/5/2020 12:00:00 AM,1703,2,2,0,0,RAINING,WET,False,ANGLE COLLISION - OTHER,ANGLE,STRAIGHT & LEVEL,DAWN,,,2/7/2020 8:12:58 AM,False,2928,Accepted,
26309519,0568000,LOUISVILLE METRO POLICE DEPT,Accepted,JEFFERSON,,,BLUEGRASS,AVE,,KY1865,TAYLOR,,,,,38.179606244,-85.783267765,0.852,2/5/2020 12:00:00 AM,1611,2,2,0,0,RAINING,WET,False,ANGLE COLLISION - OTHER,ANGLE,STRAIGHT & LEVEL,DAYLIGHT,,,2/6/2020 8:20:19 AM,False,7468,Accepted,
26314440,0568000,LOUISVILLE METRO POLICE DEPT,Accepted,JEFFERSON,,,HERMAN,ST,,,SHAWNEE,,,,,38.262185899,-85.823014687,0.871,2/5/2020 12:00:00 AM,0819,2,2,0,0,CLOUDY,WET,False,ANGLE COLLISION - OTHER,ANGLE,STRAIGHT & LEVEL,OTHER,,,2/7/2020 8:14:03 AM,False,7469,Accepted,
26309438,0568000,LOUISVILLE METRO POLICE DEPT,Accepted,JEFFERSON,,,HILL,ST,W,KY1020,3RD,,,,,38.225825687,-85.760299661,0.180,2/5/2020 12:00:00 AM,0930,2,2,0,0,CLOUDY,DRY,False,ANGLE COLLISION - OTHER,ANGLE,STRAIGHT & LEVEL,DAYLIGHT,,,2/6/2020 8:13:49 AM,False,7296,Accepted,
26309478,0568000,LOUISVILLE METRO POLICE DEPT,Accepted,JEFFERSON,US0060A,,TAYLOR,BLVD,,US0060A,BERRY,,,,,38.196313452,-85.782947333,1.473,2/5/2020 12:00:00 AM,1147,2,2,0,0,CLOUDY,DRY,False,ANGLE COLLISION - OTHER,ANGLE,STRAIGHT & LEVEL,DAYLIGHT,,,2/6/2020 8:16:29 AM,False,7977,Accepted,
26304430,0568000,LOUISVILLE METRO POLICE DEPT,Accepted,JEFFERSON,KY1865,,NEW CUT,RD,,KY0841,KY841 RAMP TO KY1865,,,,,38.118821076,-85.776974781,0.724,2/5/2020 12:00:00 AM,0559,2,2,0,0,CLEAR,WET,False,ANGLE COLLISION - OTHER,ANGLE,STRAIGHT & LEVEL,DARK-HWY LIGHTED/ON,,,2/5/2020 8:16:47 AM,False,5220,Accepted,
26309512,0568000,LOUISVILLE METRO POLICE DEPT,Accepted,JEFFERSON,US0042,,BROWNSBORO,RD,,,HITE,,,,,38.258785756,-85.697838405,2.077,2/5/2020 12:00:00 AM,1827,2,2,0,0,RAINING,WET,False,ANGLE COLLISION - OTHER,ANGLE,STRAIGHT & LEVEL,DARK-HWY LIGHTED/ON,,,2/6/2020 8:19:15 AM,False,2413,Accepted,
26309527,0568000,LOUISVILLE METRO POLICE DEPT,Accepted,JEFFERSON,KY2054,,ALGONQUIN,PKWY,,,35TH,,,,,38.224911288,-85.814274221,0.447,2/5/2020 12:00:00 AM,1954,2,2,0,1,RAINING,WET,False,OPPOSING LEFT TURN,OPPOSING LEFT TURN,STRAIGHT & LEVEL,DARK-HWY LIGHTED/ON,,,2/6/2020 8:21:07 AM,False,7466,Accepted,
26309528,0568000,LOUISVILLE METRO POLICE DEPT,Accepted,JEFFERSON,KY1065,,OUTER,LOOP,,,LAUREL RIDGE,,,,,38.137850085,-85.673607561,6.761,2/5/2020 12:00:00 AM,2014,2,2,0,0,CLEAR,WET,False,OPPOSING LEFT TURN,OPPOSING LEFT TURN,STRAIGHT & LEVEL,DARK (UNKNOWN ROADWAY LIGHTING),,,2/6/2020 8:21:14 AM,False,5101,Accepted,
26309487,0568000,LOUISVILLE METRO POLICE DEPT,Accepted,JEFFERSON,US0031E,,BARDSTOWN,RD,,,DOUGLASS,,,,,38.224577118,-85.693941347,13.643,2/5/2020 12:00:00 AM,1633,2,2,0,0,RAINING,WET,False,OPPOSING LEFT TURN,OPPOSING LEFT TURN,STRAIGHT & LEVEL,DAYLIGHT,,,2/6/2020 8:17:13 AM,False,7403,Accepted,
26309534,0568000,LOUISVILLE METRO POLICE DEPT,Accepted,JEFFERSON,,,DUTCHMANS,LN,,KY2048,CANNONS,,,,,38.226072203,-85.650617526,0.008,2/5/2020 12:00:00 AM,2119,2,2,0,0,RAINING,WET,False,REAR END - ONE VEHICLE TURNING RIGHT,REAR END,STRAIGHT & LEVEL,DARK-HWY LIGHTED/ON,,,2/6/2020 8:21:39 AM,False,7544,Accepted,
26309500,0568000,LOUISVILLE METRO POLICE DEPT,Accepted,JEFFERSON,US0060,,SHELBYVILLE,RD,,KY1531,JOHNSON,,,,,38.233592447,-85.453272407,14.904,2/5/2020 12:00:00 AM,0858,2,2,0,2,CLOUDY,DRY,False,OPPOSING LEFT TURN,OPPOSING LEFT TURN,STRAIGHT & LEVEL,DAYLIGHT,,,2/6/2020 8:17:58 AM,False,7751,Accepted,
26309480,0568000,LOUISVILLE METRO POLICE DEPT,Accepted,JEFFERSON,US0150,,BROADWAY,,W,KY1020,2ND,,,,,38.245837464,-85.755048393,2.560,2/5/2020 12:00:00 AM,1637,2,2,0,3,RAINING,WET,False,ANGLE COLLISION - OTHER,ANGLE,STRAIGHT & LEVEL,DAYLIGHT,,,2/6/2020 8:16:38 AM,False,7463,Accepted,
26309506,0568000,LOUISVILLE METRO POLICE DEPT,Accepted,JEFFERSON,,,LOWER HUNTERS,TRCE,,,GABRIEL,,,,,38.160261385,-85.852509498,1.039,2/5/2020 12:00:00 AM,1725,2,2,0,0,RAINING,WET,False,ANGLE COLLISION - OTHER,ANGLE,STRAIGHT & LEVEL,DUSK,,,2/6/2020 8:18:38 AM,False,7177,Accepted,
26325469,0568000,LOUISVILLE METRO POLICE DEPT,Accepted,JEFFERSON,,,HATHAWAY,AVE,,,PEACHTREE,,,,,38.195293321,-85.779537502,0.190,2/5/2020 12:00:00 AM,2054,2,2,0,2,RAINING,WET,False,ANGLE COLLISION - OTHER,ANGLE,STRAIGHT & LEVEL,DARK-HWY LIGHTED/ON,,,2/10/2020 8:23:08 AM,False,7772,Accepted,
26309547,0568000,LOUISVILLE METRO POLICE DEPT,Accepted,JEFFERSON,,,CHESTNUT,ST,E,,BROOK,,,,,38.248281881,-85.751827128,0.060,2/5/2020 12:00:00 AM,2038,2,2,0,0,RAINING,WET,False,ANGLE COLLISION - OTHER,ANGLE,STRAIGHT & LEVEL,DARK-HWY LIGHTED/ON,,,2/6/2020 8:23:27 AM,False,5172,Accepted,
26330907,0568000,LOUISVILLE METRO POLICE DEPT,Accepted,JEFFERSON,KY1020,,SOUTHERN,PKWY,,,WINN,,,,,38.199032497,-85.766763416,9.010,2/5/2020 12:00:00 AM,1903,2,2,0,3,RAINING,WET,False,ANGLE COLLISION - OTHER,ANGLE,CURVE & LEVEL,DARK-HWY LIGHTED/ON,,,2/11/2020 8:26:38 AM,False,5204,Accepted,
26331472,0568000,LOUISVILLE METRO POLICE DEPT,Accepted,JEFFERSON,KY1020,,SOUTHERN,PKWY,,,WINN,,,,,38.199032497,-85.766763416,9.010,2/5/2020 12:00:00 AM,1931,2,1,0,0,RAINING,WATER (STANDING OR MOVING),False,ANGLE COLLISION - OTHER,ANGLE,CURVE & LEVEL,DARK-HWY LIGHTED/ON,,,2/11/2020 10:00:41 AM,True,5204,Accepted,
26309460,0568000,LOUISVILLE METRO POLICE DEPT,Accepted,JEFFERSON,US0031E,,BARDSTOWN,RD,,,ST GABRIEL,,,,,38.166442054,-85.601324525,6.968,2/5/2020 12:00:00 AM,0809,2,2,0,0,CLOUDY,WET,False,OPPOSITE DIRECTION - BOTH VEHICLES GOING STRAIGHT AHEAD,SIDESWIPE-OPPOSITE DIRECTION,STRAIGHT & LEVEL,DAYLIGHT,,,2/6/2020 8:15:03 AM,False,2017,Accepted,
26309539,0568000,LOUISVILLE METRO POLICE DEPT,Accepted,JEFFERSON,KY3064,,PORTLAND,AVE,,,27TH,,,,,38.271816657,-85.792034422,0.552,2/5/2020 12:00:00 AM,1802,2,2,0,0,RAINING,WET,False,OPPOSITE DIRECTION - BOTH VEHICLES GOING STRAIGHT AHEAD,SIDESWIPE-OPPOSITE DIRECTION,STRAIGHT & LEVEL,OTHER,,,2/6/2020 8:22:42 AM,False,7173,Accepted,
26309530,0568000,LOUISVILLE METRO POLICE DEPT,Accepted,JEFFERSON,US0031W,,DIXIE,HWY,,,PENDLETON,,,,,38.062282784,-85.886516163,5.291,2/5/2020 12:00:00 AM,2315,1,1,0,0,FOG WITH RAIN,WET,False,COLLISION WITH FIXED OBJECT IN INTERSECTION - FIRST EVENT COLLISION 09 - 32,SINGLE VEHICLE,STRAIGHT & LEVEL,DARK-HWY LIGHTED/ON,,,2/6/2020 8:21:31 AM,False,7295,Accepted,
26325519,0568000,LOUISVILLE METRO POLICE DEPT,Accepted,JEFFERSON,,,FLOYD,ST,S,,KENTUCKY,,,,,38.237987480,-85.751003943,1.230,2/5/2020 12:00:00 AM,1500,3,3,0,0,RAINING,WET,False,COLLISION WITH PARKED VEHICLE,REAR END,STRAIGHT & LEVEL,DAYLIGHT,,,2/10/2020 8:25:37 AM,False,7116,Accepted,
26309540,0568000,LOUISVILLE METRO POLICE DEPT,Accepted,JEFFERSON,,,BROADWAY,,W,,26TH,,,,,38.249452052,-85.794603935,0.348,2/5/2020 12:00:00 AM,2321,2,1,0,1,RAINING,WET,False,COLLISION WITH PEDESTRIAN IN INTERSECTION,SINGLE VEHICLE,STRAIGHT & LEVEL,DARK-HWY LIGHTED/ON,,,2/6/2020 8:22:48 AM,False,7173,Accepted,