IncidentID,AgencyORI,AgencyName,IncidentStatusDesc,County,RdwyNumber,Street,RoadwayName,StreetSfx,StreetDir,IntersectionRdwy,IntersectionRdwyName,BetweenStRdwy1,BetweenStRdwyName1,BetweenStRdwy2,BetweenStRdwyName2,Latitude,Longitude,Milepoint,CollisionDate,CollisionTime,UnitsInvolved,MotorVehiclesInvolved,NumberKilled,NumberInjured,Weather,RdwyConditionCode,HitandRun,DirAnalysisCode,MannerofCollision,RdwyCharacter,LightCondition,RampFromRdwyId,RampToRdwyId,AcceptedDate,IsSecondaryCollision,OwnerBadge,IncidentStatus,
26304421,0568000,LOUISVILLE METRO POLICE DEPT,Accepted,JEFFERSON,US0031W,,22ND,ST,S,,GARLAND,,,,,38.244072386,-85.789032001,19.196,2/5/2020 12:00:00 AM,0211,1,1,0,0,RAINING,WET,False,COLLISION WITH FIXED OBJECT IN INTERSECTION - FIRST EVENT COLLISION 09 - 32,SINGLE VEHICLE,STRAIGHT & LEVEL,DARK-HWY LIGHTED/ON,,,2/5/2020 8:16:13 AM,False,5054,Accepted,
26304429,0568000,LOUISVILLE METRO POLICE DEPT,Accepted,JEFFERSON,,,OAK,ST,W,,4TH,,,,,38.235017036,-85.760338081,0.272,2/5/2020 12:00:00 AM,0438,2,2,0,0,RAINING,WET,False,COLLISION WITH FIXED OBJECT IN INTERSECTION - FIRST EVENT COLLISION 09 - 32,SIDESWIPE-SAME DIRECTION,STRAIGHT & LEVEL,DARK-HWY LIGHTED/ON,,,2/5/2020 8:16:44 AM,False,5186,Accepted,
26336803,0568000,LOUISVILLE METRO POLICE DEPT,Accepted,JEFFERSON,KY0907,,3RD ST,RD,,,STONESTREET,,,,,38.113004443,-85.836986468,1.915,2/5/2020 12:00:00 AM,1823,2,2,0,0,RAINING,WET,False,ANGLE COLLISION - ONE VEHICLE TURNING LEFT,ANGLE,STRAIGHT & LEVEL,DARK-HWY LIGHTED/ON,,,2/12/2020 8:19:37 AM,False,7174,Accepted,
26330910,0568000,LOUISVILLE METRO POLICE DEPT,Accepted,JEFFERSON,,,HOERTZ,AVE,,,MULBERRY,,,,,38.226069237,-85.738160688,0.155,2/5/2020 12:00:00 AM,1000,2,2,0,0,CLEAR,DRY,False,COLLISION WITH PARKED VEHICLE,SIDESWIPE-SAME DIRECTION,STRAIGHT & LEVEL,DAYLIGHT,,,2/11/2020 8:26:50 AM,False,7116,Accepted,
26304328,0568000,LOUISVILLE METRO POLICE DEPT,Accepted,JEFFERSON,KY1020,8404,NATIONAL,TPKE,,KY1065,OUTER,,,,,38.127431172,-85.749154463,3.695,2/4/2020 12:00:00 AM,1210,2,2,0,0,RAINING,WET,False,COLLISION WITH PARKED VEHICLE,ANGLE,CURVE & LEVEL,DAYLIGHT,,,2/5/2020 8:10:42 AM,False,7080,Accepted,
26304423,0568000,LOUISVILLE METRO POLICE DEPT,Accepted,JEFFERSON,US0031W,,DR W J HODGE,ST,,,KENTUCKY,,,,,38.242069548,-85.787827130,19.127,2/4/2020 12:00:00 AM,2144,2,2,0,0,RAINING,WET,False,COLLISION WITH PARKED VEHICLE,SIDESWIPE-SAME DIRECTION,STRAIGHT & LEVEL,DARK-HWY LIGHTED/ON,,,2/5/2020 8:16:21 AM,False,5256,Accepted,
26304398,0568000,LOUISVILLE METRO POLICE DEPT,Accepted,JEFFERSON,KY0022,,BROWNSBORO,RD,,I 0265,I265 N EXIT34 ON RAMP FROM KY22 E,,,,,38.308963867,-85.572737357,4.070,2/4/2020 12:00:00 AM,1200,2,2,0,0,RAINING,WET,False,ANGLE COLLISION - ONE VEHICLE TURNING LEFT,ANGLE,STRAIGHT & LEVEL,DAYLIGHT,,,2/5/2020 8:14:51 AM,False,7355,Accepted,
26304408,0568000,LOUISVILLE METRO POLICE DEPT,Accepted,JEFFERSON,KY1020,,NATIONAL,TPKE,,,YORKTOWN,,,,,38.140788504,-85.754349775,4.650,2/4/2020 12:00:00 AM,0706,2,1,0,1,RAINING,WET,False,COLLISION WITH PEDESTRIAN IN INTERSECTION,SINGLE VEHICLE,STRAIGHT & LEVEL,DARK-HWY LIGHTED/ON,,,2/5/2020 8:15:31 AM,False,5209,Accepted,
26304433,0568000,LOUISVILLE METRO POLICE DEPT,Accepted,JEFFERSON,KY0907,,3RD ST,RD,,,BAMBERRIE CROSS,,,,,38.136678625,-85.786219069,5.448,2/4/2020 12:00:00 AM,2027,1,1,0,2,RAINING,WET,False,NON-COLLISION OBJECT COLLISION,SINGLE VEHICLE,STRAIGHT & LEVEL,DARK-HWY LIGHTED/ON,,,2/5/2020 8:16:56 AM,False,5110,Accepted,
26325463,0568000,LOUISVILLE METRO POLICE DEPT,Accepted,JEFFERSON,KY0061,,PRESTON,HWY,,,MORGAN,,,,,38.193037862,-85.728575433,8.410,2/4/2020 12:00:00 AM,0908,2,2,0,0,CLEAR,DRY,False,ANGLE COLLISION - OTHER,ANGLE,STRAIGHT & LEVEL,DAYLIGHT,,,2/10/2020 8:22:44 AM,False,7938,Accepted,
26304427,0568000,LOUISVILLE METRO POLICE DEPT,Accepted,JEFFERSON,US0031W,,DIXIE,HWY,,,ASHBY,,,,,38.103025979,-85.869709646,8.270,2/4/2020 12:00:00 AM,1951,2,2,0,0,RAINING,WET,False,ANGLE COLLISION - OTHER,ANGLE,STRAIGHT & GRADE,DARK-HWY LIGHTED/ON,,,2/5/2020 8:16:36 AM,False,5043,Accepted,
26304416,0568000,LOUISVILLE METRO POLICE DEPT,Accepted,JEFFERSON,,,MAIN,ST,W,,26TH,,,,,38.260824214,-85.793584748,0.392,2/4/2020 12:00:00 AM,0122,2,2,0,3,RAINING,WET,False,ANGLE COLLISION - OTHER,ANGLE,STRAIGHT & LEVEL,DARK-HWY LIGHTED/ON,,,2/5/2020 8:16:00 AM,False,7311,Accepted,
26347687,0568000,LOUISVILLE METRO POLICE DEPT,Accepted,JEFFERSON,KY0864,,BEULAH CHURCH,RD,,I 0265,I265 W EXIT15 OFF RAMP TO KY864,,,,,38.125958674,-85.614517651,3.455,2/4/2020 12:00:00 AM,0703,2,2,0,0,CLOUDY,WET,False,REAR END - ONE VEHICLE TURNING RIGHT,REAR END,CURVE & LEVEL,DARK-HWY LIGHTED/ON,,,2/14/2020 8:41:42 AM,False,5116,Accepted,
26304394,0568000,LOUISVILLE METRO POLICE DEPT,Accepted,JEFFERSON,KY0907,,VALLEY STATION,RD,,,EVE ADAM,,,,,38.106426083,-85.843430114,1.322,2/4/2020 12:00:00 AM,1858,2,2,0,0,RAINING,WET,False,OPPOSING LEFT TURN,OPPOSING LEFT TURN,CURVE & LEVEL,DARK-HWY LIGHTED/ON,,,2/5/2020 8:14:33 AM,False,7496,Accepted,
26304349,0568000,LOUISVILLE METRO POLICE DEPT,Accepted,JEFFERSON,US0031E,,BARDSTOWN,RD,,KY1065,SEATONVILLE,,,,,38.149959330,-85.587256231,5.559,2/4/2020 12:00:00 AM,1633,2,2,0,0,RAINING,WET,False,ANGLE COLLISION - OTHER,ANGLE,STRAIGHT & LEVEL,DAYLIGHT,,,2/5/2020 8:11:50 AM,False,7465,Accepted,
26304316,0568000,LOUISVILLE METRO POLICE DEPT,Accepted,JEFFERSON,,,26TH,ST,N,,DUNCAN,,,,,38.263431068,-85.793276722,0.124,2/4/2020 12:00:00 AM,1005,2,2,0,1,RAINING,WET,False,ANGLE COLLISION - OTHER,ANGLE,STRAIGHT & LEVEL,DAYLIGHT,,,2/5/2020 8:09:58 AM,False,5108,Accepted,
26304409,0568000,LOUISVILLE METRO POLICE DEPT,Accepted,JEFFERSON,,,SOUTHERN,PKWY,,,BURKLEY,,,,,38.179895345,-85.770965976,0.192,2/4/2020 12:00:00 AM,2132,2,2,0,0,RAINING,WET,True,ANGLE COLLISION - OTHER,ANGLE,STRAIGHT & LEVEL,DARK-HWY LIGHTED/ON,,,2/5/2020 8:15:38 AM,False,7963,Accepted,
26304386,0568000,LOUISVILLE METRO POLICE DEPT,Accepted,JEFFERSON,KY0864,,FEGENBUSH,LN,,,TANGELO,,,,,38.147309988,-85.628087377,5.337,2/4/2020 12:00:00 AM,1751,2,2,0,0,RAINING,WET,False,ANGLE COLLISION - OTHER,ANGLE,STRAIGHT & LEVEL,DARK-HWY NOT LIGHTED,,,2/5/2020 8:14:01 AM,False,7484,Accepted,
26304333,0568000,LOUISVILLE METRO POLICE DEPT,Accepted,JEFFERSON,US0031E,,BARDSTOWN,RD,,,EDENSIDE,,,,,38.232781540,-85.710737173,14.726,2/4/2020 12:00:00 AM,1239,2,2,0,2,CLOUDY,WET,False,ANGLE COLLISION - OTHER,ANGLE,STRAIGHT & LEVEL,DAYLIGHT,,,2/5/2020 8:10:59 AM,False,7129,Accepted,
26304325,0568000,LOUISVILLE METRO POLICE DEPT,Accepted,JEFFERSON,KY1065,,OUTER,LOOP,,,GRADE,,,,,38.129987519,-85.737106289,3.186,2/4/2020 12:00:00 AM,0732,2,2,0,0,RAINING,WET,False,ANGLE COLLISION - OTHER,ANGLE,STRAIGHT & LEVEL,DAWN,,,2/5/2020 8:10:31 AM,False,2017,Accepted,
26304372,0568000,LOUISVILLE METRO POLICE DEPT,Accepted,JEFFERSON,,,OAK,ST,W,US0031W,22ND,,,,,38.237474078,-85.790309035,1.913,2/4/2020 12:00:00 AM,1016,2,2,0,3,RAINING,WET,False,ANGLE COLLISION - OTHER,ANGLE,STRAIGHT & LEVEL,DAYLIGHT,,,2/5/2020 8:13:13 AM,False,7420,Accepted,
26304405,0568000,LOUISVILLE METRO POLICE DEPT,Accepted,JEFFERSON,KY0061,,PRESTON,ST,S,,BRECKINRIDGE,,,,,38.240736470,-85.748259644,11.932,2/4/2020 12:00:00 AM,1834,4,4,0,2,RAINING,WET,False,ANGLE COLLISION - OTHER,ANGLE,STRAIGHT & LEVEL,DAYLIGHT,,,2/5/2020 8:15:12 AM,False,7407,Accepted,
26304336,0568000,LOUISVILLE METRO POLICE DEPT,Accepted,JEFFERSON,KY0061,,PRESTON,HWY,,,CANAL,,,,,38.147079464,-85.691482694,4.601,2/4/2020 12:00:00 AM,1507,2,2,0,0,RAINING,WET,False,OTHER INTERSECTION COLLISIONS,REAR END,STRAIGHT & LEVEL,DAYLIGHT,,,2/5/2020 8:11:06 AM,False,7269,Accepted,
26304341,0568000,LOUISVILLE METRO POLICE DEPT,Accepted,JEFFERSON,US0031E,,BARDSTOWN,RD,,,CEDARLOOK,,,,,38.146987134,-85.585852195,5.328,2/4/2020 12:00:00 AM,1545,2,2,0,0,RAINING,WET,False,OTHER INTERSECTION COLLISIONS,REAR END,STRAIGHT & LEVEL,DAYLIGHT,,,2/5/2020 8:11:23 AM,False,7486,Accepted,
26304403,0568000,LOUISVILLE METRO POLICE DEPT,Accepted,JEFFERSON,US0060A,,EASTERN,PKWY,,,ASH,,,,,38.222528976,-85.731373243,5.402,2/4/2020 12:00:00 AM,1508,3,3,0,1,RAINING,WET,False,OTHER INTERSECTION COLLISIONS,REAR END,STRAIGHT & LEVEL,DAYLIGHT,,,2/5/2020 8:15:03 AM,False,7322,Accepted,
26304420,0568000,LOUISVILLE METRO POLICE DEPT,Accepted,JEFFERSON,,,GARDINER,LN,,KY1703,NEWBURG,,,,,38.203201782,-85.690887511,0.001,2/4/2020 12:00:00 AM,2344,2,2,0,0,RAINING,WET,False,OTHER INTERSECTION COLLISIONS,REAR END,STRAIGHT & LEVEL,DARK-HWY LIGHTED/ON,,,2/5/2020 8:16:08 AM,False,5243,Accepted,
26304385,0568000,LOUISVILLE METRO POLICE DEPT,Accepted,JEFFERSON,,,FARNSLEY,RD,,KY1934,CANE RUN,,,,,38.202646738,-85.833066501,1.627,2/4/2020 12:00:00 AM,1311,2,2,0,0,CLEAR,WET,False,OTHER INTERSECTION COLLISIONS,REAR END,STRAIGHT & LEVEL,DAYLIGHT,,,2/5/2020 8:13:58 AM,False,5032,Accepted,
26304383,0568000,LOUISVILLE METRO POLICE DEPT,Accepted,JEFFERSON,,,DUTCHMANS,LN,,KY2048,CANNONS,,,,,38.225992613,-85.650515340,,2/4/2020 12:00:00 AM,1716,2,2,0,0,RAINING,WET,False,OTHER INTERSECTION COLLISIONS,REAR END,STRAIGHT & LEVEL,DUSK,,,2/5/2020 8:13:52 AM,False,7306,Accepted,
26304311,0568000,LOUISVILLE METRO POLICE DEPT,Accepted,JEFFERSON,US0042,,STORY,AVE,,,ADAMS,,,,,38.257356946,-85.724936369,0.452,2/4/2020 12:00:00 AM,0942,2,2,0,0,RAINING,WET,False,OTHER INTERSECTION COLLISIONS,REAR END,STRAIGHT & LEVEL,DAYLIGHT,,,2/5/2020 8:09:42 AM,False,7216,Accepted,
26304390,0568000,LOUISVILLE METRO POLICE DEPT,Accepted,JEFFERSON,US0060,,SHELBYVILLE,RD,,,LAKE FOREST,,,,,38.240586141,-85.493632440,12.573,2/4/2020 12:00:00 AM,1757,2,2,0,0,RAINING,WET,False,OTHER INTERSECTION COLLISIONS,REAR END,STRAIGHT & LEVEL,DARK-HWY NOT LIGHTED,,,2/5/2020 8:14:18 AM,False,6334,Accepted,
26304431,0568000,LOUISVILLE METRO POLICE DEPT,Accepted,JEFFERSON,US0031W,,DIXIE,HWY,,,LOWER HUNTERS,,,,,38.156238469,-85.834426872,12.450,2/4/2020 12:00:00 AM,2039,2,2,0,0,RAINING,WET,False,OTHER INTERSECTION COLLISIONS,REAR END,STRAIGHT & LEVEL,DARK (UNKNOWN ROADWAY LIGHTING),,,2/5/2020 8:16:50 AM,False,5048,Accepted,
26304422,0568000,LOUISVILLE METRO POLICE DEPT,Accepted,JEFFERSON,KY0061,,PRESTON,HWY,,KY6299,COMMERCE CROSSINGS,,,,,38.104403439,-85.673198067,1.477,2/4/2020 12:00:00 AM,0730,2,2,0,0,RAINING,WET,False,OTHER INTERSECTION COLLISIONS,REAR END,STRAIGHT & LEVEL,DAWN,,,2/5/2020 8:16:18 AM,False,5203,Accepted,
26331440,0568000,LOUISVILLE METRO POLICE DEPT,Accepted,JEFFERSON,,,FLOYD,ST,S,,BRECKINRIDGE,,,,,38.241016796,-85.750452179,1.020,2/4/2020 12:00:00 AM,1834,3,1,0,3,RAINING,WET,True,OTHER INTERSECTION COLLISIONS,REAR END,STRAIGHT & LEVEL,DARK-HWY LIGHTED/ON,,,2/11/2020 9:51:54 AM,False,7322,Accepted,
26309475,0568000,LOUISVILLE METRO POLICE DEPT,Accepted,JEFFERSON,,,MAGAZINE,ST,,,8TH,,,,,38.248414496,-85.764709923,0.088,2/4/2020 12:00:00 AM,1023,2,2,0,0,CLOUDY,DRY,False,SIDESWIPE-SAME DIRECTION,SIDESWIPE-SAME DIRECTION,STRAIGHT & LEVEL,DAYLIGHT,,,2/6/2020 8:16:15 AM,False,7937,Accepted,
26304303,0568000,LOUISVILLE METRO POLICE DEPT,Accepted,JEFFERSON,KY1631,,CRITTENDEN,DR,,,PARK,,,,,38.192295610,-85.750917420,0.303,2/4/2020 12:00:00 AM,0653,2,2,0,0,CLOUDY,WET,False,SIDESWIPE-SAME DIRECTION,SIDESWIPE-SAME DIRECTION,STRAIGHT & LEVEL,DARK-HWY LIGHTED/ON,,,2/5/2020 8:09:13 AM,False,7872,Accepted,
26299478,0568000,LOUISVILLE METRO POLICE DEPT,Accepted,JEFFERSON,US0031E,,BAXTER,AVE,,US0031E,MAIN,,,,,38.253851469,-85.732281831,16.723,2/4/2020 12:00:00 AM,0703,2,2,0,0,RAINING,WET,False,SIDESWIPE-SAME DIRECTION,SIDESWIPE-SAME DIRECTION,CURVE & LEVEL,DARK-HWY NOT LIGHTED,,,2/4/2020 8:08:16 AM,False,7325,Accepted,
26304402,0568000,LOUISVILLE METRO POLICE DEPT,Accepted,JEFFERSON,,,GLOBAL,DR,,KY1934,GREENBELT,,,,,38.139528749,-85.887587209,0.008,2/4/2020 12:00:00 AM,1631,2,2,0,0,CLOUDY,DRY,True,SIDESWIPE-SAME DIRECTION,SIDESWIPE-SAME DIRECTION,STRAIGHT & LEVEL,DAYLIGHT,,,2/5/2020 8:15:00 AM,False,2311,Accepted,
26304346,0568000,LOUISVILLE METRO POLICE DEPT,Accepted,JEFFERSON,I 0065,,I65 N,,,I 0065,I65 N EXIT131A RAMP TO I264 W,,,,,38.195073408,-85.733001282,131.122,2/4/2020 12:00:00 AM,0700,2,2,0,0,RAINING,WET,True,SIDESWIPE-SAME DIRECTION,SIDESWIPE-SAME DIRECTION,STRAIGHT & LEVEL,DAWN,,,2/5/2020 8:11:40 AM,False,7431,Accepted,
26304347,0568000,LOUISVILLE METRO POLICE DEPT,Accepted,JEFFERSON,I 0065,,I65 N,,,I 0065,I65 N EXIT130 OFF RAMP TO KY61,,,,,38.173471131,-85.720020388,129.405,2/4/2020 12:00:00 AM,1501,3,3,0,0,RAINING,WET,False,SIDESWIPE-SAME DIRECTION,SIDESWIPE-SAME DIRECTION,STRAIGHT & LEVEL,DAYLIGHT,,,2/5/2020 8:11:43 AM,False,7431,Accepted,
26299477,0568000,LOUISVILLE METRO POLICE DEPT,Accepted,JEFFERSON,,,MURPHY,LN,,KY1447,WESTPORT,,,,,38.302112475,-85.532537243,0.006,2/4/2020 12:00:00 AM,0556,2,2,0,0,CLOUDY,WET,False,SIDESWIPE-SAME DIRECTION,SIDESWIPE-SAME DIRECTION,STRAIGHT & LEVEL,DARK-HWY LIGHTED/ON,,,2/4/2020 8:08:13 AM,False,5155,Accepted,
26304381,0568000,LOUISVILLE METRO POLICE DEPT,Accepted,JEFFERSON,,,BARRET,AVE,,,CHRISTY,,,,,38.239655764,-85.730717047,0.692,2/4/2020 12:00:00 AM,0723,2,2,0,0,RAINING,WET,False,SIDESWIPE-SAME DIRECTION,SIDESWIPE-SAME DIRECTION,STRAIGHT & LEVEL,DAWN,,,2/5/2020 8:13:45 AM,False,7306,Accepted,
26304322,0568000,LOUISVILLE METRO POLICE DEPT,Accepted,JEFFERSON,US0060A,,TAYLOR,BLVD,,,WINKLER,,,,,38.210749886,-85.770593999,2.723,2/4/2020 12:00:00 AM,1016,1,1,0,0,RAINING,WET,False,OTHER INTERSECTION COLLISIONS,SINGLE VEHICLE,CURVE & HILLCREST,DAYLIGHT,,,2/5/2020 8:10:20 AM,False,7872,Accepted,
26304324,0568000,LOUISVILLE METRO POLICE DEPT,Accepted,JEFFERSON,KY1747,,HURSTBOURNE,PKWY,S,,STONY BROOK,,,,,38.171090029,-85.604339860,7.633,2/4/2020 12:00:00 AM,0643,2,2,0,0,RAINING,WET,False,OTHER INTERSECTION COLLISIONS,REAR END,STRAIGHT & GRADE,DARK-HWY NOT LIGHTED,,,2/5/2020 8:10:28 AM,False,2017,Accepted,
26304426,0568000,LOUISVILLE METRO POLICE DEPT,Accepted,JEFFERSON,,3512,FINCASTLE,RD,,,,,,,,38.207493944,-85.715680384,0.042,2/4/2020 12:00:00 AM,1849,2,2,0,0,RAINING,WET,False,1 VEHICLE PARKED POSITION (NOT PARKING LOT/DRIVEWAY),SIDESWIPE-SAME DIRECTION,STRAIGHT & LEVEL,DARK-HWY LIGHTED/ON,,,2/5/2020 8:16:33 AM,False,5189,Accepted,
26304338,0568000,LOUISVILLE METRO POLICE DEPT,Accepted,JEFFERSON,,600,MERIWETHER,AVE,,,,,,,,38.228379345,-85.742576219,0.039,2/4/2020 12:00:00 AM,1353,2,2,0,0,RAINING,WET,True,1 VEHICLE PARKED POSITION (NOT PARKING LOT/DRIVEWAY),SIDESWIPE-SAME DIRECTION,STRAIGHT & LEVEL,DAYLIGHT,,,2/5/2020 8:11:13 AM,False,5027,Accepted,
26304404,0568000,LOUISVILLE METRO POLICE DEPT,Accepted,JEFFERSON,,1130,SCHILLER,AVE,,,,,,,,38.233551191,-85.730952376,0.441,2/4/2020 12:00:00 AM,1100,2,2,0,0,RAINING,WET,True,1 VEHICLE PARKED POSITION (NOT PARKING LOT/DRIVEWAY),SIDESWIPE-SAME DIRECTION,STRAIGHT & LEVEL,DAYLIGHT,,,2/5/2020 8:15:07 AM,False,7407,Accepted,
26299473,0568000,LOUISVILLE METRO POLICE DEPT,Accepted,JEFFERSON,,3027,GREENWOOD,AVE,,,,,,,,38.242640182,-85.803684104,1.004,2/4/2020 12:00:00 AM,0300,3,3,0,0,CLEAR,DRY,True,1 VEHICLE PARKED POSITION (NOT PARKING LOT/DRIVEWAY),REAR END,STRAIGHT & LEVEL,DARK-HWY LIGHTED/ON,,,2/4/2020 8:07:58 AM,False,5256,Accepted,
26304413,0568000,LOUISVILLE METRO POLICE DEPT,Accepted,JEFFERSON,,3721,BONAVENTURE,BLVD,,,,,,,,38.122585254,-85.692934709,0.192,2/4/2020 12:00:00 AM,2148,2,2,0,0,RAINING,WET,False,1 VEHICLE PARKED POSITION (NOT PARKING LOT/DRIVEWAY),ANGLE,STRAIGHT & LEVEL,DARK-HWY LIGHTED/ON,,,2/5/2020 8:15:54 AM,False,5040,Accepted,
26304366,0568000,LOUISVILLE METRO POLICE DEPT,Accepted,JEFFERSON,,124,43RD,ST,N,,,,,,,38.266256066,-85.818279491,0.388,2/4/2020 12:00:00 AM,1121,1,1,0,0,RAINING,WET,True,1 VEHICLE PARKED POSITION (NOT PARKING LOT/DRIVEWAY),SINGLE VEHICLE,STRAIGHT & LEVEL,DAYLIGHT,,,2/5/2020 8:13:00 AM,False,5290,Accepted,
26304358,0568000,LOUISVILLE METRO POLICE DEPT,Accepted,JEFFERSON,,13812,MEDORA,RD,,,,,,,,38.061505640,-85.868729910,0.408,2/4/2020 12:00:00 AM,1429,1,1,0,0,RAINING,WET,True,COLLISION WITH FIXED OBJECT NON - INTERSECTION - FIRST EVENT COLLISION 09 - 32 EXCLUDING 16,SINGLE VEHICLE,STRAIGHT & LEVEL,DAYLIGHT,,,2/5/2020 8:12:39 AM,False,7234,Accepted,
26299476,0568000,LOUISVILLE METRO POLICE DEPT,Accepted,JEFFERSON,I 0065,,I65 N,,,,,,,,,38.209134429,-85.752597677,132.689,2/4/2020 12:00:00 AM,0343,1,1,0,0,RAINING,WET,False,COLLISION WITH FIXED OBJECT NON - INTERSECTION - FIRST EVENT COLLISION 09 - 32 EXCLUDING 16,SINGLE VEHICLE,CURVE & LEVEL,DUSK,,,2/4/2020 8:08:09 AM,False,7291,Accepted,
26304323,0568000,LOUISVILLE METRO POLICE DEPT,Accepted,JEFFERSON,,,8TH,ST,S,,,,LIBERTY,,JEFFERSON,38.254020832,-85.763719662,0.231,2/4/2020 12:00:00 AM,0904,2,2,0,0,CLOUDY,WET,False,1 VEHICLE ENTERING/LEAVING ENTRANCE,ANGLE,STRAIGHT & LEVEL,DAYLIGHT,,,2/5/2020 8:10:25 AM,False,5187,Accepted,
26304397,0568000,LOUISVILLE METRO POLICE DEPT,Accepted,JEFFERSON,,,RAINTREE,DR,,,,,RAINVIEW,,SILVER SPRINGS DR CONN,38.199919329,-85.609701923,0.413,2/4/2020 12:00:00 AM,1531,2,2,0,0,RAINING,WET,True,1 VEHICLE ENTERING/LEAVING ENTRANCE,ANGLE,STRAIGHT & LEVEL,DAYLIGHT,,,2/5/2020 8:14:47 AM,False,5247,Accepted,
26304356,0568000,LOUISVILLE METRO POLICE DEPT,Accepted,JEFFERSON,US0031W,10610,DIXIE,HWY,,,,,,,,38.099769511,-85.871456797,8.033,2/4/2020 12:00:00 AM,1426,2,2,0,0,RAINING,WET,False,1 VEHICLE ENTERING/LEAVING ENTRANCE,ANGLE,STRAIGHT & LEVEL,DAYLIGHT,,,2/5/2020 8:12:31 AM,False,7234,Accepted,
26304345,0568000,LOUISVILLE METRO POLICE DEPT,Accepted,JEFFERSON,,,ZORN,AVE,,,,,,,,38.274161759,-85.696599312,1.521,2/4/2020 12:00:00 AM,1645,2,2,0,0,RAINING,WATER (STANDING OR MOVING),False,1 VEHICLE ENTERING/LEAVING ENTRANCE,ANGLE,STRAIGHT & LEVEL,DAYLIGHT,,,2/5/2020 8:11:37 AM,False,7023,Accepted,
26309466,0568000,LOUISVILLE METRO POLICE DEPT,Accepted,JEFFERSON,US0031E,,BARDSTOWN,RD,,,,,,,,38.145085506,-85.584847440,5.181,2/4/2020 12:00:00 AM,1512,2,2,0,0,RAINING,WET,False,1 VEHICLE ENTERING/LEAVING ENTRANCE,ANGLE,STRAIGHT & LEVEL,DAYLIGHT,,,2/6/2020 8:15:37 AM,False,4693,Accepted,
26304360,0568000,LOUISVILLE METRO POLICE DEPT,Accepted,JEFFERSON,KY1450,,BLUE LICK,RD,,,,,,,,38.102723293,-85.693546033,1.204,2/4/2020 12:00:00 AM,1056,2,2,0,0,RAINING,WET,False,SIDESWIPE COLLISION - OPPOSITE DIRECTION,SIDESWIPE-OPPOSITE DIRECTION,CURVE & LEVEL,DAYLIGHT,,,2/5/2020 8:12:47 AM,False,4693,Accepted,
26304348,0568000,LOUISVILLE METRO POLICE DEPT,Accepted,JEFFERSON,,,INDIAN,TRL,E,,,,FOREST,,TUPELO,38.170472430,-85.689791044,0.930,2/4/2020 12:00:00 AM,1630,2,2,0,0,RAINING,WET,False,OTHER ROADWAY OR MID-BLOCK COLLISION,REAR END,STRAIGHT & LEVEL,DAYLIGHT,,,2/5/2020 8:11:47 AM,False,7431,Accepted,
26304337,0568000,LOUISVILLE METRO POLICE DEPT,Accepted,JEFFERSON,KY0061,5001,PRESTON,HWY,,,,,,,,38.175190651,-85.713257833,6.926,2/4/2020 12:00:00 AM,1113,2,2,0,0,RAINING,WET,False,OTHER ROADWAY OR MID-BLOCK COLLISION,OPPOSING LEFT TURN,STRAIGHT & LEVEL,DAYLIGHT,,,2/5/2020 8:11:09 AM,False,5027,Accepted,
26304379,0568000,LOUISVILLE METRO POLICE DEPT,Accepted,JEFFERSON,KY1703,,NEWBURG,RD,,,,,BELLARMINE,,RICHMOND,38.217268517,-85.708177387,3.872,2/4/2020 12:00:00 AM,0734,2,2,0,0,RAINING,WET,False,OTHER ROADWAY OR MID-BLOCK COLLISION,REAR END,STRAIGHT & GRADE,DAYLIGHT,,,2/5/2020 8:13:38 AM,False,7960,Accepted,
26309524,0568000,LOUISVILLE METRO POLICE DEPT,Accepted,JEFFERSON,I 0065,,I65 N,,,,,,,,,38.122971184,-85.702287624,125.714,2/4/2020 12:00:00 AM,0919,1,1,0,2,RAINING,WET,False,OTHER ROADWAY OR MID-BLOCK COLLISION,SINGLE VEHICLE,STRAIGHT & LEVEL,DAYLIGHT,,,2/6/2020 8:20:45 AM,False,4656,Accepted,
26304312,0568000,LOUISVILLE METRO POLICE DEPT,Accepted,JEFFERSON,,6313,RIVER,RD,,,,,,,,38.327514619,-85.639293171,4.654,2/4/2020 12:00:00 AM,0737,2,2,0,0,RAINING,WET,False,VEHICLE BACKING NON INTERSECTION,BACKING,STRAIGHT & LEVEL,DAWN,,,2/5/2020 8:09:45 AM,False,2489,Accepted,
26304301,0568000,LOUISVILLE METRO POLICE DEPT,Accepted,JEFFERSON,US0042,,STORY,AVE,,,,,,,,38.257475806,-85.724578184,0.478,2/4/2020 12:00:00 AM,0808,2,2,0,0,RAINING,WET,False,REAR END IN TRAFFIC LANES BOTH VEHICLES MOVING,REAR END,STRAIGHT & LEVEL,DAYLIGHT,,,2/5/2020 8:09:06 AM,False,7216,Accepted,
26304309,0568000,LOUISVILLE METRO POLICE DEPT,Accepted,JEFFERSON,I 0064,,I64 E,,,,,I 0265,I265 S,I 0064,I265 S EXIT25A RAMP TO I64 E,38.222636451,-85.505896570,18.954,2/4/2020 12:00:00 AM,0851,2,2,0,0,RAINING,WET,False,REAR END IN TRAFFIC LANES BOTH VEHICLES MOVING,REAR END,STRAIGHT & LEVEL,DAYLIGHT,,,2/5/2020 8:09:35 AM,False,6334,Accepted,