IncidentID,AgencyORI,AgencyName,IncidentStatusDesc,County,RdwyNumber,Street,RoadwayName,StreetSfx,StreetDir,IntersectionRdwy,IntersectionRdwyName,BetweenStRdwy1,BetweenStRdwyName1,BetweenStRdwy2,BetweenStRdwyName2,Latitude,Longitude,Milepoint,CollisionDate,CollisionTime,UnitsInvolved,MotorVehiclesInvolved,NumberKilled,NumberInjured,Weather,RdwyConditionCode,HitandRun,DirAnalysisCode,MannerofCollision,RdwyCharacter,LightCondition,RampFromRdwyId,RampToRdwyId,AcceptedDate,IsSecondaryCollision,OwnerBadge,IncidentStatus,
26302890,0563800,NORTHFIELD POLICE DEPARTMENT,Accepted,JEFFERSON,I 0264,,I264 E,,,,,,,,,38.274693663,-85.631065633,21.646,2/4/2020 12:00:00 AM,0745,2,2,0,0,RAINING,WET,False,REAR END IN TRAFFIC LANES BOTH VEHICLES MOVING,REAR END,STRAIGHT & LEVEL,DAYLIGHT,,,2/4/2020 9:13:50 PM,False,1375,Accepted,
26314415,0568000,LOUISVILLE METRO POLICE DEPT,Accepted,JEFFERSON,I 0264,,I264 W,,,,,,,,,38.195645211,-85.707650166,13.376,2/4/2020 12:00:00 AM,1656,2,2,0,0,RAINING,WET,False,REAR END IN TRAFFIC LANES BOTH VEHICLES MOVING,REAR END,STRAIGHT & LEVEL,DAYLIGHT,,,2/7/2020 8:12:24 AM,False,7628,Accepted,
26304370,0568000,LOUISVILLE METRO POLICE DEPT,Accepted,JEFFERSON,KY1447,,WESTPORT,RD,,,,,,,,38.298728031,-85.543645891,6.938,2/4/2020 12:00:00 AM,1629,2,2,0,0,RAINING,WET,False,REAR END IN TRAFFIC LANES BOTH VEHICLES MOVING,REAR END,STRAIGHT & LEVEL,DAYLIGHT,,,2/5/2020 8:13:07 AM,False,2489,Accepted,
26304378,0568000,LOUISVILLE METRO POLICE DEPT,Accepted,JEFFERSON,KY1447,,WESTPORT,RD,,,,,,,,38.280915780,-85.589015004,4.201,2/4/2020 12:00:00 AM,0715,5,5,0,0,RAINING,WET,False,REAR END IN TRAFFIC LANES BOTH VEHICLES MOVING,REAR END,STRAIGHT & LEVEL,DARK (UNKNOWN ROADWAY LIGHTING),,,2/5/2020 8:13:34 AM,False,7839,Accepted,
26304395,0568000,LOUISVILLE METRO POLICE DEPT,Accepted,JEFFERSON,KY0155,,TAYLORSVILLE,RD,,,,KY1932,BRECKENRIDGE,,MELBOURNE,38.220234221,-85.631104623,13.621,2/4/2020 12:00:00 AM,0808,2,2,0,0,RAINING,WET,False,REAR END IN TRAFFIC LANES BOTH VEHICLES MOVING,REAR END,STRAIGHT & LEVEL,DAYLIGHT,,,2/5/2020 8:14:39 AM,False,5247,Accepted,
26304359,0568000,LOUISVILLE METRO POLICE DEPT,Accepted,JEFFERSON,KY0061,,PRESTON,HWY,,,,,,,,38.092906794,-85.669304021,0.655,2/4/2020 12:00:00 AM,1000,2,2,0,0,RAINING,WET,False,REAR END IN TRAFFIC LANES BOTH VEHICLES MOVING,REAR END,STRAIGHT & LEVEL,DAYLIGHT,,,2/5/2020 8:12:42 AM,False,4693,Accepted,
26304361,0568000,LOUISVILLE METRO POLICE DEPT,Accepted,JEFFERSON,KY0061,,PRESTON,HWY,,,,,,,,38.113863936,-85.675955148,2.120,2/4/2020 12:00:00 AM,1141,2,2,0,1,RAINING,WET,False,REAR END IN TRAFFIC LANES BOTH VEHICLES MOVING,REAR END,STRAIGHT & LEVEL,DAYLIGHT,,,2/5/2020 8:12:50 AM,False,4693,Accepted,
26304393,0568000,LOUISVILLE METRO POLICE DEPT,Accepted,JEFFERSON,KY0155,,TAYLORSVILLE,RD,,,,,OLD TAYLORSVILLE,,OLD TAYLORSVILLE,38.190267964,-85.498180804,5.466,2/4/2020 12:00:00 AM,1718,3,3,0,0,RAINING,WET,False,REAR END IN TRAFFIC LANES BOTH VEHICLES MOVING,REAR END,STRAIGHT & HILLCREST,DUSK,,,2/5/2020 8:14:30 AM,False,7278,Accepted,
26304396,0568000,LOUISVILLE METRO POLICE DEPT,Accepted,JEFFERSON,KY1747,,HURSTBOURNE,PKWY,S,,,KY0155,TAYLORSVILLE,KY0155,TAYLORSVILLE,38.215771390,-85.590923585,11.045,2/4/2020 12:00:00 AM,1306,2,2,0,1,RAINING,WET,False,REAR END IN TRAFFIC LANES BOTH VEHICLES MOVING,REAR END,STRAIGHT & LEVEL,DAYLIGHT,,,2/5/2020 8:14:42 AM,False,5247,Accepted,
26304351,0568000,LOUISVILLE METRO POLICE DEPT,Accepted,JEFFERSON,KY1447,,WESTPORT,RD,,,,,,,,38.297776234,-85.547267373,6.735,2/4/2020 12:00:00 AM,1600,2,2,0,0,RAINING,WET,False,REAR END IN TRAFFIC LANES BOTH VEHICLES MOVING,REAR END,STRAIGHT & LEVEL,DAYLIGHT,,,2/5/2020 8:11:58 AM,False,2489,Accepted,
26304352,0568000,LOUISVILLE METRO POLICE DEPT,Accepted,JEFFERSON,US0031E,3340,BARDSTOWN,RD,,,,,,,,38.206383050,-85.667437016,11.624,2/4/2020 12:00:00 AM,1625,2,2,0,0,RAINING,WET,False,REAR END IN TRAFFIC LANES BOTH VEHICLES MOVING,REAR END,STRAIGHT & LEVEL,DAYLIGHT,,,2/5/2020 8:12:04 AM,False,7448,Accepted,
26304343,0568000,LOUISVILLE METRO POLICE DEPT,Accepted,JEFFERSON,KY1065,102,OUTER,LOOP,,,,,,,,38.127405846,-85.793582213,0.065,2/4/2020 12:00:00 AM,1626,2,2,0,0,RAINING,WET,False,REAR END IN TRAFFIC LANES BOTH VEHICLES MOVING,REAR END,STRAIGHT & LEVEL,DAYLIGHT,,,2/5/2020 8:11:30 AM,False,7496,Accepted,
26304387,0568000,LOUISVILLE METRO POLICE DEPT,Accepted,JEFFERSON,I 0071,,I71 S,,,,,I 0071,I71 S EXIT2 ON RAMP FROM  ZORN AVE,I 0064,I64 S EXIT1A RAMP TO I64 W,38.262671035,-85.722497585,0.148,2/4/2020 12:00:00 AM,0805,2,2,0,0,RAINING,WET,False,REAR END IN TRAFFIC LANES BOTH VEHICLES MOVING,REAR END,STRAIGHT & LEVEL,DAYLIGHT,,,2/5/2020 8:14:04 AM,False,6360,Accepted,
26304407,0568000,LOUISVILLE METRO POLICE DEPT,Accepted,JEFFERSON,KY1631,,CRITTENDEN,DR,,,,,,,,38.194286061,-85.750920113,0.439,2/4/2020 12:00:00 AM,1928,2,2,0,1,RAINING,WET,False,REAR END IN TRAFFIC LANES BOTH VEHICLES MOVING,REAR END,STRAIGHT & LEVEL,DARK-HWY LIGHTED/ON,,,2/5/2020 8:15:26 AM,False,5252,Accepted,
26304432,0568000,LOUISVILLE METRO POLICE DEPT,Accepted,JEFFERSON,KY1934,4401,CANE RUN,RD,,,,,,,,38.198986585,-85.838152627,9.137,2/4/2020 12:00:00 AM,1912,2,2,0,1,RAINING,WET,True,REAR END IN TRAFFIC LANES BOTH VEHICLES MOVING,REAR END,STRAIGHT & LEVEL,DARK-HWY LIGHTED/ON,,,2/5/2020 8:16:53 AM,False,5164,Accepted,
26304354,0568000,LOUISVILLE METRO POLICE DEPT,Accepted,JEFFERSON,,,TERRY,RD,,,,,,,,38.178114148,-85.861749721,0.016,2/4/2020 12:00:00 AM,1054,2,2,0,0,RAINING,WET,False,REAR END IN TRAFFIC LANES BOTH VEHICLES MOVING,REAR END,CURVE & LEVEL,DAYLIGHT,,,2/5/2020 8:12:18 AM,False,7234,Accepted,
26304362,0568000,LOUISVILLE METRO POLICE DEPT,Accepted,JEFFERSON,,,ANTLE,DR,,,,,,,,38.087506711,-85.667449080,0.166,2/4/2020 12:00:00 AM,1342,2,2,0,0,RAINING,WET,False,REAR END IN TRAFFIC LANES BOTH VEHICLES MOVING,REAR END,STRAIGHT & LEVEL,DAYLIGHT,,,2/5/2020 8:12:53 AM,False,4693,Accepted,
26304371,0568000,LOUISVILLE METRO POLICE DEPT,Accepted,JEFFERSON,I 0065,,I65 N,,,,,I 0065,I65 N EXIT128 ON RAMP FROM KY1631,I 0065,I65 N EXIT130 OFF RAMP TO KY61,38.161893398,-85.720500999,128.604,2/4/2020 12:00:00 AM,1623,2,2,0,0,CLOUDY,WET,False,REAR END IN TRAFFIC LANES BOTH VEHICLES MOVING,REAR END,STRAIGHT & LEVEL,DAYLIGHT,,,2/5/2020 8:13:10 AM,False,7451,Accepted,
26304330,0568000,LOUISVILLE METRO POLICE DEPT,Accepted,JEFFERSON,I 0065,,I65 N,,,,,,,,,38.204262236,-85.739989184,131.890,2/4/2020 12:00:00 AM,0812,2,2,0,0,RAINING,WET,False,REAR END IN TRAFFIC LANES BOTH VEHICLES MOVING,REAR END,CURVE & GRADE,DAYLIGHT,,,2/5/2020 8:10:48 AM,False,7720,Accepted,
26304382,0568000,LOUISVILLE METRO POLICE DEPT,Accepted,JEFFERSON,I 0264,,I264 E,,,,,,,,,38.201888573,-85.688657810,14.518,2/4/2020 12:00:00 AM,0905,2,2,0,0,RAINING,WET,False,SIDESWIPE COLLISION - SAME DIRECTION,SIDESWIPE-SAME DIRECTION,STRAIGHT & LEVEL,DAYLIGHT,,,2/5/2020 8:13:48 AM,False,7306,Accepted,
26304412,0568000,LOUISVILLE METRO POLICE DEPT,Accepted,JEFFERSON,KY1934,,CANE RUN,RD,,,,I 0264,I264 W EXIT5 ON RAMP FROM KY1934 N,I 0264,I264 W EXIT5 ON RAMP FROM KY1934 N,38.206437001,-85.828110998,9.883,2/4/2020 12:00:00 AM,1945,2,2,0,0,RAINING,WET,False,SIDESWIPE COLLISION - SAME DIRECTION,SIDESWIPE-SAME DIRECTION,STRAIGHT & LEVEL,DARK-HWY LIGHTED/ON,,,2/5/2020 8:15:51 AM,False,2877,Accepted,
26304368,0568000,LOUISVILLE METRO POLICE DEPT,Accepted,JEFFERSON,I 0064,,I64 W,,,,,,,,,38.277027411,-85.820403234,0.291,2/4/2020 12:00:00 AM,1648,2,2,0,0,RAINING,WET,False,SIDESWIPE COLLISION - SAME DIRECTION,SIDESWIPE-SAME DIRECTION,STRAIGHT & LEVEL,DAYLIGHT,,,2/5/2020 8:13:04 AM,False,5290,Accepted,
26304344,0568000,LOUISVILLE METRO POLICE DEPT,Accepted,JEFFERSON,I 0064,,I64 E,,,,,,,,,38.260427496,-85.725863574,6.361,2/4/2020 12:00:00 AM,1630,2,2,0,0,RAINING,WET,False,SIDESWIPE COLLISION - SAME DIRECTION,SIDESWIPE-SAME DIRECTION,CURVE & GRADE,DAYLIGHT,,,2/5/2020 8:11:33 AM,False,7216,Accepted,
26304313,0568000,LOUISVILLE METRO POLICE DEPT,Accepted,JEFFERSON,I 0064,,I64 E EXIT12 TRANSIT,,,,,,,,,38.235743751,-85.617113107,0.304,2/4/2020 12:00:00 AM,0958,2,2,0,0,RAINING,WET,True,SIDESWIPE COLLISION - SAME DIRECTION,SIDESWIPE-SAME DIRECTION,CURVE & LEVEL,DAYLIGHT,,,2/5/2020 8:09:48 AM,False,4903,Accepted,
26304380,0568000,LOUISVILLE METRO POLICE DEPT,Accepted,JEFFERSON,I 0064,,I64 W,,,,,I 0064,I64 W EXIT8 ON RAMP FROM  GRINSTEAD DR,I 0064,I64 W EXIT8 OFF RAMP TO  GRINSTEAD DR,38.247275503,-85.700277926,7.817,2/4/2020 12:00:00 AM,1448,2,2,0,1,RAINING,WET,False,SIDESWIPE COLLISION - SAME DIRECTION,SIDESWIPE-SAME DIRECTION,CURVE & LEVEL,DAYLIGHT,,,2/5/2020 8:13:41 AM,False,7960,Accepted,
26325566,0568000,LOUISVILLE METRO POLICE DEPT,Accepted,JEFFERSON,I 0264,,I264 W,,,,,,,,,38.198185107,-85.703924025,13.644,2/4/2020 12:00:00 AM,1614,2,2,0,0,RAINING,WET,False,SIDESWIPE COLLISION - SAME DIRECTION,SIDESWIPE-SAME DIRECTION,CURVE & GRADE,DAYLIGHT,,,2/10/2020 8:28:02 AM,False,8278,Accepted,
26342009,0568000,LOUISVILLE METRO POLICE DEPT,Accepted,JEFFERSON,I 0064,,I64 W,,,,,,,,,38.223733264,-85.532966898,17.376,2/4/2020 12:00:00 AM,2015,2,2,0,0,RAINING,WET,True,SIDESWIPE COLLISION - SAME DIRECTION,SIDESWIPE-SAME DIRECTION,STRAIGHT & LEVEL,DARK-HWY LIGHTED/ON,,,2/13/2020 8:36:41 AM,False,7475,Accepted,
26325509,0568000,LOUISVILLE METRO POLICE DEPT,Accepted,JEFFERSON,,,INDIAN LAKE,DR,,,,,,,,38.296179634,-85.553270128,,2/4/2020 12:00:00 AM,1921,3,3,0,0,RAINING,WET,False,REAR END IN TRAFFIC LANES BOTH VEHICLES MOVING,REAR END,STRAIGHT & LEVEL,DUSK,,,2/10/2020 8:25:10 AM,False,5030,Accepted,
26309465,0568000,LOUISVILLE METRO POLICE DEPT,Accepted,JEFFERSON,I 0065,,I65 S,,,,,,,,,38.133600532,-85.705079527,126.469,2/4/2020 12:00:00 AM,1448,2,2,0,0,RAINING,WET,False,REAR END IN TRAFFIC LANES BOTH VEHICLES MOVING,REAR END,STRAIGHT & LEVEL,DAYLIGHT,,,2/6/2020 8:15:25 AM,False,4693,Accepted,
26325521,0568000,LOUISVILLE METRO POLICE DEPT,Accepted,JEFFERSON,I 0065,,I65 N,,,,,,,,,38.242831546,-85.752695666,135.058,2/4/2020 12:00:00 AM,0730,2,2,0,1,RAINING,WET,False,REAR END IN TRAFFIC LANES BOTH VEHICLES MOVING,REAR END,STRAIGHT & LEVEL,DAYLIGHT,,,2/10/2020 8:25:42 AM,False,5135,Accepted,
26309467,0568000,LOUISVILLE METRO POLICE DEPT,Accepted,JEFFERSON,KY1747,,HURSTBOURNE,PKWY,,,,,,,,38.168769024,-85.605161970,7.474,2/4/2020 12:00:00 AM,1459,3,3,0,0,RAINING,WET,False,REAR END IN TRAFFIC LANES BOTH VEHICLES MOVING,REAR END,STRAIGHT & LEVEL,DAYLIGHT,,,2/6/2020 8:15:49 AM,False,4693,Accepted,
26309473,0568000,LOUISVILLE METRO POLICE DEPT,Accepted,JEFFERSON,US0031E,,BARDSTOWN,RD,,,,,,,,38.156969515,-85.590655603,6.052,2/4/2020 12:00:00 AM,1648,3,3,0,0,RAINING,WET,False,REAR END IN TRAFFIC LANES BOTH VEHICLES MOVING,REAR END,STRAIGHT & LEVEL,DAYLIGHT,,,2/6/2020 8:16:08 AM,False,4693,Accepted,
26304434,0568000,LOUISVILLE METRO POLICE DEPT,Accepted,JEFFERSON,KY1932,3030,BRECKENRIDGE,LN,,,,,,,,38.217063869,-85.627688200,2.604,2/4/2020 12:00:00 AM,1951,2,2,0,2,RAINING,WET,False,REAR END IN TRAFFIC LANES BOTH VEHICLES MOVING,REAR END,STRAIGHT & LEVEL,DARK-HWY LIGHTED/ON,,,2/5/2020 8:17:00 AM,False,5028,Accepted,
26310108,0568000,LOUISVILLE METRO POLICE DEPT,Accepted,JEFFERSON,I 0071,,I71 S,,,,,,,,,38.299522189,-85.619618975,6.725,2/4/2020 12:00:00 AM,0702,1,1,0,0,RAINING,WET,False,OTHER COLLISIONS ON SHOULDER,SINGLE VEHICLE,STRAIGHT & LEVEL,DARK-HWY NOT LIGHTED,,,2/6/2020 10:04:57 AM,False,4903,Accepted,
26310126,0568000,LOUISVILLE METRO POLICE DEPT,Accepted,JEFFERSON,I 0264,,I264 E,,,,,,,,,38.224703850,-85.643647467,17.443,2/4/2020 12:00:00 AM,0818,2,1,0,0,RAINING,WET,False,REAR END IN TRAFFIC LANES BOTH VEHICLES MOVING,REAR END,STRAIGHT & LEVEL,DAYLIGHT,,,2/6/2020 10:08:44 AM,False,4903,Accepted,
26304376,0568000,LOUISVILLE METRO POLICE DEPT,Accepted,JEFFERSON,US0060A,1155,EASTERN,PKWY,,,,,,,,38.225008273,-85.727891803,5.794,2/4/2020 12:00:00 AM,0735,2,2,0,2,RAINING,WET,False,HEAD-ON COLLISION,HEAD ON,CURVE & GRADE,DAYLIGHT,,,2/5/2020 8:13:27 AM,False,6148,Accepted,
26304326,0568000,LOUISVILLE METRO POLICE DEPT,Accepted,JEFFERSON,,,MINOR,LN,,,,,ZIB,KY6162,MINOR,38.133636510,-85.709633384,0.106,2/4/2020 12:00:00 AM,0826,2,2,0,0,RAINING,WET,True,OTHER ROADWAY OR MID-BLOCK COLLISION,REAR END,STRAIGHT & LEVEL,DAYLIGHT,,,2/5/2020 8:10:35 AM,False,2017,Accepted,
26304327,0568000,LOUISVILLE METRO POLICE DEPT,Accepted,JEFFERSON,I 0065,,I65 N,,,,,I 0065,I65 N EXIT128 OFF RAMP TO KY1631,I 0065,I65 N EXIT128 TRANSIT,38.149926147,-85.713555549,127.696,2/4/2020 12:00:00 AM,0854,2,2,0,3,RAINING,WET,False,OTHER ROADWAY OR MID-BLOCK COLLISION,REAR END,STRAIGHT & LEVEL,DAYLIGHT,,,2/5/2020 8:10:38 AM,False,2017,Accepted,
26304391,0568000,LOUISVILLE METRO POLICE DEPT,Accepted,JEFFERSON,KY1865,5601,NEW CUT,RD,,,,,,,,38.141797343,-85.774388808,2.389,2/4/2020 12:00:00 AM,1608,2,2,0,0,RAINING,WET,False,OTHER ROADWAY OR MID-BLOCK COLLISION,REAR END,STRAIGHT & HILLCREST,DAYLIGHT,,,2/5/2020 8:14:22 AM,False,7483,Accepted,
26304400,0568000,LOUISVILLE METRO POLICE DEPT,Accepted,JEFFERSON,I 0071,,I71 S,,,,,,,,,38.311059574,-85.589816001,8.580,2/4/2020 12:00:00 AM,1649,3,3,0,0,,WET,True,OTHER ROADWAY OR MID-BLOCK COLLISION,REAR TO REAR,,DAYLIGHT,,,2/5/2020 8:14:54 AM,False,7355,Accepted,
26304401,0568000,LOUISVILLE METRO POLICE DEPT,Accepted,JEFFERSON,,8010,WATTERSON,TRL,,,,,,,,38.181176454,-85.622398067,0.201,2/4/2020 12:00:00 AM,1237,1,1,0,0,RAINING,WET,True,OTHER ROADWAY OR MID-BLOCK COLLISION,SINGLE VEHICLE,CURVE & LEVEL,DAYLIGHT,,,2/5/2020 8:14:57 AM,False,7294,Accepted,
26304377,0568000,LOUISVILLE METRO POLICE DEPT,Accepted,JEFFERSON,I 0264,,I264 W,,,,,I 0264,I264 W EXIT16 ON RAMP FROM US31E,I 0264,I264 W EXIT15A OFF RAMP TO KY1703 N,38.206285520,-85.679303711,15.116,2/4/2020 12:00:00 AM,1747,2,2,0,0,CLOUDY,WET,False,OTHER ROADWAY OR MID-BLOCK COLLISION,REAR TO REAR,STRAIGHT & LEVEL,DARK-HWY LIGHTED/OFF,,,2/5/2020 8:13:30 AM,False,5250,Accepted,
26309611,0560300,ST. MATTHEWS POLICE DEPARTMENT,Accepted,JEFFERSON,US0060,4600,SHELBYVILLE,RD,,,,,,,,38.250283371,-85.623903262,5.307,2/4/2020 12:00:00 AM,1941,1,1,0,0,RAINING,WET,True,OTHER ROADWAY OR MID-BLOCK COLLISION,SINGLE VEHICLE,,DARK-HWY LIGHTED/ON,,,2/6/2020 8:33:58 AM,False,9170,Accepted,
26304318,0568000,LOUISVILLE METRO POLICE DEPT,Accepted,JEFFERSON,,,HIKES,LN,,,,KY2251,BARDSTOWN,US0031E,BUECHEL,38.198549481,-85.660870942,0.806,2/4/2020 12:00:00 AM,0830,2,2,0,0,RAINING,WET,False,OTHER ROADWAY OR MID-BLOCK COLLISION,REAR END,STRAIGHT & LEVEL,DAYLIGHT,,,2/5/2020 8:10:03 AM,False,7497,Accepted,
26431301,0568000,LOUISVILLE METRO POLICE DEPT,Accepted,JEFFERSON,US0031W,6731,DIXIE,HWY,,,,,,,,38.150764493,-85.836980001,12.116,2/4/2020 12:00:00 AM,1813,2,2,0,0,RAINING,WET,False,OTHER ROADWAY OR MID-BLOCK COLLISION,REAR END,STRAIGHT & LEVEL,DARK-HWY LIGHTED/ON,,,2/27/2020 8:09:04 AM,False,7817,Accepted,
26325563,0568000,LOUISVILLE METRO POLICE DEPT,Accepted,JEFFERSON,I 0065,,,,,,,,,,,38.246757346,-85.751921588,0.107,2/4/2020 12:00:00 AM,1343,3,3,0,0,RAINING,WET,False,OTHER RAMP RELATED COLLISIONS NOT LISTED ABOVE,REAR END,STRAIGHT & GRADE,DAYLIGHT,I 0065,S BROOK ST,2/10/2020 8:27:56 AM,False,8278,Accepted,
26304425,0568000,LOUISVILLE METRO POLICE DEPT,Accepted,JEFFERSON,I 0065,,,,,,,,,,,38.160424178,-85.721510797,0.286,2/4/2020 12:00:00 AM,2247,2,2,0,0,RAINING,WATER (STANDING OR MOVING),False,OTHER RAMP RELATED COLLISIONS NOT LISTED ABOVE,REAR END,STRAIGHT & LEVEL,DARK-HWY LIGHTED/ON,I 0065,KY1631,2/5/2020 8:16:30 AM,False,5165,Accepted,
26304388,0568000,LOUISVILLE METRO POLICE DEPT,Accepted,JEFFERSON,I 0064,,,,,,,,,,,38.257291607,-85.741386950,0.002,2/4/2020 12:00:00 AM,1240,1,1,0,0,RAINING,WET,False,COLLISION WITH FIXED OBJECT IN GORE,SINGLE VEHICLE,CURVE & GRADE,DAYLIGHT,I 0064,I 0064,2/5/2020 8:14:09 AM,False,6360,Accepted,
26649150,0568000,LOUISVILLE METRO POLICE DEPT,Accepted,JEFFERSON,I 0071,,I71 S,,,,,,,,,38.290761838,-85.642399012,5.314,2/4/2020 12:00:00 AM,1140,1,1,0,0,RAINING,WET,False,OTHER ROADWAY OR MID-BLOCK COLLISION,SINGLE VEHICLE,CURVE & GRADE,DAYLIGHT,,,5/1/2020 6:56:59 AM,False,8278,Accepted,
26325564,0568000,LOUISVILLE METRO POLICE DEPT,Accepted,JEFFERSON,I 0065,,,,,,,,,,,38.116139881,-85.703737770,0.135,2/4/2020 12:00:00 AM,1434,1,1,0,0,RAINING,WET,False,COLLISION WITH FIXED OBJECT NOT IN GORE ,SINGLE VEHICLE,CURVE & GRADE,DAYLIGHT,I 0065,I 0065,2/10/2020 8:27:59 AM,False,8278,Accepted,
26325471,0568000,LOUISVILLE METRO POLICE DEPT,Accepted,JEFFERSON,I 0264,,,,,,,,,,,38.194555248,-85.707545218,0.302,2/4/2020 12:00:00 AM,0850,2,2,0,0,RAINING,WET,True,OTHER RAMP RELATED COLLISIONS NOT LISTED ABOVE,REAR END,CURVE & LEVEL,DAYLIGHT,I 0264,KY0864,2/10/2020 8:23:18 AM,False,7830,Accepted,
26304355,0568000,LOUISVILLE METRO POLICE DEPT,Accepted,JEFFERSON,KY0907,9811,3RD ST,RD,,,,,,,,38.114268203,-85.836154343,2.010,2/4/2020 12:00:00 AM,1214,1,1,0,0,RAINING,WET,False,COLLISION IN PARKING LOT,SINGLE VEHICLE,STRAIGHT & LEVEL,DAYLIGHT,,,2/5/2020 8:12:24 AM,False,7234,Accepted,
26304392,0568000,LOUISVILLE METRO POLICE DEPT,Accepted,JEFFERSON,KY0864,7935,FEGENBUSH,LN,,,,,,,,38.137781759,-85.614227599,4.295,2/4/2020 12:00:00 AM,0955,3,3,0,0,RAINING,WET,False,COLLISION IN PARKING LOT,ANGLE,STRAIGHT & LEVEL,DAYLIGHT,,,2/5/2020 8:14:27 AM,False,5005,Accepted,
26304389,0568000,LOUISVILLE METRO POLICE DEPT,Accepted,JEFFERSON,,,SPRINGER,ALY,,,,KY0061,JACKSON,KY0061,PRESTON,38.246939476,-85.744232416,0.195,2/4/2020 12:00:00 AM,1510,2,2,0,0,RAINING,WET,False,COLLISION IN PARKING LOT,BACKING,STRAIGHT & LEVEL,DAYLIGHT,,,2/5/2020 8:14:15 AM,False,6360,Accepted,
26299419,0568000,LOUISVILLE METRO POLICE DEPT,Accepted,JEFFERSON,,,GEORGETOWN,CIR,,,,,,,,38.194775320,-85.794925240,0.312,2/3/2020 12:00:00 AM,1018,1,1,0,0,CLEAR,DRY,True,COLLISION IN PARKING LOT,SINGLE VEHICLE,STRAIGHT & LEVEL,DAYLIGHT,,,2/4/2020 8:04:48 AM,False,7433,Accepted,
26304339,0568000,LOUISVILLE METRO POLICE DEPT,Accepted,JEFFERSON,,416,4TH,ST,S,,,,,,,38.254565702,-85.757439627,0.147,2/3/2020 12:00:00 AM,1420,1,1,0,0,CLEAR,DRY,True,COLLISION IN PARKING LOT,SINGLE VEHICLE,STRAIGHT & LEVEL,DAYLIGHT,,,2/5/2020 8:11:16 AM,False,5168,Accepted,
26304298,0568000,LOUISVILLE METRO POLICE DEPT,Accepted,JEFFERSON,I 0264,,,,,,,,,,,38.246181822,-85.620290428,0.412,2/3/2020 12:00:00 AM,1621,2,2,0,0,CLOUDY,DRY,False,OTHER RAMP RELATED COLLISIONS NOT LISTED ABOVE,SIDESWIPE-SAME DIRECTION,STRAIGHT & LEVEL,DAYLIGHT,I 0264,US0060,2/5/2020 8:08:53 AM,False,7358,Accepted,
27592388,0568000,LOUISVILLE METRO POLICE DEPT,Accepted,JEFFERSON,I 0264,,,,,,,,,,,38.190245045,-85.748500460,0.079,2/3/2020 12:00:00 AM,1156,2,2,0,0,CLOUDY,DRY,False,OTHER RAMP RELATED COLLISIONS NOT LISTED ABOVE,SIDESWIPE-SAME DIRECTION,STRAIGHT & LEVEL,DAYLIGHT,I 0264,CRITTENDEN DR,12/22/2020 8:10:56 AM,False,4903,Accepted,
26299453,0568000,LOUISVILLE METRO POLICE DEPT,Accepted,JEFFERSON,I 0265,,,,,,,,,,,38.139428840,-85.582356366,0.394,2/3/2020 12:00:00 AM,1519,2,2,0,0,CLEAR,DRY,False,OTHER RAMP RELATED COLLISIONS NOT LISTED ABOVE,REAR END,CURVE & LEVEL,DAYLIGHT,I 0265,US31E,2/4/2020 8:06:45 AM,False,4693,Accepted,
26283904,0568000,LOUISVILLE METRO POLICE DEPT,Accepted,JEFFERSON,,,BUECHEL BANK,RD,,,,,,,,38.188482837,-85.647855243,0.269,2/3/2020 12:00:00 AM,0630,2,2,0,0,CLEAR,DRY,True,OTHER ROADWAY OR MID-BLOCK COLLISION,REAR END,STRAIGHT & LEVEL,DARK-HWY LIGHTED/ON,,,2/3/2020 8:47:25 AM,False,5178,Accepted,
26299420,0568000,LOUISVILLE METRO POLICE DEPT,Accepted,JEFFERSON,US0031W,,DIXIE,HWY,,,,,PONDER,,MILLERS,38.116363364,-85.859803724,9.346,2/3/2020 12:00:00 AM,1033,2,2,0,0,CLOUDY,DRY,False,OTHER ROADWAY OR MID-BLOCK COLLISION,REAR END,STRAIGHT & LEVEL,DAYLIGHT,,,2/4/2020 8:04:52 AM,False,7073,Accepted,
26325561,0568000,LOUISVILLE METRO POLICE DEPT,Accepted,JEFFERSON,I 0264,,I264 E,,,,,,,,,38.226408321,-85.639882495,17.679,2/3/2020 12:00:00 AM,1310,2,2,0,1,CLEAR,DRY,False,SIDESWIPE COLLISION - SAME DIRECTION,SIDESWIPE-SAME DIRECTION,STRAIGHT & LEVEL,DAYLIGHT,,,2/10/2020 8:27:52 AM,False,8278,Accepted,