IncidentID,AgencyORI,AgencyName,IncidentStatusDesc,County,RdwyNumber,Street,RoadwayName,StreetSfx,StreetDir,IntersectionRdwy,IntersectionRdwyName,BetweenStRdwy1,BetweenStRdwyName1,BetweenStRdwy2,BetweenStRdwyName2,Latitude,Longitude,Milepoint,CollisionDate,CollisionTime,UnitsInvolved,MotorVehiclesInvolved,NumberKilled,NumberInjured,Weather,RdwyConditionCode,HitandRun,DirAnalysisCode,MannerofCollision,RdwyCharacter,LightCondition,RampFromRdwyId,RampToRdwyId,AcceptedDate,IsSecondaryCollision,OwnerBadge,IncidentStatus,
26325511,0568000,LOUISVILLE METRO POLICE DEPT,Accepted,JEFFERSON,KY1020,6517,SOUTHSIDE,DR,,,,,,,,38.161016161,-85.764775595,6.280,2/3/2020 12:00:00 AM,2006,2,2,0,0,CLOUDY,DRY,True,SIDESWIPE COLLISION - SAME DIRECTION,SIDESWIPE-SAME DIRECTION,STRAIGHT & LEVEL,UNKNOWN,,,2/10/2020 8:25:18 AM,False,5276,Accepted,
26294938,0568000,LOUISVILLE METRO POLICE DEPT,Accepted,JEFFERSON,,,ST GABRIEL,LN,,,AUGUSTINE,,,,,38.168583435,-85.600460962,0.133,2/3/2020 12:00:00 AM,0842,2,2,0,0,CLOUDY,DRY,False,HEAD-ON COLLISION,HEAD ON,CURVE & HILLCREST,DAYLIGHT,,,2/3/2020 11:12:42 AM,False,2017,Accepted,
26325634,0568000,LOUISVILLE METRO POLICE DEPT,Accepted,JEFFERSON,,,BLANKENBAKER,LN,,,,,CAMARGO,,CLARKWOOD,38.286299509,-85.660028856,1.401,2/3/2020 12:00:00 AM,1432,2,2,0,0,CLEAR,DRY,False,HEAD-ON COLLISION,HEAD ON,STRAIGHT & LEVEL,DAYLIGHT,,,2/10/2020 8:32:07 AM,False,7180,Accepted,
26299459,0568000,LOUISVILLE METRO POLICE DEPT,Accepted,JEFFERSON,,,BROOK,ST,S,,,,JEFFERSON,,LIBERTY,38.252656225,-85.750500926,3.359,2/3/2020 12:00:00 AM,1841,2,2,0,0,CLOUDY,DRY,True,SIDESWIPE COLLISION - SAME DIRECTION,SIDESWIPE-SAME DIRECTION,STRAIGHT & LEVEL,DARK-HWY LIGHTED/ON,,,2/4/2020 8:07:06 AM,False,6360,Accepted,
26314406,0568000,LOUISVILLE METRO POLICE DEPT,Accepted,JEFFERSON,I 0264,,I264 E,,,,,,,,,38.186242895,-85.799917551,8.200,2/3/2020 12:00:00 AM,1320,2,2,0,1,CLEAR,DRY,False,SIDESWIPE COLLISION - SAME DIRECTION,SIDESWIPE-SAME DIRECTION,STRAIGHT & LEVEL,DAYLIGHT,,,2/7/2020 8:11:48 AM,False,2142,Accepted,
26299432,0568000,LOUISVILLE METRO POLICE DEPT,Accepted,JEFFERSON,,,STEVENS,AVE,,,,,NORRIS,,FERNWOOD,38.229369034,-85.710204900,0.251,2/3/2020 12:00:00 AM,1308,2,2,0,0,CLEAR,DRY,True,REAR END IN TRAFFIC LANES BOTH VEHICLES MOVING,REAR END,STRAIGHT & LEVEL,DAYLIGHT,,,2/4/2020 8:05:34 AM,False,5250,Accepted,
26294937,0568000,LOUISVILLE METRO POLICE DEPT,Accepted,JEFFERSON,,,CRAWFORDSHIRE,LN,,,,,HUNSINGER,,LEXHAM,38.206658488,-85.621008847,0.032,2/3/2020 12:00:00 AM,0913,2,2,0,0,CLEAR,DRY,False,REAR END IN TRAFFIC LANES BOTH VEHICLES MOVING,REAR END,STRAIGHT & HILLCREST,DAYLIGHT,,,2/3/2020 11:12:38 AM,False,7497,Accepted,
26299441,0568000,LOUISVILLE METRO POLICE DEPT,Accepted,JEFFERSON,KY1142,1036,PALATKA,RD,,,,,,,,38.152246824,-85.786881442,0.860,2/3/2020 12:00:00 AM,0954,2,2,0,0,CLOUDY,DRY,False,REAR END IN TRAFFIC LANES BOTH VEHICLES MOVING,REAR END,STRAIGHT & GRADE,DAYLIGHT,,,2/4/2020 8:06:10 AM,False,7234,Accepted,
26299442,0568000,LOUISVILLE METRO POLICE DEPT,Accepted,JEFFERSON,US0031W,,DIXIE,HWY,,,,,,,,38.106780028,-85.867319166,8.566,2/3/2020 12:00:00 AM,1120,2,2,0,1,CLOUDY,DRY,False,REAR END IN TRAFFIC LANES BOTH VEHICLES MOVING,REAR END,STRAIGHT & LEVEL,DAYLIGHT,,,2/4/2020 8:06:14 AM,False,7234,Accepted,
26299427,0568000,LOUISVILLE METRO POLICE DEPT,Accepted,JEFFERSON,US0031E,,BARDSTOWN,RD,,,,I 0264,I264 E EXIT16 OFF RAMP TO US31E S,,GOLDSMITH,38.208835489,-85.669483188,11.822,2/3/2020 12:00:00 AM,1112,2,2,0,0,CLEAR,DRY,False,REAR END IN TRAFFIC LANES BOTH VEHICLES MOVING,REAR END,STRAIGHT & LEVEL,DAYLIGHT,,,2/4/2020 8:05:18 AM,False,5247,Accepted,
26299457,0568000,LOUISVILLE METRO POLICE DEPT,Accepted,JEFFERSON,I 0065,,I65 N,,,,,I 0065,I65 N EXIT136A OFF RAMP TO  S BROOK ST,I 0065,I65 N EXIT135 ON RAMP FROM  E SAINT CATHERINE ST,38.241836851,-85.752763433,134.989,2/3/2020 12:00:00 AM,1010,3,3,0,0,CLOUDY,DRY,False,REAR END IN TRAFFIC LANES BOTH VEHICLES MOVING,REAR END,STRAIGHT & LEVEL,DAYLIGHT,,,2/4/2020 8:07:00 AM,False,6360,Accepted,
26299428,0568000,LOUISVILLE METRO POLICE DEPT,Accepted,JEFFERSON,I 0264,,I264 E,,,,,,,,,38.200404558,-85.697389362,14.030,2/3/2020 12:00:00 AM,1348,2,2,0,1,CLEAR,DRY,False,REAR END IN TRAFFIC LANES BOTH VEHICLES MOVING,REAR END,CURVE & HILLCREST,DAYLIGHT,,,2/4/2020 8:05:21 AM,False,2738,Accepted,
26304310,0568000,LOUISVILLE METRO POLICE DEPT,Accepted,JEFFERSON,,,3RD,ST,S,,,,WOODLAWN,,KENWOOD,38.180553276,-85.766430836,1.389,2/3/2020 12:00:00 AM,1008,2,2,0,0,CLEAR,DRY,False,REAR END IN TRAFFIC LANES BOTH VEHICLES MOVING,REAR END,STRAIGHT & LEVEL,DAYLIGHT,,,2/5/2020 8:09:38 AM,False,5260,Accepted,
26299421,0568000,LOUISVILLE METRO POLICE DEPT,Accepted,JEFFERSON,,,3RD,ST,S,,,KY2801,SOUTHERN HEIGHTS,,WAMPUM,38.188147527,-85.765063543,0.860,2/3/2020 12:00:00 AM,0717,2,2,0,0,CLEAR,DRY,False,REAR END IN TRAFFIC LANES BOTH VEHICLES MOVING,REAR END,STRAIGHT & LEVEL,DAYLIGHT,,,2/4/2020 8:04:56 AM,False,5260,Accepted,
26304384,0568000,LOUISVILLE METRO POLICE DEPT,Accepted,JEFFERSON,,,16TH,ST,N,,,,,,,38.263679413,-85.773859630,0.002,2/3/2020 12:00:00 AM,1045,2,2,0,0,CLEAR,DRY,False,VEHICLE BACKING NON INTERSECTION,BACKING,STRAIGHT & LEVEL,DAYLIGHT,,,2/5/2020 8:13:55 AM,False,7288,Accepted,
26299461,0568000,LOUISVILLE METRO POLICE DEPT,Accepted,JEFFERSON,,,ROCHELLE,RD,,,,KY1065,OUTER,,VANDRE,38.136471292,-85.634903386,0.079,2/3/2020 12:00:00 AM,1833,2,2,0,0,CLEAR,DRY,True,1 VEHICLE ENTERING/LEAVING ENTRANCE,ANGLE,,DARK-HWY LIGHTED/ON,,,2/4/2020 8:07:13 AM,False,7484,Accepted,
26304300,0568000,LOUISVILLE METRO POLICE DEPT,Accepted,JEFFERSON,,,SHADY VILLA,DR,,,,,NORENE,,RETREAT,38.162643770,-85.681058632,0.140,2/3/2020 12:00:00 AM,1752,2,2,0,0,CLEAR,DRY,False,1 VEHICLE ENTERING/LEAVING ENTRANCE,ANGLE,STRAIGHT & LEVEL,DUSK,,,2/5/2020 8:09:02 AM,False,7830,Accepted,
26299479,0568000,LOUISVILLE METRO POLICE DEPT,Accepted,JEFFERSON,,3700,WHEATMORE,DR,W,,,,,,,38.191723526,-85.799413273,0.001,2/3/2020 12:00:00 AM,1555,2,2,0,0,CLEAR,DRY,False,1 VEHICLE ENTERING/LEAVING ENTRANCE,ANGLE,STRAIGHT & LEVEL,DAYLIGHT,,,2/4/2020 8:08:20 AM,False,7472,Accepted,
26299465,0568000,LOUISVILLE METRO POLICE DEPT,Accepted,JEFFERSON,KY0061,8220,PRESTON,HWY,,,,,,,,38.133138769,-85.684067235,3.574,2/3/2020 12:00:00 AM,2114,2,2,0,0,RAINING,WET,False,1 VEHICLE ENTERING/LEAVING ENTRANCE,ANGLE,STRAIGHT & LEVEL,DARK (UNKNOWN ROADWAY LIGHTING),,,2/4/2020 8:07:33 AM,False,5214,Accepted,
26304375,0568000,LOUISVILLE METRO POLICE DEPT,Accepted,JEFFERSON,,,SOUTHERN,AVE,,,,,,,,38.232029863,-85.806121344,0.236,2/3/2020 12:00:00 AM,1731,2,2,0,0,CLEAR,DRY,False,1 VEHICLE PARKED POSITION (NOT PARKING LOT/DRIVEWAY),SIDESWIPE-SAME DIRECTION,STRAIGHT & LEVEL,DAYLIGHT,,,2/5/2020 8:13:24 AM,False,5179,Accepted,
26299438,0568000,LOUISVILLE METRO POLICE DEPT,Accepted,JEFFERSON,,3912,BROADWAY,,W,,,,,,,38.250223107,-85.817433374,1.592,2/3/2020 12:00:00 AM,1725,2,2,0,0,CLEAR,DRY,True,1 VEHICLE PARKED POSITION (NOT PARKING LOT/DRIVEWAY),BACKING,STRAIGHT & LEVEL,DAYLIGHT,,,2/4/2020 8:05:57 AM,False,7458,Accepted,
26299430,0568000,LOUISVILLE METRO POLICE DEPT,Accepted,JEFFERSON,,3922,5TH,ST,S,,,,,,,38.167250566,-85.772203258,0.093,2/3/2020 12:00:00 AM,1006,2,2,0,0,CLEAR,DRY,True,1 VEHICLE PARKED POSITION (NOT PARKING LOT/DRIVEWAY),BACKING,STRAIGHT & LEVEL,DAYLIGHT,,,2/4/2020 8:05:28 AM,False,7433,Accepted,
26299444,0568000,LOUISVILLE METRO POLICE DEPT,Accepted,JEFFERSON,,13030,BESSELS,BLVD,,,,,,,,38.062859241,-85.899655701,0.051,2/3/2020 12:00:00 AM,1227,1,1,0,0,CLEAR,DRY,False,COLLISION WITH NON-FIXED OBJECT ,SINGLE VEHICLE,STRAIGHT & LEVEL,DAYLIGHT,,,2/4/2020 8:06:20 AM,False,7234,Accepted,
26439034,0568000,LOUISVILLE METRO POLICE DEPT,Accepted,JEFFERSON,KY0061,1632,PRESTON,ST,S,,,,,,,38.222826641,-85.750143482,10.901,2/3/2020 12:00:00 AM,1346,2,1,0,0,CLEAR,DRY,True,1 VEHICLE PARKED POSITION (NOT PARKING LOT/DRIVEWAY),REAR TO REAR,STRAIGHT & LEVEL,,,,2/28/2020 2:50:52 PM,False,7689,Accepted,
26299437,0568000,LOUISVILLE METRO POLICE DEPT,Accepted,JEFFERSON,,,GRADE,LN,,KY0061,PRESTON,,,,,38.179941514,-85.718712947,0.018,2/3/2020 12:00:00 AM,1510,2,2,0,0,CLEAR,DRY,True,OTHER INTERSECTION COLLISIONS,REAR END,CURVE & LEVEL,DAYLIGHT,,,2/4/2020 8:05:54 AM,False,7431,Accepted,
26304329,0568000,LOUISVILLE METRO POLICE DEPT,Accepted,JEFFERSON,US0150,,BROADWAY,,W,,18TH,,,,,38.248885954,-85.781511963,1.101,2/3/2020 12:00:00 AM,1614,2,2,0,0,CLEAR,DRY,False,OTHER INTERSECTION COLLISIONS,REAR END,STRAIGHT & LEVEL,DAYLIGHT,,,2/5/2020 8:10:45 AM,False,5124,Accepted,
26299435,0568000,LOUISVILLE METRO POLICE DEPT,Accepted,JEFFERSON,I 0265,,I265 W,,,I 0265,I265 W EXIT12 ON RAMP FROM KY61 N,,,,,38.110039473,-85.679018242,11.521,2/3/2020 12:00:00 AM,1630,2,2,0,0,CLEAR,DRY,False,OTHER INTERSECTION COLLISIONS,REAR END,STRAIGHT & LEVEL,DAYLIGHT,,,2/4/2020 8:05:48 AM,False,7486,Accepted,
26299433,0568000,LOUISVILLE METRO POLICE DEPT,Accepted,JEFFERSON,KY1020,,3RD,ST,S,US0060A,EASTERN,,,,,38.213728465,-85.762276541,9.868,2/3/2020 12:00:00 AM,1437,1,1,0,0,CLEAR,DRY,False,OTHER INTERSECTION COLLISIONS,SINGLE VEHICLE,CURVE & GRADE,DAYLIGHT,,,2/4/2020 8:05:39 AM,False,7391,Accepted,
26299443,0568000,LOUISVILLE METRO POLICE DEPT,Accepted,JEFFERSON,KY0061,,PRESTON,HWY,,KY1450,BLUE LICK,,,,,38.133785731,-85.684233790,3.621,2/3/2020 12:00:00 AM,1650,2,2,0,0,CLEAR,DRY,False,SIDESWIPE-SAME DIRECTION,SIDESWIPE-SAME DIRECTION,STRAIGHT & LEVEL,DAYLIGHT,,,2/4/2020 8:06:17 AM,False,7354,Accepted,
26299449,0568000,LOUISVILLE METRO POLICE DEPT,Accepted,JEFFERSON,,,7TH,ST,S,KY2054,ALGONQUIN,,,,,38.220063943,-85.777395954,0.001,2/3/2020 12:00:00 AM,0930,2,2,0,0,CLEAR,DRY,False,SIDESWIPE-SAME DIRECTION,SIDESWIPE-SAME DIRECTION,STRAIGHT & LEVEL,DAYLIGHT,,,2/4/2020 8:06:30 AM,False,5123,Accepted,
26299445,0568000,LOUISVILLE METRO POLICE DEPT,Accepted,JEFFERSON,KY1020,,NATIONAL,TPKE,,KY0841,KY841 RAMP TO KY1020,,,,,38.116648985,-85.747928405,2.997,2/3/2020 12:00:00 AM,1700,2,2,0,0,CLEAR,DRY,False,SIDESWIPE-SAME DIRECTION,SIDESWIPE-SAME DIRECTION,STRAIGHT & LEVEL,DAYLIGHT,,,2/4/2020 8:06:24 AM,False,7080,Accepted,
26299429,0568000,LOUISVILLE METRO POLICE DEPT,Accepted,JEFFERSON,KY0061,,SHELBY,ST,S,US0060A,EASTERN,,,,,38.214944568,-85.742714452,10.115,2/3/2020 12:00:00 AM,1408,2,2,0,0,CLEAR,DRY,False,SIDESWIPE-SAME DIRECTION,SIDESWIPE-SAME DIRECTION,STRAIGHT & LEVEL,DAYLIGHT,,,2/4/2020 8:05:24 AM,False,7322,Accepted,
26304331,0568000,LOUISVILLE METRO POLICE DEPT,Accepted,JEFFERSON,US0031E,,BARDSTOWN,RD,,,HEATHER,,,,,38.205608268,-85.666801922,11.560,2/3/2020 12:00:00 AM,1648,2,2,0,0,CLEAR,DRY,False,OTHER INTERSECTION COLLISIONS,REAR END,STRAIGHT & LEVEL,DAYLIGHT,,,2/5/2020 8:10:52 AM,False,7448,Accepted,
26304350,0568000,LOUISVILLE METRO POLICE DEPT,Accepted,JEFFERSON,KY1727,,TERRY,RD,,,MAYNA,,,,,38.157936898,-85.867669776,2.538,2/3/2020 12:00:00 AM,0731,3,3,0,0,CLEAR,DRY,True,OTHER INTERSECTION COLLISIONS,REAR END,STRAIGHT & LEVEL,DAYLIGHT,,,2/5/2020 8:11:53 AM,False,7340,Accepted,
26299472,0568000,LOUISVILLE METRO POLICE DEPT,Accepted,JEFFERSON,US0031E,,BARDSTOWN,RD,,,LAKESIDE,,,,,38.222686567,-85.684039548,13.084,2/3/2020 12:00:00 AM,2046,2,2,0,0,CLOUDY,WET,False,OTHER INTERSECTION COLLISIONS,REAR END,STRAIGHT & HILLCREST,DARK-HWY LIGHTED/ON,,,2/4/2020 8:07:53 AM,False,7916,Accepted,
26299462,0568000,LOUISVILLE METRO POLICE DEPT,Accepted,JEFFERSON,,,WOODLAWN,AVE,E,,CRITTENDEN,,,,,38.182811225,-85.753184829,0.577,2/3/2020 12:00:00 AM,1709,2,2,0,0,CLEAR,DRY,False,OTHER INTERSECTION COLLISIONS,REAR END,STRAIGHT & LEVEL,DAYLIGHT,,,2/4/2020 8:07:16 AM,False,7301,Accepted,
26283906,0568000,LOUISVILLE METRO POLICE DEPT,Accepted,JEFFERSON,,,INDIAN,TRL,E,,,,LEAMINGTON SPA,,BUTTERNUT,38.168570737,-85.700524810,0.330,2/3/2020 12:00:00 AM,0551,2,1,0,1,CLEAR,DRY,False,COLLISION WITH PEDESTRIAN NON - INTERSECTION,SINGLE VEHICLE,STRAIGHT & LEVEL,DARK (UNKNOWN ROADWAY LIGHTING),,,2/3/2020 8:47:33 AM,False,5286,Accepted,
26283899,0568000,LOUISVILLE METRO POLICE DEPT,Accepted,JEFFERSON,,,1ST,ST,S,,KENTUCKY,,,,,38.238365995,-85.754722113,1.228,2/3/2020 12:00:00 AM,0204,3,3,0,0,CLEAR,DRY,True,ANGLE COLLISION - OTHER,ANGLE,STRAIGHT & GRADE,DARK-HWY LIGHTED/ON,,,2/3/2020 8:47:06 AM,True,5166,Accepted,
26283909,0568000,LOUISVILLE METRO POLICE DEPT,Accepted,JEFFERSON,,,DUMESNIL,ST,,,26TH,,,,,38.236408889,-85.796413031,1.301,2/3/2020 12:00:00 AM,0043,2,2,0,1,CLEAR,DRY,False,ANGLE COLLISION - OTHER,ANGLE,STRAIGHT & LEVEL,DARK-HWY LIGHTED/ON,,,2/3/2020 8:47:43 AM,False,7370,Accepted,
26299450,0568000,LOUISVILLE METRO POLICE DEPT,Accepted,JEFFERSON,KY1931,,MANSLICK,RD,,,MARCH,,,,,38.191767693,-85.800750029,8.100,2/3/2020 12:00:00 AM,1149,2,2,0,0,CLEAR,DRY,False,ANGLE COLLISION - OTHER,ANGLE,STRAIGHT & LEVEL,DAYLIGHT,,,2/4/2020 8:06:33 AM,False,5123,Accepted,
26299460,0568000,LOUISVILLE METRO POLICE DEPT,Accepted,JEFFERSON,,,CENTRAL,AVE,,,FLOYD,,,,,38.203120750,-85.757110827,0.350,2/3/2020 12:00:00 AM,1251,2,2,0,0,CLEAR,DRY,False,ANGLE COLLISION - OTHER,ANGLE,STRAIGHT & LEVEL,DAYLIGHT,,,2/4/2020 8:07:10 AM,False,7422,Accepted,
26299451,0568000,LOUISVILLE METRO POLICE DEPT,Accepted,JEFFERSON,KY1747,,FERN VALLEY,RD,,KY1747,KY1747 CROSSOVER,,,,,38.156116830,-85.657170131,4.116,2/3/2020 12:00:00 AM,1316,2,2,0,2,CLEAR,DRY,False,ANGLE COLLISION - OTHER,ANGLE,STRAIGHT & LEVEL,DAYLIGHT,,,2/4/2020 8:06:37 AM,False,4693,Accepted,
26299452,0568000,LOUISVILLE METRO POLICE DEPT,Accepted,JEFFERSON,KY1065,,OUTER,LOOP,,,JUDGE,,,,,38.137676814,-85.669478277,7.000,2/3/2020 12:00:00 AM,1440,2,2,0,0,CLOUDY,DRY,False,ANGLE COLLISION - OTHER,ANGLE,STRAIGHT & LEVEL,DAYLIGHT,,,2/4/2020 8:06:40 AM,False,4693,Accepted,
26304332,0568000,LOUISVILLE METRO POLICE DEPT,Accepted,JEFFERSON,US0031W,,DIXIE,HWY,,US0031W,US31W RAMP TO KY1934,,,,,38.093683242,-85.875123076,7.590,2/3/2020 12:00:00 AM,1642,2,2,0,0,CLOUDY,DRY,False,ANGLE COLLISION - OTHER,ANGLE,STRAIGHT & LEVEL,DAYLIGHT,,,2/5/2020 8:10:55 AM,False,2311,Accepted,
26283895,0568000,LOUISVILLE METRO POLICE DEPT,Accepted,JEFFERSON,KY0061,,PRESTON,ST,S,,BRECKINRIDGE,,,,,38.240736129,-85.748375858,11.932,2/3/2020 12:00:00 AM,0019,2,2,0,1,CLEAR,DRY,False,ANGLE COLLISION - OTHER,ANGLE,STRAIGHT & LEVEL,DARK-HWY LIGHTED/ON,,,2/3/2020 8:46:49 AM,False,7423,Accepted,
26299439,0568000,LOUISVILLE METRO POLICE DEPT,Accepted,JEFFERSON,KY1865,,TAYLOR,BLVD,,,BERRY,,,,,38.196316785,-85.782953861,6.193,2/3/2020 12:00:00 AM,1653,2,2,0,0,CLEAR,DRY,False,ANGLE COLLISION - OTHER,ANGLE,STRAIGHT & LEVEL,DAYLIGHT,,,2/4/2020 8:06:01 AM,False,7433,Accepted,
26299471,0568000,LOUISVILLE METRO POLICE DEPT,Accepted,JEFFERSON,KY0061,,PRESTON,HWY,,,INDIAN,,,,,38.168764911,-85.706513466,6.336,2/3/2020 12:00:00 AM,2216,2,2,0,2,CLEAR,DRY,False,OPPOSING LEFT TURN,OPPOSING LEFT TURN,STRAIGHT & LEVEL,DARK-HWY LIGHTED/ON,,,2/4/2020 8:07:49 AM,False,5165,Accepted,
26299434,0568000,LOUISVILLE METRO POLICE DEPT,Accepted,JEFFERSON,,,HILL,ST,W,,13TH,,,,,38.227633197,-85.776775121,1.088,2/3/2020 12:00:00 AM,1459,2,2,0,0,CLEAR,DRY,True,REAR END - ONE VEHICLE TURNING RIGHT,REAR END,STRAIGHT & LEVEL,DAYLIGHT,,,2/4/2020 8:05:44 AM,False,5280,Accepted,
26295233,0561000,JEFFERSONTOWN POLICE DEPT,Accepted,JEFFERSON,KY1747,,HURSTBOURNE,PKWY,S,KY6159,BLUEGRASS PKWY ACCESS,,,,,38.220193797,-85.581460665,11.635,2/3/2020 12:00:00 AM,0825,2,2,0,0,CLOUDY,DRY,False,REAR END - ONE VEHICLE TURNING RIGHT,REAR END,STRAIGHT & LEVEL,DAYLIGHT,,,2/3/2020 12:19:16 PM,False,8278,Accepted,
26299446,0568000,LOUISVILLE METRO POLICE DEPT,Accepted,JEFFERSON,,,32ND,ST,S,,VERMONT,,,,,38.255299020,-85.805113143,1.894,2/3/2020 12:00:00 AM,1324,2,2,0,0,CLEAR,DRY,False,ANGLE COLLISION - OTHER,ANGLE,STRAIGHT & LEVEL,DAYLIGHT,,,2/4/2020 8:06:27 AM,False,5124,Accepted,
26304373,0568000,LOUISVILLE METRO POLICE DEPT,Accepted,JEFFERSON,,,MONACO,DR,,,BARNES,,,,,38.145853015,-85.665371418,0.742,2/3/2020 12:00:00 AM,1830,2,2,0,0,CLEAR,DRY,False,VEHICLE BACKING IN INTERSECTION,BACKING,STRAIGHT & LEVEL,DUSK,,,2/5/2020 8:13:17 AM,False,5042,Accepted,
26299458,0568000,LOUISVILLE METRO POLICE DEPT,Accepted,JEFFERSON,,,JEFFERSON,ST,E,,FLOYD,,,,,38.252895752,-85.748375340,0.848,2/3/2020 12:00:00 AM,1105,2,1,0,1,CLOUDY,DRY,False,COLLISION WITH PEDESTRIAN IN INTERSECTION,SINGLE VEHICLE,STRAIGHT & LEVEL,DAYLIGHT,,,2/4/2020 8:07:03 AM,False,6360,Accepted,
26299436,0568000,LOUISVILLE METRO POLICE DEPT,Accepted,JEFFERSON,,,GILMORE,LN,,,GILMORE INDUSTRIAL,,,,,38.181749437,-85.700055371,0.851,2/3/2020 12:00:00 AM,1605,2,1,0,1,CLEAR,DRY,False,COLLISION WITH BICYCLE IN INTERSECTION,SINGLE VEHICLE,STRAIGHT & LEVEL,DAYLIGHT,,,2/4/2020 8:05:51 AM,False,7830,Accepted,
26684704,0568000,LOUISVILLE METRO POLICE DEPT,Accepted,JEFFERSON,,,FLOWERVALE,LN,,US0031W,DIXIE,,,,,38.085353601,-85.879748408,0.002,2/3/2020 12:00:00 AM,2025,2,2,0,0,RAINING,WET,False,ANGLE COLLISION - ONE VEHICLE TURNING LEFT,ANGLE,STRAIGHT & LEVEL,DARK-HWY LIGHTED/ON,,,5/12/2020 8:33:57 AM,False,5279,Accepted,
26299475,0568000,LOUISVILLE METRO POLICE DEPT,Accepted,JEFFERSON,KY0864,,SHELBY,ST,S,,MARY,,,,,38.234689516,-85.741240540,14.794,2/3/2020 12:00:00 AM,2047,2,2,0,0,CLEAR,DRY,False,COLLISION WITH PARKED VEHICLE,SIDESWIPE-SAME DIRECTION,STRAIGHT & LEVEL,DARK-HWY LIGHTED/ON,,,2/4/2020 8:08:05 AM,False,5196,Accepted,
26304308,0568000,LOUISVILLE METRO POLICE DEPT,Accepted,JEFFERSON,,,OAK,ST,E,KY0864,SHELBY,,,,,38.233555549,-85.741804467,0.748,2/3/2020 12:00:00 AM,1555,3,3,0,1,CLEAR,DRY,False,COLLISION WITH PARKED VEHICLE,SIDESWIPE-SAME DIRECTION,CURVE & LEVEL,DAYLIGHT,,,2/5/2020 8:09:31 AM,False,7407,Accepted,
26414848,0568000,LOUISVILLE METRO POLICE DEPT,Accepted,JEFFERSON,,,15TH,ST,N,,LYTLE,,,,,38.261287285,-85.774300877,0.182,2/3/2020 12:00:00 AM,1516,2,2,0,0,CLEAR,DRY,False,COLLISION WITH PARKED VEHICLE,SIDESWIPE-SAME DIRECTION,STRAIGHT & LEVEL,DAYLIGHT,,,2/24/2020 9:17:43 AM,False,7405,Accepted,
26465960,0568000,LOUISVILLE METRO POLICE DEPT,Accepted,JEFFERSON,KY2052,,SHEPHERDSVILLE,RD,,,DELAWARE,,,,,38.188411463,-85.659521013,3.443,2/3/2020 12:00:00 AM,1327,2,2,0,0,CLOUDY,DRY,False,ANGLE COLLISION - OTHER,ANGLE,STRAIGHT & LEVEL,DAYLIGHT,,,3/5/2020 8:32:44 AM,False,4693,Accepted,
26309494,0568000,LOUISVILLE METRO POLICE DEPT,Accepted,JEFFERSON,,,HOERTZ,AVE,,,ASH,,,,,38.226986527,-85.737279263,0.075,2/2/2020 12:00:00 AM,1600,2,2,0,0,CLEAR,DRY,False,ANGLE COLLISION - ONE VEHICLE TURNING LEFT,ANGLE,STRAIGHT & LEVEL,DAYLIGHT,,,2/6/2020 8:17:47 AM,False,7116,Accepted,
26283903,0568000,LOUISVILLE METRO POLICE DEPT,Accepted,JEFFERSON,,,SOUTHERN,AVE,,,BEECH,,,,,38.232095032,-85.805192045,0.174,2/2/2020 12:00:00 AM,2300,2,1,0,1,CLEAR,DRY,True,COLLISION WITH BICYCLE IN INTERSECTION,SINGLE VEHICLE,STRAIGHT & LEVEL,DARK-HWY NOT LIGHTED,,,2/3/2020 8:47:22 AM,False,5229,Accepted,
26283817,0568000,LOUISVILLE METRO POLICE DEPT,Accepted,JEFFERSON,US0060,,FRANKFORT,AVE,,,MCCREADY,,,,,38.254315038,-85.674840764,2.494,2/2/2020 12:00:00 AM,0355,1,1,0,0,CLEAR,DRY,False,COLLISION WITH FIXED OBJECT IN INTERSECTION - FIRST EVENT COLLISION 09 - 32,SINGLE VEHICLE,STRAIGHT & LEVEL,DARK-HWY LIGHTED/ON,,,2/3/2020 8:42:09 AM,False,5029,Accepted,
26330909,0568000,LOUISVILLE METRO POLICE DEPT,Accepted,JEFFERSON,US0060,,SHELBYVILLE,RD,,,BIRCHAM,,,,,38.235917602,-85.476898747,13.554,2/2/2020 12:00:00 AM,0707,1,1,0,0,CLEAR,DRY,False,COLLISION WITH FIXED OBJECT IN INTERSECTION - FIRST EVENT COLLISION 09 - 32,SINGLE VEHICLE,CURVE & GRADE,DAWN,,,2/11/2020 8:26:46 AM,False,5056,Accepted,
26283853,0568000,LOUISVILLE METRO POLICE DEPT,Accepted,JEFFERSON,KY0146,,NEW LA GRANGE,RD,,,WASHBURN,,,,,38.254302903,-85.612047760,0.447,2/2/2020 12:00:00 AM,1305,2,2,0,0,CLEAR,DRY,False,OPPOSING LEFT TURN,OPPOSING LEFT TURN,STRAIGHT & LEVEL,DAYLIGHT,,,2/3/2020 8:44:52 AM,False,7751,Accepted,
26283857,0568000,LOUISVILLE METRO POLICE DEPT,Accepted,JEFFERSON,,,GOLDSMITH,LN,,,COLONIAL MANOR,,,,,38.202352803,-85.680558904,0.284,2/2/2020 12:00:00 AM,1407,2,2,0,0,CLEAR,DRY,False,OPPOSING LEFT TURN,OPPOSING LEFT TURN,STRAIGHT & LEVEL,DAYLIGHT,,,2/3/2020 8:45:15 AM,False,5233,Accepted,