IncidentID,AgencyORI,AgencyName,IncidentStatusDesc,County,RdwyNumber,Street,RoadwayName,StreetSfx,StreetDir,IntersectionRdwy,IntersectionRdwyName,BetweenStRdwy1,BetweenStRdwyName1,BetweenStRdwy2,BetweenStRdwyName2,Latitude,Longitude,Milepoint,CollisionDate,CollisionTime,UnitsInvolved,MotorVehiclesInvolved,NumberKilled,NumberInjured,Weather,RdwyConditionCode,HitandRun,DirAnalysisCode,MannerofCollision,RdwyCharacter,LightCondition,RampFromRdwyId,RampToRdwyId,AcceptedDate,IsSecondaryCollision,OwnerBadge,IncidentStatus,
26283827,0568000,LOUISVILLE METRO POLICE DEPT,Accepted,JEFFERSON,I 0065,,I65 S,,,I 0065,I65 S EXIT131A ON RAMP,,,,,38.185478426,-85.725013755,130.319,2/2/2020 12:00:00 AM,0527,2,2,0,2,CLEAR,DRY,True,ANGLE COLLISION - OTHER,ANGLE,STRAIGHT & HILLCREST,DARK-HWY LIGHTED/OFF,,,2/3/2020 8:42:52 AM,False,7435,Accepted,
26283855,0568000,LOUISVILLE METRO POLICE DEPT,Accepted,JEFFERSON,KY1631,,CRITTENDEN,DR,,I 0065,I65 S EXIT132 ON RAMP FROM  CRITTENDEN DR,,,,,38.205305754,-85.750803937,1.198,2/2/2020 12:00:00 AM,1446,2,2,0,3,CLEAR,DRY,False,ANGLE COLLISION - OTHER,ANGLE,STRAIGHT & LEVEL,DAYLIGHT,,,2/3/2020 8:45:00 AM,False,7334,Accepted,
26283830,0568000,LOUISVILLE METRO POLICE DEPT,Accepted,JEFFERSON,KY1703,,NEWBURG,RD,,I 0264,I264 W EXIT15A OFF RAMP TO KY1703 N,,,,,38.202275448,-85.689494418,2.293,2/2/2020 12:00:00 AM,1125,2,2,0,0,CLEAR,DRY,False,ANGLE COLLISION - OTHER,ANGLE,STRAIGHT & HILLCREST,DAYLIGHT,,,2/3/2020 8:43:01 AM,False,7284,Accepted,
26283894,0568000,LOUISVILLE METRO POLICE DEPT,Accepted,JEFFERSON,KY0864,,LOGAN,ST,,,MARY,,,,,38.234219449,-85.739820621,14.689,2/2/2020 12:00:00 AM,2143,2,2,0,0,CLEAR,DRY,False,ANGLE COLLISION - OTHER,ANGLE,STRAIGHT & LEVEL,DARK-HWY LIGHTED/ON,,,2/3/2020 8:46:45 AM,False,7423,Accepted,
26284056,0560600,WEST BUECHEL POLICE DEPT.,Accepted,JEFFERSON,,2000,BASHFORD MANOR,LN,,,DONARD PARK,,,,,38.200698662,-85.668836967,0.283,2/2/2020 12:00:00 AM,1025,2,2,0,3,CLEAR,DRY,False,ANGLE COLLISION - OTHER,ANGLE,STRAIGHT & LEVEL,DAYLIGHT,,,2/3/2020 9:14:56 AM,False,1272,Accepted,
26283884,0568000,LOUISVILLE METRO POLICE DEPT,Accepted,JEFFERSON,US0031E,,MARKET,ST,E,,WENZEL,,,,,38.252767441,-85.734025749,16.713,2/2/2020 12:00:00 AM,1610,2,2,0,0,CLEAR,DRY,False,ANGLE COLLISION - OTHER,ANGLE,STRAIGHT & LEVEL,DAYLIGHT,,,2/3/2020 8:46:08 AM,False,2764,Accepted,
26283893,0568000,LOUISVILLE METRO POLICE DEPT,Accepted,JEFFERSON,US0031E,,BARDSTOWN,RD,,,,,BELMONT,,HEATHER,38.205752651,-85.666899446,11.577,2/2/2020 12:00:00 AM,1921,2,1,0,1,CLOUDY,DRY,False,COLLISION WITH PEDESTRIAN NON - INTERSECTION,SINGLE VEHICLE,STRAIGHT & LEVEL,DARK-HWY NOT LIGHTED,,,2/3/2020 8:46:41 AM,False,7851,Accepted,
26283836,0568000,LOUISVILLE METRO POLICE DEPT,Accepted,JEFFERSON,,,ROCHELLE,RD,,,,,VANDRE,,NALERY,38.132931762,-85.635188454,0.324,2/2/2020 12:00:00 AM,1238,1,1,0,0,CLEAR,DRY,False,COLLISION WITH FIXED OBJECT NON - INTERSECTION - FIRST EVENT COLLISION 09 - 32 EXCLUDING 16,SINGLE VEHICLE,STRAIGHT & LEVEL,DAYLIGHT,,,2/3/2020 8:43:29 AM,False,6937,Accepted,
26283896,0568000,LOUISVILLE METRO POLICE DEPT,Accepted,JEFFERSON,KY0864,,CEDAR CREEK,RD,,,,,,,,38.103462874,-85.614000470,1.793,2/2/2020 12:00:00 AM,2246,1,1,0,0,CLEAR,DRY,False,COLLISION WITH ANIMAL NON INTERSECTION,SINGLE VEHICLE,STRAIGHT & LEVEL,DARK-HWY LIGHTED/OFF,,,2/3/2020 8:46:53 AM,False,7474,Accepted,
26283888,0568000,LOUISVILLE METRO POLICE DEPT,Accepted,JEFFERSON,KY1934,,CANE RUN,RD,,KY2049,CRUMS,,,,,38.199327734,-85.837351992,9.187,2/2/2020 12:00:00 AM,2009,2,2,0,2,CLEAR,DRY,False,OTHER INTERSECTION COLLISIONS,REAR END,STRAIGHT & LEVEL,DARK-HWY LIGHTED/ON,,,2/3/2020 8:46:21 AM,False,7466,Accepted,
26309518,0568000,LOUISVILLE METRO POLICE DEPT,Accepted,JEFFERSON,,,BLUEGRASS,AVE,,KY1931,MANSLICK,,,,,38.178941757,-85.798816855,,2/2/2020 12:00:00 AM,1343,2,2,0,0,CLEAR,DRY,False,OTHER INTERSECTION COLLISIONS,REAR END,STRAIGHT & LEVEL,DAYLIGHT,,,2/6/2020 8:20:12 AM,False,7468,Accepted,
26283843,0568000,LOUISVILLE METRO POLICE DEPT,Accepted,JEFFERSON,,,DIXIE,HWY,,,STANDARD,,,,,38.231015337,-85.789414460,1.300,2/2/2020 12:00:00 AM,1641,2,2,0,0,CLEAR,DRY,True,OTHER INTERSECTION COLLISIONS,REAR END,STRAIGHT & LEVEL,DAYLIGHT,,,2/3/2020 8:44:00 AM,False,5232,Accepted,
26283854,0568000,LOUISVILLE METRO POLICE DEPT,Accepted,JEFFERSON,,,CENTRAL,AVE,,,4TH,,,,,38.205154585,-85.765530243,0.440,2/2/2020 12:00:00 AM,1453,2,2,0,0,CLEAR,DRY,False,OTHER INTERSECTION COLLISIONS,REAR END,STRAIGHT & LEVEL,DAYLIGHT,,,2/3/2020 8:44:56 AM,False,7977,Accepted,
26283905,0568000,LOUISVILLE METRO POLICE DEPT,Accepted,JEFFERSON,KY1020,,2ND,ST,S,,BLOOM,,,,,38.221701228,-85.759304928,10.417,2/2/2020 12:00:00 AM,1924,2,2,0,0,CLEAR,DRY,False,SIDESWIPE-SAME DIRECTION,SIDESWIPE-SAME DIRECTION,CURVE & LEVEL,DARK-HWY LIGHTED/ON,,,2/3/2020 8:47:29 AM,False,5204,Accepted,
26283859,0568000,LOUISVILLE METRO POLICE DEPT,Accepted,JEFFERSON,I 0065,,I65 N,,,I 0065,I65 N EXIT128 OFF RAMP TO KY1631,,,,,38.147657781,-85.712171680,127.523,2/2/2020 12:00:00 AM,1810,2,2,0,1,CLEAR,DRY,False,SIDESWIPE-SAME DIRECTION,SIDESWIPE-SAME DIRECTION,STRAIGHT & LEVEL,DAYLIGHT,,,2/3/2020 8:45:35 AM,False,5191,Accepted,
26283907,0568000,LOUISVILLE METRO POLICE DEPT,Accepted,JEFFERSON,,,KRAMERS,LN,,KY2051,CAMP GROUND,,,,,38.206679127,-85.849165503,0.843,2/2/2020 12:00:00 AM,1122,1,1,0,0,CLEAR,DRY,False,OTHER INTERSECTION COLLISIONS,SINGLE VEHICLE,STRAIGHT & LEVEL,DARK-HWY LIGHTED/ON,,,2/3/2020 8:47:36 AM,False,5265,Accepted,
26283890,0568000,LOUISVILLE METRO POLICE DEPT,Accepted,JEFFERSON,KY0864,,POPLAR LEVEL,RD,,,CLARKS,,,,,38.219888787,-85.728915100,13.421,2/2/2020 12:00:00 AM,2029,2,2,0,0,CLEAR,DRY,False,OTHER INTERSECTION COLLISIONS,REAR END,STRAIGHT & GRADE,DARK-HWY LIGHTED/ON,,,2/3/2020 8:46:29 AM,False,7419,Accepted,
26283845,0568000,LOUISVILLE METRO POLICE DEPT,Accepted,JEFFERSON,,,CHARTER OAKS,DR,,,,,,,,38.303344256,-85.546868595,0.230,2/2/2020 12:00:00 AM,1645,1,1,0,0,CLEAR,DRY,True,COLLISION WITH NON-FIXED OBJECT ,SINGLE VEHICLE,CURVE & LEVEL,DAYLIGHT,,,2/3/2020 8:44:06 AM,False,7615,Accepted,
26283846,0568000,LOUISVILLE METRO POLICE DEPT,Accepted,JEFFERSON,,,CHESTNUT,ST,E,,,,BROOK,,FLOYD,38.248164933,-85.751112741,0.100,2/2/2020 12:00:00 AM,1037,3,3,0,0,CLEAR,DRY,False,1 VEHICLE PARKED POSITION (NOT PARKING LOT/DRIVEWAY),SIDESWIPE-SAME DIRECTION,STRAIGHT & LEVEL,DAYLIGHT,,,2/3/2020 8:44:10 AM,False,7266,Accepted,
26283828,0568000,LOUISVILLE METRO POLICE DEPT,Accepted,JEFFERSON,,2900B,WINDSOR FOREST,DR,,,,,,,,38.117617764,-85.811175600,1.613,2/2/2020 12:00:00 AM,0258,3,3,0,0,CLEAR,DRY,True,1 VEHICLE PARKED POSITION (NOT PARKING LOT/DRIVEWAY),REAR END,STRAIGHT & LEVEL,DARK-HWY LIGHTED/OFF,,,2/3/2020 8:42:56 AM,False,7332,Accepted,
26283826,0568000,LOUISVILLE METRO POLICE DEPT,Accepted,JEFFERSON,,,CEDAR,ST,,,,,7TH,,6TH,38.252900875,-85.761379622,0.044,2/2/2020 12:00:00 AM,0005,2,2,0,0,CLEAR,DRY,False,1 VEHICLE PARKED POSITION (NOT PARKING LOT/DRIVEWAY),ANGLE,STRAIGHT & LEVEL,DARK-HWY LIGHTED/ON,,,2/3/2020 8:42:48 AM,False,5275,Accepted,
26283837,0568000,LOUISVILLE METRO POLICE DEPT,Accepted,JEFFERSON,US0031E,2307,BARDSTOWN,RD,,,,,,,,38.224079335,-85.690445765,13.445,2/2/2020 12:00:00 AM,1350,2,2,0,0,CLEAR,DRY,True,1 VEHICLE PARKED POSITION (NOT PARKING LOT/DRIVEWAY),SIDESWIPE-SAME DIRECTION,STRAIGHT & LEVEL,DAYLIGHT,,,2/3/2020 8:43:33 AM,False,2100,Accepted,
26283839,0568000,LOUISVILLE METRO POLICE DEPT,Accepted,JEFFERSON,,1509,HIGHLAND,AVE,,,,,RUBEL,US0031E,BAXTER,38.239577854,-85.725636175,0.653,2/2/2020 12:00:00 AM,0910,2,2,0,0,CLEAR,DRY,True,1 VEHICLE PARKED POSITION (NOT PARKING LOT/DRIVEWAY),SIDESWIPE-SAME DIRECTION,STRAIGHT & LEVEL,DARK-HWY LIGHTED/OFF,,,2/3/2020 8:43:42 AM,False,5020,Accepted,
26301711,0561900,AUDUBON PARK POLICE DEPARTMENT,Accepted,JEFFERSON,KY0061,3119,PRESTON,HWY,,,,,,,,38.204624639,-85.735977445,9.305,2/2/2020 12:00:00 AM,1130,2,2,0,0,CLEAR,DRY,False,1 VEHICLE PARKED POSITION (NOT PARKING LOT/DRIVEWAY),SIDESWIPE-OPPOSITE DIRECTION,STRAIGHT & LEVEL,DAYLIGHT,,,2/4/2020 3:16:54 PM,False,5123,Accepted,
26325546,0568000,LOUISVILLE METRO POLICE DEPT,Accepted,JEFFERSON,US0031E,,BARDSTOWN,RD,,,,,,,,38.224204483,-85.691504464,13.509,2/2/2020 12:00:00 AM,1412,2,2,0,0,CLEAR,DRY,False,1 VEHICLE ENTERING/LEAVING ENTRANCE,ANGLE,STRAIGHT & LEVEL,DAYLIGHT,,,2/10/2020 8:27:15 AM,False,5112,Accepted,
26283860,0568000,LOUISVILLE METRO POLICE DEPT,Accepted,JEFFERSON,KY1932,,BRECKENRIDGE,LN,,,,,,,,38.212911638,-85.627886441,2.310,2/2/2020 12:00:00 AM,1714,2,2,0,1,CLEAR,DRY,False,1 VEHICLE ENTERING/LEAVING ENTRANCE,ANGLE,STRAIGHT & LEVEL,DAYLIGHT,,,2/3/2020 8:45:44 AM,False,7864,Accepted,
26283861,0568000,LOUISVILLE METRO POLICE DEPT,Accepted,JEFFERSON,KY1865,,NEW CUT,RD,,,,,KENWOOD,,KNOLL GATE,38.161693715,-85.779182466,3.770,2/2/2020 12:00:00 AM,1706,2,2,0,0,CLEAR,DRY,False,1 VEHICLE ENTERING/LEAVING ENTRANCE,ANGLE,STRAIGHT & LEVEL,DAYLIGHT,,,2/3/2020 8:45:53 AM,False,7232,Accepted,
26283858,0568000,LOUISVILLE METRO POLICE DEPT,Accepted,JEFFERSON,,4641,INDIAN,TRL,E,,,,,,,38.179837911,-85.674000905,2.044,2/2/2020 12:00:00 AM,1715,1,1,0,0,CLEAR,DRY,False,OTHER ROADWAY OR MID-BLOCK COLLISION,SINGLE VEHICLE,STRAIGHT & LEVEL,DAYLIGHT,,,2/3/2020 8:45:23 AM,False,5233,Accepted,
26283842,0568000,LOUISVILLE METRO POLICE DEPT,Accepted,JEFFERSON,KY0864,4839,POPLAR LEVEL,RD,,,,,,,,38.173699530,-85.686100175,9.373,2/2/2020 12:00:00 AM,1357,2,2,0,0,CLEAR,DRY,False,OTHER ROADWAY OR MID-BLOCK COLLISION,OPPOSING LEFT TURN,STRAIGHT & LEVEL,DAYLIGHT,,,2/3/2020 8:43:56 AM,False,7879,Accepted,
26314392,0568000,LOUISVILLE METRO POLICE DEPT,Accepted,JEFFERSON,KY1747,,HURSTBOURNE,PKWY,S,,,,,,,38.217909497,-85.585820534,11.355,2/2/2020 12:00:00 AM,1619,3,3,0,0,CLEAR,DRY,False,REAR END IN TRAFFIC LANES BOTH VEHICLES MOVING,REAR END,STRAIGHT & LEVEL,DAYLIGHT,,,2/7/2020 8:10:25 AM,False,5119,Accepted,
26283863,0568000,LOUISVILLE METRO POLICE DEPT,Accepted,JEFFERSON,,,3RD,ST,S,,,,INVERNESS,,GHEENS,38.167522731,-85.768713301,2.165,2/2/2020 12:00:00 AM,1747,3,3,0,0,CLEAR,DRY,False,REAR END IN TRAFFIC LANES BOTH VEHICLES MOVING,REAR END,STRAIGHT & LEVEL,DAYLIGHT,,,2/3/2020 8:46:00 AM,False,7232,Accepted,
26283824,0568000,LOUISVILLE METRO POLICE DEPT,Accepted,JEFFERSON,US0031E,,MAIN,ST,W,,,,,,,38.256258304,-85.753382965,17.883,2/2/2020 12:00:00 AM,0153,2,2,0,0,CLEAR,DRY,False,SIDESWIPE COLLISION - SAME DIRECTION,SIDESWIPE-SAME DIRECTION,STRAIGHT & LEVEL,DARK-HWY LIGHTED/ON,,,2/3/2020 8:42:41 AM,False,5148,Accepted,
26283908,0568000,LOUISVILLE METRO POLICE DEPT,Accepted,JEFFERSON,,9930,BACK RUN,RD,,,,,,,,38.106649465,-85.513063662,0.626,2/2/2020 12:00:00 AM,2300,1,1,0,0,CLEAR,DRY,False,OTHER COLLISIONS ON SHOULDER,SINGLE VEHICLE,STRAIGHT & LEVEL,DARK-HWY LIGHTED/OFF,,,2/3/2020 8:47:40 AM,False,5169,Accepted,
26309455,0568000,LOUISVILLE METRO POLICE DEPT,Accepted,JEFFERSON,KY1932,,CHENOWETH,LN,,,,US0042,BROWNSBORO,,,38.265511609,-85.665633776,6.566,2/2/2020 12:00:00 AM,1403,2,2,0,0,CLEAR,DRY,False,OTHER ROADWAY OR MID-BLOCK COLLISION,REAR END,STRAIGHT & LEVEL,DAYLIGHT,,,2/6/2020 8:14:48 AM,False,2673,Accepted,
26283887,0568000,LOUISVILLE METRO POLICE DEPT,Accepted,JEFFERSON,I 0265,,I265 E,,,,,,,,,38.145436828,-85.550847156,19.109,2/2/2020 12:00:00 AM,0400,1,1,0,0,CLEAR,DRY,False,OTHER ROADWAY OR MID-BLOCK COLLISION,SINGLE VEHICLE,STRAIGHT & LEVEL,DARK-HWY LIGHTED/ON,,,2/3/2020 8:46:16 AM,False,5014,Accepted,
26283848,0568000,LOUISVILLE METRO POLICE DEPT,Accepted,JEFFERSON,I 0265,,,,,,,,,,,38.110479497,-85.682215149,0.411,2/2/2020 12:00:00 AM,1521,2,2,0,0,CLEAR,DRY,True,OTHER RAMP RELATED COLLISIONS NOT LISTED ABOVE,REAR END,STRAIGHT & HILLCREST,DAYLIGHT,KY0061,I 0265,2/3/2020 8:44:20 AM,False,7252,Accepted,
26281640,0560300,ST. MATTHEWS POLICE DEPARTMENT,Accepted,JEFFERSON,US0060,5001,SHELBYVILLE,RD,,,,,,,,38.250316039,-85.623149445,5.327,2/2/2020 12:00:00 AM,1654,2,2,0,0,CLEAR,DRY,False,COLLISION IN PARKING LOT,BACKING,STRAIGHT & LEVEL,DAYLIGHT,,,2/2/2020 10:05:19 PM,False,9192,Accepted,
26283847,0568000,LOUISVILLE METRO POLICE DEPT,Accepted,JEFFERSON,US0031W,5360,DIXIE,HWY,,,,,,,,38.159445196,-85.834067074,12.768,2/2/2020 12:00:00 AM,1450,2,2,0,0,CLEAR,DRY,False,COLLISION IN PARKING LOT,REAR TO REAR,STRAIGHT & LEVEL,DAYLIGHT,,,2/3/2020 8:44:14 AM,False,5100,Accepted,
26283769,0568000,LOUISVILLE METRO POLICE DEPT,Accepted,JEFFERSON,KY1065,175,OUTER,LOOP,,,,,,,,38.127461592,-85.782047393,0.401,2/1/2020 12:00:00 AM,1035,2,2,0,0,CLEAR,DRY,True,COLLISION IN PARKING LOT,BACKING,STRAIGHT & LEVEL,DAYLIGHT,,,2/3/2020 8:38:37 AM,False,7252,Accepted,
26283808,0568000,LOUISVILLE METRO POLICE DEPT,Accepted,JEFFERSON,I 0264,,,,,,,,,,,38.209650241,-85.827909559,0.166,2/1/2020 12:00:00 AM,1640,2,2,0,0,CLEAR,WET,False,OTHER RAMP RELATED COLLISIONS NOT LISTED ABOVE,REAR END,STRAIGHT & GRADE,DAYLIGHT,I 0264,KY1934,2/3/2020 8:41:34 AM,False,5272,Accepted,
26283791,0568000,LOUISVILLE METRO POLICE DEPT,Accepted,JEFFERSON,I 0065,,,,,,,,,,,38.236674964,-85.751494751,0.016,2/1/2020 12:00:00 AM,1115,2,2,0,0,CLEAR,DRY,False,OTHER RAMP RELATED COLLISIONS NOT LISTED ABOVE,SIDESWIPE-SAME DIRECTION,CURVE & GRADE,DAYLIGHT,E SAINT CATHERINE ST,I 0065,2/3/2020 8:40:11 AM,False,7429,Accepted,
26283772,0568000,LOUISVILLE METRO POLICE DEPT,Accepted,JEFFERSON,KY0044,,STITES STATION,RD,,,,KY0044,STITES STATION RD CONN,KY0044,KY44 TURN LANE,38.021884634,-85.911224052,0.396,2/1/2020 12:00:00 AM,1206,1,1,0,1,CLEAR,DRY,False,OTHER COLLISIONS ON SHOULDER,SINGLE VEHICLE,CURVE & LEVEL,DAYLIGHT,,,2/3/2020 8:38:44 AM,False,6141,Accepted,
26283789,0568000,LOUISVILLE METRO POLICE DEPT,Accepted,JEFFERSON,,,BRADFORD,DR,,,GLEN OAK,,,,,38.199536105,-85.645816813,0.513,2/1/2020 12:00:00 AM,1712,2,2,0,0,CLOUDY,WET,False,HEAD-ON COLLISION,HEAD ON,STRAIGHT & LEVEL,DAYLIGHT,,,2/3/2020 8:40:02 AM,False,7864,Accepted,
26283809,0568000,LOUISVILLE METRO POLICE DEPT,Accepted,JEFFERSON,KY0155,,TAYLORSVILLE,RD,,,,,OLD TAYLORSVILLE,,OLD TAYLORSVILLE,38.190448487,-85.494595306,5.276,2/1/2020 12:00:00 AM,1835,2,2,0,1,CLOUDY,DRY,False,HEAD-ON COLLISION,HEAD ON,STRAIGHT & LEVEL,DARK-HWY NOT LIGHTED,,,2/3/2020 8:41:38 AM,False,6878,Accepted,
26283778,0568000,LOUISVILLE METRO POLICE DEPT,Accepted,JEFFERSON,I 0064,,I64 W,,,,,,,,,38.234227172,-85.611882120,12.929,2/1/2020 12:00:00 AM,0724,2,2,0,0,FOG,DRY,True,SIDESWIPE COLLISION - SAME DIRECTION,SIDESWIPE-SAME DIRECTION,STRAIGHT & LEVEL,DAWN,,,2/3/2020 8:39:25 AM,False,2454,Accepted,
26283795,0568000,LOUISVILLE METRO POLICE DEPT,Accepted,JEFFERSON,I 0064,,I64 W,,,,,I 0064,I64 W EXIT17 OFF RAMP TO KY913,I 0064,I265 S EXIT25B RAMP TO I64 W,38.223088454,-85.512700100,18.479,2/1/2020 12:00:00 AM,1529,2,2,0,0,CLOUDY,DRY,False,SIDESWIPE COLLISION - SAME DIRECTION,SIDESWIPE-SAME DIRECTION,STRAIGHT & LEVEL,DAYLIGHT,,,2/3/2020 8:40:23 AM,False,7018,Accepted,
26283803,0568000,LOUISVILLE METRO POLICE DEPT,Accepted,JEFFERSON,KY2054,,ALGONQUIN,PKWY,,,,,COLORADO,,LINDBERGH,38.214567226,-85.773370324,2.952,2/1/2020 12:00:00 AM,1508,2,2,0,0,CLOUDY,DRY,False,SIDESWIPE COLLISION - SAME DIRECTION,SIDESWIPE-SAME DIRECTION,STRAIGHT & LEVEL,DAYLIGHT,,,2/3/2020 8:40:55 AM,False,7207,Accepted,
26283723,0568000,LOUISVILLE METRO POLICE DEPT,Accepted,JEFFERSON,KY0864,,FEGENBUSH,LN,,,,,,,,38.138668258,-85.615805466,4.402,2/1/2020 12:00:00 AM,0017,2,2,0,0,CLOUDY,WET,False,REAR END IN TRAFFIC LANES BOTH VEHICLES MOVING,REAR END,STRAIGHT & LEVEL,DARK-HWY LIGHTED/ON,,,2/3/2020 8:36:16 AM,False,7106,Accepted,
26283790,0568000,LOUISVILLE METRO POLICE DEPT,Accepted,JEFFERSON,KY0022,,BROWNSBORO,RD,,,,,,,,38.308238380,-85.573696851,3.955,2/1/2020 12:00:00 AM,1710,2,2,0,0,CLEAR,WET,True,REAR END IN TRAFFIC LANES BOTH VEHICLES MOVING,REAR END,,DAYLIGHT,,,2/3/2020 8:40:07 AM,False,7631,Accepted,
26283767,0568000,LOUISVILLE METRO POLICE DEPT,Accepted,JEFFERSON,US0031E,,BARDSTOWN,RD,,,,,,,,38.223804422,-85.688770963,13.361,2/1/2020 12:00:00 AM,1057,2,2,0,0,CLEAR,DRY,False,REAR END IN TRAFFIC LANES BOTH VEHICLES MOVING,REAR END,STRAIGHT & LEVEL,DAYLIGHT,,,2/3/2020 8:38:26 AM,False,7740,Accepted,
26283841,0568000,LOUISVILLE METRO POLICE DEPT,Accepted,JEFFERSON,I 0064,,I64 E,,,,,,,,,38.239239580,-85.675036932,9.618,2/1/2020 12:00:00 AM,1152,2,2,0,0,CLOUDY,DRY,True,REAR END IN TRAFFIC LANES BOTH VEHICLES MOVING,REAR END,STRAIGHT & LEVEL,DAYLIGHT,,,2/3/2020 8:43:49 AM,False,2673,Accepted,
26283805,0568000,LOUISVILLE METRO POLICE DEPT,Accepted,JEFFERSON,US0031E,,BARDSTOWN,RD,,,,,,,,38.210187571,-85.670281762,11.954,2/1/2020 12:00:00 AM,1837,2,2,0,0,CLOUDY,WET,False,REAR END IN TRAFFIC LANES BOTH VEHICLES MOVING,REAR END,STRAIGHT & LEVEL,DUSK,,,2/3/2020 8:41:21 AM,False,7864,Accepted,
26283779,0568000,LOUISVILLE METRO POLICE DEPT,Accepted,JEFFERSON,I 0264,,I264 E EXIT20 TRANSIT,,,,,,,,,38.250134486,-85.619188752,0.274,2/1/2020 12:00:00 AM,1329,3,3,0,0,CLOUDY,DRY,False,REAR END IN TRAFFIC LANES BOTH VEHICLES MOVING,REAR END,STRAIGHT & GRADE,DAYLIGHT,,,2/3/2020 8:39:28 AM,False,2454,Accepted,
26283901,0568000,LOUISVILLE METRO POLICE DEPT,Accepted,JEFFERSON,I 0265,,I265 W,,,,,I 0064,I64 E EXIT19A RAMP TO I265 S,I 0265,I265 W EXIT23 OFF RAMP TO KY155,38.216406839,-85.506317407,25.008,2/1/2020 12:00:00 AM,2327,2,2,0,1,CLEAR,DRY,False,REAR END IN TRAFFIC LANES BOTH VEHICLES MOVING,REAR END,STRAIGHT & LEVEL,DARK-HWY LIGHTED/OFF,,,2/3/2020 8:47:13 AM,False,5056,Accepted,
26283811,0568000,LOUISVILLE METRO POLICE DEPT,Accepted,JEFFERSON,KY1447,10206,WESTPORT,RD,,,,,,,,38.292399920,-85.562189548,5.843,2/1/2020 12:00:00 AM,2149,2,2,0,0,CLOUDY,DRY,False,OTHER ROADWAY OR MID-BLOCK COLLISION,OPPOSING LEFT TURN,STRAIGHT & LEVEL,DARK (UNKNOWN ROADWAY LIGHTING),,,2/3/2020 8:41:46 AM,False,5228,Accepted,
26283787,0568000,LOUISVILLE METRO POLICE DEPT,Accepted,JEFFERSON,US0031E,,BARDSTOWN,RD,,,,,,,,38.214914133,-85.674179704,12.323,2/1/2020 12:00:00 AM,1139,2,2,0,2,CLEAR,DRY,False,OTHER ROADWAY OR MID-BLOCK COLLISION,REAR END,STRAIGHT & LEVEL,DAYLIGHT,,,2/3/2020 8:39:54 AM,False,6813,Accepted,
26283768,0568000,LOUISVILLE METRO POLICE DEPT,Accepted,JEFFERSON,,,26TH,ST,S,,,,MADISON,,CHESTNUT,38.253929327,-85.794400398,0.472,2/1/2020 12:00:00 AM,1227,2,2,0,0,CLOUDY,DRY,False,VEHICLE BACKING NON INTERSECTION,BACKING,STRAIGHT & LEVEL,DAYLIGHT,,,2/3/2020 8:38:33 AM,False,7463,Accepted,
26284055,0560600,WEST BUECHEL POLICE DEPT.,Accepted,JEFFERSON,,,LEGHORN,DR,,,,,,,,38.193774240,-85.677436565,0.004,2/1/2020 12:00:00 AM,0605,2,2,0,1,FOG WITH RAIN,WET,False,1 VEHICLE ENTERING/LEAVING ENTRANCE,ANGLE,STRAIGHT & LEVEL,DARK-HWY LIGHTED/ON,,,2/3/2020 9:13:54 AM,False,1297,Accepted,
26283819,0568000,LOUISVILLE METRO POLICE DEPT,Accepted,JEFFERSON,KY1747,,HURSTBOURNE,PKWY,S,,,,HENDRIK,,HURSTBOURNE CROSSINGS,38.185711230,-85.606146574,8.694,2/1/2020 12:00:00 AM,1936,2,2,0,0,CLOUDY,DRY,False,1 VEHICLE ENTERING/LEAVING ENTRANCE,ANGLE,STRAIGHT & LEVEL,DARK-HWY NOT LIGHTED,,,2/3/2020 8:42:17 AM,False,7851,Accepted,
26283886,0568000,LOUISVILLE METRO POLICE DEPT,Accepted,JEFFERSON,KY0913,,BLANKENBAKER,PKWY,,,,,,,,38.206116095,-85.538430768,1.647,2/1/2020 12:00:00 AM,1839,2,2,0,0,CLEAR,WET,False,1 VEHICLE ENTERING/LEAVING ENTRANCE,ANGLE,STRAIGHT & LEVEL,DARK (UNKNOWN ROADWAY LIGHTING),,,2/3/2020 8:46:12 AM,False,7899,Accepted,
26283777,0568000,LOUISVILLE METRO POLICE DEPT,Accepted,JEFFERSON,,2223,DUMESNIL,ST,,,,,,,,38.236565481,-85.791829852,1.569,2/1/2020 12:00:00 AM,1414,2,2,0,0,CLEAR,DRY,True,SIDESWIPE COLLISION - OPPOSITE DIRECTION,SIDESWIPE-OPPOSITE DIRECTION,STRAIGHT & LEVEL,DAYLIGHT,,,2/3/2020 8:39:18 AM,False,5151,Accepted,
26283823,0568000,LOUISVILLE METRO POLICE DEPT,Accepted,JEFFERSON,US0042,2737,BROWNSBORO,RD,,,,,,,,38.259271733,-85.694610221,2.253,2/1/2020 12:00:00 AM,2318,2,2,0,0,CLOUDY,DRY,False,SIDESWIPE COLLISION - OPPOSITE DIRECTION,SIDESWIPE-OPPOSITE DIRECTION,STRAIGHT & LEVEL,DARK-HWY LIGHTED/ON,,,2/3/2020 8:42:36 AM,False,7304,Accepted,
26336827,0568000,LOUISVILLE METRO POLICE DEPT,Accepted,JEFFERSON,,,RICHMONT,RD,,,,,,,,38.196444130,-85.839712192,0.125,2/1/2020 12:00:00 AM,1341,2,2,0,0,CLEAR,DRY,True,1 VEHICLE PARKED POSITION (NOT PARKING LOT/DRIVEWAY),REAR TO REAR,STRAIGHT & LEVEL,DAYLIGHT,,,2/12/2020 8:21:12 AM,False,5208,Accepted,