IncidentID,AgencyORI,AgencyName,IncidentStatusDesc,County,RdwyNumber,Street,RoadwayName,StreetSfx,StreetDir,IntersectionRdwy,IntersectionRdwyName,BetweenStRdwy1,BetweenStRdwyName1,BetweenStRdwy2,BetweenStRdwyName2,Latitude,Longitude,Milepoint,CollisionDate,CollisionTime,UnitsInvolved,MotorVehiclesInvolved,NumberKilled,NumberInjured,Weather,RdwyConditionCode,HitandRun,DirAnalysisCode,MannerofCollision,RdwyCharacter,LightCondition,RampFromRdwyId,RampToRdwyId,AcceptedDate,IsSecondaryCollision,OwnerBadge,IncidentStatus,
26283838,0568000,LOUISVILLE METRO POLICE DEPT,Accepted,JEFFERSON,US0031E,1048,BARDSTOWN,RD,,,,,HIGHLAND,,GRINSTEAD,38.239303889,-85.722626867,15.537,2/1/2020 12:00:00 AM,1736,2,2,0,0,CLOUDY,DRY,False,1 VEHICLE PARKED POSITION (NOT PARKING LOT/DRIVEWAY),SIDESWIPE-OPPOSITE DIRECTION,STRAIGHT & LEVEL,DUSK,,,2/3/2020 8:43:36 AM,False,5020,Accepted,
26309453,0568000,LOUISVILLE METRO POLICE DEPT,Accepted,JEFFERSON,KY0864,1036,SHELBY,ST,S,,,,,,,38.235545136,-85.741107212,14.833,2/1/2020 12:00:00 AM,1422,2,2,0,0,CLEAR,DRY,False,1 VEHICLE PARKED POSITION (NOT PARKING LOT/DRIVEWAY),SIDESWIPE-SAME DIRECTION,STRAIGHT & LEVEL,DAYLIGHT,,,2/6/2020 8:14:39 AM,False,7116,Accepted,
26283771,0568000,LOUISVILLE METRO POLICE DEPT,Accepted,JEFFERSON,,,ROCKY MOUNTAIN,DR,,,,,ROCK HOLLOW,,ROCK FOREST,38.148529899,-85.652335791,0.042,2/1/2020 12:00:00 AM,1115,2,2,0,0,CLOUDY,DRY,False,1 VEHICLE PARKED POSITION (NOT PARKING LOT/DRIVEWAY),BACKING,CURVE & GRADE,DAYLIGHT,,,2/3/2020 8:38:41 AM,False,6937,Accepted,
26283776,0568000,LOUISVILLE METRO POLICE DEPT,Accepted,JEFFERSON,KY1447,,WESTPORT,RD,,,,,,,,38.297406791,-85.548675716,6.654,2/1/2020 12:00:00 AM,1345,2,2,0,0,CLEAR,DRY,False,COLLISION WITH FIXED OBJECT NON - INTERSECTION - FIRST EVENT COLLISION 09 - 32 EXCLUDING 16,REAR END,STRAIGHT & LEVEL,DAYLIGHT,,,2/3/2020 8:39:11 AM,False,7615,Accepted,
26283798,0568000,LOUISVILLE METRO POLICE DEPT,Accepted,JEFFERSON,KY1065,4840,OUTER,LOOP,,,,,,,,38.136401290,-85.671787261,,2/1/2020 12:00:00 AM,1730,1,1,0,1,CLOUDY,DRY,False,COLLISION WITH FIXED OBJECT NON - INTERSECTION - FIRST EVENT COLLISION 09 - 32 EXCLUDING 16,SINGLE VEHICLE,STRAIGHT & LEVEL,DAYLIGHT,,,2/3/2020 8:40:34 AM,False,2547,Accepted,
26369384,0568000,LOUISVILLE METRO POLICE DEPT,Accepted,JEFFERSON,,,DOUGLASS,BLVD,,,,,CAROLINA,,MILLVALE,38.230392022,-85.684501655,1.231,2/1/2020 12:00:00 AM,0300,1,1,0,0,CLOUDY,WET,False,COLLISION WITH FIXED OBJECT NON - INTERSECTION - FIRST EVENT COLLISION 09 - 32 EXCLUDING 16,SINGLE VEHICLE,STRAIGHT & GRADE,DARK-HWY LIGHTED/ON,,,2/17/2020 9:11:22 AM,False,2953,Accepted,
26283816,0568000,LOUISVILLE METRO POLICE DEPT,Accepted,JEFFERSON,KY1747,,HURSTBOURNE,PKWY,,US0031E,BARDSTOWN,,,,,38.169065771,-85.605167270,7.468,2/1/2020 12:00:00 AM,0204,2,2,0,2,CLOUDY,WET,False,OTHER INTERSECTION COLLISIONS,REAR END,STRAIGHT & LEVEL,DARK-HWY LIGHTED/ON,,,2/3/2020 8:42:05 AM,False,5207,Accepted,
26283806,0568000,LOUISVILLE METRO POLICE DEPT,Accepted,JEFFERSON,KY1747,,HURSTBOURNE,PKWY,S,US0031E,BARDSTOWN,,,,,38.169188917,-85.605155505,7.503,2/1/2020 12:00:00 AM,0811,2,2,0,0,CLOUDY,WET,False,OTHER INTERSECTION COLLISIONS,REAR END,STRAIGHT & LEVEL,DAYLIGHT,,,2/3/2020 8:41:26 AM,False,7366,Accepted,
26283807,0568000,LOUISVILLE METRO POLICE DEPT,Accepted,JEFFERSON,KY0155,,TAYLORSVILLE,RD,,,BROWNS,,,,,38.219907660,-85.625556875,13.319,2/1/2020 12:00:00 AM,1226,2,2,0,0,CLOUDY,DRY,False,OTHER INTERSECTION COLLISIONS,REAR END,STRAIGHT & LEVEL,DAYLIGHT,,,2/3/2020 8:41:30 AM,False,7366,Accepted,
26283810,0568000,LOUISVILLE METRO POLICE DEPT,Accepted,JEFFERSON,KY1865,,TAYLOR,BLVD,,,BICKNELL,,,,,38.183134685,-85.783767680,5.287,2/1/2020 12:00:00 AM,1502,2,2,0,0,CLOUDY,WET,False,SIDESWIPE-SAME DIRECTION,SIDESWIPE-SAME DIRECTION,STRAIGHT & LEVEL,DAYLIGHT,,,2/3/2020 8:41:42 AM,False,7468,Accepted,
26283815,0568000,LOUISVILLE METRO POLICE DEPT,Accepted,JEFFERSON,KY1020,,3RD,ST,S,KY1020,KY1020 TURN LANE,,,,,38.218963075,-85.761552729,10.211,2/1/2020 12:00:00 AM,1846,2,2,0,0,CLEAR,DRY,False,SIDESWIPE-SAME DIRECTION,SIDESWIPE-SAME DIRECTION,CURVE & LEVEL,DARK-HWY LIGHTED/ON,,,2/3/2020 8:42:02 AM,False,7423,Accepted,
26309432,0568000,LOUISVILLE METRO POLICE DEPT,Accepted,JEFFERSON,KY1020,,2ND,ST,S,,BRECKINRIDGE,,,,,38.241537037,-85.755820779,11.799,2/1/2020 12:00:00 AM,1000,2,2,0,0,CLEAR,DRY,True,SIDESWIPE-SAME DIRECTION,SIDESWIPE-SAME DIRECTION,STRAIGHT & LEVEL,DAYLIGHT,,,2/6/2020 8:13:45 AM,False,7296,Accepted,
26283821,0568000,LOUISVILLE METRO POLICE DEPT,Accepted,JEFFERSON,KY1450,,BLUE LICK,RD,,,HILLPARK,,,,,38.096465404,-85.696594186,0.738,2/1/2020 12:00:00 AM,2343,3,3,0,0,CLEAR,DRY,False,OTHER INTERSECTION COLLISIONS,REAR END,STRAIGHT & LEVEL,DARK-HWY NOT LIGHTED,,,2/3/2020 8:42:24 AM,False,5107,Accepted,
26283802,0568000,LOUISVILLE METRO POLICE DEPT,Accepted,JEFFERSON,KY1747,,FERN VALLEY,RD,,I 0065,I65 S EXIT128 ON RAMP FROM KY1631 E,,,,,38.157902528,-85.722165690,0.551,2/1/2020 12:00:00 AM,1207,2,2,0,0,CLOUDY,DRY,False,OTHER INTERSECTION COLLISIONS,REAR END,STRAIGHT & LEVEL,DAYLIGHT,,,2/3/2020 8:40:50 AM,False,7473,Accepted,
26283735,0568000,LOUISVILLE METRO POLICE DEPT,Accepted,JEFFERSON,,,ST CATHERINE,ST,E,,SCHILLER,,,,,38.234301556,-85.731361601,0.002,2/1/2020 12:00:00 AM,0238,2,2,0,0,CLEAR,DRY,True,OTHER INTERSECTION COLLISIONS,REAR END,STRAIGHT & LEVEL,DARK-HWY LIGHTED/ON,,,2/3/2020 8:36:51 AM,False,5204,Accepted,
26283729,0568000,LOUISVILLE METRO POLICE DEPT,Accepted,JEFFERSON,US0031W,,DIXIE,HWY,,,BROWNS PARK,,,,,38.100450252,-85.871111633,8.084,2/1/2020 12:00:00 AM,0236,2,2,0,2,RAINING,WET,False,OTHER INTERSECTION COLLISIONS,REAR END,STRAIGHT & LEVEL,DARK-HWY LIGHTED/ON,,,2/3/2020 8:36:39 AM,False,7166,Accepted,
26283738,0568000,LOUISVILLE METRO POLICE DEPT,Accepted,JEFFERSON,KY0907,9406,3RD ST,RD,,,,,,,,38.116170090,-85.819894141,2.945,2/1/2020 12:00:00 AM,0715,1,1,0,0,CLEAR,DRY,False,COLLISION WITH ANIMAL NON INTERSECTION,SINGLE VEHICLE,STRAIGHT & HILLCREST,DARK-HWY LIGHTED/ON,,,2/3/2020 8:37:03 AM,False,7321,Accepted,
26283739,0568000,LOUISVILLE METRO POLICE DEPT,Accepted,JEFFERSON,KY0907,9406,3RD ST,RD,,,,,,,,38.116170090,-85.819894141,2.945,2/1/2020 12:00:00 AM,0715,1,1,0,0,CLEAR,DRY,False,COLLISION WITH ANIMAL NON INTERSECTION,SINGLE VEHICLE,STRAIGHT & HILLCREST,DARK-HWY LIGHTED/ON,,,2/3/2020 8:37:07 AM,False,7321,Accepted,
26283825,0568000,LOUISVILLE METRO POLICE DEPT,Accepted,JEFFERSON,,,8TH,ST,S,,,,,,,38.255941722,-85.763425216,0.095,2/1/2020 12:00:00 AM,0715,2,1,0,1,CLEAR,DRY,True,COLLISION WITH PEDESTRIAN NON - INTERSECTION,SINGLE VEHICLE,STRAIGHT & LEVEL,DARK-HWY LIGHTED/ON,,,2/3/2020 8:42:45 AM,False,5148,Accepted,
26283786,0568000,LOUISVILLE METRO POLICE DEPT,Accepted,JEFFERSON,KY1932,,BRECKENRIDGE,LN,,,SIX MILE,,,,,38.197606902,-85.625105894,1.129,2/1/2020 12:00:00 AM,1614,2,2,0,0,CLEAR,DRY,False,ANGLE COLLISION - OTHER,ANGLE,CURVE & LEVEL,DAYLIGHT,,,2/3/2020 8:39:50 AM,False,5191,Accepted,
26283898,0568000,LOUISVILLE METRO POLICE DEPT,Accepted,JEFFERSON,,,OAK,ST,E,,1ST,,,,,38.234546878,-85.754743293,0.032,2/1/2020 12:00:00 AM,1919,2,2,0,0,CLEAR,DRY,False,ANGLE COLLISION - OTHER,ANGLE,STRAIGHT & LEVEL,DARK-HWY LIGHTED/OFF,,,2/3/2020 8:47:02 AM,False,5166,Accepted,
26283832,0568000,LOUISVILLE METRO POLICE DEPT,Accepted,JEFFERSON,,,GOOSE CREEK,RD,,,BLOSSOM,,,,,38.288127110,-85.579179723,1.183,2/1/2020 12:00:00 AM,1336,2,2,0,0,CLOUDY,DRY,False,ANGLE COLLISION - OTHER,ANGLE,STRAIGHT & LEVEL,DAYLIGHT,,,2/3/2020 8:43:08 AM,False,7751,Accepted,
26283797,0568000,LOUISVILLE METRO POLICE DEPT,Accepted,JEFFERSON,US0031W,,DR W J HODGE,ST,,US0150,BROADWAY,,,,,38.249179357,-85.786522577,19.651,2/1/2020 12:00:00 AM,1635,2,2,0,1,CLEAR,WET,False,ANGLE COLLISION - OTHER,ANGLE,STRAIGHT & LEVEL,DAYLIGHT,,,2/3/2020 8:40:30 AM,False,7463,Accepted,
26283801,0568000,LOUISVILLE METRO POLICE DEPT,Accepted,JEFFERSON,,,ST CATHERINE,ST,E,KY0864,LOGAN,,,,,38.235207107,-85.739593242,0.450,2/1/2020 12:00:00 AM,0926,2,2,0,0,CLOUDY,WET,False,ANGLE COLLISION - OTHER,ANGLE,STRAIGHT & LEVEL,DAYLIGHT,,,2/3/2020 8:40:47 AM,False,7390,Accepted,
26314492,0568000,LOUISVILLE METRO POLICE DEPT,Accepted,JEFFERSON,,,28TH,ST,S,,HALE,,,,,38.239480687,-85.800175092,1.497,2/1/2020 12:00:00 AM,2338,2,2,0,0,CLEAR,DRY,False,ANGLE COLLISION - OTHER,ANGLE,STRAIGHT & LEVEL,DARK-HWY LIGHTED/ON,,,2/7/2020 8:19:26 AM,False,7536,Accepted,
26283872,0568000,LOUISVILLE METRO POLICE DEPT,Accepted,JEFFERSON,,,MUHAMMAD ALI,BLVD,E,,BROOK,,,,,38.250485128,-85.751552045,0.985,2/1/2020 12:00:00 AM,1300,2,2,0,2,CLOUDY,DRY,False,ANGLE COLLISION - OTHER,ANGLE,STRAIGHT & LEVEL,DAYLIGHT,,,2/3/2020 8:46:04 AM,False,2854,Accepted,
26283804,0568000,LOUISVILLE METRO POLICE DEPT,Accepted,JEFFERSON,US0060A,,BERRY,BLVD,,,CONTINENTAL,,,,,38.196697320,-85.795932273,0.756,2/1/2020 12:00:00 AM,1514,2,2,0,0,CLOUDY,DRY,False,ANGLE COLLISION - OTHER,ANGLE,STRAIGHT & LEVEL,DAYLIGHT,,,2/3/2020 8:41:11 AM,False,5289,Accepted,
26283822,0568000,LOUISVILLE METRO POLICE DEPT,Accepted,JEFFERSON,,,GRIFFITHS,AVE,,US0150,22ND,,,,,38.264328374,-85.785080121,0.330,2/1/2020 12:00:00 AM,2304,2,2,0,1,CLEAR,DRY,False,ANGLE COLLISION - OTHER,ANGLE,STRAIGHT & LEVEL,DARK-HWY LIGHTED/ON,,,2/3/2020 8:42:32 AM,False,5162,Accepted,
26283725,0568000,LOUISVILLE METRO POLICE DEPT,Accepted,JEFFERSON,,,RANGELAND,RD,,,ROBINWOOD,,,,,38.164704667,-85.665179114,0.937,2/1/2020 12:00:00 AM,0100,2,2,0,0,CLOUDY,WET,False,OPPOSING LEFT TURN,OPPOSING LEFT TURN,STRAIGHT & LEVEL,DARK-HWY LIGHTED/ON,,,2/3/2020 8:36:24 AM,False,7371,Accepted,
26283820,0568000,LOUISVILLE METRO POLICE DEPT,Accepted,JEFFERSON,KY1932,,BRECKENRIDGE,LN,,,SUDBURY,,,,,38.208680863,-85.626565704,1.991,2/1/2020 12:00:00 AM,2128,2,2,0,0,CLOUDY,DRY,False,OPPOSING LEFT TURN,OPPOSING LEFT TURN,STRAIGHT & LEVEL,DARK-HWY LIGHTED/ON,,,2/3/2020 8:42:20 AM,False,7851,Accepted,
26283788,0568000,LOUISVILLE METRO POLICE DEPT,Accepted,JEFFERSON,KY2048,,DUTCHMANS,LN,,,CANNONS,,,,,38.224094732,-85.654637579,0.227,2/1/2020 12:00:00 AM,1303,2,2,0,3,CLOUDY,DRY,False,OPPOSING LEFT TURN,OPPOSING LEFT TURN,STRAIGHT & LEVEL,DAYLIGHT,,,2/3/2020 8:39:58 AM,False,6813,Accepted,
26283814,0568000,LOUISVILLE METRO POLICE DEPT,Accepted,JEFFERSON,,,LEE,ST,W,,RILEY,,,,,38.223486014,-85.763219233,1.089,2/1/2020 12:00:00 AM,1834,2,2,0,0,CLEAR,DRY,False,VEHICLE BACKING IN INTERSECTION,BACKING,STRAIGHT & LEVEL,DUSK,,,2/3/2020 8:41:58 AM,False,5204,Accepted,
26283704,0568000,LOUISVILLE METRO POLICE DEPT,Accepted,JEFFERSON,,,HALSTEAD,AVE,,,MARIGOLD,,,,,38.166667138,-85.711163123,0.308,1/31/2020 12:00:00 AM,1820,2,2,0,0,CLEAR,WET,False,VEHICLE BACKING IN INTERSECTION,BACKING,STRAIGHT & GRADE,DARK-HWY LIGHTED/ON,,,2/3/2020 8:34:48 AM,False,5130,Accepted,
26273929,0568000,LOUISVILLE METRO POLICE DEPT,Accepted,JEFFERSON,US0031W,,DIXIE,HWY,,KY1849,MOORMAN,,,,,38.089513967,-85.877317308,7.248,1/31/2020 12:00:00 AM,0637,2,2,0,1,CLOUDY,WET,False,OPPOSITE DIRECTION - BOTH VEHICLES GOING STRAIGHT AHEAD,SIDESWIPE-OPPOSITE DIRECTION,STRAIGHT & LEVEL,DAWN,,,1/31/2020 2:19:08 PM,False,2936,Accepted,
26283658,0568000,LOUISVILLE METRO POLICE DEPT,Accepted,JEFFERSON,US0031E,,MAIN,ST,E,,HANCOCK,,,,,38.255025473,-85.741914849,17.229,1/31/2020 12:00:00 AM,1435,2,2,0,0,CLOUDY,WET,False,SIDESWIPE-SAME DIRECTION,SIDESWIPE-SAME DIRECTION,STRAIGHT & LEVEL,DAYLIGHT,,,2/3/2020 8:31:47 AM,False,7058,Accepted,
26283664,0568000,LOUISVILLE METRO POLICE DEPT,Accepted,JEFFERSON,,,ROY WILKINS,AVE,,,JEFFERSON,,,,,38.254741373,-85.765285150,0.198,1/31/2020 12:00:00 AM,1456,2,2,0,0,CLOUDY,DRY,False,SIDESWIPE-SAME DIRECTION,SIDESWIPE-SAME DIRECTION,STRAIGHT & LEVEL,DAYLIGHT,,,2/3/2020 8:32:02 AM,False,7947,Accepted,
26283706,0568000,LOUISVILLE METRO POLICE DEPT,Accepted,JEFFERSON,US0031E,,BARDSTOWN,RD,,,BUECHEL,,,,,38.188360367,-85.639989020,9.558,1/31/2020 12:00:00 AM,1447,2,2,0,0,CLOUDY,WET,False,SIDESWIPE-SAME DIRECTION,SIDESWIPE-SAME DIRECTION,STRAIGHT & LEVEL,DAYLIGHT,,,2/3/2020 8:35:02 AM,False,7366,Accepted,
26271884,0568000,LOUISVILLE METRO POLICE DEPT,Accepted,JEFFERSON,,,1ST,ST,S,,JEFFERSON,,,,,38.253339502,-85.752041167,0.191,1/31/2020 12:00:00 AM,0711,2,2,0,0,RAINING,WET,False,SIDESWIPE-SAME DIRECTION,SIDESWIPE-SAME DIRECTION,STRAIGHT & LEVEL,DAYLIGHT,,,1/31/2020 8:21:25 AM,False,7386,Accepted,
26283743,0568000,LOUISVILLE METRO POLICE DEPT,Accepted,JEFFERSON,US0031E,,BARDSTOWN,RD,,,PRINCETON,,,,,38.225191311,-85.695262179,13.722,1/31/2020 12:00:00 AM,1518,2,2,0,0,CLOUDY,WET,False,OPPOSING LEFT TURN,OPPOSING LEFT TURN,STRAIGHT & LEVEL,DAYLIGHT,,,2/3/2020 8:37:18 AM,False,2100,Accepted,
26283900,0568000,LOUISVILLE METRO POLICE DEPT,Accepted,JEFFERSON,,,NEW CHAMBERLAIN,LN,,,SHENANDOAH,,,,,38.309237016,-85.560004535,0.002,1/31/2020 12:00:00 AM,1919,2,2,0,0,CLEAR,WET,False,OPPOSING LEFT TURN,OPPOSING LEFT TURN,STRAIGHT & LEVEL,DARK-HWY LIGHTED/ON,,,2/3/2020 8:47:10 AM,False,5056,Accepted,
26283759,0568000,LOUISVILLE METRO POLICE DEPT,Accepted,JEFFERSON,,,FACTORY,LN,,,SERVICE,,,,,38.289012386,-85.511432728,0.051,1/31/2020 12:00:00 AM,0822,2,2,0,0,RAINING,WET,False,OPPOSING LEFT TURN,OPPOSING LEFT TURN,STRAIGHT & LEVEL,DAYLIGHT,,,2/3/2020 8:37:53 AM,False,7751,Accepted,
26273924,0568000,LOUISVILLE METRO POLICE DEPT,Accepted,JEFFERSON,,,13TH,ST,S,,CHESTNUT,,,,,38.250588416,-85.772811167,0.533,1/31/2020 12:00:00 AM,0731,2,2,0,0,RAINING,WET,False,REAR END - ONE VEHICLE TURNING LEFT,REAR END,STRAIGHT & LEVEL,DAWN,,,1/31/2020 2:18:50 PM,False,7937,Accepted,
26283662,0568000,LOUISVILLE METRO POLICE DEPT,Accepted,JEFFERSON,KY1865,,NEW CUT,RD,,,JONES,,,,,38.148411340,-85.775903516,2.846,1/31/2020 12:00:00 AM,1625,2,2,0,0,RAINING,WET,False,ANGLE COLLISION - OTHER,ANGLE,STRAIGHT & LEVEL,DAYLIGHT,,,2/3/2020 8:31:55 AM,False,7424,Accepted,
26309502,0568000,LOUISVILLE METRO POLICE DEPT,Accepted,JEFFERSON,,,3RD,ST,S,,WAMPUM,,,,,38.186420596,-85.765418797,0.978,1/31/2020 12:00:00 AM,1052,2,2,0,0,RAINING,WET,False,ANGLE COLLISION - OTHER,ANGLE,STRAIGHT & LEVEL,DAYLIGHT,,,2/6/2020 8:18:14 AM,False,5127,Accepted,
26283694,0568000,LOUISVILLE METRO POLICE DEPT,Accepted,JEFFERSON,,2730,4TH,ST,S,,M,,,,,38.209007889,-85.764880674,3.314,1/31/2020 12:00:00 AM,1337,3,3,0,0,RAINING,WET,False,ANGLE COLLISION - OTHER,ANGLE,STRAIGHT & LEVEL,DAYLIGHT,,,2/3/2020 8:34:01 AM,False,7094,Accepted,
26283696,0568000,LOUISVILLE METRO POLICE DEPT,Accepted,JEFFERSON,KY2860,,GRINSTEAD,DR,,,WILLOW,,,,,38.240508321,-85.715390813,0.355,1/31/2020 12:00:00 AM,1652,2,2,0,0,RAINING,WET,False,ANGLE COLLISION - OTHER,ANGLE,CURVE & GRADE,DAYLIGHT,,,2/3/2020 8:34:07 AM,False,5020,Accepted,
26283701,0568000,LOUISVILLE METRO POLICE DEPT,Accepted,JEFFERSON,US0031W,,22ND,ST,S,,OSAGE,,,,,38.239352274,-85.789929246,18.871,1/31/2020 12:00:00 AM,1441,3,3,0,0,CLOUDY,WET,False,ANGLE COLLISION - OTHER,ANGLE,STRAIGHT & LEVEL,DAYLIGHT,,,2/3/2020 8:34:39 AM,False,5257,Accepted,
26283663,0568000,LOUISVILLE METRO POLICE DEPT,Accepted,JEFFERSON,,,3RD,ST,S,,FAIRMONT,,,,,38.195381457,-85.764991056,0.362,1/31/2020 12:00:00 AM,1040,2,2,0,0,RAINING,WET,True,ANGLE COLLISION - OTHER,ANGLE,STRAIGHT & LEVEL,DAYLIGHT,,,2/3/2020 8:31:59 AM,False,7298,Accepted,
26283763,0568000,LOUISVILLE METRO POLICE DEPT,Accepted,JEFFERSON,KY0913C,,BLANKENBAKER ACCESS,DR,,KY0913,BLANKENBAKER,,,,,38.196202085,-85.548217117,0.487,1/31/2020 12:00:00 AM,1814,2,2,0,0,RAINING,WET,False,ANGLE COLLISION - OTHER,ANGLE,STRAIGHT & HILLCREST,DARK-HWY NOT LIGHTED,,,2/3/2020 8:38:11 AM,False,4693,Accepted,
26283710,0568000,LOUISVILLE METRO POLICE DEPT,Accepted,JEFFERSON,,,ROY WILKINS,AVE,,US0031W,MARKET,,,,,38.256171350,-85.765399095,0.097,1/31/2020 12:00:00 AM,1805,2,2,0,0,RAINING,WET,False,ANGLE COLLISION - OTHER,ANGLE,STRAIGHT & LEVEL,DARK-HWY LIGHTED/ON,,,2/3/2020 8:35:26 AM,False,2854,Accepted,
26283711,0568000,LOUISVILLE METRO POLICE DEPT,Accepted,JEFFERSON,KY1020,,NATIONAL,TPKE,,,RECOVERY,,,,,38.143693351,-85.756265547,4.876,1/31/2020 12:00:00 AM,1217,2,2,0,0,CLOUDY,WET,False,ANGLE COLLISION - OTHER,ANGLE,STRAIGHT & LEVEL,DAYLIGHT,,,2/3/2020 8:35:30 AM,False,7373,Accepted,
26273939,0568000,LOUISVILLE METRO POLICE DEPT,Accepted,JEFFERSON,,,DEL PARK,TER,,,34TH,,,,,38.253172631,-85.807740218,0.208,1/31/2020 12:00:00 AM,1212,2,2,0,2,RAINING,WET,False,ANGLE COLLISION - OTHER,ANGLE,STRAIGHT & LEVEL,DAYLIGHT,,,1/31/2020 2:19:34 PM,False,5113,Accepted,
26283698,0568000,LOUISVILLE METRO POLICE DEPT,Accepted,JEFFERSON,,,15TH,ST,S,,HILL,,,,,38.227938474,-85.780150464,0.168,1/31/2020 12:00:00 AM,1230,2,2,0,0,CLOUDY,WET,False,ANGLE COLLISION - OTHER,ANGLE,STRAIGHT & LEVEL,DAYLIGHT,,,2/3/2020 8:34:27 AM,False,5253,Accepted,
26283740,0568000,LOUISVILLE METRO POLICE DEPT,Accepted,JEFFERSON,US0060A,,TAYLOR,BLVD,,,LONGFIELD,,,,,38.198596446,-85.782776447,1.618,1/31/2020 12:00:00 AM,1723,2,2,0,0,RAINING,WET,False,ANGLE COLLISION - OTHER,ANGLE,STRAIGHT & LEVEL,DAYLIGHT,,,2/3/2020 8:37:12 AM,False,7094,Accepted,
26283667,0568000,LOUISVILLE METRO POLICE DEPT,Accepted,JEFFERSON,,,3RD,ST,S,,AMHERST,,,,,38.174706371,-85.767466680,1.662,1/31/2020 12:00:00 AM,1638,2,2,0,0,RAINING,WET,True,ANGLE COLLISION - OTHER,ANGLE,STRAIGHT & LEVEL,DUSK,,,2/3/2020 8:32:21 AM,False,5289,Accepted,
26283687,0568000,LOUISVILLE METRO POLICE DEPT,Accepted,JEFFERSON,,,BLUEGRASS,AVE,,,HAZELWOOD,,,,,38.179482978,-85.788284146,0.577,1/31/2020 12:00:00 AM,0723,2,1,0,0,RAINING,WET,False,COLLISION WITH PEDESTRIAN IN INTERSECTION,SINGLE VEHICLE,STRAIGHT & LEVEL,DUSK,,,2/3/2020 8:33:33 AM,False,7495,Accepted,
26283783,0568000,LOUISVILLE METRO POLICE DEPT,Accepted,JEFFERSON,KY2054,,ALGONQUIN,PKWY,,,35TH,,,,,38.224911005,-85.814373363,0.442,1/31/2020 12:00:00 AM,1645,2,2,0,1,RAINING,WET,False,ANGLE COLLISION - ONE VEHICLE TURNING LEFT,ANGLE,STRAIGHT & LEVEL,DAYLIGHT,,,2/3/2020 8:39:38 AM,False,5002,Accepted,
26336826,0568000,LOUISVILLE METRO POLICE DEPT,Accepted,JEFFERSON,,,CRUMS,LN,S,,LYNNVIEW,,,,,38.194013164,-85.839652927,0.666,1/31/2020 12:00:00 AM,1508,2,2,0,0,CLEAR,WET,False,COLLISION WITH PARKED VEHICLE,SIDESWIPE-SAME DIRECTION,CURVE & LEVEL,DAYLIGHT,,,2/12/2020 8:20:57 AM,False,5208,Accepted,
26283800,0568000,LOUISVILLE METRO POLICE DEPT,Accepted,JEFFERSON,,,WAINWRIGHT,AVE,,,CRITTENDEN,,,,,38.212635258,-85.751240085,0.002,1/31/2020 12:00:00 AM,1400,2,2,0,0,CLEAR,DRY,True,COLLISION WITH PARKED VEHICLE,REAR END,STRAIGHT & LEVEL,DAYLIGHT,,,2/3/2020 8:40:42 AM,False,7116,Accepted,
26283813,0568000,LOUISVILLE METRO POLICE DEPT,Accepted,JEFFERSON,,,26TH,ST,S,,CEDAR,,,,,38.256606356,-85.794165085,0.284,1/31/2020 12:00:00 AM,2237,2,2,0,0,CLOUDY,DRY,False,COLLISION WITH PARKED VEHICLE,REAR END,STRAIGHT & LEVEL,DARK-HWY LIGHTED/ON,,,2/3/2020 8:41:53 AM,False,5008,Accepted,
26283818,0568000,LOUISVILLE METRO POLICE DEPT,Accepted,JEFFERSON,KY1931,,ST ANDREWS CHURCH,RD,,,BLANTON,,,,,38.151811392,-85.819531576,4.412,1/31/2020 12:00:00 AM,1948,2,2,0,1,CLOUDY,WET,False,COLLISION WITH PARKED VEHICLE,ANGLE,STRAIGHT & HILLCREST,DARK-HWY LIGHTED/ON,,,2/3/2020 8:42:12 AM,False,5170,Accepted,
26369314,0568000,LOUISVILLE METRO POLICE DEPT,Accepted,JEFFERSON,,,MARKET,ST,W,,24TH,,,,,38.259081655,-85.789799117,0.184,1/31/2020 12:00:00 AM,1055,2,2,0,2,CLOUDY,DRY,False,ANGLE COLLISION - OTHER,ANGLE,STRAIGHT & LEVEL,DAYLIGHT,,,2/17/2020 9:07:09 AM,False,7305,Accepted,
26283612,0568000,LOUISVILLE METRO POLICE DEPT,Accepted,JEFFERSON,KY1747,,HURSTBOURNE,PKWY,S,,STONY BROOK,,,,,38.171065010,-85.604339910,7.632,1/31/2020 12:00:00 AM,1345,2,2,0,0,CLOUDY,WET,False,OTHER INTERSECTION COLLISIONS,REAR END,STRAIGHT & GRADE,DAYLIGHT,,,2/3/2020 8:30:29 AM,False,2017,Accepted,
26283668,0568000,LOUISVILLE METRO POLICE DEPT,Accepted,JEFFERSON,US0031W,,DIXIE,HWY,,KY1931,ST ANDREWS CHURCH,,,,,38.143422829,-85.839725539,11.685,1/31/2020 12:00:00 AM,1036,3,3,0,0,RAINING,WET,False,OTHER INTERSECTION COLLISIONS,REAR END,STRAIGHT & LEVEL,DAYLIGHT,,,2/3/2020 8:32:25 AM,False,7356,Accepted,
26283693,0568000,LOUISVILLE METRO POLICE DEPT,Accepted,JEFFERSON,KY0061,,PRESTON,HWY,,I 0065,I264 W EXIT12 OFF RAMP TO,,,,,38.191847972,-85.727789734,8.318,1/31/2020 12:00:00 AM,0808,2,2,0,0,RAINING,WET,False,OTHER INTERSECTION COLLISIONS,REAR END,STRAIGHT & LEVEL,DAYLIGHT,,,2/3/2020 8:33:57 AM,False,5036,Accepted,