IncidentID,AgencyORI,AgencyName,IncidentStatusDesc,County,RdwyNumber,Street,RoadwayName,StreetSfx,StreetDir,IntersectionRdwy,IntersectionRdwyName,BetweenStRdwy1,BetweenStRdwyName1,BetweenStRdwy2,BetweenStRdwyName2,Latitude,Longitude,Milepoint,CollisionDate,CollisionTime,UnitsInvolved,MotorVehiclesInvolved,NumberKilled,NumberInjured,Weather,RdwyConditionCode,HitandRun,DirAnalysisCode,MannerofCollision,RdwyCharacter,LightCondition,RampFromRdwyId,RampToRdwyId,AcceptedDate,IsSecondaryCollision,OwnerBadge,IncidentStatus,
26283705,0568000,LOUISVILLE METRO POLICE DEPT,Accepted,JEFFERSON,KY1747,,HURSTBOURNE,PKWY,S,,HURSTBOURNE CROSSINGS,,,,,38.186210845,-85.605971666,8.735,1/31/2020 12:00:00 AM,0938,2,2,0,2,RAINING,WET,False,OTHER INTERSECTION COLLISIONS,REAR END,STRAIGHT & LEVEL,DAYLIGHT,,,2/3/2020 8:34:54 AM,False,7366,Accepted,
26283678,0568000,LOUISVILLE METRO POLICE DEPT,Accepted,JEFFERSON,US0031E,,BARDSTOWN,RD,,,ALTA,,,,,38.231128446,-85.705781154,14.436,1/31/2020 12:00:00 AM,1614,2,2,0,0,CLOUDY,WET,False,OTHER INTERSECTION COLLISIONS,REAR END,STRAIGHT & LEVEL,DAYLIGHT,,,2/3/2020 8:33:12 AM,False,7740,Accepted,
26283718,0568000,LOUISVILLE METRO POLICE DEPT,Accepted,JEFFERSON,KY1065,,OUTER,LOOP,,,BRIARCLIFF,,,,,38.136136483,-85.697102950,5.470,1/31/2020 12:00:00 AM,1930,2,2,0,0,RAINING,WET,False,OTHER INTERSECTION COLLISIONS,REAR END,STRAIGHT & LEVEL,DARK-HWY LIGHTED/ON,,,2/3/2020 8:35:52 AM,False,5270,Accepted,
26341939,0568000,LOUISVILLE METRO POLICE DEPT,Accepted,JEFFERSON,,,FLOYD,ST,S,,BRANDEIS,,,,,38.218020648,-85.754334839,2.588,1/31/2020 12:00:00 AM,2057,2,2,0,0,CLEAR,DRY,False,OTHER INTERSECTION COLLISIONS,REAR END,STRAIGHT & LEVEL,DARK-HWY LIGHTED/ON,,,2/13/2020 8:32:47 AM,False,5196,Accepted,
26283726,0568000,LOUISVILLE METRO POLICE DEPT,Accepted,JEFFERSON,US0150,,BROADWAY,,E,,CLAY,,,,,38.244845662,-85.741215244,3.290,1/31/2020 12:00:00 AM,2348,2,2,0,0,CLEAR,DRY,False,SIDESWIPE-SAME DIRECTION,SIDESWIPE-SAME DIRECTION,STRAIGHT & LEVEL,DARK-HWY LIGHTED/ON,,,2/3/2020 8:36:28 AM,False,5154,Accepted,
26314429,0568000,LOUISVILLE METRO POLICE DEPT,Accepted,JEFFERSON,,,DIXIE,HWY,,,BURNETT,,,,,38.229842022,-85.789873609,1.386,1/31/2020 12:00:00 AM,1731,2,2,0,1,RAINING,WET,False,OTHER INTERSECTION COLLISIONS,REAR END,STRAIGHT & LEVEL,DAYLIGHT,,,2/7/2020 8:13:25 AM,False,7387,Accepted,
26283733,0568000,LOUISVILLE METRO POLICE DEPT,Accepted,JEFFERSON,KY1703,,NEWBURG,RD,,,INDIAN,,,,,38.184749337,-85.665608747,0.513,1/31/2020 12:00:00 AM,1212,3,3,0,0,RAINING,WET,False,OTHER INTERSECTION COLLISIONS,REAR END,STRAIGHT & LEVEL,DAYLIGHT,,,2/3/2020 8:36:43 AM,False,5019,Accepted,
26283734,0568000,LOUISVILLE METRO POLICE DEPT,Accepted,JEFFERSON,US0060A,,EASTERN,PKWY,,I 0065,I65 N EXIT133A OFF RAMP TO  EASTERN PKWY,,,,,38.211631479,-85.751762475,4.011,1/31/2020 12:00:00 AM,2018,2,2,0,0,CLOUDY,WET,False,OTHER INTERSECTION COLLISIONS,REAR END,STRAIGHT & GRADE,DARK-HWY LIGHTED/ON,,,2/3/2020 8:36:47 AM,False,5204,Accepted,
26283709,0568000,LOUISVILLE METRO POLICE DEPT,Accepted,JEFFERSON,US0031W,,MAIN,ST,W,,10TH,,,,,38.257705409,-85.766452595,21.386,1/31/2020 12:00:00 AM,1608,1,1,0,0,RAINING,WET,False,OTHER INTERSECTION COLLISIONS,SINGLE VEHICLE,STRAIGHT & LEVEL,DAYLIGHT,,,2/3/2020 8:35:19 AM,False,2854,Accepted,
26283799,0568000,LOUISVILLE METRO POLICE DEPT,Accepted,JEFFERSON,US0060A,,EASTERN,PKWY,,KY0061,SHELBY,,,,,38.214852091,-85.742651444,4.581,1/31/2020 12:00:00 AM,1300,2,2,0,0,CLEAR,DRY,True,OTHER INTERSECTION COLLISIONS,REAR END,STRAIGHT & LEVEL,DAYLIGHT,,,2/3/2020 8:40:38 AM,False,7116,Accepted,
26283765,0568000,LOUISVILLE METRO POLICE DEPT,Accepted,JEFFERSON,KY1747,,HURSTBOURNE,PKWY,S,,GREENHURST,,,,,38.190518624,-85.605149433,9.009,1/31/2020 12:00:00 AM,1447,2,2,0,0,CLOUDY,WET,True,OTHER INTERSECTION COLLISIONS,REAR END,STRAIGHT & LEVEL,DAYLIGHT,,,2/3/2020 8:38:19 AM,False,7303,Accepted,
26283756,0568000,LOUISVILLE METRO POLICE DEPT,Accepted,JEFFERSON,US0042,,US42,,,,ELMCROFT,,,,,38.315665256,-85.624639129,8.390,1/31/2020 12:00:00 AM,1725,2,2,0,0,RAINING,WET,False,OTHER INTERSECTION COLLISIONS,REAR END,STRAIGHT & LEVEL,DUSK,,,2/3/2020 8:37:39 AM,False,2030,Accepted,
26273926,0568000,LOUISVILLE METRO POLICE DEPT,Accepted,JEFFERSON,I 0264,,I264 W,,,I 0264,I264 W EXIT14 OFF RAMP TO KY864 S,,,,,38.198270342,-85.703842083,13.621,1/31/2020 12:00:00 AM,0741,3,3,0,0,RAINING,WET,False,OTHER INTERSECTION COLLISIONS,REAR END,STRAIGHT & LEVEL,DARK-HWY LIGHTED/ON,,,1/31/2020 2:18:57 PM,False,2234,Accepted,
26273944,0568000,LOUISVILLE METRO POLICE DEPT,Accepted,JEFFERSON,US0031E,,BARDSTOWN,RD,,,WINGFIELD,,,,,38.138179713,-85.581514421,4.655,1/31/2020 12:00:00 AM,1036,2,2,0,0,RAINING,WET,False,OTHER INTERSECTION COLLISIONS,REAR END,STRAIGHT & HILLCREST,DAYLIGHT,,,1/31/2020 2:19:40 PM,False,2017,Accepted,
26283892,0568000,LOUISVILLE METRO POLICE DEPT,Accepted,JEFFERSON,,,SPRINGHURST,BLVD,,KY1447,WESTPORT,,,,,38.293875006,-85.559329110,0.011,1/31/2020 12:00:00 AM,1830,2,2,0,0,CLEAR,WET,False,OTHER INTERSECTION COLLISIONS,REAR END,STRAIGHT & LEVEL,DARK-HWY NOT LIGHTED,,,2/3/2020 8:46:37 AM,False,5102,Accepted,
26283680,0568000,LOUISVILLE METRO POLICE DEPT,Accepted,JEFFERSON,KY0061,,PRESTON,HWY,,I 0065,I65 N EXIT130 OFF RAMP TO KY61,,,,,38.178669782,-85.716970843,7.234,1/31/2020 12:00:00 AM,1104,2,2,0,0,RAINING,WET,False,OTHER INTERSECTION COLLISIONS,REAR END,STRAIGHT & LEVEL,DAYLIGHT,,,2/3/2020 8:33:22 AM,False,7473,Accepted,
26283632,0568000,LOUISVILLE METRO POLICE DEPT,Accepted,JEFFERSON,,,3RD,ST,S,,WELLINGTON,,,,,38.183753581,-85.765855339,1.145,1/31/2020 12:00:00 AM,1446,3,3,0,0,CLOUDY,DRY,False,OTHER INTERSECTION COLLISIONS,REAR END,STRAIGHT & LEVEL,DAYLIGHT,,,2/3/2020 8:31:04 AM,False,5289,Accepted,
26283775,0568000,LOUISVILLE METRO POLICE DEPT,Accepted,JEFFERSON,I 0265,,I265 N,,,,,,,,,38.309384172,-85.571886439,34.057,1/31/2020 12:00:00 AM,1905,2,2,0,0,RAINING,WET,False,COLLISION WITH FIXED OBJECT NON - INTERSECTION - FIRST EVENT COLLISION 09 - 32 EXCLUDING 16,REAR END,CURVE & LEVEL,DARK-HWY LIGHTED/ON,,,2/3/2020 8:39:04 AM,False,7615,Accepted,
26309451,0568000,LOUISVILLE METRO POLICE DEPT,Accepted,JEFFERSON,US0031E,2315,BARDSTOWN,RD,,,,,,,,38.223897914,-85.689515069,13.404,1/31/2020 12:00:00 AM,1355,2,2,0,0,CLOUDY,DRY,True,1 VEHICLE PARKED POSITION (NOT PARKING LOT/DRIVEWAY),SIDESWIPE-SAME DIRECTION,STRAIGHT & LEVEL,DAYLIGHT,,,2/6/2020 8:14:33 AM,False,7403,Accepted,
26314394,0568000,LOUISVILLE METRO POLICE DEPT,Accepted,JEFFERSON,,3918,GRAF,DR,,,,,,,,38.204653775,-85.633928950,0.053,1/31/2020 12:00:00 AM,1600,2,2,0,0,,,True,1 VEHICLE PARKED POSITION (NOT PARKING LOT/DRIVEWAY),,,,,,2/7/2020 8:10:29 AM,False,5119,Accepted,
26283666,0568000,LOUISVILLE METRO POLICE DEPT,Accepted,JEFFERSON,,,ACAPOLCA,WAY,,,,,,,,38.153902031,-85.664721400,0.276,1/31/2020 12:00:00 AM,0543,2,2,0,0,CLOUDY,DRY,True,1 VEHICLE PARKED POSITION (NOT PARKING LOT/DRIVEWAY),BACKING,STRAIGHT & LEVEL,DARK-HWY NOT LIGHTED,,,2/3/2020 8:32:16 AM,False,2583,Accepted,
26271874,0568000,LOUISVILLE METRO POLICE DEPT,Accepted,JEFFERSON,,146,41ST,ST,S,,,,,,,38.264035292,-85.815977934,1.993,1/31/2020 12:00:00 AM,0412,2,2,0,0,CLEAR,DRY,True,1 VEHICLE PARKED POSITION (NOT PARKING LOT/DRIVEWAY),ANGLE,STRAIGHT & LEVEL,DARK-HWY LIGHTED/ON,,,1/31/2020 8:18:36 AM,False,5057,Accepted,
26509872,0568000,LOUISVILLE METRO POLICE DEPT,Accepted,JEFFERSON,KY0864,4946,POPLAR LEVEL,RD,,,,,,,,38.167347366,-85.682761168,8.935,1/31/2020 12:00:00 AM,1647,2,2,0,0,CLEAR,DRY,False,REAR END IN TRAFFIC LANES BOTH VEHICLES MOVING,REAR END,STRAIGHT & LEVEL,DAYLIGHT,,,3/13/2020 2:53:26 PM,False,5106,Accepted,
27734910,0568000,LOUISVILLE METRO POLICE DEPT,Accepted,JEFFERSON,,7004,FEYHURST,DR,,,,,,,,38.150498616,-85.858606711,0.433,1/31/2020 12:00:00 AM,0728,2,2,0,0,RAINING,WET,True,1 VEHICLE PARKED POSITION (NOT PARKING LOT/DRIVEWAY),HEAD ON,STRAIGHT & LEVEL,DARK-HWY LIGHTED/ON,,,2/1/2021 10:58:57 AM,False,7244,Accepted,
26283665,0568000,LOUISVILLE METRO POLICE DEPT,Accepted,JEFFERSON,,,KINROSS,BLVD,,,,,JOHN ADAMS,,PENDLETON,38.062050466,-85.890598823,0.110,1/31/2020 12:00:00 AM,1455,2,2,0,0,RAINING,WET,True,SIDESWIPE COLLISION - OPPOSITE DIRECTION,SIDESWIPE-OPPOSITE DIRECTION,STRAIGHT & LEVEL,DAYLIGHT,,,2/3/2020 8:32:08 AM,False,6141,Accepted,
26283736,0568000,LOUISVILLE METRO POLICE DEPT,Accepted,JEFFERSON,,,BECKLEY STATION,RD,N,,,,PORTICO ESTATE,,PIERCY MILL,38.255802507,-85.472835807,1.512,1/31/2020 12:00:00 AM,1958,2,2,0,0,RAINING,WET,False,SIDESWIPE COLLISION - OPPOSITE DIRECTION,SIDESWIPE-OPPOSITE DIRECTION,CURVE & LEVEL,DARK-HWY NOT LIGHTED,,,2/3/2020 8:36:55 AM,False,5267,Accepted,
26283688,0568000,LOUISVILLE METRO POLICE DEPT,Accepted,JEFFERSON,US0060A,1845,BERRY,BLVD,,,,,,,,38.196717916,-85.793497138,0.886,1/31/2020 12:00:00 AM,1453,2,2,0,0,CLOUDY,DRY,False,1 VEHICLE ENTERING/LEAVING ENTRANCE,ANGLE,STRAIGHT & LEVEL,DAYLIGHT,,,2/3/2020 8:33:37 AM,False,7495,Accepted,
26283702,0568000,LOUISVILLE METRO POLICE DEPT,Accepted,JEFFERSON,,,DURRETT,LN,,,,,,,,38.186997177,-85.723037435,0.078,1/31/2020 12:00:00 AM,1450,2,2,0,0,CLEAR,WET,False,1 VEHICLE ENTERING/LEAVING ENTRANCE,ANGLE,STRAIGHT & GRADE,DAYLIGHT,,,2/3/2020 8:34:44 AM,False,5130,Accepted,
26283677,0568000,LOUISVILLE METRO POLICE DEPT,Accepted,JEFFERSON,,,VAUGHN MILL,RD,,,,,,,,38.145032366,-85.627733474,,1/31/2020 12:00:00 AM,1642,2,2,0,0,CLOUDY,WET,False,1 VEHICLE ENTERING/LEAVING ENTRANCE,ANGLE,CURVE & HILLCREST,DAYLIGHT,,,2/3/2020 8:33:08 AM,False,4693,Accepted,
26273928,0568000,LOUISVILLE METRO POLICE DEPT,Accepted,JEFFERSON,KY0864,,POPLAR LEVEL,RD,,,,,,,,38.185223502,-85.700356162,10.497,1/31/2020 12:00:00 AM,1000,2,2,0,1,RAINING,WET,False,1 VEHICLE ENTERING/LEAVING ENTRANCE,ANGLE,STRAIGHT & GRADE,DAYLIGHT,,,1/31/2020 2:19:05 PM,False,5130,Accepted,
26283717,0568000,LOUISVILLE METRO POLICE DEPT,Accepted,JEFFERSON,,,BATES,AVE,,,,,,,,38.140520336,-85.676866903,0.573,1/31/2020 12:00:00 AM,1845,2,2,0,0,CLEAR,WET,True,1 VEHICLE ENTERING/LEAVING ENTRANCE,ANGLE,STRAIGHT & LEVEL,DARK-HWY NOT LIGHTED,,,2/3/2020 8:35:48 AM,False,5101,Accepted,
26283656,0568000,LOUISVILLE METRO POLICE DEPT,Accepted,JEFFERSON,KY2860,,GRINSTEAD,DR,,,,,WILLOW,,HILLIARD,38.240513832,-85.715451731,0.352,1/31/2020 12:00:00 AM,1322,2,2,0,0,RAINING,WET,False,1 VEHICLE ENTERING/LEAVING ENTRANCE,ANGLE,STRAIGHT & GRADE,DAYLIGHT,,,2/3/2020 8:31:38 AM,False,2228,Accepted,
26273947,0568000,LOUISVILLE METRO POLICE DEPT,Accepted,JEFFERSON,KY1020,,NATIONAL,TPKE,,CS1131F,TOLLS,,,,,38.135605179,-85.752312274,4.278,1/31/2020 12:00:00 AM,0630,2,2,0,0,CLOUDY,WET,False,1 VEHICLE ENTERING/LEAVING ENTRANCE,ANGLE,STRAIGHT & LEVEL,DARK-HWY LIGHTED/ON,,,1/31/2020 2:19:44 PM,False,5110,Accepted,
26283708,0568000,LOUISVILLE METRO POLICE DEPT,Accepted,JEFFERSON,KY1020,,3RD,ST,S,,,,CHESTNUT,,GUTHRIE,38.249351637,-85.756118237,12.336,1/31/2020 12:00:00 AM,1306,2,2,0,0,CLOUDY,WET,False,1 VEHICLE ENTERING/LEAVING ENTRANCE,ANGLE,STRAIGHT & LEVEL,DAYLIGHT,,,2/3/2020 8:35:14 AM,False,2854,Accepted,
26283699,0568000,LOUISVILLE METRO POLICE DEPT,Accepted,JEFFERSON,KY1934,4413,CANE RUN,RD,,,,,,,,38.198613781,-85.838290735,9.113,1/31/2020 12:00:00 AM,1516,2,2,0,0,CLOUDY,WET,False,1 VEHICLE ENTERING/LEAVING ENTRANCE,ANGLE,STRAIGHT & LEVEL,DAYLIGHT,,,2/3/2020 8:34:32 AM,False,5253,Accepted,
26283672,0568000,LOUISVILLE METRO POLICE DEPT,Accepted,JEFFERSON,,,GABRIEL,DR,,,,,,,,38.156909910,-85.854325675,0.245,1/31/2020 12:00:00 AM,1532,2,2,0,1,RAINING,WET,False,1 VEHICLE ENTERING/LEAVING ENTRANCE,ANGLE,STRAIGHT & LEVEL,DAYLIGHT,,,2/3/2020 8:32:46 AM,False,7234,Accepted,
26402010,0568000,LOUISVILLE METRO POLICE DEPT,Accepted,JEFFERSON,KY1932,,BRECKENRIDGE,LN,,,,,,,,38.199068607,-85.624348172,1.237,1/31/2020 12:00:00 AM,2009,4,4,1,3,CLOUDY,DRY,False,1 VEHICLE ENTERING/LEAVING ENTRANCE,ANGLE,STRAIGHT & LEVEL,DARK-HWY LIGHTED/ON,,,2/21/2020 8:12:13 AM,False,7628,Accepted,
26283761,0568000,LOUISVILLE METRO POLICE DEPT,Accepted,JEFFERSON,KY0146,,LA GRANGE,RD,,,,,SADDLECREEK,,OLIVER STATION,38.295644968,-85.507052787,8.130,1/31/2020 12:00:00 AM,1657,2,2,0,0,RAINING,WET,False,OTHER ROADWAY OR MID-BLOCK COLLISION,REAR END,STRAIGHT & LEVEL,DAYLIGHT,,,2/3/2020 8:38:01 AM,False,7751,Accepted,
26283755,0568000,LOUISVILLE METRO POLICE DEPT,Accepted,JEFFERSON,I 0071,,I71 S,,,,,I 0071,I71 S EXIT5 RAMP TO I264 W,I 0071,I71 TURN AROUND6,38.297089254,-85.625365179,6.361,1/31/2020 12:00:00 AM,0730,3,3,0,0,RAINING,WET,False,OTHER ROADWAY OR MID-BLOCK COLLISION,REAR END,STRAIGHT & LEVEL,DAYLIGHT,,,2/3/2020 8:37:35 AM,False,2030,Accepted,
26283891,0568000,LOUISVILLE METRO POLICE DEPT,Accepted,JEFFERSON,KY1703,,NEWBURG,RD,,,,,,,,38.203043173,-85.690970996,2.390,1/31/2020 12:00:00 AM,2314,2,2,0,4,CLOUDY,DRY,False,OTHER ROADWAY OR MID-BLOCK COLLISION,OPPOSING LEFT TURN,STRAIGHT & GRADE,DARK-HWY LIGHTED/ON,,,2/3/2020 8:46:33 AM,False,7376,Accepted,
26273950,0568000,LOUISVILLE METRO POLICE DEPT,Accepted,JEFFERSON,KY1747,,FERN VALLEY,RD,,,,I 0065,I65 N EXIT128 OFF RAMP TO KY1631,I 0065,I65 N EXIT128 OFF RAMP TO KY1631,38.157464601,-85.716540181,0.855,1/31/2020 12:00:00 AM,0818,2,2,0,0,CLOUDY,WET,False,OTHER ROADWAY OR MID-BLOCK COLLISION,REAR END,STRAIGHT & LEVEL,DAYLIGHT,,,1/31/2020 2:19:47 PM,False,5110,Accepted,
26273927,0568000,LOUISVILLE METRO POLICE DEPT,Accepted,JEFFERSON,I 0264,,I264 W,,,,,,,,,38.223581658,-85.646652657,17.260,1/31/2020 12:00:00 AM,0833,2,2,0,0,RAINING,WET,False,REAR END IN TRAFFIC LANES BOTH VEHICLES MOVING,REAR END,STRAIGHT & LEVEL,DAYLIGHT,,,1/31/2020 2:19:01 PM,False,7284,Accepted,
26273941,0568000,LOUISVILLE METRO POLICE DEPT,Accepted,JEFFERSON,KY1747,,FERN VALLEY,RD,,,,,FERN VALLEY,,POPLAR PARK,38.156276931,-85.663824624,3.755,1/31/2020 12:00:00 AM,0809,2,2,0,0,RAINING,WET,False,REAR END IN TRAFFIC LANES BOTH VEHICLES MOVING,REAR END,STRAIGHT & LEVEL,DAYLIGHT,,,1/31/2020 2:19:37 PM,False,2017,Accepted,
26273959,0568000,LOUISVILLE METRO POLICE DEPT,Accepted,JEFFERSON,I 0065,,I65 N,,,,,I 0065,I65 N EXIT125A RAMP TO I265 N,KY1851,BARRICKS,38.094703839,-85.701119724,123.760,1/31/2020 12:00:00 AM,1036,2,2,0,0,RAINING,WET,True,REAR END IN TRAFFIC LANES BOTH VEHICLES MOVING,REAR END,STRAIGHT & LEVEL,DAYLIGHT,,,1/31/2020 2:19:57 PM,False,7989,Accepted,
26273925,0568000,LOUISVILLE METRO POLICE DEPT,Accepted,JEFFERSON,I 0064,,I64 E,,,,,,,,,38.242081204,-85.687663029,8.888,1/31/2020 12:00:00 AM,0820,2,2,0,0,RAINING,WET,False,REAR END IN TRAFFIC LANES BOTH VEHICLES MOVING,REAR END,STRAIGHT & LEVEL,DAYLIGHT,,,1/31/2020 2:18:54 PM,False,4903,Accepted,
26283674,0568000,LOUISVILLE METRO POLICE DEPT,Accepted,JEFFERSON,KY1065,,OUTER,LOOP,,,,,,,,38.136177682,-85.698678051,5.379,1/31/2020 12:00:00 AM,1315,2,2,0,0,CLOUDY,WET,False,REAR END IN TRAFFIC LANES BOTH VEHICLES MOVING,REAR END,STRAIGHT & LEVEL,DAYLIGHT,,,2/3/2020 8:32:55 AM,False,4693,Accepted,
26283675,0568000,LOUISVILLE METRO POLICE DEPT,Accepted,JEFFERSON,,,WHISPERING HILLS,BLVD,,,,,,,,38.147880188,-85.655469706,0.276,1/31/2020 12:00:00 AM,1441,2,2,0,0,CLOUDY,WET,False,REAR END IN TRAFFIC LANES BOTH VEHICLES MOVING,REAR END,STRAIGHT & LEVEL,DAYLIGHT,,,2/3/2020 8:33:00 AM,False,4693,Accepted,
26283691,0568000,LOUISVILLE METRO POLICE DEPT,Accepted,JEFFERSON,US0031E,,BARDSTOWN,RD,,,,,,,,38.212334488,-85.672022727,12.116,1/31/2020 12:00:00 AM,0750,2,2,0,0,RAINING,WET,False,REAR END IN TRAFFIC LANES BOTH VEHICLES MOVING,REAR END,STRAIGHT & LEVEL,DAWN,,,2/3/2020 8:33:49 AM,False,6813,Accepted,
26283692,0568000,LOUISVILLE METRO POLICE DEPT,Accepted,JEFFERSON,I 0264,,I264 W,,,,,,,,,38.202291854,-85.687607361,14.585,1/31/2020 12:00:00 AM,1729,2,2,0,1,RAINING,WET,False,REAR END IN TRAFFIC LANES BOTH VEHICLES MOVING,REAR END,STRAIGHT & LEVEL,DAYLIGHT,,,2/3/2020 8:33:53 AM,False,6813,Accepted,
26283660,0568000,LOUISVILLE METRO POLICE DEPT,Accepted,JEFFERSON,US0031E,,BARDSTOWN,RD,,,,,,,,38.212359171,-85.672272033,12.121,1/31/2020 12:00:00 AM,1612,2,2,0,0,RAINING,WET,False,REAR END IN TRAFFIC LANES BOTH VEHICLES MOVING,REAR END,STRAIGHT & LEVEL,DAYLIGHT,,,2/3/2020 8:31:51 AM,False,7284,Accepted,
26283760,0568000,LOUISVILLE METRO POLICE DEPT,Accepted,JEFFERSON,KY1747,,HURSTBOURNE,PKWY,N,,,KY1447,WESTPORT,KY1747,KY1747 CROSSOVER,38.287616258,-85.572435813,17.037,1/31/2020 12:00:00 AM,1152,2,2,0,0,RAINING,WATER (STANDING OR MOVING),False,REAR END IN TRAFFIC LANES BOTH VEHICLES MOVING,REAR END,STRAIGHT & LEVEL,DARK-HWY LIGHTED/ON,,,2/3/2020 8:37:58 AM,False,7751,Accepted,
26283727,0568000,LOUISVILLE METRO POLICE DEPT,Accepted,JEFFERSON,I 0065,,I65 S,,,,,,,,,38.225443326,-85.751482676,133.828,1/31/2020 12:00:00 AM,1755,2,2,0,0,RAINING,WET,False,REAR END IN TRAFFIC LANES BOTH VEHICLES MOVING,REAR END,STRAIGHT & GRADE,DUSK,,,2/3/2020 8:36:31 AM,False,5230,Accepted,
26283679,0568000,LOUISVILLE METRO POLICE DEPT,Accepted,JEFFERSON,I 0265,,I265 W,,,,,I 0265,I265 W EXIT17 OFF RAMP TO US31E,I 0265,I265 W EXIT19 ON RAMP FROM KY1819,38.141997209,-85.574543910,17.777,1/31/2020 12:00:00 AM,1800,2,2,0,0,RAINING,WET,False,REAR END IN TRAFFIC LANES BOTH VEHICLES MOVING,REAR END,STRAIGHT & LEVEL,DAYLIGHT,,,2/3/2020 8:33:16 AM,False,2321,Accepted,
26283676,0568000,LOUISVILLE METRO POLICE DEPT,Accepted,JEFFERSON,KY1065,,OUTER,LOOP,,,,,,,,38.137914503,-85.641277622,8.549,1/31/2020 12:00:00 AM,1613,2,2,0,0,CLOUDY,WET,False,REAR END IN TRAFFIC LANES BOTH VEHICLES MOVING,REAR END,STRAIGHT & LEVEL,DAYLIGHT,,,2/3/2020 8:33:04 AM,False,4693,Accepted,
26283657,0568000,LOUISVILLE METRO POLICE DEPT,Accepted,JEFFERSON,I 0064,,I64 E,,,,,,,,,38.242563148,-85.694906868,8.510,1/31/2020 12:00:00 AM,0750,2,2,0,1,RAINING,WET,False,REAR END IN TRAFFIC LANES BOTH VEHICLES MOVING,REAR END,STRAIGHT & LEVEL,DAYLIGHT,,,2/3/2020 8:31:42 AM,False,2673,Accepted,
26271883,0568000,LOUISVILLE METRO POLICE DEPT,Accepted,JEFFERSON,KY1703,,BAXTER,AVE,,,,,RUFER,,GRINSTEAD,38.237580545,-85.722197504,5.470,1/31/2020 12:00:00 AM,0659,2,2,0,0,RAINING,WET,False,REAR END IN TRAFFIC LANES BOTH VEHICLES MOVING,REAR END,STRAIGHT & LEVEL,DARK-HWY LIGHTED/ON,,,1/31/2020 8:19:13 AM,False,7049,Accepted,
26283671,0568000,LOUISVILLE METRO POLICE DEPT,Accepted,JEFFERSON,KY0841,,GENE SNYDER,FWY,,,,,,,,38.117974655,-85.785370427,5.573,1/31/2020 12:00:00 AM,1135,2,2,0,0,RAINING,WET,False,SIDESWIPE COLLISION - SAME DIRECTION,SIDESWIPE-SAME DIRECTION,STRAIGHT & LEVEL,DAYLIGHT,,,2/3/2020 8:32:42 AM,False,7234,Accepted,
26283670,0568000,LOUISVILLE METRO POLICE DEPT,Accepted,JEFFERSON,US0031W,,DIXIE,HWY,,,,,,,,38.157900425,-85.833659841,12.578,1/31/2020 12:00:00 AM,0927,2,2,0,0,RAINING,WET,False,SIDESWIPE COLLISION - SAME DIRECTION,SIDESWIPE-SAME DIRECTION,STRAIGHT & LEVEL,DAYLIGHT,,,2/3/2020 8:32:37 AM,False,7234,Accepted,
26283728,0568000,LOUISVILLE METRO POLICE DEPT,Accepted,JEFFERSON,I 0065,,I65 S,,,,,I 0065,I65 S EXIT136 ON RAMP FROM  E JACOB ST,I 0065,I65 S EXIT135 OFF RAMP TO  E SAINT CATHERINE ST,38.241242174,-85.753062014,134.945,1/31/2020 12:00:00 AM,2040,2,2,0,0,RAINING,WET,False,SIDESWIPE COLLISION - SAME DIRECTION,SIDESWIPE-SAME DIRECTION,CURVE & LEVEL,DARK-HWY LIGHTED/ON,,,2/3/2020 8:36:35 AM,False,5295,Accepted,
26276189,0560300,ST. MATTHEWS POLICE DEPARTMENT,Accepted,JEFFERSON,I 0264,,I264 E,,,,,,,,,38.254322353,-85.619642863,20.077,1/31/2020 12:00:00 AM,0620,2,2,0,0,RAINING,WET,True,SIDESWIPE COLLISION - SAME DIRECTION,SIDESWIPE-SAME DIRECTION,STRAIGHT & LEVEL,DARK-HWY LIGHTED/ON,,,2/1/2020 1:30:45 AM,False,9164,Accepted,
26283611,0568000,LOUISVILLE METRO POLICE DEPT,Accepted,JEFFERSON,,,SHEPHERDSVILLE,RD,,,,,MARY LAYNE,KY1065,OUTER,38.139280338,-85.657654787,0.016,1/31/2020 12:00:00 AM,1329,2,2,0,0,CLOUDY,WET,False,SIDESWIPE COLLISION - SAME DIRECTION,SIDESWIPE-SAME DIRECTION,STRAIGHT & LEVEL,DAYLIGHT,,,2/3/2020 8:30:24 AM,False,2017,Accepted,
26283764,0568000,LOUISVILLE METRO POLICE DEPT,Accepted,JEFFERSON,I 0265,,I265 N,,,,,,,,,38.309509063,-85.572320173,34.081,1/31/2020 12:00:00 AM,1855,2,2,0,0,CLOUDY,WET,False,SIDESWIPE COLLISION - SAME DIRECTION,SIDESWIPE-SAME DIRECTION,STRAIGHT & LEVEL,DARK (UNKNOWN ROADWAY LIGHTING),,,2/3/2020 8:38:15 AM,False,7529,Accepted,