IncidentID,AgencyORI,AgencyName,IncidentStatusDesc,County,RdwyNumber,Street,RoadwayName,StreetSfx,StreetDir,IntersectionRdwy,IntersectionRdwyName,BetweenStRdwy1,BetweenStRdwyName1,BetweenStRdwy2,BetweenStRdwyName2,Latitude,Longitude,Milepoint,CollisionDate,CollisionTime,UnitsInvolved,MotorVehiclesInvolved,NumberKilled,NumberInjured,Weather,RdwyConditionCode,HitandRun,DirAnalysisCode,MannerofCollision,RdwyCharacter,LightCondition,RampFromRdwyId,RampToRdwyId,AcceptedDate,IsSecondaryCollision,OwnerBadge,IncidentStatus,
26283724,0568000,LOUISVILLE METRO POLICE DEPT,Accepted,JEFFERSON,KY1747,,HURSTBOURNE,PKWY,S,,,,,,,38.220393354,-85.581471401,11.639,1/31/2020 12:00:00 AM,2251,2,2,0,0,CLEAR,WET,True,SIDESWIPE COLLISION - SAME DIRECTION,SIDESWIPE-SAME DIRECTION,STRAIGHT & LEVEL,DARK-HWY LIGHTED/ON,,,2/3/2020 8:36:20 AM,False,5222,Accepted,
26283758,0568000,LOUISVILLE METRO POLICE DEPT,Accepted,JEFFERSON,I 0265,,,,,,,KY3084,OLD HENRY,I 0265,I265 S,38.269416210,-85.503024437,0.392,1/31/2020 12:00:00 AM,0732,2,2,0,0,RAINING,WATER (STANDING OR MOVING),False,SIDESWIPE COLLISION - SAME DIRECTION,SIDESWIPE-SAME DIRECTION,STRAIGHT & LEVEL,DARK-HWY NOT LIGHTED,,,2/3/2020 8:37:48 AM,False,7751,Accepted,
26283716,0568000,LOUISVILLE METRO POLICE DEPT,Accepted,JEFFERSON,KY1631,,CRITTENDEN,DR,,,,,CENTRAL,,FARMINGTON,38.202239463,-85.750755247,0.989,1/31/2020 12:00:00 AM,1630,2,2,0,0,RAINING,WET,False,SIDESWIPE COLLISION - SAME DIRECTION,SIDESWIPE-SAME DIRECTION,STRAIGHT & LEVEL,DAYLIGHT,,,2/3/2020 8:35:44 AM,False,7207,Accepted,
26273932,0568000,LOUISVILLE METRO POLICE DEPT,Accepted,JEFFERSON,KY1703,,NEWBURG,RD,,,,,,,,38.201957837,-85.688839247,2.254,1/31/2020 12:00:00 AM,1040,2,2,0,0,RAINING,WET,True,SIDESWIPE COLLISION - SAME DIRECTION,SIDESWIPE-SAME DIRECTION,STRAIGHT & LEVEL,DAYLIGHT,,,1/31/2020 2:19:20 PM,False,7284,Accepted,
26271885,0568000,LOUISVILLE METRO POLICE DEPT,Accepted,JEFFERSON,,7505,WATTERSON,TRL,S,,,,,,,38.154679662,-85.614733466,2.104,1/31/2020 12:00:00 AM,0636,2,2,0,0,RAINING,WET,False,SIDESWIPE COLLISION - SAME DIRECTION,SIDESWIPE-SAME DIRECTION,STRAIGHT & HILLCREST,DARK-HWY NOT LIGHTED,,,1/31/2020 8:21:29 AM,False,7449,Accepted,
26283773,0568000,LOUISVILLE METRO POLICE DEPT,Accepted,JEFFERSON,US0060,3100,FRANKFORT,AVE,,,,,,,,38.254375139,-85.676623443,2.396,1/31/2020 12:00:00 AM,1520,2,2,0,0,CLOUDY,DRY,False,SIDESWIPE COLLISION - SAME DIRECTION,SIDESWIPE-SAME DIRECTION,STRAIGHT & LEVEL,DAYLIGHT,,,2/3/2020 8:38:50 AM,False,2673,Accepted,
26283856,0568000,LOUISVILLE METRO POLICE DEPT,Accepted,JEFFERSON,KY0061,,PRESTON,ST,S,,,,COLLEGE,,LAMPTON,38.242199003,-85.748097685,12.032,1/31/2020 12:00:00 AM,1224,3,3,0,0,RAINING,WET,False,SIDESWIPE COLLISION - SAME DIRECTION,SIDESWIPE-SAME DIRECTION,STRAIGHT & LEVEL,DAYLIGHT,,,2/3/2020 8:45:09 AM,False,7429,Accepted,
26283737,0568000,LOUISVILLE METRO POLICE DEPT,Accepted,JEFFERSON,,6515,SKY BLUE,AVE,,,,,,,,38.152661161,-85.851177040,0.597,1/31/2020 12:00:00 AM,2305,1,1,0,0,CLEAR,WET,False,OTHER COLLISIONS ON SHOULDER,SINGLE VEHICLE,CURVE & LEVEL,DARK-HWY LIGHTED/ON,,,2/3/2020 8:36:59 AM,False,7321,Accepted,
26295201,0561500,UNIV. OF LOUISVILLE POLICE,Accepted,JEFFERSON,,,FLOYD,ST,S,,,,,,,38.218248085,-85.754230900,2.568,1/31/2020 12:00:00 AM,2022,1,1,0,0,CLOUDY,DRY,False,OTHER COLLISIONS ON SHOULDER,SINGLE VEHICLE,CURVE & GRADE,DARK-HWY LIGHTED/ON,,,2/3/2020 12:07:16 PM,False,5694,Accepted,
26314405,0568000,LOUISVILLE METRO POLICE DEPT,Accepted,JEFFERSON,I 0264,,I264 E,,,,,,,,,38.190116094,-85.756649020,10.600,1/31/2020 12:00:00 AM,1656,2,2,0,0,RAINING,WET,False,REAR END IN TRAFFIC LANES BOTH VEHICLES MOVING,REAR END,STRAIGHT & LEVEL,DARK-HWY LIGHTED/ON,,,2/7/2020 8:11:44 AM,False,2142,Accepted,
26309447,0568000,LOUISVILLE METRO POLICE DEPT,Accepted,JEFFERSON,US0031E,,BARDSTOWN,RD,,,,,,,,38.163381809,-85.596623292,6.638,1/31/2020 12:00:00 AM,1330,2,2,0,0,CLOUDY,WET,True,REAR END IN TRAFFIC LANES BOTH VEHICLES MOVING,REAR END,STRAIGHT & LEVEL,DAYLIGHT,,,2/6/2020 8:14:04 AM,False,7573,Accepted,
26283720,0568000,LOUISVILLE METRO POLICE DEPT,Accepted,JEFFERSON,KY0864,,FEGENBUSH,LN,,,,,,,,38.155345147,-85.636526442,6.101,1/31/2020 12:00:00 AM,2250,2,2,0,3,CLOUDY,WET,False,HEAD-ON COLLISION,HEAD ON,CURVE & GRADE,DARK-HWY NOT LIGHTED,,,2/3/2020 8:36:00 AM,False,7106,Accepted,
26283719,0568000,LOUISVILLE METRO POLICE DEPT,Accepted,JEFFERSON,KY1931,,MANSLICK,RD,,,CONN,,,,,38.195762070,-85.799091473,8.428,1/31/2020 12:00:00 AM,0830,2,2,0,0,RAINING,WET,False,HEAD-ON COLLISION,HEAD ON,STRAIGHT & LEVEL,DAYLIGHT,,,2/3/2020 8:35:56 AM,False,7360,Accepted,
26283707,0568000,LOUISVILLE METRO POLICE DEPT,Accepted,JEFFERSON,US0150,,BROADWAY,,W,,11TH,,,,,38.247402977,-85.769925755,1.745,1/31/2020 12:00:00 AM,1741,2,2,0,1,CLOUDY,WET,False,HEAD-ON COLLISION,HEAD ON,STRAIGHT & LEVEL,DARK-HWY LIGHTED/ON,,,2/3/2020 8:35:07 AM,False,7937,Accepted,
26271864,0568000,LOUISVILLE METRO POLICE DEPT,Accepted,JEFFERSON,I 0264,,,,,,,,,,,38.210066056,-85.670461412,0.036,1/31/2020 12:00:00 AM,0253,2,2,0,0,,,True,OTHER RAMP RELATED COLLISIONS NOT LISTED ABOVE,SIDESWIPE-SAME DIRECTION,STRAIGHT & LEVEL,,US31E N,I 0264,1/31/2020 8:18:10 AM,False,5243,Accepted,
26304428,0568000,LOUISVILLE METRO POLICE DEPT,Accepted,JEFFERSON,,2005,GOLDSMITH,LN,,,,,,,,38.205645892,-85.674061949,0.718,1/31/2020 12:00:00 AM,1545,2,2,0,0,CLOUDY,DRY,False,COLLISION IN PARKING LOT,HEAD ON,STRAIGHT & HILLCREST,DAYLIGHT,,,2/5/2020 8:16:40 AM,False,7750,Accepted,
26283722,0568000,LOUISVILLE METRO POLICE DEPT,Accepted,JEFFERSON,I 0265,,I265 S,,,,,,,,,38.292963045,-85.541542073,31.984,1/31/2020 12:00:00 AM,1757,2,2,0,0,RAINING,WET,False,OTHER ROADWAY OR MID-BLOCK COLLISION,REAR END,STRAIGHT & LEVEL,DUSK,,,2/3/2020 8:36:12 AM,False,7628,Accepted,
26283673,0568000,LOUISVILLE METRO POLICE DEPT,Accepted,JEFFERSON,I 0265,,I265 E,,,,,,,,,38.122603697,-85.622418539,14.740,1/31/2020 12:00:00 AM,1234,1,1,0,0,CLOUDY,WET,False,OTHER ROADWAY OR MID-BLOCK COLLISION,SINGLE VEHICLE,STRAIGHT & LEVEL,DAYLIGHT,,,2/3/2020 8:32:50 AM,False,4693,Accepted,
26283700,0568000,LOUISVILLE METRO POLICE DEPT,Accepted,JEFFERSON,KY1065,6105,OUTER,LOOP,,,,,,,,38.138333544,-85.646739786,8.249,1/31/2020 12:00:00 AM,1649,2,2,0,0,CLEAR,WET,False,OTHER ROADWAY OR MID-BLOCK COLLISION,REAR END,STRAIGHT & LEVEL,DAYLIGHT,,,2/3/2020 8:34:35 AM,False,7812,Accepted,
26274213,0560300,ST. MATTHEWS POLICE DEPARTMENT,Accepted,JEFFERSON,I 0064,,I64 W,,,,,,,,,38.236136009,-85.645526419,11.020,1/31/2020 12:00:00 AM,0830,2,2,0,0,RAINING,WET,False,OTHER ROADWAY OR MID-BLOCK COLLISION,REAR END,STRAIGHT & LEVEL,DAYLIGHT,,,1/31/2020 3:18:55 PM,False,9155,Accepted,
26283684,0568000,LOUISVILLE METRO POLICE DEPT,Accepted,JEFFERSON,I 0264,,,,,,,,,,,38.197253826,-85.705634875,0.106,1/31/2020 12:00:00 AM,1731,3,3,0,0,RAINING,WET,False,OTHER RAMP RELATED COLLISIONS NOT LISTED ABOVE,REAR END,STRAIGHT & GRADE,DAYLIGHT,I 0264,KY0864,2/3/2020 8:33:27 AM,False,2234,Accepted,
26283689,0568000,LOUISVILLE METRO POLICE DEPT,Accepted,JEFFERSON,I 0065,,,,,,,,,,,38.239113158,-85.753309514,0.003,1/31/2020 12:00:00 AM,1800,2,2,0,0,RAINING,WET,True,OTHER RAMP RELATED COLLISIONS NOT LISTED ABOVE,REAR END,STRAIGHT & LEVEL,DARK-HWY LIGHTED/ON,I 0065,E SAINT CATHERINE ST,2/3/2020 8:33:41 AM,False,7296,Accepted,
26273922,0568000,LOUISVILLE METRO POLICE DEPT,Accepted,JEFFERSON,I 0264,,,,,,,,,,,38.221876860,-85.651034728,0.186,1/31/2020 12:00:00 AM,0806,2,2,0,0,RAINING,WET,False,OTHER RAMP RELATED COLLISIONS NOT LISTED ABOVE,REAR END,STRAIGHT & GRADE,DAWN,I 0264,KY0155,1/31/2020 2:18:43 PM,False,7138,Accepted,
26273923,0568000,LOUISVILLE METRO POLICE DEPT,Accepted,JEFFERSON,I 0264,,,,,,,,,,,38.196190951,-85.707470681,0.060,1/31/2020 12:00:00 AM,0800,2,2,0,0,RAINING,WET,False,OTHER RAMP RELATED COLLISIONS NOT LISTED ABOVE,REAR END,STRAIGHT & GRADE,DAYLIGHT,I 0264,KY0864,1/31/2020 2:18:47 PM,False,5130,Accepted,
26283669,0568000,LOUISVILLE METRO POLICE DEPT,Accepted,JEFFERSON,I 0264,,,,,,,,,,,38.222347188,-85.647243133,0.186,1/31/2020 12:00:00 AM,1659,1,1,0,0,RAINING,WET,False,COLLISION WITH FIXED OBJECT NOT IN GORE ,SINGLE VEHICLE,CURVE & GRADE,DAYLIGHT,I 0264,KY0155,2/3/2020 8:32:33 AM,False,7284,Accepted,
26271784,0568000,LOUISVILLE METRO POLICE DEPT,Accepted,JEFFERSON,,,HIKES,LN,,,,,GOLDSMITH,,GLEN OAK,38.204921728,-85.650684985,1.500,1/30/2020 12:00:00 AM,1302,2,2,0,1,CLEAR,DRY,False,OTHER ROADWAY OR MID-BLOCK COLLISION,OPPOSING LEFT TURN,STRAIGHT & LEVEL,DAYLIGHT,,,1/31/2020 8:15:53 AM,False,7497,Accepted,
26274032,0561500,UNIV. OF LOUISVILLE POLICE,Accepted,JEFFERSON,KY1020,1900,3RD,ST,S,,,,,,,38.220424748,-85.761161174,10.314,1/30/2020 12:00:00 AM,0550,1,1,0,0,CLOUDY,WET,False,OTHER ROADWAY OR MID-BLOCK COLLISION,SINGLE VEHICLE,STRAIGHT & LEVEL,DARK-HWY LIGHTED/ON,,,1/31/2020 2:34:37 PM,False,5691,Accepted,
26271827,0568000,LOUISVILLE METRO POLICE DEPT,Accepted,JEFFERSON,US0031W,,DIXIE,HWY,,,,,,,,38.139436651,-85.841871082,11.334,1/30/2020 12:00:00 AM,1317,1,1,0,0,CLOUDY,DRY,False,COLLISION IN PARKING LOT,SINGLE VEHICLE,STRAIGHT & LEVEL,DAYLIGHT,,,1/31/2020 8:16:24 AM,False,7234,Accepted,
26299424,0568000,LOUISVILLE METRO POLICE DEPT,Accepted,JEFFERSON,I 0071,,,,,,,,,,,38.272841894,-85.700036114,0.067,1/30/2020 12:00:00 AM,1028,2,2,0,0,CLEAR,DRY,False,OTHER RAMP RELATED COLLISIONS NOT LISTED ABOVE,REAR END,STRAIGHT & GRADE,DAYLIGHT,I 0071,ZORN AVE,2/4/2020 8:05:03 AM,False,5148,Accepted,
26325507,0568000,LOUISVILLE METRO POLICE DEPT,Accepted,JEFFERSON,I 0264,,,,,,,,,,,38.196299431,-85.707715632,0.248,1/30/2020 12:00:00 AM,1957,2,2,0,0,CLEAR,DRY,False,OTHER RAMP RELATED COLLISIONS NOT LISTED ABOVE,REAR END,STRAIGHT & LEVEL,DARK-HWY LIGHTED/ON,I 0264,KY0864,2/10/2020 8:25:07 AM,False,7972,Accepted,
26314404,0568000,LOUISVILLE METRO POLICE DEPT,Accepted,JEFFERSON,I 0264,,I264 W,,,,,,,,,38.195857586,-85.707303598,13.400,1/30/2020 12:00:00 AM,1735,2,2,0,0,CLEAR,DRY,False,REAR END IN TRAFFIC LANES BOTH VEHICLES MOVING,REAR END,STRAIGHT & LEVEL,DARK-HWY LIGHTED/ON,,,2/7/2020 8:11:34 AM,False,2142,Accepted,
26265945,0568000,LOUISVILLE METRO POLICE DEPT,Accepted,JEFFERSON,I 0265,,I265 E,,,,,I 0265,I265 N,I 0064,I64 N EXIT25A RAMP TO I64 E,38.218307938,-85.505938136,25.173,1/30/2020 12:00:00 AM,0547,2,2,0,0,CLEAR,DRY,False,SIDESWIPE COLLISION - SAME DIRECTION,SIDESWIPE-SAME DIRECTION,STRAIGHT & LEVEL,DARK-HWY LIGHTED/ON,,,1/30/2020 8:13:55 AM,False,5128,Accepted,
26304419,0568000,LOUISVILLE METRO POLICE DEPT,Accepted,JEFFERSON,,,BLUEGRASS,AVE,,,,,CHURCHMAN,KY1931,MANSLICK,38.179427454,-85.794139191,0.258,1/30/2020 12:00:00 AM,2353,2,2,0,2,CLOUDY,DRY,False,HEAD-ON COLLISION,HEAD ON,STRAIGHT & LEVEL,DARK-HWY LIGHTED/ON,,,2/5/2020 8:16:05 AM,False,7032,Accepted,
26271833,0568000,LOUISVILLE METRO POLICE DEPT,Accepted,JEFFERSON,US0031E,,BARDSTOWN,RD,,,,,,,,38.145812582,-85.585267216,5.238,1/30/2020 12:00:00 AM,1545,3,3,0,0,CLOUDY,DRY,False,SIDESWIPE COLLISION - SAME DIRECTION,SIDESWIPE-SAME DIRECTION,STRAIGHT & LEVEL,DAYLIGHT,,,1/31/2020 8:16:43 AM,False,4693,Accepted,
26271851,0568000,LOUISVILLE METRO POLICE DEPT,Accepted,JEFFERSON,,,LEXINGTON,RD,,,,,PAYNE,,COOPER,38.250676577,-85.721269436,0.699,1/30/2020 12:00:00 AM,1956,2,2,0,0,CLEAR,DRY,False,SIDESWIPE COLLISION - SAME DIRECTION,SIDESWIPE-SAME DIRECTION,STRAIGHT & LEVEL,DARK-HWY LIGHTED/ON,,,1/31/2020 8:17:43 AM,False,7049,Accepted,
26271849,0568000,LOUISVILLE METRO POLICE DEPT,Accepted,JEFFERSON,I 0265,,I265 N,,,,,,,,,38.301047578,-85.553740638,32.909,1/30/2020 12:00:00 AM,1941,2,2,0,0,CLEAR,DRY,False,SIDESWIPE COLLISION - SAME DIRECTION,SIDESWIPE-SAME DIRECTION,STRAIGHT & LEVEL,DARK-HWY LIGHTED/ON,,,1/31/2020 8:17:36 AM,False,5155,Accepted,
26299440,0568000,LOUISVILLE METRO POLICE DEPT,Accepted,JEFFERSON,KY1865,,TAYLOR,BLVD,,,,,BROOKLINE,,WALTER,38.175439705,-85.782606078,4.702,1/30/2020 12:00:00 AM,1916,2,2,0,0,CLEAR,DRY,True,SIDESWIPE COLLISION - SAME DIRECTION,SIDESWIPE-SAME DIRECTION,STRAIGHT & LEVEL,DARK (UNKNOWN ROADWAY LIGHTING),,,2/4/2020 8:06:06 AM,False,5111,Accepted,
26283851,0568000,LOUISVILLE METRO POLICE DEPT,Accepted,JEFFERSON,I 0071,,I71 S,,,,,,,,,38.276882984,-85.694318480,2.000,1/30/2020 12:00:00 AM,0744,2,2,0,0,CLOUDY,DRY,True,SIDESWIPE COLLISION - SAME DIRECTION,SIDESWIPE-SAME DIRECTION,STRAIGHT & LEVEL,DARK-HWY LIGHTED/ON,,,2/3/2020 8:44:42 AM,False,4656,Accepted,
26271762,0568000,LOUISVILLE METRO POLICE DEPT,Accepted,JEFFERSON,I 0065,,I65 N,,,,,,,,,38.125219407,-85.701900202,125.866,1/30/2020 12:00:00 AM,0649,2,2,0,0,OTHER,DRY,True,SIDESWIPE COLLISION - SAME DIRECTION,SIDESWIPE-SAME DIRECTION,STRAIGHT & LEVEL,DARK-HWY LIGHTED/ON,,,1/31/2020 8:14:38 AM,False,4903,Accepted,
26271846,0568000,LOUISVILLE METRO POLICE DEPT,Accepted,JEFFERSON,KY1931,,MANSLICK,RD,,,,,,,,38.196226282,-85.799073821,8.444,1/30/2020 12:00:00 AM,1510,2,2,0,0,CLOUDY,DRY,False,SIDESWIPE COLLISION - SAME DIRECTION,SIDESWIPE-SAME DIRECTION,CURVE & LEVEL,DAYLIGHT,,,1/31/2020 8:17:25 AM,False,7422,Accepted,
26304302,0568000,LOUISVILLE METRO POLICE DEPT,Accepted,JEFFERSON,US0031W,,DIXIE,HWY,,,,,,,,38.094909703,-85.874336275,7.667,1/30/2020 12:00:00 AM,0930,2,2,0,0,CLEAR,DRY,False,SIDESWIPE COLLISION - SAME DIRECTION,SIDESWIPE-SAME DIRECTION,STRAIGHT & LEVEL,DAYLIGHT,,,2/5/2020 8:09:10 AM,False,7524,Accepted,
26283910,0568000,LOUISVILLE METRO POLICE DEPT,Accepted,JEFFERSON,,945,5TH,ST,S,,,,BASEBALL,,GARLAND,38.240246581,-85.760640906,2.658,1/30/2020 12:00:00 AM,0937,2,2,0,0,CLEAR,DRY,False,SIDESWIPE COLLISION - SAME DIRECTION,SIDESWIPE-SAME DIRECTION,STRAIGHT & LEVEL,DAYLIGHT,,,2/3/2020 8:47:47 AM,False,7441,Accepted,
26271781,0568000,LOUISVILLE METRO POLICE DEPT,Accepted,JEFFERSON,KY2048,,CANNONS,LN,,,,,,,,38.236222580,-85.658793183,1.336,1/30/2020 12:00:00 AM,0746,3,3,0,0,CLEAR,ICE,False,REAR END IN TRAFFIC LANES BOTH VEHICLES MOVING,REAR END,STRAIGHT & LEVEL,DAYLIGHT,,,1/31/2020 8:15:48 AM,False,5168,Accepted,
26271787,0568000,LOUISVILLE METRO POLICE DEPT,Accepted,JEFFERSON,KY1931,2105,7TH ST,RD,,,,,BERNHEIM,,EUCLID,38.219423246,-85.777995813,10.413,1/30/2020 12:00:00 AM,0750,2,2,0,0,CLEAR,DRY,True,REAR END IN TRAFFIC LANES BOTH VEHICLES MOVING,REAR END,STRAIGHT & LEVEL,DAYLIGHT,,,1/31/2020 8:15:57 AM,False,2531,Accepted,
26271844,0568000,LOUISVILLE METRO POLICE DEPT,Accepted,JEFFERSON,KY1932,,BRECKENRIDGE,LN,,,,,HIKES,,CHURCHILL PARK,38.218019226,-85.628396857,2.681,1/30/2020 12:00:00 AM,1338,2,2,0,0,CLEAR,DRY,False,REAR END IN TRAFFIC LANES BOTH VEHICLES MOVING,REAR END,STRAIGHT & LEVEL,DAYLIGHT,,,1/31/2020 8:17:17 AM,False,5247,Accepted,
26294939,0568000,LOUISVILLE METRO POLICE DEPT,Accepted,JEFFERSON,I 0065,,I65 N,,,,,,,,,38.244588424,-85.752331377,135.181,1/30/2020 12:00:00 AM,1845,2,2,0,2,CLEAR,DRY,False,REAR END IN TRAFFIC LANES BOTH VEHICLES MOVING,REAR END,STRAIGHT & LEVEL,DARK-HWY NOT LIGHTED,,,2/3/2020 11:12:45 AM,False,7628,Accepted,
26271821,0568000,LOUISVILLE METRO POLICE DEPT,Accepted,JEFFERSON,US0060,,SHELBYVILLE,RD,,,,,,,,38.245666165,-85.567722930,8.355,1/30/2020 12:00:00 AM,1518,2,2,0,0,CLOUDY,DRY,False,OTHER ROADWAY OR MID-BLOCK COLLISION,OPPOSING LEFT TURN,STRAIGHT & LEVEL,DAYLIGHT,,,1/31/2020 8:16:13 AM,False,2218,Accepted,
26271836,0568000,LOUISVILLE METRO POLICE DEPT,Accepted,JEFFERSON,,,BRECKINRIDGE,ST,E,,,KY0864,LOGAN,,SWAN,38.239596315,-85.736944719,0.658,1/30/2020 12:00:00 AM,1052,1,1,0,0,CLOUDY,DRY,False,OTHER ROADWAY OR MID-BLOCK COLLISION,SINGLE VEHICLE,STRAIGHT & GRADE,DAYLIGHT,,,1/31/2020 8:16:54 AM,False,7407,Accepted,
26271813,0568000,LOUISVILLE METRO POLICE DEPT,Accepted,JEFFERSON,,6302,SHAFFER,LN,,,,,,,,38.153524761,-85.559374728,0.014,1/30/2020 12:00:00 AM,1326,1,1,0,1,CLOUDY,DRY,False,OTHER ROADWAY OR MID-BLOCK COLLISION,SINGLE VEHICLE,CURVE & LEVEL,DAYLIGHT,,,1/31/2020 8:16:06 AM,False,2017,Accepted,
26283852,0568000,LOUISVILLE METRO POLICE DEPT,Accepted,JEFFERSON,I 0071,,I71 S,,,,,,,,,38.276882984,-85.694318480,2.000,1/30/2020 12:00:00 AM,0811,3,3,0,3,CLOUDY,DRY,False,OTHER ROADWAY OR MID-BLOCK COLLISION,REAR END,STRAIGHT & LEVEL,DAYLIGHT,,,2/3/2020 8:44:48 AM,False,4656,Accepted,
26271834,0568000,LOUISVILLE METRO POLICE DEPT,Accepted,JEFFERSON,KY1450,,BLUE LICK,RD,,,,,,,,38.115924891,-85.689497959,2.145,1/30/2020 12:00:00 AM,1710,2,2,0,2,CLOUDY,DRY,False,1 VEHICLE ENTERING/LEAVING ENTRANCE,ANGLE,STRAIGHT & LEVEL,DAYLIGHT,,,1/31/2020 8:16:47 AM,False,4693,Accepted,
26271840,0568000,LOUISVILLE METRO POLICE DEPT,Accepted,JEFFERSON,KY1747,,HURSTBOURNE,PKWY,N,,,,,,,38.287742000,-85.572520664,17.049,1/30/2020 12:00:00 AM,1621,2,2,0,0,CLEAR,DRY,False,1 VEHICLE ENTERING/LEAVING ENTRANCE,ANGLE,STRAIGHT & LEVEL,DAYLIGHT,,,1/31/2020 8:17:04 AM,False,7839,Accepted,
26271831,0568000,LOUISVILLE METRO POLICE DEPT,Accepted,JEFFERSON,,,ALEXANDER,AVE,,,,,FETTER,US0060A,EASTERN,38.216490132,-85.740872294,0.311,1/30/2020 12:00:00 AM,0856,2,2,0,0,CLEAR,DRY,False,1 VEHICLE ENTERING/LEAVING ENTRANCE,ANGLE,STRAIGHT & LEVEL,DAWN,,,1/31/2020 8:16:37 AM,False,7322,Accepted,
26304320,0568000,LOUISVILLE METRO POLICE DEPT,Accepted,JEFFERSON,US0060,,SHELBYVILLE,RD,,,,,,,,38.249031614,-85.608983406,6.100,1/30/2020 12:00:00 AM,1303,2,2,0,0,CLOUDY,DRY,False,1 VEHICLE ENTERING/LEAVING ENTRANCE,ANGLE,STRAIGHT & LEVEL,DAYLIGHT,,,2/5/2020 8:10:11 AM,False,5180,Accepted,
26592653,0566900,LOUISVILLE AIRPORT POLICE,Accepted,JEFFERSON,,4650,AIRFREIGHT,DR,,,,,,,,38.183464278,-85.744002717,0.470,1/30/2020 12:00:00 AM,0913,2,2,0,0,CLEAR,DRY,False,1 VEHICLE PARKED POSITION (NOT PARKING LOT/DRIVEWAY),BACKING,STRAIGHT & LEVEL,DAYLIGHT,,,4/10/2020 7:28:37 AM,False,5857,Accepted,
26271766,0568000,LOUISVILLE METRO POLICE DEPT,Accepted,JEFFERSON,,1951,BONNYCASTLE,AVE,,,,,,,,38.230620311,-85.705340724,0.514,1/30/2020 12:00:00 AM,0030,2,2,0,0,CLEAR,WET,True,1 VEHICLE PARKED POSITION (NOT PARKING LOT/DRIVEWAY),SIDESWIPE-SAME DIRECTION,STRAIGHT & LEVEL,DAYLIGHT,,,1/31/2020 8:14:51 AM,False,5112,Accepted,
26271877,0568000,LOUISVILLE METRO POLICE DEPT,Accepted,JEFFERSON,,1831,ORMSBY,AVE,W,,,,,,,38.235599587,-85.788701133,1.634,1/30/2020 12:00:00 AM,1830,2,2,0,0,CLEAR,DRY,True,1 VEHICLE PARKED POSITION (NOT PARKING LOT/DRIVEWAY),SIDESWIPE-OPPOSITE DIRECTION,STRAIGHT & LEVEL,DARK (UNKNOWN ROADWAY LIGHTING),,,1/31/2020 8:18:47 AM,False,5164,Accepted,
26271770,0568000,LOUISVILLE METRO POLICE DEPT,Accepted,JEFFERSON,US0031E,,BARDSTOWN,RD,,,,,GARDINER,I 0264,I264 W EXIT16 ON RAMP FROM US31E S,38.212335792,-85.672247251,12.120,1/30/2020 12:00:00 AM,0725,1,1,0,0,CLOUDY,WET,False,COLLISION WITH FIXED OBJECT NON - INTERSECTION - FIRST EVENT COLLISION 09 - 32 EXCLUDING 16,SINGLE VEHICLE,STRAIGHT & LEVEL,DAWN,,,1/31/2020 8:15:05 AM,False,7793,Accepted,
26271822,0568000,LOUISVILLE METRO POLICE DEPT,Accepted,JEFFERSON,,2720,WINDSOR FOREST,DR,,,,,,,,38.122114594,-85.808244247,1.145,1/30/2020 12:00:00 AM,1020,1,1,0,0,CLEAR,DRY,False,COLLISION WITH FIXED OBJECT NON - INTERSECTION - FIRST EVENT COLLISION 09 - 32 EXCLUDING 16,SINGLE VEHICLE,STRAIGHT & GRADE,DAYLIGHT,,,1/31/2020 8:16:17 AM,False,7144,Accepted,
26271850,0568000,LOUISVILLE METRO POLICE DEPT,Accepted,JEFFERSON,US0060,,SHELBYVILLE,RD,,,,,BIRCHAM,,BECKLEY CREEK,38.236017459,-85.475792451,13.613,1/30/2020 12:00:00 AM,0644,1,1,0,0,CLOUDY,WET,False,COLLISION WITH FIXED OBJECT NON - INTERSECTION - FIRST EVENT COLLISION 09 - 32 EXCLUDING 16,SINGLE VEHICLE,STRAIGHT & GRADE,DARK-HWY NOT LIGHTED,,,1/31/2020 8:17:40 AM,False,6931,Accepted,
26265940,0568000,LOUISVILLE METRO POLICE DEPT,Accepted,JEFFERSON,KY1727,7811,TERRY,RD,,,,,MILLER PARK,,PLAYER,38.139614911,-85.872740080,1.237,1/30/2020 12:00:00 AM,0023,1,1,0,0,CLOUDY,WET,True,COLLISION WITH FIXED OBJECT NON - INTERSECTION - FIRST EVENT COLLISION 09 - 32 EXCLUDING 16,SINGLE VEHICLE,STRAIGHT & LEVEL,DARK-HWY LIGHTED/ON,,,1/30/2020 8:13:38 AM,False,5211,Accepted,
26271801,0568000,LOUISVILLE METRO POLICE DEPT,Accepted,JEFFERSON,US0060A,,LEXINGTON,RD,,KY2048,CANNONS,,,,,38.249613284,-85.666930389,9.969,1/30/2020 12:00:00 AM,1047,1,1,0,0,CLEAR,DRY,True,OTHER INTERSECTION COLLISIONS,SINGLE VEHICLE,CURVE & LEVEL,DAYLIGHT,,,1/31/2020 8:16:03 AM,False,7043,Accepted,