IncidentID,AgencyORI,AgencyName,IncidentStatusDesc,County,RdwyNumber,Street,RoadwayName,StreetSfx,StreetDir,IntersectionRdwy,IntersectionRdwyName,BetweenStRdwy1,BetweenStRdwyName1,BetweenStRdwy2,BetweenStRdwyName2,Latitude,Longitude,Milepoint,CollisionDate,CollisionTime,UnitsInvolved,MotorVehiclesInvolved,NumberKilled,NumberInjured,Weather,RdwyConditionCode,HitandRun,DirAnalysisCode,MannerofCollision,RdwyCharacter,LightCondition,RampFromRdwyId,RampToRdwyId,AcceptedDate,IsSecondaryCollision,OwnerBadge,IncidentStatus,
26271842,0568000,LOUISVILLE METRO POLICE DEPT,Accepted,JEFFERSON,,,3RD,ST,S,,LANSING,,,,,38.192601038,-85.764948221,0.551,1/30/2020 12:00:00 AM,1056,2,2,0,0,CLOUDY,DRY,False,OTHER INTERSECTION COLLISIONS,REAR END,STRAIGHT & LEVEL,DAYLIGHT,,,1/31/2020 8:17:10 AM,False,7398,Accepted,
26271873,0568000,LOUISVILLE METRO POLICE DEPT,Accepted,JEFFERSON,KY1747,,HURSTBOURNE,PKWY,S,,BUNSEN,,,,,38.218760265,-85.584047448,11.462,1/30/2020 12:00:00 AM,1900,2,2,0,1,CLEAR,DRY,False,OTHER INTERSECTION COLLISIONS,REAR END,STRAIGHT & LEVEL,DARK-HWY LIGHTED/ON,,,1/31/2020 8:18:32 AM,False,5165,Accepted,
26271765,0568000,LOUISVILLE METRO POLICE DEPT,Accepted,JEFFERSON,I 0064,,,,,US0042,STORY,,,,,38.257864258,-85.723685129,0.154,1/30/2020 12:00:00 AM,0840,2,2,0,0,CLEAR,DRY,False,OTHER INTERSECTION COLLISIONS,REAR END,STRAIGHT & GRADE,DAYLIGHT,,,1/31/2020 8:14:48 AM,False,2855,Accepted,
26271832,0568000,LOUISVILLE METRO POLICE DEPT,Accepted,JEFFERSON,KY1020,,3RD,ST,S,,BRANDEIS,,,,,38.219288313,-85.761420916,10.235,1/30/2020 12:00:00 AM,1217,2,2,0,0,CLEAR,DRY,True,OTHER INTERSECTION COLLISIONS,REAR END,STRAIGHT & LEVEL,DAYLIGHT,,,1/31/2020 8:16:40 AM,False,7322,Accepted,
26269939,0560300,ST. MATTHEWS POLICE DEPARTMENT,Accepted,JEFFERSON,US0060,5000,SHELBYVILLE,RD,,,TEN PIN,,,,,38.250318423,-85.623168171,5.326,1/30/2020 12:00:00 AM,1515,2,2,0,0,CLEAR,DRY,False,OTHER INTERSECTION COLLISIONS,REAR END,STRAIGHT & LEVEL,DAYLIGHT,,,1/30/2020 10:28:25 PM,False,9192,Accepted,
26304321,0568000,LOUISVILLE METRO POLICE DEPT,Accepted,JEFFERSON,US0060,,SHELBYVILLE,RD,,,WHITTINGTON,,,,,38.246737590,-85.581144409,7.630,1/30/2020 12:00:00 AM,1818,2,2,0,0,CLEAR,DRY,False,OTHER INTERSECTION COLLISIONS,REAR END,STRAIGHT & LEVEL,DARK-HWY NOT LIGHTED,,,2/5/2020 8:10:17 AM,False,5180,Accepted,
26271845,0568000,LOUISVILLE METRO POLICE DEPT,Accepted,JEFFERSON,KY1934,,CANE RUN,RD,,KY2051,LEES,,,,,38.184120107,-85.855084028,7.746,1/30/2020 12:00:00 AM,1501,4,4,0,0,CLEAR,DRY,False,OTHER INTERSECTION COLLISIONS,REAR END,STRAIGHT & LEVEL,DAYLIGHT,,,1/31/2020 8:17:21 AM,False,5032,Accepted,
26271879,0568000,LOUISVILLE METRO POLICE DEPT,Accepted,JEFFERSON,I 0265,,I265 N,,,I 0071,I71 N EXIT35A RAMP TO I71 N,,,,,38.312161510,-85.576874641,34.363,1/30/2020 12:00:00 AM,0716,4,4,0,0,CLOUDY,DRY,False,OTHER INTERSECTION COLLISIONS,REAR END,STRAIGHT & HILLCREST,DAYLIGHT,,,1/31/2020 8:18:55 AM,False,7720,Accepted,
26271862,0568000,LOUISVILLE METRO POLICE DEPT,Accepted,JEFFERSON,KY1447,,WESTPORT,RD,,I 0265,I265 N EXIT33 ON RAMP FROM KY1447,,,,,38.297964336,-85.547010864,6.752,1/30/2020 12:00:00 AM,2155,2,2,0,0,CLEAR,DRY,False,OTHER INTERSECTION COLLISIONS,REAR END,STRAIGHT & LEVEL,DARK-HWY LIGHTED/OFF,,,1/31/2020 8:18:01 AM,False,7369,Accepted,
26299426,0568000,LOUISVILLE METRO POLICE DEPT,Accepted,JEFFERSON,KY1931,,GREENWOOD,RD,,,DEVEREAUX,,,,,38.144806133,-85.875402613,1.182,1/30/2020 12:00:00 AM,1623,1,1,0,0,CLEAR,DRY,False,OTHER INTERSECTION COLLISIONS,SINGLE VEHICLE,STRAIGHT & LEVEL,DAYLIGHT,,,2/4/2020 8:05:14 AM,False,7339,Accepted,
26271772,0568000,LOUISVILLE METRO POLICE DEPT,Accepted,JEFFERSON,US0150,,BROADWAY,,W,,5TH,,,,,38.246204413,-85.760055967,2.293,1/30/2020 12:00:00 AM,0936,2,2,0,0,CLEAR,DRY,False,OTHER INTERSECTION COLLISIONS,REAR END,STRAIGHT & LEVEL,DAYLIGHT,,,1/31/2020 8:15:22 AM,False,5187,Accepted,
26271880,0568000,LOUISVILLE METRO POLICE DEPT,Accepted,JEFFERSON,I 0265,,I265 N,,,I 0071,I71 N EXIT35A RAMP TO I71 N,,,,,38.312080979,-85.576674318,34.373,1/30/2020 12:00:00 AM,0823,3,3,0,0,CLOUDY,DRY,False,OTHER INTERSECTION COLLISIONS,REAR END,STRAIGHT & HILLCREST,DAYLIGHT,,,1/31/2020 8:18:59 AM,False,7720,Accepted,
26271771,0568000,LOUISVILLE METRO POLICE DEPT,Accepted,JEFFERSON,,,GWENDOLYN,ST,,KY0864,SHELBY,,,,,38.232714117,-85.741587629,0.001,1/30/2020 12:00:00 AM,0959,2,2,0,0,CLEAR,DRY,False,SIDESWIPE-SAME DIRECTION,SIDESWIPE-SAME DIRECTION,STRAIGHT & LEVEL,DAYLIGHT,,,1/31/2020 8:15:11 AM,False,7391,Accepted,
26301191,0568000,LOUISVILLE METRO POLICE DEPT,Accepted,JEFFERSON,US0150,,BROADWAY,,W,,6TH,,,,,38.246316676,-85.761773166,2.171,1/30/2020 12:00:00 AM,1553,2,1,0,0,CLEAR,DRY,False,OTHER INTERSECTION COLLISIONS,REAR END,STRAIGHT & LEVEL,DAYLIGHT,,,2/4/2020 1:25:44 PM,False,5173,Accepted,
26295200,0561500,UNIV. OF LOUISVILLE POLICE,Accepted,JEFFERSON,,,CARDINAL,BLVD,W,,4TH,,,,,38.220767524,-85.762826111,0.274,1/30/2020 12:00:00 AM,2013,2,2,0,0,OTHER,WET,True,OTHER INTERSECTION COLLISIONS,REAR END,STRAIGHT & LEVEL,DARK-HWY LIGHTED/ON,,,2/3/2020 12:07:10 PM,False,5686,Accepted,
26271860,0568000,LOUISVILLE METRO POLICE DEPT,Accepted,JEFFERSON,,5801,FEGENBUSH,LN,,,,,,,,38.166172755,-85.640435566,1.462,1/30/2020 12:00:00 AM,2218,1,1,0,0,CLEAR,DRY,False,COLLISION WITH ANIMAL NON INTERSECTION,SINGLE VEHICLE,STRAIGHT & LEVEL,DARK (UNKNOWN ROADWAY LIGHTING),,,1/31/2020 8:17:53 AM,False,7492,Accepted,
26562368,0568000,LOUISVILLE METRO POLICE DEPT,Accepted,JEFFERSON,KY1865,,NEW CUT,RD,,,BROWN AUSTIN,,,,,38.124152001,-85.776485801,1.114,1/30/2020 12:00:00 AM,0601,2,2,0,0,CLEAR,DRY,False,OTHER INTERSECTION COLLISIONS,REAR END,STRAIGHT & LEVEL,DARK-HWY LIGHTED/ON,,,3/30/2020 8:23:05 AM,False,5263,Accepted,
26271792,0568000,LOUISVILLE METRO POLICE DEPT,Accepted,JEFFERSON,,,LARCHMONT,AVE,,US0060A,TAYLOR,,,,,38.206354254,-85.777689074,0.061,1/30/2020 12:00:00 AM,1115,2,2,0,0,CLOUDY,DRY,True,COLLISION WITH PARKED VEHICLE,SIDESWIPE-SAME DIRECTION,STRAIGHT & LEVEL,DAYLIGHT,,,1/31/2020 8:16:00 AM,False,5260,Accepted,
26271828,0568000,LOUISVILLE METRO POLICE DEPT,Accepted,JEFFERSON,,,DIXIE,HWY,,KY2054,ALGONQUIN,,,,,38.223213706,-85.792609384,1.862,1/30/2020 12:00:00 AM,1712,1,1,0,1,CLOUDY,DRY,False,COLLISION WITH FIXED OBJECT IN INTERSECTION - FIRST EVENT COLLISION 09 - 32,SINGLE VEHICLE,STRAIGHT & LEVEL,DAYLIGHT,,,1/31/2020 8:16:27 AM,False,7326,Accepted,
26299456,0568000,LOUISVILLE METRO POLICE DEPT,Accepted,JEFFERSON,,,1ST,ST,S,,JACOB,,,,,38.244378193,-85.753611066,0.814,1/30/2020 12:00:00 AM,1700,1,1,0,0,CLEAR,DRY,False,COLLISION WITH FIXED OBJECT IN INTERSECTION - FIRST EVENT COLLISION 09 - 32,SINGLE VEHICLE,STRAIGHT & LEVEL,DAYLIGHT,,,2/4/2020 8:06:55 AM,False,7441,Accepted,
26299469,0568000,LOUISVILLE METRO POLICE DEPT,Accepted,JEFFERSON,,,DAHLIA,DR,,US0060A,EASTERN,,,,,38.225190120,-85.724390988,,1/30/2020 12:00:00 AM,2200,1,1,0,0,CLOUDY,DRY,False,COLLISION WITH FIXED OBJECT IN INTERSECTION - FIRST EVENT COLLISION 09 - 32,SINGLE VEHICLE,STRAIGHT & HILLCREST,DARK-HWY LIGHTED/ON,,,2/4/2020 8:07:41 AM,False,5188,Accepted,
26271843,0568000,LOUISVILLE METRO POLICE DEPT,Accepted,JEFFERSON,,,WITHERSPOON,ST,E,,FLOYD,,,,,38.257740274,-85.747536373,0.206,1/30/2020 12:00:00 AM,1723,2,1,0,1,CLEAR,DRY,False,COLLISION WITH BICYCLE IN INTERSECTION,SINGLE VEHICLE,STRAIGHT & LEVEL,DAYLIGHT,,,1/31/2020 8:17:14 AM,False,5168,Accepted,
26271875,0568000,LOUISVILLE METRO POLICE DEPT,Accepted,JEFFERSON,,,1ST,ST,S,,ST CATHERINE,,,,,38.236875667,-85.754906093,1.336,1/30/2020 12:00:00 AM,1913,2,2,0,0,CLEAR,DRY,False,ANGLE COLLISION - OTHER,ANGLE,STRAIGHT & LEVEL,DARK-HWY LIGHTED/ON,,,1/31/2020 8:18:39 AM,False,5186,Accepted,
26271865,0568000,LOUISVILLE METRO POLICE DEPT,Accepted,JEFFERSON,,,RIVER PARK,DR,,,30TH,,,,,38.253718504,-85.800915336,1.429,1/30/2020 12:00:00 AM,1929,2,2,0,0,CLOUDY,DRY,False,ANGLE COLLISION - OTHER,ANGLE,STRAIGHT & LEVEL,DARK-HWY LIGHTED/ON,,,1/31/2020 8:18:13 AM,False,7253,Accepted,
26271829,0568000,LOUISVILLE METRO POLICE DEPT,Accepted,JEFFERSON,,,CEDRUS,CIR,,,YEW,,,,,38.174336071,-85.670477524,0.371,1/30/2020 12:00:00 AM,1323,2,2,0,0,CLOUDY,DRY,False,ANGLE COLLISION - OTHER,ANGLE,STRAIGHT & LEVEL,DAYLIGHT,,,1/31/2020 8:16:30 AM,False,7540,Accepted,
26271830,0568000,LOUISVILLE METRO POLICE DEPT,Accepted,JEFFERSON,,,SOUTHSIDE,DR,,,TENNY,,,,,38.176680872,-85.764723930,0.002,1/30/2020 12:00:00 AM,1651,2,2,0,0,CLOUDY,DRY,False,ANGLE COLLISION - OTHER,ANGLE,STRAIGHT & LEVEL,DUSK,,,1/31/2020 8:16:34 AM,False,5260,Accepted,
26271819,0568000,LOUISVILLE METRO POLICE DEPT,Accepted,JEFFERSON,,,TIERNEY,AVE,,,SOUTH,,,,,38.088769702,-85.885107900,0.257,1/30/2020 12:00:00 AM,1510,2,2,0,1,CLEAR,DRY,False,ANGLE COLLISION - OTHER,ANGLE,STRAIGHT & LEVEL,DAYLIGHT,,,1/31/2020 8:16:10 AM,False,7496,Accepted,
26271852,0568000,LOUISVILLE METRO POLICE DEPT,Accepted,JEFFERSON,KY0907,,3RD ST,RD,,,PAGES,,,,,38.115240481,-85.835143168,2.086,1/30/2020 12:00:00 AM,1936,2,2,0,0,CLEAR,DRY,False,OPPOSING LEFT TURN,OPPOSING LEFT TURN,STRAIGHT & LEVEL,DARK (UNKNOWN ROADWAY LIGHTING),,,1/31/2020 8:17:46 AM,False,5048,Accepted,
26265938,0568000,LOUISVILLE METRO POLICE DEPT,Accepted,JEFFERSON,,,BISHOP,LN,,KY1703,NEWBURG,,,,,38.200712200,-85.685921802,1.447,1/29/2020 12:00:00 AM,2001,2,2,0,0,RAINING,WET,False,REAR END - ONE VEHICLE TURNING RIGHT,REAR END,STRAIGHT & LEVEL,DARK-HWY LIGHTED/ON,,,1/30/2020 8:13:31 AM,False,5001,Accepted,
26265897,0568000,LOUISVILLE METRO POLICE DEPT,Accepted,JEFFERSON,,,CASTLEWOOD,AVE,,KY1703,BAXTER,,,,,38.230347308,-85.716351790,0.006,1/29/2020 12:00:00 AM,1553,2,2,0,0,CLEAR,DRY,False,REAR END - ONE VEHICLE TURNING RIGHT,REAR END,CURVE & HILLCREST,DARK-HWY NOT LIGHTED,,,1/30/2020 8:10:46 AM,False,5250,Accepted,
26265919,0568000,LOUISVILLE METRO POLICE DEPT,Accepted,JEFFERSON,,,FLOYD,ST,S,,OAK,,,,,38.234220409,-85.751654571,1.493,1/29/2020 12:00:00 AM,1129,2,2,0,3,CLOUDY,DRY,False,ANGLE COLLISION - OTHER,ANGLE,STRAIGHT & LEVEL,DAYLIGHT,,,1/30/2020 8:12:15 AM,False,7441,Accepted,
26265905,0568000,LOUISVILLE METRO POLICE DEPT,Accepted,JEFFERSON,,,HOWARD,ST,,US0031W,22ND,,,,,38.245652478,-85.788816420,0.090,1/29/2020 12:00:00 AM,0922,2,2,0,0,CLOUDY,DRY,False,ANGLE COLLISION - OTHER,ANGLE,STRAIGHT & LEVEL,DAYLIGHT,,,1/30/2020 8:11:14 AM,False,7326,Accepted,
26265930,0568000,LOUISVILLE METRO POLICE DEPT,Accepted,JEFFERSON,,,5TH,ST,S,,LANSING,,,,,38.192512945,-85.768307263,1.173,1/29/2020 12:00:00 AM,2044,2,2,0,0,RAINING,WET,False,ANGLE COLLISION - OTHER,ANGLE,STRAIGHT & LEVEL,DARK-HWY LIGHTED/ON,,,1/30/2020 8:13:02 AM,False,5175,Accepted,
26283712,0568000,LOUISVILLE METRO POLICE DEPT,Accepted,JEFFERSON,US0031E,,BARDSTOWN,RD,,,GOLDSMITH,,,,,38.208409148,-85.668999369,11.768,1/29/2020 12:00:00 AM,0634,2,2,0,0,CLEAR,DRY,False,ANGLE COLLISION - OTHER,ANGLE,STRAIGHT & LEVEL,DAWN,,,2/3/2020 8:35:35 AM,False,7383,Accepted,
26271878,0568000,LOUISVILLE METRO POLICE DEPT,Accepted,JEFFERSON,KY1932,,BRECKENRIDGE,LN,,,SIX MILE,,,,,38.197633762,-85.625107798,1.131,1/29/2020 12:00:00 AM,2339,2,2,0,1,RAINING,WET,True,ANGLE COLLISION - OTHER,ANGLE,STRAIGHT & HILLCREST,DARK-HWY LIGHTED/ON,,,1/31/2020 8:18:51 AM,False,5117,Accepted,
26304340,0568000,LOUISVILLE METRO POLICE DEPT,Accepted,JEFFERSON,KY1931,,GREENWOOD,RD,,KY1934,GREENBELT,,,,,38.146940932,-85.886366422,0.525,1/29/2020 12:00:00 AM,1853,2,2,0,2,CLOUDY,DRY,False,ANGLE COLLISION - OTHER,ANGLE,STRAIGHT & LEVEL,DARK-HWY NOT LIGHTED,,,2/5/2020 8:11:20 AM,False,7980,Accepted,
26283715,0568000,LOUISVILLE METRO POLICE DEPT,Accepted,JEFFERSON,KY2056,,BELLS,LN,,,BELQUIN,,,,,38.222402748,-85.821053243,1.110,1/29/2020 12:00:00 AM,0628,2,2,0,0,CLEAR,DRY,False,ANGLE COLLISION - OTHER,ANGLE,STRAIGHT & LEVEL,DARK-HWY NOT LIGHTED,,,2/3/2020 8:35:40 AM,False,7437,Accepted,
26265903,0568000,LOUISVILLE METRO POLICE DEPT,Accepted,JEFFERSON,,,FURMAN,BLVD,,,HIKES,,,,,38.211966458,-85.639380197,0.754,1/29/2020 12:00:00 AM,1112,2,2,0,0,CLEAR,DRY,False,OPPOSITE DIRECTION - BOTH VEHICLES GOING STRAIGHT AHEAD,SIDESWIPE-OPPOSITE DIRECTION,STRAIGHT & LEVEL,DAYLIGHT,,,1/30/2020 8:11:03 AM,False,7448,Accepted,
26265929,0568000,LOUISVILLE METRO POLICE DEPT,Accepted,JEFFERSON,US0031E,,BARDSTOWN,RD,,,WADSWORTH,,,,,38.214975802,-85.674197344,12.306,1/29/2020 12:00:00 AM,2010,2,2,0,3,RAINING,WET,False,OPPOSITE DIRECTION - BOTH VEHICLES GOING STRAIGHT AHEAD,SIDESWIPE-OPPOSITE DIRECTION,STRAIGHT & LEVEL,DARK-HWY LIGHTED/ON,,,1/30/2020 8:12:58 AM,False,7935,Accepted,
26265901,0568000,LOUISVILLE METRO POLICE DEPT,Accepted,JEFFERSON,KY1865,,TAYLOR,BLVD,,,LYNNHURST,,,,,38.178556842,-85.783030870,4.957,1/29/2020 12:00:00 AM,1342,1,1,0,0,CLOUDY,DRY,False,COLLISION WITH FIXED OBJECT IN INTERSECTION - FIRST EVENT COLLISION 09 - 32,SINGLE VEHICLE,STRAIGHT & LEVEL,DAYLIGHT,,,1/30/2020 8:10:56 AM,False,7978,Accepted,
26260493,0568000,LOUISVILLE METRO POLICE DEPT,Accepted,JEFFERSON,,,BANK,ST,,US0150,22ND,,,,,38.266643766,-85.783574925,0.005,1/29/2020 12:00:00 AM,0015,1,1,0,0,CLEAR,DRY,False,COLLISION WITH FIXED OBJECT IN INTERSECTION - FIRST EVENT COLLISION 09 - 32,SINGLE VEHICLE,STRAIGHT & LEVEL,DARK-HWY LIGHTED/ON,,,1/29/2020 8:14:41 AM,False,5162,Accepted,
26271778,0568000,LOUISVILLE METRO POLICE DEPT,Accepted,JEFFERSON,US0150,,BROADWAY,,W,US0150,BROADWAY,,,,,38.246312024,-85.761423759,2.164,1/29/2020 12:00:00 AM,1642,2,2,0,0,CLEAR,DRY,False,SIDESWIPE-SAME DIRECTION,SIDESWIPE-SAME DIRECTION,STRAIGHT & LEVEL,DAYLIGHT,,,1/31/2020 8:15:45 AM,False,5168,Accepted,
26265904,0568000,LOUISVILLE METRO POLICE DEPT,Accepted,JEFFERSON,,,HIKES,LN,,,KLONDIKE,,,,,38.211166801,-85.640664818,2.214,1/29/2020 12:00:00 AM,1436,2,2,0,0,CLEAR,DRY,True,SIDESWIPE-SAME DIRECTION,SIDESWIPE-SAME DIRECTION,STRAIGHT & LEVEL,DAYLIGHT,,,1/30/2020 8:11:09 AM,False,7448,Accepted,
26262721,0568000,LOUISVILLE METRO POLICE DEPT,Accepted,JEFFERSON,KY0864,,LOGAN,ST,,,KENTUCKY,,,,,38.236238480,-85.739428008,14.830,1/29/2020 12:00:00 AM,1106,3,3,0,0,CLOUDY,DRY,False,SIDESWIPE-SAME DIRECTION,SIDESWIPE-SAME DIRECTION,STRAIGHT & LEVEL,DAYLIGHT,,,1/29/2020 3:25:33 PM,False,7391,Accepted,
26265920,0568000,LOUISVILLE METRO POLICE DEPT,Accepted,JEFFERSON,US0031E,,BARDSTOWN,RD,,,FEGENBUSH,,,,,38.186922529,-85.637586990,9.416,1/29/2020 12:00:00 AM,1727,2,2,0,0,CLEAR,DRY,False,SIDESWIPE-SAME DIRECTION,SIDESWIPE-SAME DIRECTION,STRAIGHT & LEVEL,DAYLIGHT,,,1/30/2020 8:12:21 AM,False,7739,Accepted,
26265928,0568000,LOUISVILLE METRO POLICE DEPT,Accepted,JEFFERSON,US0031W,,DIXIE,HWY,,,UPPER HUNTERS,,,,,38.168570028,-85.828603436,13.268,1/29/2020 12:00:00 AM,1545,2,2,0,0,CLEAR,DRY,False,OTHER INTERSECTION COLLISIONS,REAR END,STRAIGHT & LEVEL,DAYLIGHT,,,1/30/2020 8:12:54 AM,False,7483,Accepted,
26260514,0568000,LOUISVILLE METRO POLICE DEPT,Accepted,JEFFERSON,,,LAKE FOREST,PKWY,,US0060,SHELBYVILLE,,,,,38.240598756,-85.493556588,0.005,1/29/2020 12:00:00 AM,0650,2,2,0,0,CLEAR,DRY,False,OTHER INTERSECTION COLLISIONS,REAR END,STRAIGHT & LEVEL,DARK-HWY LIGHTED/ON,,,1/29/2020 8:16:00 AM,False,2013,Accepted,
26265946,0568000,LOUISVILLE METRO POLICE DEPT,Accepted,JEFFERSON,,,LARCHMONT,AVE,,US0060A,TAYLOR,,,,,38.205633215,-85.777147357,0.003,1/29/2020 12:00:00 AM,2319,3,3,0,2,CLOUDY,WET,False,OTHER INTERSECTION COLLISIONS,REAR END,STRAIGHT & LEVEL,DARK-HWY LIGHTED/ON,,,1/30/2020 8:13:59 AM,True,5287,Accepted,
26265931,0568000,LOUISVILLE METRO POLICE DEPT,Accepted,JEFFERSON,KY2054,,ALGONQUIN,PKWY,,,CYPRESS,,,,,38.223696783,-85.800170523,1.219,1/29/2020 12:00:00 AM,1905,2,2,0,0,SLEET HAIL FREEZING RAIN,WET,True,OTHER INTERSECTION COLLISIONS,REAR END,STRAIGHT & LEVEL,DARK-HWY LIGHTED/ON,,,1/30/2020 8:13:05 AM,False,7181,Accepted,
26265939,0568000,LOUISVILLE METRO POLICE DEPT,Accepted,JEFFERSON,,,PORTLAND,AVE,,US0150,22ND,,,,,38.268387807,-85.782532398,0.696,1/29/2020 12:00:00 AM,1927,2,2,0,0,CLEAR,WET,False,OTHER INTERSECTION COLLISIONS,REAR END,STRAIGHT & LEVEL,DARK-HWY LIGHTED/ON,,,1/30/2020 8:13:34 AM,False,7190,Accepted,
26271769,0568000,LOUISVILLE METRO POLICE DEPT,Accepted,JEFFERSON,US0031E,,BARDSTOWN,RD,,,GARDINER,,,,,38.212436001,-85.672316730,12.125,1/29/2020 12:00:00 AM,1500,3,3,0,0,CLEAR,DRY,False,OTHER INTERSECTION COLLISIONS,REAR END,STRAIGHT & LEVEL,DAYLIGHT,,,1/31/2020 8:15:01 AM,False,7793,Accepted,
26265925,0568000,LOUISVILLE METRO POLICE DEPT,Accepted,JEFFERSON,,,MURPHY,LN,,KY1447,WESTPORT,,,,,38.302088672,-85.532591172,0.004,1/29/2020 12:00:00 AM,1600,2,2,0,0,CLEAR,DRY,False,OTHER INTERSECTION COLLISIONS,REAR END,STRAIGHT & GRADE,DAYLIGHT,,,1/30/2020 8:12:44 AM,False,7355,Accepted,
26265943,0568000,LOUISVILLE METRO POLICE DEPT,Accepted,JEFFERSON,KY0155,,TAYLORSVILLE,RD,,,LOWE,,,,,38.219021846,-85.606356382,12.271,1/29/2020 12:00:00 AM,1913,2,2,0,0,RAINING,WET,False,OTHER INTERSECTION COLLISIONS,REAR END,STRAIGHT & LEVEL,DARK-HWY LIGHTED/ON,,,1/30/2020 8:13:48 AM,False,5288,Accepted,
26271775,0568000,LOUISVILLE METRO POLICE DEPT,Accepted,JEFFERSON,,,3RD,ST,N,KY3077,RIVER,,,,,38.258557612,-85.754501132,0.143,1/29/2020 12:00:00 AM,1538,2,2,0,0,CLEAR,DRY,False,OTHER INTERSECTION COLLISIONS,REAR END,STRAIGHT & GRADE,DAYLIGHT,,,1/31/2020 8:15:39 AM,False,5168,Accepted,
26265918,0568000,LOUISVILLE METRO POLICE DEPT,Accepted,JEFFERSON,US0031W,,MARKET,ST,W,KY1020,3RD,,,,,38.255097800,-85.755210727,21.950,1/29/2020 12:00:00 AM,1335,2,2,0,1,CLOUDY,DRY,False,OTHER INTERSECTION COLLISIONS,REAR END,STRAIGHT & GRADE,DAYLIGHT,,,1/30/2020 8:12:09 AM,False,2661,Accepted,
26265935,0568000,LOUISVILLE METRO POLICE DEPT,Accepted,JEFFERSON,,,OAK,ST,W,,S 9TH STREET RAMP TO CS 1022F,,,,,38.235611867,-85.766822481,0.629,1/29/2020 12:00:00 AM,2305,2,2,0,0,CLOUDY,WET,False,OTHER INTERSECTION COLLISIONS,REAR END,STRAIGHT & GRADE,DARK-HWY LIGHTED/ON,,,1/30/2020 8:13:19 AM,False,5236,Accepted,
26265900,0568000,LOUISVILLE METRO POLICE DEPT,Accepted,JEFFERSON,,,KENWOOD,DR,W,,,,,,,38.161450392,-85.774584330,0.245,1/29/2020 12:00:00 AM,1635,1,1,0,0,CLOUDY,DRY,False,COLLISION WITH FIXED OBJECT NON - INTERSECTION - FIRST EVENT COLLISION 09 - 32 EXCLUDING 16,SINGLE VEHICLE,STRAIGHT & LEVEL,DAYLIGHT,,,1/30/2020 8:10:52 AM,False,7053,Accepted,
26265922,0568000,LOUISVILLE METRO POLICE DEPT,Accepted,JEFFERSON,,508,CAMP,ST,,,,KY0061,JACKSON,,HANCOCK,38.231657600,-85.747062525,0.229,1/29/2020 12:00:00 AM,0955,2,2,0,0,CLOUDY,DRY,False,1 VEHICLE PARKED POSITION (NOT PARKING LOT/DRIVEWAY),SIDESWIPE-OPPOSITE DIRECTION,STRAIGHT & LEVEL,DAYLIGHT,,,1/30/2020 8:12:33 AM,False,7322,Accepted,
26283849,0568000,LOUISVILLE METRO POLICE DEPT,Accepted,JEFFERSON,I 0264,,I264 E,,,,,,,,,38.205069748,-85.680839792,15.000,1/29/2020 12:00:00 AM,0608,2,2,0,1,CLOUDY,DRY,False,1 VEHICLE PARKED POSITION (NOT PARKING LOT/DRIVEWAY),REAR END,STRAIGHT & LEVEL,DARK-HWY LIGHTED/ON,,,2/3/2020 8:44:26 AM,False,4656,Accepted,
26347611,0568000,LOUISVILLE METRO POLICE DEPT,Accepted,JEFFERSON,,,ST XAVIER,ST,,,,US0150,22ND,,23RD,38.265660639,-85.784959765,0.166,1/29/2020 12:00:00 AM,1635,2,2,0,0,CLOUDY,DRY,True,1 VEHICLE PARKED POSITION (NOT PARKING LOT/DRIVEWAY),SIDESWIPE-OPPOSITE DIRECTION,STRAIGHT & LEVEL,DAYLIGHT,,,2/14/2020 8:37:02 AM,False,7805,Accepted,
26265944,0568000,LOUISVILLE METRO POLICE DEPT,Accepted,JEFFERSON,,2401,WINDSOR FOREST,DR,,,,,,,,38.130136873,-85.817826213,0.259,1/29/2020 12:00:00 AM,2346,1,1,0,1,RAINING,WET,False,RAN OFF ROADWAY (1 VEHICLE WITH/EARTH EMBANKMENT/DITCH),SINGLE VEHICLE,STRAIGHT & LEVEL,DARK-HWY LIGHTED/ON,,,1/30/2020 8:13:52 AM,False,5136,Accepted,
26265932,0568000,LOUISVILLE METRO POLICE DEPT,Accepted,JEFFERSON,US0150,,22ND,ST,N,,,,GARFIELD,,GRIFFITHS,38.264106392,-85.785192690,0.420,1/29/2020 12:00:00 AM,2327,2,2,0,0,RAINING,WET,True,1 VEHICLE PARKED POSITION (NOT PARKING LOT/DRIVEWAY),ANGLE,STRAIGHT & LEVEL,DARK-HWY LIGHTED/OFF,,,1/30/2020 8:13:08 AM,False,7217,Accepted,
26304306,0568000,LOUISVILLE METRO POLICE DEPT,Accepted,JEFFERSON,,,1ST,ST,S,,,,,,,38.236890871,-85.755000388,1.333,1/29/2020 12:00:00 AM,1145,2,2,0,3,CLEAR,DRY,False,1 VEHICLE ENTERING/LEAVING ENTRANCE,ANGLE,STRAIGHT & LEVEL,DAYLIGHT,,,2/5/2020 8:09:24 AM,True,5258,Accepted,
26265906,0568000,LOUISVILLE METRO POLICE DEPT,Accepted,JEFFERSON,KY0061,,PRESTON,HWY,,,,,VIM,,ALDER,38.173023680,-85.711026245,6.726,1/29/2020 12:00:00 AM,1718,2,2,0,0,CLOUDY,DRY,True,1 VEHICLE ENTERING/LEAVING ENTRANCE,ANGLE,STRAIGHT & LEVEL,DAYLIGHT,,,1/30/2020 8:11:17 AM,False,7451,Accepted,