IncidentID,AgencyORI,AgencyName,IncidentStatusDesc,County,RdwyNumber,Street,RoadwayName,StreetSfx,StreetDir,IntersectionRdwy,IntersectionRdwyName,BetweenStRdwy1,BetweenStRdwyName1,BetweenStRdwy2,BetweenStRdwyName2,Latitude,Longitude,Milepoint,CollisionDate,CollisionTime,UnitsInvolved,MotorVehiclesInvolved,NumberKilled,NumberInjured,Weather,RdwyConditionCode,HitandRun,DirAnalysisCode,MannerofCollision,RdwyCharacter,LightCondition,RampFromRdwyId,RampToRdwyId,AcceptedDate,IsSecondaryCollision,OwnerBadge,IncidentStatus,
26254796,0568000,LOUISVILLE METRO POLICE DEPT,Accepted,JEFFERSON,,,VIRGINIA,AVE,,,,,36TH,,34TH,38.239276353,-85.813575078,0.949,1/27/2020 12:00:00 AM,1529,2,2,0,0,CLEAR,DRY,True,1 VEHICLE ENTERING/LEAVING ENTRANCE,ANGLE,STRAIGHT & HILLCREST,DAYLIGHT,,,1/28/2020 8:12:07 AM,False,7328,Accepted,
26283697,0568000,LOUISVILLE METRO POLICE DEPT,Accepted,JEFFERSON,,2040,4TH,ST,S,,,,,,,38.218972038,-85.763152965,2.567,1/27/2020 12:00:00 AM,1042,2,2,0,0,CLEAR,DRY,False,VEHICLE BACKING NON INTERSECTION,BACKING,STRAIGHT & LEVEL,DAYLIGHT,,,2/3/2020 8:34:15 AM,False,7429,Accepted,
26254816,0568000,LOUISVILLE METRO POLICE DEPT,Accepted,JEFFERSON,US0031W,9050,DIXIE,HWY,,,,,WITTEN,,ELZIE,38.125113705,-85.852434864,10.071,1/27/2020 12:00:00 AM,1245,2,2,0,0,CLEAR,DRY,False,REAR END IN TRAFFIC LANES BOTH VEHICLES MOVING,REAR END,STRAIGHT & LEVEL,DAYLIGHT,,,1/28/2020 8:12:56 AM,False,7336,Accepted,
26254780,0568000,LOUISVILLE METRO POLICE DEPT,Accepted,JEFFERSON,KY0155,,TAYLORSVILLE LAKE,RD,,,,,,,,38.180587953,-85.468608036,3.404,1/27/2020 12:00:00 AM,0739,2,2,0,0,CLEAR,DRY,False,REAR END IN TRAFFIC LANES BOTH VEHICLES MOVING,REAR END,STRAIGHT & LEVEL,DAWN,,,1/28/2020 8:11:13 AM,False,7755,Accepted,
26256870,0568000,LOUISVILLE METRO POLICE DEPT,Accepted,JEFFERSON,I 0265,,I265 E,,,,,,,,,38.112099275,-85.690924629,10.853,1/27/2020 12:00:00 AM,1704,3,3,0,0,CLEAR,DRY,False,REAR END IN TRAFFIC LANES BOTH VEHICLES MOVING,REAR END,STRAIGHT & LEVEL,DAYLIGHT,,,1/28/2020 3:05:09 PM,False,7442,Accepted,
26260449,0568000,LOUISVILLE METRO POLICE DEPT,Accepted,JEFFERSON,,2117,LOWER HUNTERS,TRCE,,,,,,,,38.157694086,-85.846986026,0.688,1/27/2020 12:00:00 AM,1748,3,3,0,0,CLEAR,DRY,False,REAR END IN TRAFFIC LANES BOTH VEHICLES MOVING,REAR END,STRAIGHT & GRADE,DUSK,,,1/29/2020 8:11:41 AM,False,5100,Accepted,
26260446,0568000,LOUISVILLE METRO POLICE DEPT,Accepted,JEFFERSON,I 0264,,I264 W,,,,,,,,,38.211108104,-85.671563994,15.654,1/27/2020 12:00:00 AM,1703,2,2,0,0,CLEAR,DRY,False,REAR END IN TRAFFIC LANES BOTH VEHICLES MOVING,REAR END,STRAIGHT & GRADE,DAYLIGHT,,,1/29/2020 8:11:27 AM,False,8278,Accepted,
26254821,0568000,LOUISVILLE METRO POLICE DEPT,Accepted,JEFFERSON,KY0061,,PRESTON,HWY,,,,,,,,38.173196330,-85.711212296,6.743,1/27/2020 12:00:00 AM,1600,2,2,0,0,CLEAR,DRY,False,REAR END IN TRAFFIC LANES BOTH VEHICLES MOVING,REAR END,STRAIGHT & GRADE,DAYLIGHT,,,1/28/2020 8:13:14 AM,False,5130,Accepted,
26254805,0568000,LOUISVILLE METRO POLICE DEPT,Accepted,JEFFERSON,,,MUHAMMAD ALI,BLVD,E,,,,1ST,,BROOK,38.250585561,-85.752065822,1.013,1/27/2020 12:00:00 AM,0755,2,2,0,0,CLOUDY,DRY,False,REAR END IN TRAFFIC LANES BOTH VEHICLES MOVING,REAR END,STRAIGHT & LEVEL,DAYLIGHT,,,1/28/2020 8:12:27 AM,False,2406,Accepted,
26254819,0568000,LOUISVILLE METRO POLICE DEPT,Accepted,JEFFERSON,I 0264,,I264 E,,,,,,,,,38.224582565,-85.643940020,17.425,1/27/2020 12:00:00 AM,1650,5,5,0,2,CLEAR,DRY,False,REAR END IN TRAFFIC LANES BOTH VEHICLES MOVING,REAR END,STRAIGHT & LEVEL,DAYLIGHT,,,1/28/2020 8:13:06 AM,False,7284,Accepted,
26260495,0568000,LOUISVILLE METRO POLICE DEPT,Accepted,JEFFERSON,KY1932,,BRECKENRIDGE,LN,,,,,,,,38.217158671,-85.627797421,2.612,1/27/2020 12:00:00 AM,2135,2,2,0,0,CLEAR,DRY,False,REAR END IN TRAFFIC LANES BOTH VEHICLES MOVING,REAR END,STRAIGHT & LEVEL,DARK-HWY LIGHTED/ON,,,1/29/2020 8:14:51 AM,False,7200,Accepted,
26254787,0568000,LOUISVILLE METRO POLICE DEPT,Accepted,JEFFERSON,I 0065,,I65 N,,,,,I 0065,I65 N EXIT133 ON RAMP FROM  WARNOCK ST,I 0065,I65 N EXIT134 ON RAMP FROM US61,38.222076958,-85.751174806,133.596,1/27/2020 12:00:00 AM,0757,2,2,0,0,CLEAR,DRY,False,REAR END IN TRAFFIC LANES BOTH VEHICLES MOVING,REAR END,STRAIGHT & GRADE,DAYLIGHT,,,1/28/2020 8:11:38 AM,False,7390,Accepted,
26260443,0568000,LOUISVILLE METRO POLICE DEPT,Accepted,JEFFERSON,I 0265,,I265 S,,,,,,,,,38.248851977,-85.503203834,27.253,1/27/2020 12:00:00 AM,1544,2,2,0,0,CLEAR,DRY,False,REAR END IN TRAFFIC LANES BOTH VEHICLES MOVING,REAR END,STRAIGHT & GRADE,DAYLIGHT,,,1/29/2020 8:11:13 AM,False,8278,Accepted,
26260444,0568000,LOUISVILLE METRO POLICE DEPT,Accepted,JEFFERSON,I 0265,,I265 E,,,,,,,,,38.111472777,-85.671491125,11.945,1/27/2020 12:00:00 AM,1644,2,2,0,0,CLEAR,DRY,False,REAR END IN TRAFFIC LANES BOTH VEHICLES MOVING,REAR END,CURVE & LEVEL,DAYLIGHT,,,1/29/2020 8:11:20 AM,False,8278,Accepted,
26260445,0568000,LOUISVILLE METRO POLICE DEPT,Accepted,JEFFERSON,I 0264,,I264 E,,,,,,,,,38.194192817,-85.709618857,13.231,1/27/2020 12:00:00 AM,1735,2,2,0,0,CLEAR,DRY,False,REAR END IN TRAFFIC LANES BOTH VEHICLES MOVING,REAR END,STRAIGHT & LEVEL,DAYLIGHT,,,1/29/2020 8:11:24 AM,False,8278,Accepted,
26256860,0568000,LOUISVILLE METRO POLICE DEPT,Accepted,JEFFERSON,KY1865,,TAYLOR,BLVD,,,,,,,,38.185404985,-85.784037891,5.444,1/27/2020 12:00:00 AM,1043,2,2,0,0,CLEAR,DRY,True,SIDESWIPE COLLISION - SAME DIRECTION,SIDESWIPE-SAME DIRECTION,CURVE & LEVEL,DAYLIGHT,,,1/28/2020 3:04:46 PM,False,7667,Accepted,
26260442,0568000,LOUISVILLE METRO POLICE DEPT,Accepted,JEFFERSON,I 0064,,I64 W,,,,,,,,,38.275109575,-85.814410798,0.655,1/27/2020 12:00:00 AM,1127,2,2,0,0,CLEAR,DRY,False,SIDESWIPE COLLISION - SAME DIRECTION,SIDESWIPE-SAME DIRECTION,CURVE & GRADE,DAYLIGHT,,,1/29/2020 8:11:10 AM,False,8278,Accepted,
26271882,0568000,LOUISVILLE METRO POLICE DEPT,Accepted,JEFFERSON,US0031W,,MARKET,ST,W,,,,5TH,,4TH,38.255278822,-85.757402121,21.823,1/27/2020 12:00:00 AM,1603,2,2,0,0,CLEAR,DRY,False,SIDESWIPE COLLISION - SAME DIRECTION,SIDESWIPE-SAME DIRECTION,STRAIGHT & LEVEL,DAYLIGHT,,,1/31/2020 8:19:09 AM,False,7229,Accepted,
26252011,0560300,ST. MATTHEWS POLICE DEPARTMENT,Accepted,JEFFERSON,I 0064,,I64 E,,,,,,,,,38.235262953,-85.654363520,10.748,1/27/2020 12:00:00 AM,1142,2,2,0,0,CLEAR,DRY,False,SIDESWIPE COLLISION - SAME DIRECTION,SIDESWIPE-SAME DIRECTION,STRAIGHT & LEVEL,DAYLIGHT,,,1/27/2020 3:59:24 PM,False,9140,Accepted,
26254824,0568000,LOUISVILLE METRO POLICE DEPT,Accepted,JEFFERSON,KY1065,1001,OUTER,LOOP,,,,,,,,38.127394045,-85.747480671,2.601,1/27/2020 12:00:00 AM,1816,2,2,0,0,CLEAR,DRY,False,SIDESWIPE COLLISION - SAME DIRECTION,SIDESWIPE-SAME DIRECTION,STRAIGHT & LEVEL,DARK-HWY LIGHTED/ON,,,1/28/2020 8:13:24 AM,False,7252,Accepted,
27717067,0568000,LOUISVILLE METRO POLICE DEPT,Accepted,JEFFERSON,KY0907,9314,3RD ST,RD,,,,,,,,38.115553254,-85.823577491,2.736,1/27/2020 12:00:00 AM,0622,1,1,0,1,CLOUDY,DRY,False,OTHER COLLISIONS ON SHOULDER,SINGLE VEHICLE,CURVE & LEVEL,DARK-HWY NOT LIGHTED,,,1/27/2021 8:51:59 AM,False,5223,Accepted,
26310170,0568000,LOUISVILLE METRO POLICE DEPT,Accepted,JEFFERSON,US0031E,909,MARKET,ST,E,,,,CAMPBELL,,WENZEL,38.252885666,-85.734812454,16.760,1/27/2020 12:00:00 AM,1310,2,1,0,0,CLEAR,DRY,False,COLLISION IN PARKING LOT,BACKING,STRAIGHT & LEVEL,DAYLIGHT,,,2/6/2020 10:11:10 AM,False,7058,Accepted,
26454356,0568000,LOUISVILLE METRO POLICE DEPT,Accepted,JEFFERSON,I 0064,,,,,,,,,,,38.258418706,-85.764363348,0.082,1/27/2020 12:00:00 AM,0357,2,2,0,1,CLEAR,DRY,True,OTHER RAMP RELATED COLLISIONS NOT LISTED ABOVE,SIDESWIPE-SAME DIRECTION,CURVE & GRADE,DARK-HWY LIGHTED/ON,US31W,I 0064,3/3/2020 8:32:26 AM,False,5199,Accepted,
26254830,0568000,LOUISVILLE METRO POLICE DEPT,Accepted,JEFFERSON,,,CHESTNUT,ST,W,,,,QUEST,,11TH,38.250404885,-85.771115254,1.637,1/27/2020 12:00:00 AM,1719,2,2,0,2,CLEAR,DRY,True,OTHER ROADWAY OR MID-BLOCK COLLISION,REAR END,STRAIGHT & LEVEL,DAYLIGHT,,,1/28/2020 8:13:42 AM,False,2854,Accepted,
26254818,0568000,LOUISVILLE METRO POLICE DEPT,Accepted,JEFFERSON,KY1020,,3RD,ST,S,,,,HEYWOOD,,CENTRAL,38.205341414,-85.763856828,9.514,1/27/2020 12:00:00 AM,1751,2,2,0,0,CLEAR,DRY,False,OTHER ROADWAY OR MID-BLOCK COLLISION,OPPOSING LEFT TURN,STRAIGHT & LEVEL,DUSK,,,1/28/2020 8:13:03 AM,False,7207,Accepted,
26254778,0568000,LOUISVILLE METRO POLICE DEPT,Accepted,JEFFERSON,KY1703,,NEWBURG,RD,,,,,,,,38.201331917,-85.687649144,2.182,1/27/2020 12:00:00 AM,0900,2,2,0,0,CLEAR,DRY,False,OTHER ROADWAY OR MID-BLOCK COLLISION,REAR END,STRAIGHT & LEVEL,DAYLIGHT,,,1/28/2020 8:11:05 AM,False,7284,Accepted,
26260501,0568000,LOUISVILLE METRO POLICE DEPT,Accepted,JEFFERSON,US0060,,SHELBYVILLE,RD,,,,,ENGLISH STATION,,I265,38.241586104,-85.498596767,,1/27/2020 12:00:00 AM,1014,2,2,0,0,CLEAR,DRY,False,OTHER ROADWAY OR MID-BLOCK COLLISION,REAR END,STRAIGHT & HILLCREST,DAYLIGHT,,,1/29/2020 8:15:13 AM,False,7751,Accepted,
26254777,0568000,LOUISVILLE METRO POLICE DEPT,Accepted,JEFFERSON,I 0064,,,,,,,,,,,38.256251204,-85.720664456,0.151,1/27/2020 12:00:00 AM,0832,2,2,0,0,CLOUDY,DRY,False,OTHER RAMP RELATED COLLISIONS NOT LISTED ABOVE,REAR END,STRAIGHT & LEVEL,DAYLIGHT,I 0064,MELLWOOD AVE,1/28/2020 8:10:59 AM,False,4656,Accepted,
26249073,0568000,LOUISVILLE METRO POLICE DEPT,Accepted,JEFFERSON,,3121,2ND,ST,S,,,,,,,38.203212577,-85.762999818,2.316,1/26/2020 12:00:00 AM,1317,3,2,0,2,CLOUDY,DRY,False,COLLISION IN PARKING LOT,SIDESWIPE-SAME DIRECTION,STRAIGHT & LEVEL,DAYLIGHT,,,1/27/2020 8:39:42 AM,False,7398,Accepted,
26249028,0568000,LOUISVILLE METRO POLICE DEPT,Accepted,JEFFERSON,,,GRINSTEAD,DR,,KY1703,BAXTER,,,,,38.237797451,-85.722376254,0.087,1/26/2020 12:00:00 AM,0008,2,2,0,0,CLOUDY,DRY,False,HEAD-ON COLLISION,HEAD ON,STRAIGHT & LEVEL,DARK-HWY LIGHTED/ON,,,1/27/2020 8:37:36 AM,False,5188,Accepted,
26249083,0568000,LOUISVILLE METRO POLICE DEPT,Accepted,JEFFERSON,I 0265,,I265 N,,,,,,,,,38.218732855,-85.505892750,25.207,1/26/2020 12:00:00 AM,2038,1,1,0,0,CLEAR,DRY,False,OTHER COLLISIONS ON SHOULDER,SINGLE VEHICLE,STRAIGHT & LEVEL,DARK-HWY LIGHTED/ON,,,1/27/2020 8:40:00 AM,False,5128,Accepted,
26249094,0568000,LOUISVILLE METRO POLICE DEPT,Accepted,JEFFERSON,,1788,HILL,ST,W,,,,,,,38.228348767,-85.789785214,1.803,1/26/2020 12:00:00 AM,2306,2,2,0,0,,DRY,True,SIDESWIPE COLLISION - SAME DIRECTION,SIDESWIPE-SAME DIRECTION,STRAIGHT & LEVEL,DARK-HWY LIGHTED/ON,,,1/27/2020 8:40:30 AM,False,7434,Accepted,
26249035,0568000,LOUISVILLE METRO POLICE DEPT,Accepted,JEFFERSON,I 0065,,I65 N,,,,,,,,,38.206106483,-85.744258039,132.155,1/26/2020 12:00:00 AM,0754,2,2,0,0,CLEAR,DRY,True,SIDESWIPE COLLISION - SAME DIRECTION,SIDESWIPE-SAME DIRECTION,CURVE & HILLCREST,DAWN,,,1/27/2020 8:37:54 AM,False,7872,Accepted,
26249058,0568000,LOUISVILLE METRO POLICE DEPT,Accepted,JEFFERSON,I 0071,,I71 S,,,,,I 0071,I71 S RAMP FROM I264,I 0071,I71 S EXIT2 OFF RAMP TO  ZORN AVE,38.292231075,-85.651630073,4.769,1/26/2020 12:00:00 AM,1421,2,2,0,0,CLOUDY,DRY,False,SIDESWIPE COLLISION - SAME DIRECTION,SIDESWIPE-SAME DIRECTION,CURVE & LEVEL,DAYLIGHT,,,1/27/2020 8:38:50 AM,False,6929,Accepted,
26265921,0568000,LOUISVILLE METRO POLICE DEPT,Accepted,JEFFERSON,I 0264,,I264 E,,,,,,,,,38.274927174,-85.811030943,0.090,1/26/2020 12:00:00 AM,0325,2,2,0,4,CLEAR,DRY,False,HEAD-ON COLLISION,HEAD ON,CURVE & HILLCREST,DARK-HWY LIGHTED/ON,,,1/30/2020 8:12:28 AM,False,2217,Accepted,
26249065,0568000,LOUISVILLE METRO POLICE DEPT,Accepted,JEFFERSON,US0031E,,BARDSTOWN,RD,,,,,,,,38.154021189,-85.589162457,5.851,1/26/2020 12:00:00 AM,1645,2,2,0,0,CLOUDY,DRY,False,REAR END IN TRAFFIC LANES BOTH VEHICLES MOVING,REAR END,STRAIGHT & LEVEL,DAYLIGHT,,,1/27/2020 8:39:14 AM,False,7255,Accepted,
26249088,0568000,LOUISVILLE METRO POLICE DEPT,Accepted,JEFFERSON,,,3RD,ST,S,,,,,,,38.198290927,-85.765051714,0.159,1/26/2020 12:00:00 AM,2153,2,2,0,0,CLEAR,DRY,False,REAR END IN TRAFFIC LANES BOTH VEHICLES MOVING,REAR END,STRAIGHT & LEVEL,DARK-HWY LIGHTED/ON,,,1/27/2020 8:40:10 AM,False,5252,Accepted,
26249070,0568000,LOUISVILLE METRO POLICE DEPT,Accepted,JEFFERSON,KY3084,,OLD HENRY,RD,,,,,,,,38.271926508,-85.495665354,1.475,1/26/2020 12:00:00 AM,1753,2,2,0,0,CLOUDY,DRY,False,1 VEHICLE ENTERING/LEAVING ENTRANCE,ANGLE,STRAIGHT & LEVEL,DUSK,,,1/27/2020 8:39:31 AM,False,2218,Accepted,
26262717,0568000,LOUISVILLE METRO POLICE DEPT,Accepted,JEFFERSON,,,BLANTON,LN,,,,,ROMANIA,US0031W,DIXIE,38.157377902,-85.833407062,0.030,1/26/2020 12:00:00 AM,1807,2,2,0,0,CLEAR,DRY,False,1 VEHICLE ENTERING/LEAVING ENTRANCE,ANGLE,STRAIGHT & LEVEL,DARK-HWY LIGHTED/ON,,,1/29/2020 3:25:17 PM,False,7144,Accepted,
26249057,0568000,LOUISVILLE METRO POLICE DEPT,Accepted,JEFFERSON,,,CHRISTIAN,WAY,,,,US0060,SHELBYVILLE,,CHRISTIAN,38.247002083,-85.606941136,0.126,1/26/2020 12:00:00 AM,1417,2,2,0,0,CLOUDY,DRY,False,1 VEHICLE ENTERING/LEAVING ENTRANCE,ANGLE,STRAIGHT & GRADE,DAYLIGHT,,,1/27/2020 8:38:47 AM,False,6456,Accepted,
26249089,0568000,LOUISVILLE METRO POLICE DEPT,Accepted,JEFFERSON,,1615,34TH,ST,S,,,,,,,38.228797519,-85.812066364,2.344,1/26/2020 12:00:00 AM,2139,2,2,0,0,CLEAR,DRY,False,1 VEHICLE PARKED POSITION (NOT PARKING LOT/DRIVEWAY),SIDESWIPE-SAME DIRECTION,STRAIGHT & GRADE,DARK-HWY LIGHTED/OFF,,,1/27/2020 8:40:13 AM,False,5261,Accepted,
26271872,0568000,LOUISVILLE METRO POLICE DEPT,Accepted,JEFFERSON,I 0065,,,,,,,I 0065,I65 N EXIT131A OFF RAMP,I 0065,I264 E EXIT12 ON RAMP FROM I65 N,38.187322322,-85.726016207,0.229,1/26/2020 12:00:00 AM,2346,2,2,0,2,CLEAR,DRY,False,COLLISION WITH FIXED OBJECT NON - INTERSECTION - FIRST EVENT COLLISION 09 - 32 EXCLUDING 16,REAR END,CURVE & LEVEL,DARK-HWY LIGHTED/ON,,,1/31/2020 8:18:28 AM,False,5165,Accepted,
26260513,0568000,LOUISVILLE METRO POLICE DEPT,Accepted,JEFFERSON,KY2860,2318,GRINSTEAD,DR,,,,,,,,38.240853863,-85.714475287,0.412,1/26/2020 12:00:00 AM,1828,1,1,0,1,CLEAR,DRY,False,COLLISION WITH FIXED OBJECT NON - INTERSECTION - FIRST EVENT COLLISION 09 - 32 EXCLUDING 16,SINGLE VEHICLE,CURVE & GRADE,DARK-HWY LIGHTED/ON,,,1/29/2020 8:15:56 AM,False,5112,Accepted,
26265941,0568000,LOUISVILLE METRO POLICE DEPT,Accepted,JEFFERSON,,,HOLLY TREE,DR,,,,,,,,38.305816843,-85.561615656,0.273,1/26/2020 12:00:00 AM,0251,1,1,0,0,CLEAR,DRY,True,COLLISION WITH FIXED OBJECT NON - INTERSECTION - FIRST EVENT COLLISION 09 - 32 EXCLUDING 16,SINGLE VEHICLE,STRAIGHT & LEVEL,DARK-HWY LIGHTED/ON,,,1/30/2020 8:13:41 AM,False,5155,Accepted,
26249064,0568000,LOUISVILLE METRO POLICE DEPT,Accepted,JEFFERSON,,8001,ZELMA FIELDS,AVE,,,,,,,,38.130893816,-85.614081121,,1/26/2020 12:00:00 AM,1203,1,1,0,0,CLEAR,DRY,False,COLLISION WITH FIXED OBJECT NON - INTERSECTION - FIRST EVENT COLLISION 09 - 32 EXCLUDING 16,SINGLE VEHICLE,STRAIGHT & LEVEL,DAYLIGHT,,,1/27/2020 8:39:10 AM,False,7484,Accepted,
26249085,0568000,LOUISVILLE METRO POLICE DEPT,Accepted,JEFFERSON,KY0155,,TAYLORSVILLE LAKE,RD,,,,,CROOKED,,CEDAR OAK,38.172128451,-85.457377545,2.552,1/26/2020 12:00:00 AM,2235,1,1,0,0,CLEAR,DRY,False,COLLISION WITH ANIMAL NON INTERSECTION,SINGLE VEHICLE,STRAIGHT & HILLCREST,DARK-HWY NOT LIGHTED,,,1/27/2020 8:40:03 AM,False,6028,Accepted,
26249043,0568000,LOUISVILLE METRO POLICE DEPT,Accepted,JEFFERSON,KY1065,,OUTER,LOOP,,KY0907,3RD ST,,,,,38.127587565,-85.794738295,0.001,1/26/2020 12:00:00 AM,0928,2,2,0,0,CLEAR,DRY,False,OTHER INTERSECTION COLLISIONS,REAR END,STRAIGHT & LEVEL,DAYLIGHT,,,1/27/2020 8:38:09 AM,False,7496,Accepted,
26249074,0568000,LOUISVILLE METRO POLICE DEPT,Accepted,JEFFERSON,US0031W,,22ND,ST,S,,VORSTER,,,,,38.225147752,-85.794381227,17.869,1/26/2020 12:00:00 AM,1555,2,2,0,0,CLEAR,DRY,True,SIDESWIPE-SAME DIRECTION,SIDESWIPE-SAME DIRECTION,STRAIGHT & LEVEL,DAYLIGHT,,,1/27/2020 8:39:46 AM,False,5273,Accepted,
26249033,0568000,LOUISVILLE METRO POLICE DEPT,Accepted,JEFFERSON,KY0864,,POPLAR LEVEL,RD,,,TREVILIAN,,,,,38.205768104,-85.713406452,12.164,1/26/2020 12:00:00 AM,0308,1,1,0,0,CLOUDY,WET,False,COLLISION WITH ANIMAL IN INTERSECTION,SINGLE VEHICLE,CURVE & LEVEL,DARK-HWY LIGHTED/ON,,,1/27/2020 8:37:47 AM,False,5203,Accepted,
26249076,0568000,LOUISVILLE METRO POLICE DEPT,Accepted,JEFFERSON,,,VALLEY STATION,RD,,,STARLIGHT,,,,,38.106042548,-85.839891747,0.124,1/26/2020 12:00:00 AM,0113,1,1,0,0,CLEAR,DRY,False,COLLISION WITH FIXED OBJECT IN INTERSECTION - FIRST EVENT COLLISION 09 - 32,SINGLE VEHICLE,CURVE & LEVEL,DARK (UNKNOWN ROADWAY LIGHTING),,,1/27/2020 8:39:49 AM,False,5048,Accepted,
26325514,0568000,LOUISVILLE METRO POLICE DEPT,Accepted,JEFFERSON,KY1020,,3RD,ST,S,,HILL,,,,,38.226156000,-85.760184151,10.722,1/26/2020 12:00:00 AM,0143,5,5,0,0,CLEAR,DRY,False,COLLISION WITH PARKED VEHICLE,REAR END,STRAIGHT & LEVEL,DARK-HWY LIGHTED/ON,,,2/10/2020 8:25:26 AM,False,7344,Accepted,
26249078,0568000,LOUISVILLE METRO POLICE DEPT,Accepted,JEFFERSON,US0031E,,BARDSTOWN,RD,,,PATTERSON,,,,,38.237359330,-85.719072177,15.297,1/26/2020 12:00:00 AM,1513,2,2,0,0,CLEAR,DRY,False,COLLISION WITH PARKED VEHICLE,SIDESWIPE-SAME DIRECTION,STRAIGHT & LEVEL,DAYLIGHT,,,1/27/2020 8:39:53 AM,False,7129,Accepted,
26249069,0568000,LOUISVILLE METRO POLICE DEPT,Accepted,JEFFERSON,,,KENTUCKY,ST,E,KY0864,SHELBY,,,,,38.236936336,-85.740847891,0.758,1/26/2020 12:00:00 AM,1202,2,2,0,0,CLEAR,DRY,False,SIDESWIPE-SAME DIRECTION,SIDESWIPE-SAME DIRECTION,STRAIGHT & LEVEL,DAYLIGHT,,,1/27/2020 8:39:28 AM,False,7418,Accepted,
26249087,0568000,LOUISVILLE METRO POLICE DEPT,Accepted,JEFFERSON,US0031W,,22ND,ST,S,,STANDARD,,,,,38.231531267,-85.791738979,18.352,1/26/2020 12:00:00 AM,2142,2,2,0,0,CLEAR,DRY,False,SIDESWIPE-SAME DIRECTION,SIDESWIPE-SAME DIRECTION,STRAIGHT & HILLCREST,DARK-HWY LIGHTED/ON,,,1/27/2020 8:40:07 AM,False,5039,Accepted,
26249055,0568000,LOUISVILLE METRO POLICE DEPT,Accepted,JEFFERSON,KY0061,,PRESTON,ST,S,US0150,BROADWAY,,,,,38.245262070,-85.747570766,12.253,1/26/2020 12:00:00 AM,1325,2,2,0,0,CLOUDY,DRY,False,ANGLE COLLISION - OTHER,ANGLE,STRAIGHT & LEVEL,DAYLIGHT,,,1/27/2020 8:38:40 AM,False,2855,Accepted,
26249080,0568000,LOUISVILLE METRO POLICE DEPT,Accepted,JEFFERSON,,,1ST,ST,S,,JEFFERSON,,,,,38.253319914,-85.752066006,0.192,1/26/2020 12:00:00 AM,2001,2,2,0,0,CLEAR,DRY,False,ANGLE COLLISION - OTHER,ANGLE,STRAIGHT & LEVEL,DARK-HWY LIGHTED/ON,,,1/27/2020 8:39:56 AM,False,7386,Accepted,
26249059,0568000,LOUISVILLE METRO POLICE DEPT,Accepted,JEFFERSON,,,ELDERWOOD,WAY,,KY1931,MANSLICK,,,,,38.194205288,-85.800715185,,1/26/2020 12:00:00 AM,1430,2,2,0,0,CLEAR,DRY,True,ANGLE COLLISION - OTHER,ANGLE,STRAIGHT & LEVEL,DAYLIGHT,,,1/27/2020 8:38:54 AM,False,7433,Accepted,
26249093,0568000,LOUISVILLE METRO POLICE DEPT,Accepted,JEFFERSON,,,CLOVERLEAF,DR,,,BRYCE,,,,,38.181016295,-85.806154483,0.208,1/26/2020 12:00:00 AM,2037,2,2,0,0,CLEAR,DRY,True,OPPOSING LEFT TURN,OPPOSING LEFT TURN,STRAIGHT & LEVEL,DARK-HWY LIGHTED/ON,,,1/27/2020 8:40:26 AM,False,7040,Accepted,
26248997,0568000,LOUISVILLE METRO POLICE DEPT,Accepted,JEFFERSON,,,GRADE,LN,,KY0061,PRESTON,,,,,38.179816308,-85.718635852,0.022,1/25/2020 12:00:00 AM,1052,2,2,0,0,RAINING,WET,False,REAR END - ONE VEHICLE TURNING RIGHT,REAR END,STRAIGHT & LEVEL,DAYLIGHT,,,1/27/2020 8:35:40 AM,False,7830,Accepted,
26249051,0568000,LOUISVILLE METRO POLICE DEPT,Accepted,JEFFERSON,US0031E,,BARDSTOWN,RD,,,FAIRGROUND,,,,,38.162987387,-85.595964951,6.590,1/25/2020 12:00:00 AM,1818,2,2,0,0,RAINING,WET,False,ANGLE COLLISION - OTHER,ANGLE,STRAIGHT & LEVEL,DARK (UNKNOWN ROADWAY LIGHTING),,,1/27/2020 8:38:27 AM,False,7465,Accepted,
26249068,0568000,LOUISVILLE METRO POLICE DEPT,Accepted,JEFFERSON,KY0061,,JACKSON,ST,S,,KENTUCKY,,,,,38.237617211,-85.746885536,11.757,1/25/2020 12:00:00 AM,1038,2,2,0,4,CLOUDY,DRY,False,ANGLE COLLISION - OTHER,ANGLE,STRAIGHT & LEVEL,DAYLIGHT,,,1/27/2020 8:39:25 AM,False,7407,Accepted,
26299464,0568000,LOUISVILLE METRO POLICE DEPT,Accepted,JEFFERSON,US0150,,BROADWAY,,W,US0150,BROADWAY,,,,,38.246910642,-85.766495662,1.939,1/25/2020 12:00:00 AM,2215,2,2,0,3,CLEAR,DRY,False,ANGLE COLLISION - OTHER,ANGLE,STRAIGHT & LEVEL,DARK-HWY LIGHTED/ON,,,2/4/2020 8:07:29 AM,False,7823,Accepted,