IncidentID,AgencyORI,AgencyName,IncidentStatusDesc,County,RdwyNumber,Street,RoadwayName,StreetSfx,StreetDir,IntersectionRdwy,IntersectionRdwyName,BetweenStRdwy1,BetweenStRdwyName1,BetweenStRdwy2,BetweenStRdwyName2,Latitude,Longitude,Milepoint,CollisionDate,CollisionTime,UnitsInvolved,MotorVehiclesInvolved,NumberKilled,NumberInjured,Weather,RdwyConditionCode,HitandRun,DirAnalysisCode,MannerofCollision,RdwyCharacter,LightCondition,RampFromRdwyId,RampToRdwyId,AcceptedDate,IsSecondaryCollision,OwnerBadge,IncidentStatus,
26249013,0568000,LOUISVILLE METRO POLICE DEPT,Accepted,JEFFERSON,,,POWELL,AVE,,,CLARA,,,,,38.199961349,-85.790044188,0.113,1/25/2020 12:00:00 AM,1242,2,2,0,0,CLEAR,DRY,True,ANGLE COLLISION - OTHER,ANGLE,STRAIGHT & LEVEL,DAYLIGHT,,,1/27/2020 8:36:39 AM,False,5123,Accepted,
26249039,0568000,LOUISVILLE METRO POLICE DEPT,Accepted,JEFFERSON,,,SOUTHSIDE,DR,,,TENNY,,,,,38.176661868,-85.764710109,0.001,1/25/2020 12:00:00 AM,1439,2,2,0,0,CLOUDY,DRY,True,ANGLE COLLISION - OTHER,ANGLE,STRAIGHT & LEVEL,DAYLIGHT,,,1/27/2020 8:38:02 AM,False,5260,Accepted,
26249002,0568000,LOUISVILLE METRO POLICE DEPT,Accepted,JEFFERSON,US0150,,BROADWAY,,E,KY0061,JACKSON,,,,,38.245169874,-85.745625629,3.072,1/25/2020 12:00:00 AM,1358,2,2,0,1,CLOUDY,DRY,False,ANGLE COLLISION - OTHER,ANGLE,STRAIGHT & LEVEL,DAYLIGHT,,,1/27/2020 8:35:59 AM,False,7786,Accepted,
26249017,0568000,LOUISVILLE METRO POLICE DEPT,Accepted,JEFFERSON,,,WILSON,AVE,,,BEECH,,,,,38.228907370,-85.805047548,1.787,1/25/2020 12:00:00 AM,1830,2,2,0,0,CLEAR,DRY,False,ANGLE COLLISION - OTHER,ANGLE,STRAIGHT & LEVEL,DARK-HWY LIGHTED/ON,,,1/27/2020 8:36:56 AM,False,7481,Accepted,
26248993,0568000,LOUISVILLE METRO POLICE DEPT,Accepted,JEFFERSON,I 0064,,I64 E,,,I 0064,I64 N EXIT25A RAMP TO I64 E,,,,,38.222420458,-85.500053552,19.234,1/25/2020 12:00:00 AM,0923,2,2,0,0,CLOUDY,WET,False,SIDESWIPE-SAME DIRECTION,SIDESWIPE-SAME DIRECTION,STRAIGHT & LEVEL,DAYLIGHT,,,1/27/2020 8:35:24 AM,False,6334,Accepted,
26249046,0568000,LOUISVILLE METRO POLICE DEPT,Accepted,JEFFERSON,KY1020,,2ND,ST,S,,LIBERTY,,,,,38.252678910,-85.753909759,12.575,1/25/2020 12:00:00 AM,1625,3,3,0,1,CLOUDY,DRY,False,SIDESWIPE-SAME DIRECTION,SIDESWIPE-SAME DIRECTION,STRAIGHT & LEVEL,DAYLIGHT,,,1/27/2020 8:38:13 AM,False,2855,Accepted,
26249020,0568000,LOUISVILLE METRO POLICE DEPT,Accepted,JEFFERSON,,,OAK,ST,W,US0031W,DR W J HODGE,,,,,38.237294805,-85.788593718,1.824,1/25/2020 12:00:00 AM,2151,2,2,0,0,CLEAR,DRY,False,SIDESWIPE-SAME DIRECTION,SIDESWIPE-SAME DIRECTION,STRAIGHT & LEVEL,DARK-HWY NOT LIGHTED,,,1/27/2020 8:37:07 AM,False,5282,Accepted,
26249054,0568000,LOUISVILLE METRO POLICE DEPT,Accepted,JEFFERSON,KY0864,,POPLAR LEVEL,RD,,,NAOMI,,,,,38.165330264,-85.680331114,8.722,1/25/2020 12:00:00 AM,1349,2,2,0,0,CLOUDY,DRY,True,OPPOSING LEFT TURN,OPPOSING LEFT TURN,STRAIGHT & LEVEL,DAYLIGHT,,,1/27/2020 8:38:37 AM,False,5027,Accepted,
26248957,0568000,LOUISVILLE METRO POLICE DEPT,Accepted,JEFFERSON,,,OAKLAWN,LN,,,RANGELAND,,,,,38.165025159,-85.669377078,0.309,1/25/2020 12:00:00 AM,0045,1,1,0,0,RAINING,WET,False,COLLISION WITH FIXED OBJECT IN INTERSECTION - FIRST EVENT COLLISION 09 - 32,SINGLE VEHICLE,CURVE & LEVEL,DARK-HWY LIGHTED/ON,,,1/27/2020 8:33:18 AM,False,7045,Accepted,
26248983,0568000,LOUISVILLE METRO POLICE DEPT,Accepted,JEFFERSON,US0060,,SHELBYVILLE,RD,,,MAIN,,,,,38.244163944,-85.546379939,9.508,1/25/2020 12:00:00 AM,0222,1,1,0,0,CLOUDY,WET,False,COLLISION WITH FIXED OBJECT IN INTERSECTION - FIRST EVENT COLLISION 09 - 32,SINGLE VEHICLE,STRAIGHT & LEVEL,DARK-HWY LIGHTED/OFF,,,1/27/2020 8:34:44 AM,False,7440,Accepted,
26256863,0568000,LOUISVILLE METRO POLICE DEPT,Accepted,JEFFERSON,US0042,,BROWNSBORO,RD,,,BIRCHWOOD,,,,,38.259609525,-85.692271083,2.383,1/25/2020 12:00:00 AM,0100,1,1,0,0,OTHER,DRY,True,COLLISION WITH FIXED OBJECT IN INTERSECTION - FIRST EVENT COLLISION 09 - 32,SINGLE VEHICLE,STRAIGHT & LEVEL,UNKNOWN,,,1/28/2020 3:04:58 PM,False,2413,Accepted,
26249026,0568000,LOUISVILLE METRO POLICE DEPT,Accepted,JEFFERSON,KY1932,,BRECKENRIDGE,LN,,,ORCHARD LAKE,,,,,38.191201857,-85.625720537,0.688,1/25/2020 12:00:00 AM,2051,3,3,0,0,CLEAR,DRY,False,OTHER INTERSECTION COLLISIONS,REAR END,STRAIGHT & LEVEL,DARK (UNKNOWN ROADWAY LIGHTING),,,1/27/2020 8:37:32 AM,False,7492,Accepted,
26249061,0568000,LOUISVILLE METRO POLICE DEPT,Accepted,JEFFERSON,KY2052,,SHEPHERDSVILLE,RD,,,YANKEE,,,,,38.151157580,-85.659768308,0.863,1/25/2020 12:00:00 AM,1301,2,2,0,0,CLOUDY,DRY,False,OTHER INTERSECTION COLLISIONS,REAR END,STRAIGHT & LEVEL,DAYLIGHT,,,1/27/2020 8:39:00 AM,False,7484,Accepted,
26249021,0568000,LOUISVILLE METRO POLICE DEPT,Accepted,JEFFERSON,KY2251,,BARDSTOWN,RD,,,BUECHEL BANK,,,,,38.190700149,-85.645708002,0.143,1/25/2020 12:00:00 AM,2340,2,2,0,0,CLEAR,DRY,False,OTHER INTERSECTION COLLISIONS,REAR END,STRAIGHT & LEVEL,DARK-HWY LIGHTED/ON,,,1/27/2020 8:37:11 AM,False,5153,Accepted,
26249024,0568000,LOUISVILLE METRO POLICE DEPT,Accepted,JEFFERSON,US0031E,,BUECHEL,BYP,,KY2052,HIKES,,,,,38.198131835,-85.660969611,10.960,1/25/2020 12:00:00 AM,2119,2,2,0,0,CLEAR,DRY,True,OTHER INTERSECTION COLLISIONS,REAR END,STRAIGHT & LEVEL,DARK-HWY LIGHTED/ON,,,1/27/2020 8:37:23 AM,False,5288,Accepted,
26248998,0568000,LOUISVILLE METRO POLICE DEPT,Accepted,JEFFERSON,,,GRADE,LN,,KY0061,PRESTON,,,,,38.179874775,-85.718250485,0.035,1/25/2020 12:00:00 AM,1209,2,2,0,0,CLOUDY,DRY,False,OTHER INTERSECTION COLLISIONS,REAR END,STRAIGHT & LEVEL,DAYLIGHT,,,1/27/2020 8:35:44 AM,False,7451,Accepted,
26248994,0568000,LOUISVILLE METRO POLICE DEPT,Accepted,JEFFERSON,KY0061,,PRESTON,HWY,,,GLEN ROSE,,,,,38.113956559,-85.675981479,2.126,1/25/2020 12:00:00 AM,0909,2,2,0,0,CLOUDY,WET,False,OTHER INTERSECTION COLLISIONS,REAR END,STRAIGHT & GRADE,DAYLIGHT,,,1/27/2020 8:35:27 AM,False,7669,Accepted,
26248995,0568000,LOUISVILLE METRO POLICE DEPT,Accepted,JEFFERSON,,,STONY BROOK,DR,,,CATANIA,,,,,38.192244777,-85.592903143,1.648,1/25/2020 12:00:00 AM,1005,1,1,0,0,CLOUDY,WET,True,OTHER INTERSECTION COLLISIONS,SINGLE VEHICLE,CURVE & LEVEL,DAYLIGHT,,,1/27/2020 8:35:31 AM,False,7294,Accepted,
26249012,0568000,LOUISVILLE METRO POLICE DEPT,Accepted,JEFFERSON,,,MUD,LN,,KY1450,BLUE LICK,,,,,38.089182254,-85.699304774,2.045,1/25/2020 12:00:00 AM,1419,2,2,0,0,CLOUDY,WET,True,OTHER INTERSECTION COLLISIONS,REAR END,STRAIGHT & LEVEL,DAYLIGHT,,,1/27/2020 8:36:36 AM,False,7354,Accepted,
26249029,0568000,LOUISVILLE METRO POLICE DEPT,Accepted,JEFFERSON,US0031W,,DIXIE,HWY,,,HILLVIEW,,,,,38.131503881,-85.847101712,10.614,1/25/2020 12:00:00 AM,1958,3,3,0,3,CLEAR,WET,False,OTHER INTERSECTION COLLISIONS,REAR END,STRAIGHT & LEVEL,DARK-HWY NOT LIGHTED,,,1/27/2020 8:37:40 AM,False,5211,Accepted,
26249009,0568000,LOUISVILLE METRO POLICE DEPT,Accepted,JEFFERSON,,231,OAK,ST,E,,,,,,,38.234296620,-85.752019758,0.182,1/25/2020 12:00:00 AM,1328,1,1,0,0,CLOUDY,DRY,False,COLLISION WITH FIXED OBJECT NON - INTERSECTION - FIRST EVENT COLLISION 09 - 32 EXCLUDING 16,SINGLE VEHICLE,STRAIGHT & LEVEL,DAYLIGHT,,,1/27/2020 8:36:25 AM,False,7441,Accepted,
26249014,0568000,LOUISVILLE METRO POLICE DEPT,Accepted,JEFFERSON,KY1020,1600,3RD,ST,S,,,,,,,38.224467123,-85.760492721,10.596,1/25/2020 12:00:00 AM,1159,2,2,0,0,CLOUDY,DRY,True,1 VEHICLE PARKED POSITION (NOT PARKING LOT/DRIVEWAY),SIDESWIPE-SAME DIRECTION,STRAIGHT & LEVEL,DAYLIGHT,,,1/27/2020 8:36:43 AM,False,7322,Accepted,
26248982,0568000,LOUISVILLE METRO POLICE DEPT,Accepted,JEFFERSON,,3712,KLONDIKE,LN,,,,,,,,38.209207197,-85.638934819,0.820,1/25/2020 12:00:00 AM,0059,2,2,0,0,RAINING,WET,False,1 VEHICLE PARKED POSITION (NOT PARKING LOT/DRIVEWAY),HEAD ON,STRAIGHT & LEVEL,DARK-HWY LIGHTED/ON,,,1/27/2020 8:34:41 AM,False,5146,Accepted,
26249025,0568000,LOUISVILLE METRO POLICE DEPT,Accepted,JEFFERSON,,7006,JOHN PAUL,LN,,,,,,,,38.117008630,-85.636151886,0.186,1/25/2020 12:00:00 AM,1741,2,2,0,0,CLEAR,WET,True,1 VEHICLE PARKED POSITION (NOT PARKING LOT/DRIVEWAY),REAR END,STRAIGHT & GRADE,DUSK,,,1/27/2020 8:37:29 AM,False,5138,Accepted,
26249006,0568000,LOUISVILLE METRO POLICE DEPT,Accepted,JEFFERSON,,,DUNDEE,RD,,,,,,,,38.224497897,-85.694516221,0.019,1/25/2020 12:00:00 AM,1209,2,2,0,0,CLOUDY,WET,True,1 VEHICLE PARKED POSITION (NOT PARKING LOT/DRIVEWAY),SIDESWIPE-SAME DIRECTION,STRAIGHT & LEVEL,DAYLIGHT,,,1/27/2020 8:36:14 AM,False,5112,Accepted,
26249007,0568000,LOUISVILLE METRO POLICE DEPT,Accepted,JEFFERSON,,313,44TH,ST,N,,,,,,,38.267778560,-85.818844887,0.287,1/25/2020 12:00:00 AM,1441,1,1,0,0,CLOUDY,DRY,True,1 VEHICLE PARKED POSITION (NOT PARKING LOT/DRIVEWAY),SINGLE VEHICLE,STRAIGHT & LEVEL,DAYLIGHT,,,1/27/2020 8:36:17 AM,False,5290,Accepted,
27712838,0568000,LOUISVILLE METRO POLICE DEPT,Accepted,JEFFERSON,,616,BRECKINRIDGE,ST,W,,,,,,,38.242326981,-85.762427391,0.456,1/25/2020 12:00:00 AM,1329,1,1,0,0,RAINING,WET,False,COLLISION WITH FIXED OBJECT NON - INTERSECTION - FIRST EVENT COLLISION 09 - 32 EXCLUDING 16,SINGLE VEHICLE,STRAIGHT & LEVEL,DAYLIGHT,,,1/26/2021 11:12:51 AM,False,5186,Accepted,
26735916,0568000,LOUISVILLE METRO POLICE DEPT,Accepted,JEFFERSON,,2048,EASTERN,PKWY,,,,,,,,38.233639818,-85.706843222,0.075,1/25/2020 12:00:00 AM,0851,3,3,0,1,CLEAR,DRY,False,1 VEHICLE PARKED POSITION (NOT PARKING LOT/DRIVEWAY),ANGLE,STRAIGHT & LEVEL,DAYLIGHT,,,5/26/2020 9:09:13 AM,False,7570,Accepted,
26325506,0568000,LOUISVILLE METRO POLICE DEPT,Accepted,JEFFERSON,I 0071,,I71 S,,,,,,,,,38.291476832,-85.649911098,4.883,1/25/2020 12:00:00 AM,2120,2,2,0,0,CLEAR,DRY,False,OTHER ROADWAY OR MID-BLOCK COLLISION,REAR TO REAR,CURVE & LEVEL,DARK-HWY LIGHTED/ON,,,2/10/2020 8:24:59 AM,False,5030,Accepted,
26249016,0568000,LOUISVILLE METRO POLICE DEPT,Accepted,JEFFERSON,KY1747,,HURSTBOURNE,PKWY,N,,,,,,,38.287643023,-85.572459685,17.030,1/25/2020 12:00:00 AM,1552,2,2,0,0,CLOUDY,DRY,False,OTHER ROADWAY OR MID-BLOCK COLLISION,REAR END,STRAIGHT & LEVEL,DAYLIGHT,,,1/27/2020 8:36:52 AM,False,7839,Accepted,
26254783,0568000,LOUISVILLE METRO POLICE DEPT,Accepted,JEFFERSON,,9017,FERN CREEK,RD,,,,,,,,38.149270896,-85.594452478,0.142,1/25/2020 12:00:00 AM,1849,1,1,0,0,RAINING,WET,False,OTHER ROADWAY OR MID-BLOCK COLLISION,SINGLE VEHICLE,STRAIGHT & LEVEL,DARK-HWY LIGHTED/ON,,,1/28/2020 8:11:25 AM,False,7829,Accepted,
26249019,0568000,LOUISVILLE METRO POLICE DEPT,Accepted,JEFFERSON,KY1065,,OUTER,LOOP,,,,,,,,38.138504711,-85.685507157,6.119,1/25/2020 12:00:00 AM,1915,3,3,0,1,RAINING,WET,False,REAR END IN TRAFFIC LANES BOTH VEHICLES MOVING,REAR END,STRAIGHT & LEVEL,DARK (UNKNOWN ROADWAY LIGHTING),,,1/27/2020 8:37:03 AM,False,5248,Accepted,
26249062,0568000,LOUISVILLE METRO POLICE DEPT,Accepted,JEFFERSON,KY0864,,FEGENBUSH,LN,,,,,WATTERSON,,ARTHUR GOINS,38.138953282,-85.616209611,4.431,1/25/2020 12:00:00 AM,1718,2,2,0,0,CLOUDY,DRY,False,HEAD-ON COLLISION,HEAD ON,STRAIGHT & LEVEL,DUSK,,,1/27/2020 8:39:04 AM,False,7484,Accepted,
26325616,0568000,LOUISVILLE METRO POLICE DEPT,Accepted,JEFFERSON,I 0064,,I64 E,,,,,,,,,38.260937429,-85.734310796,5.895,1/25/2020 12:00:00 AM,1551,2,2,0,0,CLEAR,DRY,False,SIDESWIPE COLLISION - SAME DIRECTION,SIDESWIPE-SAME DIRECTION,CURVE & LEVEL,DAYLIGHT,,,2/10/2020 8:30:54 AM,False,5168,Accepted,
26249056,0568000,LOUISVILLE METRO POLICE DEPT,Accepted,JEFFERSON,I 0264,,I264 W,,,,,I 0071,I71 S EXIT5 RAMP TO I264 W,I 0264,I264 W EXIT22 OFF RAMP TO US42,38.285107959,-85.642336754,22.545,1/25/2020 12:00:00 AM,1301,2,2,0,0,CLOUDY,DRY,False,SIDESWIPE COLLISION - SAME DIRECTION,SIDESWIPE-SAME DIRECTION,STRAIGHT & LEVEL,DAYLIGHT,,,1/27/2020 8:38:44 AM,False,6929,Accepted,
26249015,0568000,LOUISVILLE METRO POLICE DEPT,Accepted,JEFFERSON,,,KENTUCKY,ST,W,,,,,,,38.238756210,-85.757983574,3.650,1/25/2020 12:00:00 AM,1345,2,2,0,0,CLEAR,DRY,False,SIDESWIPE COLLISION - SAME DIRECTION,SIDESWIPE-SAME DIRECTION,STRAIGHT & LEVEL,DAYLIGHT,,,1/27/2020 8:36:48 AM,True,5258,Accepted,
26249010,0568000,LOUISVILLE METRO POLICE DEPT,Accepted,JEFFERSON,KY1865,,NEW CUT,RD,,,INVERNESS,,,,,38.163822472,-85.779743468,3.924,1/25/2020 12:00:00 AM,1221,2,2,0,0,RAINING,WET,True,HEAD-ON COLLISION,HEAD ON,STRAIGHT & LEVEL,DAYLIGHT,,,1/27/2020 8:36:29 AM,False,7483,Accepted,
26243581,0560300,ST. MATTHEWS POLICE DEPARTMENT,Accepted,JEFFERSON,US0060,5000,SHELBYVILLE,RD,,,,,,,,38.250139697,-85.623134538,5.326,1/25/2020 12:00:00 AM,1530,2,2,0,0,CLOUDY,DRY,True,COLLISION IN PARKING LOT,SIDESWIPE-SAME DIRECTION,STRAIGHT & LEVEL,DAYLIGHT,,,1/25/2020 8:27:44 PM,False,9195,Accepted,
26283993,0568000,LOUISVILLE METRO POLICE DEPT,Accepted,JEFFERSON,,843,RIVER CREST,CT,,,,,,,,38.270048340,-85.702284541,0.066,1/25/2020 12:00:00 AM,1423,1,1,0,0,CLOUDY,DRY,False,COLLISION IN PARKING LOT,SINGLE VEHICLE,STRAIGHT & LEVEL,DAYLIGHT,,,2/3/2020 9:02:45 AM,False,2738,Accepted,
26249005,0568000,LOUISVILLE METRO POLICE DEPT,Accepted,JEFFERSON,,,HILLCREST,AVE,,,,,ENGLISH,,NORBOURNE,38.255184379,-85.684342294,0.042,1/25/2020 12:00:00 AM,0916,2,2,0,1,CLOUDY,WET,False,OTHER ROADWAY OR MID-BLOCK COLLISION,REAR END,STRAIGHT & LEVEL,DAYLIGHT,,,1/27/2020 8:36:10 AM,False,7043,Accepted,
26248996,0568000,LOUISVILLE METRO POLICE DEPT,Accepted,JEFFERSON,I 0264,,I264 W,,,,,,,,,38.208161211,-85.676479636,15.317,1/24/2020 12:00:00 AM,0725,2,2,0,0,RAINING,WET,False,OTHER ROADWAY OR MID-BLOCK COLLISION,REAR END,STRAIGHT & LEVEL,DARK-HWY LIGHTED/ON,,,1/27/2020 8:35:34 AM,False,4656,Accepted,
26248869,0568000,LOUISVILLE METRO POLICE DEPT,Accepted,JEFFERSON,KY1865,,NEW CUT,RD,,,,,,,,38.162113722,-85.779324961,3.810,1/24/2020 12:00:00 AM,1447,2,2,0,0,CLOUDY,WET,False,OTHER ROADWAY OR MID-BLOCK COLLISION,REAR END,STRAIGHT & LEVEL,DAYLIGHT,,,1/27/2020 8:30:30 AM,False,7331,Accepted,
26248819,0568000,LOUISVILLE METRO POLICE DEPT,Accepted,JEFFERSON,I 0065,,,,,,,,,,,38.191171138,-85.719404944,0.050,1/24/2020 12:00:00 AM,1124,3,3,0,0,CLOUDY,WET,False,OTHER ROADWAY OR MID-BLOCK COLLISION,REAR END,STRAIGHT & LEVEL,DAYLIGHT,,,1/27/2020 8:27:37 AM,False,7872,Accepted,
26248918,0568000,LOUISVILLE METRO POLICE DEPT,Accepted,JEFFERSON,KY0022,,BROWNSBORO,RD,,,,,,,,38.311127515,-85.570146246,4.279,1/24/2020 12:00:00 AM,0953,2,2,0,0,RAINING,WET,False,OTHER ROADWAY OR MID-BLOCK COLLISION,OPPOSING LEFT TURN,STRAIGHT & LEVEL,DAYLIGHT,,,1/27/2020 8:32:23 AM,False,7839,Accepted,
26248809,0568000,LOUISVILLE METRO POLICE DEPT,Accepted,JEFFERSON,I 0064,,,,,,,,,,,38.259269944,-85.740492865,0.397,1/24/2020 12:00:00 AM,1100,2,2,0,0,RAINING,WET,False,OTHER RAMP RELATED COLLISIONS NOT LISTED ABOVE,REAR END,CURVE & GRADE,DAYLIGHT,I 0064,I 0065,1/27/2020 8:27:15 AM,False,8278,Accepted,
26256857,0568000,LOUISVILLE METRO POLICE DEPT,Accepted,JEFFERSON,I 0064,,,,,,,,,,,38.258487731,-85.739986204,0.194,1/24/2020 12:00:00 AM,1047,1,1,0,0,RAINING,WET,False,OTHER RAMP RELATED COLLISIONS NOT LISTED ABOVE,SINGLE VEHICLE,CURVE & GRADE,DAYLIGHT,I 0064,I 0071,1/28/2020 3:04:36 PM,False,7720,Accepted,
26248820,0568000,LOUISVILLE METRO POLICE DEPT,Accepted,JEFFERSON,I 0065,,,,,,,,,,,38.227854742,-85.750560471,0.099,1/24/2020 12:00:00 AM,1010,2,2,0,0,RAINING,WET,False,OTHER RAMP RELATED COLLISIONS NOT LISTED ABOVE,SIDESWIPE-SAME DIRECTION,STRAIGHT & LEVEL,DAYLIGHT,I 0065,KY0061,1/27/2020 8:27:41 AM,True,5258,Accepted,
26248821,0568000,LOUISVILLE METRO POLICE DEPT,Accepted,JEFFERSON,I 0064,,,,,,,,,,,38.222260336,-85.579415700,0.456,1/24/2020 12:00:00 AM,1204,2,2,0,0,RAINING,WET,False,OTHER RAMP RELATED COLLISIONS NOT LISTED ABOVE,REAR END,STRAIGHT & LEVEL,DAYLIGHT,I 0064,KY1747,1/27/2020 8:27:45 AM,False,4903,Accepted,
26249053,0568000,LOUISVILLE METRO POLICE DEPT,Accepted,JEFFERSON,I 0264,,,,,,,,,,,38.194481891,-85.707416200,0.311,1/24/2020 12:00:00 AM,0839,2,2,0,0,RAINING,WET,False,OTHER RAMP RELATED COLLISIONS NOT LISTED ABOVE,REAR END,STRAIGHT & LEVEL,DAYLIGHT,I 0264,KY0864,1/27/2020 8:38:34 AM,False,5027,Accepted,
26526082,0568000,LOUISVILLE METRO POLICE DEPT,Accepted,JEFFERSON,KY0155,,TAYLORSVILLE,RD,,,,KY2048,DUTCHMANS,,KENT,38.222187896,-85.658485048,15.110,1/24/2020 12:00:00 AM,1204,4,1,1,3,CLOUDY,DRY,False,OTHER ROADWAY OR MID-BLOCK COLLISION,REAR END,STRAIGHT & LEVEL,DAYLIGHT,,,3/17/2020 3:03:54 PM,False,7840,Accepted,
26248802,0568000,LOUISVILLE METRO POLICE DEPT,Accepted,JEFFERSON,I 0065,,,,,,,,,,,38.205948792,-85.750662315,0.043,1/24/2020 12:00:00 AM,1026,1,1,0,0,CLOUDY,WET,False,COLLISION WITH FIXED OBJECT NOT IN GORE ,SINGLE VEHICLE,CURVE & HILLCREST,DAYLIGHT,CRITTENDEN DR,I 0065,1/27/2020 8:26:52 AM,False,7872,Accepted,
26248965,0568000,LOUISVILLE METRO POLICE DEPT,Accepted,JEFFERSON,I 0071,,,,,,,,,,,38.315671482,-85.581007517,0.200,1/24/2020 12:00:00 AM,2238,1,1,0,0,SMOG SMOKE,WET,False,COLLISION WITH FIXED OBJECT NOT IN GORE ,SINGLE VEHICLE,CURVE & GRADE,DARK-HWY NOT LIGHTED,I 0071,I 0071,1/27/2020 8:33:44 AM,False,5180,Accepted,
26242254,0560300,ST. MATTHEWS POLICE DEPARTMENT,Accepted,JEFFERSON,US0060,5000,SHELBYVILLE,RD,,,,,,,,38.250182747,-85.623662151,5.301,1/24/2020 12:00:00 AM,1006,2,2,0,0,RAINING,WET,True,COLLISION IN PARKING LOT,SIDESWIPE-SAME DIRECTION,STRAIGHT & GRADE,DAYLIGHT,,,1/25/2020 10:45:19 AM,False,9150,Accepted,
26248906,0568000,LOUISVILLE METRO POLICE DEPT,Accepted,JEFFERSON,KY0061,5005,PRESTON,HWY,,,,,,,,38.175191872,-85.713274280,6.927,1/24/2020 12:00:00 AM,1817,2,2,0,0,CLEAR,DRY,False,COLLISION IN PARKING LOT,ANGLE,STRAIGHT & LEVEL,DARK-HWY LIGHTED/ON,,,1/27/2020 8:31:52 AM,False,7451,Accepted,
26248860,0568000,LOUISVILLE METRO POLICE DEPT,Accepted,JEFFERSON,,425,BURNETT,AVE,E,,,,,,,38.225955274,-85.749021070,0.427,1/24/2020 12:00:00 AM,1117,1,1,0,1,CLOUDY,WET,True,COLLISION IN PARKING LOT,SINGLE VEHICLE,STRAIGHT & LEVEL,DAYLIGHT,,,1/27/2020 8:29:51 AM,False,7418,Accepted,
26248952,0568000,LOUISVILLE METRO POLICE DEPT,Accepted,JEFFERSON,US0031W,10411,DIXIE,HWY,,,,,,,,38.103054572,-85.869372384,8.291,1/24/2020 12:00:00 AM,1850,2,2,0,0,CLOUDY,WET,True,COLLISION IN PARKING LOT,REAR END,STRAIGHT & LEVEL,DUSK,,,1/27/2020 8:33:05 AM,False,5033,Accepted,
26248969,0568000,LOUISVILLE METRO POLICE DEPT,Accepted,JEFFERSON,US0031E,1250,BARDSTOWN,RD,,,,,,,,38.236045218,-85.716626293,15.135,1/24/2020 12:00:00 AM,2052,2,2,0,0,CLOUDY,WET,False,COLLISION IN PARKING LOT,SIDESWIPE-OPPOSITE DIRECTION,STRAIGHT & LEVEL,DARK-HWY LIGHTED/ON,,,1/27/2020 8:34:05 AM,False,5188,Accepted,
26249011,0568000,LOUISVILLE METRO POLICE DEPT,Accepted,JEFFERSON,KY0061,,PRESTON,HWY,,,GLEN ROSE,,,,,38.113845136,-85.675956860,2.119,1/24/2020 12:00:00 AM,1546,2,2,0,1,CLOUDY,DRY,False,HEAD-ON COLLISION,HEAD ON,STRAIGHT & LEVEL,DAYLIGHT,,,1/27/2020 8:36:32 AM,False,7354,Accepted,
26325644,0568000,LOUISVILLE METRO POLICE DEPT,Accepted,JEFFERSON,I 0064,,I64 W,,,,,,,,,38.237744447,-85.664125342,10.031,1/24/2020 12:00:00 AM,0658,2,2,0,0,RAINING,WET,False,OTHER COLLISIONS ON SHOULDER,SIDESWIPE-SAME DIRECTION,STRAIGHT & LEVEL,DARK-HWY LIGHTED/OFF,,,2/10/2020 8:32:46 AM,False,7180,Accepted,
26248907,0568000,LOUISVILLE METRO POLICE DEPT,Accepted,JEFFERSON,US0031E,,BARDSTOWN,RD,,,,,LITTLE SPRING,,BARDSTOWN BLUFF,38.095862220,-85.562021448,1.505,1/24/2020 12:00:00 AM,1448,1,1,0,1,RAINING,WET,False,OTHER COLLISIONS ON SHOULDER,SINGLE VEHICLE,STRAIGHT & GRADE,DAYLIGHT,,,1/27/2020 8:31:56 AM,False,7278,Accepted,
26248892,0568000,LOUISVILLE METRO POLICE DEPT,Accepted,JEFFERSON,I 0064,,,,,,,,,,,38.256285611,-85.741812545,0.269,1/24/2020 12:00:00 AM,1800,1,1,0,0,CLOUDY,DRY,False,OTHER COLLISIONS ON SHOULDER,SINGLE VEHICLE,CURVE & GRADE,DARK-HWY LIGHTED/ON,,,1/27/2020 8:31:08 AM,False,2855,Accepted,
26254806,0568000,LOUISVILLE METRO POLICE DEPT,Accepted,JEFFERSON,I 0064,,I64 E,,,,,,,,,38.261138471,-85.734333339,5.893,1/24/2020 12:00:00 AM,1122,1,1,0,0,RAINING,WET,False,OTHER COLLISIONS ON SHOULDER,SINGLE VEHICLE,CURVE & GRADE,DAYLIGHT,,,1/28/2020 8:12:30 AM,False,7840,Accepted,
26237687,0568000,LOUISVILLE METRO POLICE DEPT,Accepted,JEFFERSON,I 0065,,I65 N,,,,,,,,,38.189855881,-85.728781689,130.694,1/24/2020 12:00:00 AM,0638,2,2,0,0,RAINING,WATER (STANDING OR MOVING),False,SIDESWIPE COLLISION - SAME DIRECTION,SIDESWIPE-SAME DIRECTION,STRAIGHT & LEVEL,DARK-HWY LIGHTED/ON,,,1/24/2020 8:39:44 AM,False,4903,Accepted,
26240569,0561500,UNIV. OF LOUISVILLE POLICE,Accepted,JEFFERSON,,,BLOOM,ST,W,,,,,,,38.222239964,-85.763629163,0.240,1/24/2020 12:00:00 AM,1727,2,2,0,0,CLOUDY,DRY,False,SIDESWIPE COLLISION - SAME DIRECTION,SIDESWIPE-SAME DIRECTION,STRAIGHT & GRADE,DUSK,,,1/24/2020 7:18:09 PM,False,5694,Accepted,