IncidentID,AgencyORI,AgencyName,IncidentStatusDesc,County,RdwyNumber,Street,RoadwayName,StreetSfx,StreetDir,IntersectionRdwy,IntersectionRdwyName,BetweenStRdwy1,BetweenStRdwyName1,BetweenStRdwy2,BetweenStRdwyName2,Latitude,Longitude,Milepoint,CollisionDate,CollisionTime,UnitsInvolved,MotorVehiclesInvolved,NumberKilled,NumberInjured,Weather,RdwyConditionCode,HitandRun,DirAnalysisCode,MannerofCollision,RdwyCharacter,LightCondition,RampFromRdwyId,RampToRdwyId,AcceptedDate,IsSecondaryCollision,OwnerBadge,IncidentStatus,
26248792,0568000,LOUISVILLE METRO POLICE DEPT,Accepted,JEFFERSON,I 0065,,I65 N,,,,,,,,,38.177763163,-85.719374198,129.708,1/24/2020 12:00:00 AM,0715,2,2,0,0,RAINING,WET,False,SIDESWIPE COLLISION - SAME DIRECTION,SIDESWIPE-SAME DIRECTION,CURVE & HILLCREST,DARK-HWY LIGHTED/ON,,,1/27/2020 8:26:18 AM,False,7872,Accepted,
26248801,0568000,LOUISVILLE METRO POLICE DEPT,Accepted,JEFFERSON,I 0065,,I65 N,,,,,,,,,38.242138956,-85.752730073,135.010,1/24/2020 12:00:00 AM,0900,2,2,0,0,RAINING,WET,False,SIDESWIPE COLLISION - SAME DIRECTION,SIDESWIPE-SAME DIRECTION,STRAIGHT & LEVEL,DAYLIGHT,,,1/27/2020 8:26:49 AM,False,4903,Accepted,
26248867,0568000,LOUISVILLE METRO POLICE DEPT,Accepted,JEFFERSON,KY1447,,WESTPORT,RD,,,,,STONEHURST,,KENNERSLEY,38.281773759,-85.587185932,4.312,1/24/2020 12:00:00 AM,1700,2,2,0,0,CLOUDY,WET,False,SIDESWIPE COLLISION - SAME DIRECTION,SIDESWIPE-SAME DIRECTION,STRAIGHT & LEVEL,DAYLIGHT,,,1/27/2020 8:30:21 AM,False,6929,Accepted,
26248854,0568000,LOUISVILLE METRO POLICE DEPT,Accepted,JEFFERSON,US0031W,,DR W J HODGE,ST,,,,,,,,38.243127306,-85.787571718,19.194,1/24/2020 12:00:00 AM,1556,2,2,0,0,CLOUDY,WET,False,SIDESWIPE COLLISION - SAME DIRECTION,SIDESWIPE-SAME DIRECTION,STRAIGHT & LEVEL,DAYLIGHT,,,1/27/2020 8:29:40 AM,False,7326,Accepted,
26265504,0560400,SHIVELY POLICE DEPARTMENT,Accepted,JEFFERSON,US0031W,,DIXIE,HWY,,,,,UPPER HUNTERS,,BRICK KILN,38.168897989,-85.828171455,13.302,1/24/2020 12:00:00 AM,2133,2,2,0,0,RAINING,WET,True,SIDESWIPE COLLISION - SAME DIRECTION,SIDESWIPE-SAME DIRECTION,STRAIGHT & LEVEL,DARK (UNKNOWN ROADWAY LIGHTING),,,1/30/2020 6:58:44 AM,False,7124,Accepted,
26248875,0568000,LOUISVILLE METRO POLICE DEPT,Accepted,JEFFERSON,KY2051,4350,CAMP GROUND,RD,,,,,,,,38.208674052,-85.843755587,4.804,1/24/2020 12:00:00 AM,0758,2,2,0,0,FOG WITH RAIN,WET,False,REAR END IN TRAFFIC LANES BOTH VEHICLES MOVING,REAR END,CURVE & LEVEL,OTHER,,,1/27/2020 8:30:54 AM,False,7381,Accepted,
26248825,0568000,LOUISVILLE METRO POLICE DEPT,Accepted,JEFFERSON,US0031E,,BARDSTOWN,RD,,,,,,,,38.158523794,-85.591409276,6.177,1/24/2020 12:00:00 AM,1234,3,3,0,0,RAINING,WET,False,REAR END IN TRAFFIC LANES BOTH VEHICLES MOVING,REAR END,STRAIGHT & GRADE,DAYLIGHT,,,1/27/2020 8:27:58 AM,False,7255,Accepted,
26248832,0568000,LOUISVILLE METRO POLICE DEPT,Accepted,JEFFERSON,US0031E,,BARDSTOWN,RD,,,,,,,,38.093961479,-85.558867020,1.290,1/24/2020 12:00:00 AM,1500,2,2,0,0,RAINING,WET,False,REAR END IN TRAFFIC LANES BOTH VEHICLES MOVING,REAR END,CURVE & LEVEL,DAYLIGHT,,,1/27/2020 8:28:26 AM,False,7698,Accepted,
26248800,0568000,LOUISVILLE METRO POLICE DEPT,Accepted,JEFFERSON,US0150,,BROADWAY,,E,,,,,,,38.243659188,-85.726951902,4.004,1/24/2020 12:00:00 AM,0741,2,2,0,0,CLOUDY,WET,False,REAR END IN TRAFFIC LANES BOTH VEHICLES MOVING,REAR END,STRAIGHT & LEVEL,DAWN,,,1/27/2020 8:26:45 AM,False,5250,Accepted,
26248865,0568000,LOUISVILLE METRO POLICE DEPT,Accepted,JEFFERSON,US0031W,,DIXIE,HWY,,,,,,,,38.162360900,-85.831519226,12.900,1/24/2020 12:00:00 AM,1450,3,3,0,0,CLOUDY,WET,False,REAR END IN TRAFFIC LANES BOTH VEHICLES MOVING,REAR END,STRAIGHT & LEVEL,DAYLIGHT,,,1/27/2020 8:30:10 AM,False,7234,Accepted,
26248841,0568000,LOUISVILLE METRO POLICE DEPT,Accepted,JEFFERSON,I 0064,,I64 E,,,,,,,,,38.275203021,-85.817589275,0.522,1/24/2020 12:00:00 AM,1411,2,2,0,0,CLOUDY,WET,False,REAR END IN TRAFFIC LANES BOTH VEHICLES MOVING,REAR END,CURVE & LEVEL,DAYLIGHT,,,1/27/2020 8:28:59 AM,False,7988,Accepted,
26248851,0568000,LOUISVILLE METRO POLICE DEPT,Accepted,JEFFERSON,US0150,,BROADWAY,,W,,,,,,,38.246026648,-85.757438764,2.434,1/24/2020 12:00:00 AM,0836,2,2,0,0,RAINING,WET,False,REAR END IN TRAFFIC LANES BOTH VEHICLES MOVING,REAR END,STRAIGHT & LEVEL,DAYLIGHT,,,1/27/2020 8:29:29 AM,False,5168,Accepted,
26248866,0568000,LOUISVILLE METRO POLICE DEPT,Accepted,JEFFERSON,KY1447,,WESTPORT,RD,,,,,OLD WESTPORT,,JAPONICA,38.278862212,-85.596248756,3.776,1/24/2020 12:00:00 AM,1439,2,2,0,0,CLOUDY,WET,False,REAR END IN TRAFFIC LANES BOTH VEHICLES MOVING,REAR END,STRAIGHT & LEVEL,DAYLIGHT,,,1/27/2020 8:30:17 AM,False,6929,Accepted,
26248992,0568000,LOUISVILLE METRO POLICE DEPT,Accepted,JEFFERSON,US0031E,3301,BARDSTOWN,RD,,,,,GOLDSMITH,,BELMONT,38.208193030,-85.668642234,11.749,1/24/2020 12:00:00 AM,1454,2,2,0,0,CLOUDY,WET,False,REAR END IN TRAFFIC LANES BOTH VEHICLES MOVING,REAR END,STRAIGHT & LEVEL,DAYLIGHT,,,1/27/2020 8:35:20 AM,False,5247,Accepted,
26254832,0568000,LOUISVILLE METRO POLICE DEPT,Accepted,JEFFERSON,US0031E,,BARDSTOWN,RD,,,,,,,,38.226672346,-85.698291355,13.922,1/24/2020 12:00:00 AM,1920,2,2,0,0,CLOUDY,WET,False,REAR END IN TRAFFIC LANES BOTH VEHICLES MOVING,REAR END,STRAIGHT & HILLCREST,DARK-HWY LIGHTED/ON,,,1/28/2020 8:13:51 AM,False,2976,Accepted,
26260440,0568000,LOUISVILLE METRO POLICE DEPT,Accepted,JEFFERSON,I 0264,,I264 W,,,,,,,,,38.201265662,-85.693518136,14.257,1/24/2020 12:00:00 AM,1414,3,3,0,0,RAINING,WET,False,REAR END IN TRAFFIC LANES BOTH VEHICLES MOVING,REAR END,STRAIGHT & GRADE,DAYLIGHT,,,1/29/2020 8:10:59 AM,False,8278,Accepted,
26249060,0568000,LOUISVILLE METRO POLICE DEPT,Accepted,JEFFERSON,US0031E,,BARDSTOWN,RD,,,,,,,,38.232187526,-85.709649934,14.650,1/24/2020 12:00:00 AM,1352,2,2,0,0,CLOUDY,WET,False,REAR END IN TRAFFIC LANES BOTH VEHICLES MOVING,REAR END,STRAIGHT & LEVEL,DAYLIGHT,,,1/27/2020 8:38:57 AM,False,7968,Accepted,
26341989,0568000,LOUISVILLE METRO POLICE DEPT,Accepted,JEFFERSON,KY1020,,SOUTHSIDE,DR,,,,,,,,38.157587670,-85.764691065,6.052,1/24/2020 12:00:00 AM,2148,2,2,0,2,RAINING,WET,False,REAR END IN TRAFFIC LANES BOTH VEHICLES MOVING,REAR END,STRAIGHT & LEVEL,DARK-HWY LIGHTED/ON,,,2/13/2020 8:35:33 AM,False,5293,Accepted,
26248916,0568000,LOUISVILLE METRO POLICE DEPT,Accepted,JEFFERSON,I 0071,,I71 S,,,,,,,,,38.305052981,-85.601663367,7.794,1/24/2020 12:00:00 AM,0718,2,2,0,0,RAINING,WET,False,REAR END IN TRAFFIC LANES BOTH VEHICLES MOVING,REAR END,STRAIGHT & LEVEL,DAWN,,,1/27/2020 8:32:18 AM,False,7839,Accepted,
26248923,0568000,LOUISVILLE METRO POLICE DEPT,Accepted,JEFFERSON,I 0071,,I71 S,,,,,,,,,38.306592135,-85.598603331,7.995,1/24/2020 12:00:00 AM,1455,2,2,0,0,CLOUDY,WET,True,REAR END IN TRAFFIC LANES BOTH VEHICLES MOVING,REAR END,STRAIGHT & LEVEL,DAYLIGHT,,,1/27/2020 8:32:39 AM,False,7839,Accepted,
26248926,0568000,LOUISVILLE METRO POLICE DEPT,Accepted,JEFFERSON,I 0265,,I265 S,,,,,,,,,38.274115785,-85.500796280,29.000,1/24/2020 12:00:00 AM,1654,2,2,0,0,CLOUDY,WET,False,REAR END IN TRAFFIC LANES BOTH VEHICLES MOVING,REAR END,STRAIGHT & LEVEL,DUSK,,,1/27/2020 8:32:43 AM,False,7839,Accepted,
26248958,0568000,LOUISVILLE METRO POLICE DEPT,Accepted,JEFFERSON,KY1865,5400,NEW CUT,RD,,,,,,,,38.150836569,-85.776346918,3.007,1/24/2020 12:00:00 AM,2209,2,2,0,0,RAINING,WET,False,REAR END IN TRAFFIC LANES BOTH VEHICLES MOVING,REAR END,STRAIGHT & LEVEL,DARK-HWY LIGHTED/ON,,,1/27/2020 8:33:28 AM,False,5263,Accepted,
26248872,0568000,LOUISVILLE METRO POLICE DEPT,Accepted,JEFFERSON,US0060,,SHELBYVILLE,RD,,,,,,,,38.238885499,-85.488250911,12.899,1/24/2020 12:00:00 AM,1736,2,2,0,0,RAINING,WET,False,REAR END IN TRAFFIC LANES BOTH VEHICLES MOVING,REAR END,STRAIGHT & LEVEL,DUSK,,,1/27/2020 8:30:44 AM,False,2218,Accepted,
26248862,0568000,LOUISVILLE METRO POLICE DEPT,Accepted,JEFFERSON,I 0065,,I65 N,,,,,I 0065,I65 N EXIT128 TRANSIT,I 0065,I65 N EXIT128 ON RAMP FROM KY1631,38.157976397,-85.718462218,128.312,1/24/2020 12:00:00 AM,0754,2,2,0,0,RAINING,WET,False,REAR END IN TRAFFIC LANES BOTH VEHICLES MOVING,REAR END,STRAIGHT & LEVEL,DAYLIGHT,,,1/27/2020 8:29:58 AM,False,7451,Accepted,
26239671,0560300,ST. MATTHEWS POLICE DEPARTMENT,Accepted,JEFFERSON,I 0064,,I64 W,,,,,,,,,38.236015549,-85.641436942,11.242,1/24/2020 12:00:00 AM,0822,3,3,0,0,RAINING,WET,False,REAR END IN TRAFFIC LANES BOTH VEHICLES MOVING,REAR END,STRAIGHT & LEVEL,DAYLIGHT,,,1/24/2020 3:28:34 PM,True,9171,Accepted,
26248793,0568000,LOUISVILLE METRO POLICE DEPT,Accepted,JEFFERSON,I 0264,,I264 E,,,,,,,,,38.190784853,-85.719006879,12.656,1/24/2020 12:00:00 AM,0737,2,2,0,0,RAINING,WET,False,REAR END IN TRAFFIC LANES BOTH VEHICLES MOVING,REAR END,STRAIGHT & LEVEL,DAYLIGHT,,,1/27/2020 8:26:22 AM,False,4903,Accepted,
26248868,0568000,LOUISVILLE METRO POLICE DEPT,Accepted,JEFFERSON,I 0064,,I64 E,,,,,,,,,38.222819263,-85.511841906,18.636,1/24/2020 12:00:00 AM,1654,2,2,0,0,CLOUDY,DRY,False,REAR END IN TRAFFIC LANES BOTH VEHICLES MOVING,REAR END,STRAIGHT & GRADE,DUSK,,,1/27/2020 8:30:27 AM,False,6953,Accepted,
26249066,0568000,LOUISVILLE METRO POLICE DEPT,Accepted,JEFFERSON,KY1932,,BRECKENRIDGE,LN,,,,,,CS1672G,CHURCHILL PARK,38.216693418,-85.627547924,2.578,1/24/2020 12:00:00 AM,0915,2,2,0,0,RAINING,WET,False,OTHER ROADWAY OR MID-BLOCK COLLISION,REAR END,STRAIGHT & GRADE,DAYLIGHT,,,1/27/2020 8:39:18 AM,False,7482,Accepted,
26248991,0568000,LOUISVILLE METRO POLICE DEPT,Accepted,JEFFERSON,I 0064,,I64 W,,,,,,,,,38.221060877,-85.456632491,21.546,1/24/2020 12:00:00 AM,1222,1,1,0,0,RAINING,WET,False,OTHER ROADWAY OR MID-BLOCK COLLISION,SINGLE VEHICLE,STRAIGHT & LEVEL,DAYLIGHT,,,1/27/2020 8:35:16 AM,False,2738,Accepted,
26248850,0568000,LOUISVILLE METRO POLICE DEPT,Accepted,JEFFERSON,US0031E,,BARDSTOWN,RD,,,,,,,,38.231377665,-85.706856050,14.492,1/24/2020 12:00:00 AM,1457,2,2,0,0,CLOUDY,WET,False,1 VEHICLE ENTERING/LEAVING ENTRANCE,ANGLE,STRAIGHT & LEVEL,DAYLIGHT,,,1/27/2020 8:29:26 AM,False,5112,Accepted,
26248864,0568000,LOUISVILLE METRO POLICE DEPT,Accepted,JEFFERSON,KY1865,,NEW CUT,RD,,,,,,,,38.150351949,-85.776268200,2.980,1/24/2020 12:00:00 AM,1202,2,2,0,0,CLOUDY,DRY,False,1 VEHICLE ENTERING/LEAVING ENTRANCE,ANGLE,STRAIGHT & LEVEL,DAYLIGHT,,,1/27/2020 8:30:06 AM,False,7234,Accepted,
26248882,0568000,LOUISVILLE METRO POLICE DEPT,Accepted,JEFFERSON,,,6TH,ST,S,,,,,,,38.239874146,-85.762855656,1.190,1/24/2020 12:00:00 AM,1650,2,2,0,3,RAINING,WET,False,1 VEHICLE ENTERING/LEAVING ENTRANCE,ANGLE,STRAIGHT & LEVEL,DAYLIGHT,,,1/27/2020 8:31:02 AM,False,5258,Accepted,
26248874,0568000,LOUISVILLE METRO POLICE DEPT,Accepted,JEFFERSON,,,15TH,ST,S,,,,PLYMOUTH,,MAGAZINE,38.249439802,-85.776334123,1.669,1/24/2020 12:00:00 AM,1428,2,2,0,0,CLOUDY,WET,True,1 VEHICLE ENTERING/LEAVING ENTRANCE,ANGLE,STRAIGHT & LEVEL,DAYLIGHT,,,1/27/2020 8:30:51 AM,False,7805,Accepted,
26248966,0568000,LOUISVILLE METRO POLICE DEPT,Accepted,JEFFERSON,KY0061,,PRESTON,ST,S,,,,,,,38.217478361,-85.745812017,10.367,1/24/2020 12:00:00 AM,2113,2,2,0,2,RAINING,WET,True,1 VEHICLE ENTERING/LEAVING ENTRANCE,ANGLE,STRAIGHT & LEVEL,DARK-HWY LIGHTED/ON,,,1/27/2020 8:33:47 AM,False,5217,Accepted,
26249000,0568000,LOUISVILLE METRO POLICE DEPT,Accepted,JEFFERSON,US0060,7913,SHELBYVILLE,RD,,,,,CHRISTIAN,,ARTERBURN,38.248838454,-85.606826256,6.218,1/24/2020 12:00:00 AM,1257,2,2,0,0,RAINING,WET,False,1 VEHICLE ENTERING/LEAVING ENTRANCE,ANGLE,STRAIGHT & LEVEL,DAYLIGHT,,,1/27/2020 8:35:52 AM,False,6456,Accepted,
26283747,0568000,LOUISVILLE METRO POLICE DEPT,Accepted,JEFFERSON,KY1931,7505,ST ANDREWS CHURCH,RD,,,,,,,,38.153437308,-85.809731606,5.011,1/24/2020 12:00:00 AM,0716,3,3,0,0,RAINING,WET,False,1 VEHICLE ENTERING/LEAVING ENTRANCE,ANGLE,CURVE & LEVEL,DAWN,,,2/3/2020 8:37:24 AM,False,7817,Accepted,
26260510,0568000,LOUISVILLE METRO POLICE DEPT,Accepted,JEFFERSON,KY2048,3526,DUTCHMANS,LN,,,,,,,,38.224922888,-85.652802787,0.343,1/24/2020 12:00:00 AM,1500,2,2,0,0,RAINING,WET,False,1 VEHICLE ENTERING/LEAVING ENTRANCE,ANGLE,STRAIGHT & LEVEL,DAYLIGHT,,,1/29/2020 8:15:43 AM,False,7793,Accepted,
26237691,0568000,LOUISVILLE METRO POLICE DEPT,Accepted,JEFFERSON,,,SOUTH,ST,,,,,EUCLID,KY2054,ALGONQUIN,38.218412431,-85.777026280,0.086,1/24/2020 12:00:00 AM,0002,2,2,0,0,RAINING,WET,False,1 VEHICLE ENTERING/LEAVING ENTRANCE,ANGLE,STRAIGHT & LEVEL,DARK-HWY NOT LIGHTED,,,1/24/2020 8:39:57 AM,False,7426,Accepted,
26260439,0568000,LOUISVILLE METRO POLICE DEPT,Accepted,JEFFERSON,I 0064,,I64 W,,,,,,,,,38.258829290,-85.747224764,4.812,1/24/2020 12:00:00 AM,1155,2,2,0,2,RAINING,WET,False,1 VEHICLE ENTERING/LEAVING ENTRANCE,ANGLE,CURVE & LEVEL,DAYLIGHT,,,1/29/2020 8:10:54 AM,False,8278,Accepted,
26248904,0568000,LOUISVILLE METRO POLICE DEPT,Accepted,JEFFERSON,,,DE MEL,AVE,,,,,,,,38.171549925,-85.808007308,0.785,1/24/2020 12:00:00 AM,1530,2,2,0,0,CLEAR,WET,False,SIDESWIPE COLLISION - OPPOSITE DIRECTION,SIDESWIPE-OPPOSITE DIRECTION,CURVE & HILLCREST,DAYLIGHT,,,1/27/2020 8:31:45 AM,False,7267,Accepted,
26237688,0568000,LOUISVILLE METRO POLICE DEPT,Accepted,JEFFERSON,I 0064,,I64 E,,,,,,,,,38.264548114,-85.774979852,3.344,1/24/2020 12:00:00 AM,0541,2,2,0,1,RAINING,WET,False,SIDESWIPE COLLISION - SAME DIRECTION,SIDESWIPE-SAME DIRECTION,CURVE & LEVEL,DARK-HWY LIGHTED/ON,,,1/24/2020 8:39:47 AM,False,7243,Accepted,
26260441,0568000,LOUISVILLE METRO POLICE DEPT,Accepted,JEFFERSON,I 0071,,I71 S,,,,,,,,,38.302143269,-85.607461341,7.418,1/24/2020 12:00:00 AM,1444,1,1,0,0,RAINING,WET,False,RAN OFF ROADWAY (1 VEHICLE WITH/EARTH EMBANKMENT/DITCH),SINGLE VEHICLE,STRAIGHT & GRADE,DAYLIGHT,,,1/29/2020 8:11:05 AM,False,8278,Accepted,
26249067,0568000,LOUISVILLE METRO POLICE DEPT,Accepted,JEFFERSON,,,CHATHAM,RD,,,,,SUNDER,,EXPLORER,38.207229178,-85.639908367,0.334,1/24/2020 12:00:00 AM,1423,2,2,0,0,CLEAR,WET,False,1 VEHICLE PARKED POSITION (NOT PARKING LOT/DRIVEWAY),BACKING,STRAIGHT & LEVEL,DAYLIGHT,,,1/27/2020 8:39:21 AM,False,7482,Accepted,
26248834,0568000,LOUISVILLE METRO POLICE DEPT,Accepted,JEFFERSON,KY0155,3010,TAYLORSVILLE,RD,,,,,,,,38.222806713,-85.667549184,15.603,1/24/2020 12:00:00 AM,1204,2,2,0,0,RAINING,WET,True,1 VEHICLE PARKED POSITION (NOT PARKING LOT/DRIVEWAY),SIDESWIPE-SAME DIRECTION,STRAIGHT & LEVEL,DAYLIGHT,,,1/27/2020 8:28:33 AM,False,7772,Accepted,
26248873,0568000,LOUISVILLE METRO POLICE DEPT,Accepted,JEFFERSON,,731,OAK,ST,E,,,,,,,38.233388991,-85.741441855,0.771,1/24/2020 12:00:00 AM,0834,2,2,0,0,RAINING,WET,False,1 VEHICLE PARKED POSITION (NOT PARKING LOT/DRIVEWAY),SIDESWIPE-SAME DIRECTION,CURVE & LEVEL,DAYLIGHT,,,1/27/2020 8:30:47 AM,False,7407,Accepted,
26248990,0568000,LOUISVILLE METRO POLICE DEPT,Accepted,JEFFERSON,KY2048,,CANNONS,LN,,,,,,,,38.234900521,-85.657828621,1.196,1/24/2020 12:00:00 AM,1402,1,1,0,0,CLOUDY,WET,False,COLLISION WITH FIXED OBJECT NON - INTERSECTION - FIRST EVENT COLLISION 09 - 32 EXCLUDING 16,SINGLE VEHICLE,CURVE & GRADE,DAYLIGHT,,,1/27/2020 8:35:13 AM,False,2738,Accepted,
26304314,0568000,LOUISVILLE METRO POLICE DEPT,Accepted,JEFFERSON,I 0064,,I64 E,,,,,,,,,38.275118426,-85.813147206,0.846,1/24/2020 12:00:00 AM,1415,1,1,0,0,RAINING,WET,False,COLLISION WITH FIXED OBJECT NON - INTERSECTION - FIRST EVENT COLLISION 09 - 32 EXCLUDING 16,SINGLE VEHICLE,CURVE & GRADE,DAYLIGHT,,,2/5/2020 8:09:52 AM,False,5108,Accepted,
26249072,0568000,LOUISVILLE METRO POLICE DEPT,Accepted,JEFFERSON,I 0065,,I65 S,,,I 0065,I65 S EXIT131B OFF RAMP,,,,,38.196819991,-85.733783985,131.246,1/24/2020 12:00:00 AM,0745,2,2,0,0,RAINING,WET,False,OTHER INTERSECTION COLLISIONS,REAR END,STRAIGHT & LEVEL,DAWN,,,1/27/2020 8:39:38 AM,False,7398,Accepted,
26248986,0568000,LOUISVILLE METRO POLICE DEPT,Accepted,JEFFERSON,,,SIX MILE,LN,,KY1932,BRECKENRIDGE,,,,,38.197601249,-85.625125186,1.587,1/24/2020 12:00:00 AM,1323,2,2,0,0,RAINING,WET,False,OTHER INTERSECTION COLLISIONS,REAR TO REAR,STRAIGHT & LEVEL,DAYLIGHT,,,1/27/2020 8:34:55 AM,False,5247,Accepted,
26248830,0568000,LOUISVILLE METRO POLICE DEPT,Accepted,JEFFERSON,KY0061,,PRESTON,HWY,,,MCCAWLEY,,,,,38.144776268,-85.690215073,4.426,1/24/2020 12:00:00 AM,1349,2,2,0,0,CLOUDY,WET,False,OTHER INTERSECTION COLLISIONS,REAR END,STRAIGHT & LEVEL,DAYLIGHT,,,1/27/2020 8:28:16 AM,False,7379,Accepted,
26248836,0568000,LOUISVILLE METRO POLICE DEPT,Accepted,JEFFERSON,KY1747,,HURSTBOURNE,PKWY,S,,HENDRIK,,,,,38.185539226,-85.606212106,8.680,1/24/2020 12:00:00 AM,1522,2,2,0,0,CLOUDY,WET,False,OTHER INTERSECTION COLLISIONS,REAR END,STRAIGHT & GRADE,DAYLIGHT,,,1/27/2020 8:28:40 AM,False,7338,Accepted,
26248837,0568000,LOUISVILLE METRO POLICE DEPT,Accepted,JEFFERSON,US0060A,,EASTERN,PKWY,,,BURNETT,,,,,38.218882322,-85.735293662,5.070,1/24/2020 12:00:00 AM,1344,2,2,0,0,CLOUDY,WET,True,OTHER INTERSECTION COLLISIONS,REAR END,STRAIGHT & LEVEL,DAYLIGHT,,,1/27/2020 8:28:44 AM,False,7129,Accepted,
26248838,0568000,LOUISVILLE METRO POLICE DEPT,Accepted,JEFFERSON,,,BARRET,AVE,,,CHRISTY,,,,,38.239623314,-85.730692011,0.690,1/24/2020 12:00:00 AM,1334,2,2,0,0,FOG WITH RAIN,WET,False,OTHER INTERSECTION COLLISIONS,REAR END,STRAIGHT & LEVEL,DUSK,,,1/27/2020 8:28:47 AM,False,5250,Accepted,
26248853,0568000,LOUISVILLE METRO POLICE DEPT,Accepted,JEFFERSON,US0150,,BROADWAY,,W,,17TH,,,,,38.248808504,-85.780088479,1.176,1/24/2020 12:00:00 AM,1608,3,3,0,0,CLOUDY,WET,False,OTHER INTERSECTION COLLISIONS,REAR END,STRAIGHT & LEVEL,DAYLIGHT,,,1/27/2020 8:29:36 AM,False,7361,Accepted,
26248861,0568000,LOUISVILLE METRO POLICE DEPT,Accepted,JEFFERSON,,,ROY WILKINS,AVE,,,MAGAZINE,,,,,38.248516924,-85.766073445,0.629,1/24/2020 12:00:00 AM,1328,2,2,0,0,CLOUDY,DRY,False,OTHER INTERSECTION COLLISIONS,REAR END,STRAIGHT & LEVEL,DAYLIGHT,,,1/27/2020 8:29:54 AM,False,5187,Accepted,
26249049,0568000,LOUISVILLE METRO POLICE DEPT,Accepted,JEFFERSON,KY0864,,POPLAR LEVEL,RD,,,HESS,,,,,38.211980077,-85.720836549,12.710,1/24/2020 12:00:00 AM,1238,2,2,0,0,RAINING,WET,False,OTHER INTERSECTION COLLISIONS,REAR END,STRAIGHT & LEVEL,DAYLIGHT,,,1/27/2020 8:38:20 AM,False,7938,Accepted,
26304315,0568000,LOUISVILLE METRO POLICE DEPT,Accepted,JEFFERSON,KY1934,,CANE RUN,RD,,,ROCKAWAY,,,,,38.182638484,-85.856456004,7.620,1/24/2020 12:00:00 AM,0642,2,2,0,0,RAINING,WET,False,OTHER INTERSECTION COLLISIONS,REAR END,STRAIGHT & LEVEL,DARK (UNKNOWN ROADWAY LIGHTING),,,2/5/2020 8:09:55 AM,False,5108,Accepted,
26248909,0568000,LOUISVILLE METRO POLICE DEPT,Accepted,JEFFERSON,KY1865,,TAYLOR,BLVD,,,CARLISLE,,,,,38.194110855,-85.783106228,6.046,1/24/2020 12:00:00 AM,1336,2,2,0,0,RAINING,WET,False,OTHER INTERSECTION COLLISIONS,REAR END,STRAIGHT & LEVEL,DAYLIGHT,,,1/27/2020 8:32:05 AM,False,5260,Accepted,
26248900,0568000,LOUISVILLE METRO POLICE DEPT,Accepted,JEFFERSON,KY1142,,PALATKA,RD,,KY1931,MANSLICK,,,,,38.154948894,-85.800966927,0.062,1/24/2020 12:00:00 AM,0745,2,2,0,0,RAINING,WET,False,OTHER INTERSECTION COLLISIONS,REAR END,STRAIGHT & LEVEL,DARK (UNKNOWN ROADWAY LIGHTING),,,1/27/2020 8:31:38 AM,False,7267,Accepted,
26249050,0568000,LOUISVILLE METRO POLICE DEPT,Accepted,JEFFERSON,KY0155,,TAYLORSVILLE,RD,,,LOWE,,,,,38.219018121,-85.606889126,12.300,1/24/2020 12:00:00 AM,1758,2,2,0,0,CLEAR,WET,True,OTHER INTERSECTION COLLISIONS,REAR END,STRAIGHT & LEVEL,DARK-HWY LIGHTED/ON,,,1/27/2020 8:38:23 AM,False,7448,Accepted,
26248939,0568000,LOUISVILLE METRO POLICE DEPT,Accepted,JEFFERSON,KY2048,,CANNONS,LN,,,DUTCHMANS,,,,,38.226243339,-85.650721879,0.506,1/24/2020 12:00:00 AM,1850,2,2,0,0,CLOUDY,WET,False,OTHER INTERSECTION COLLISIONS,REAR END,STRAIGHT & LEVEL,DARK-HWY LIGHTED/ON,,,1/27/2020 8:32:53 AM,False,7935,Accepted,
26248915,0568000,LOUISVILLE METRO POLICE DEPT,Accepted,JEFFERSON,,,SMYRNA,PKWY,,KY2845,MANSLICK,,,,,38.122885768,-85.643134828,1.047,1/24/2020 12:00:00 AM,1700,2,2,0,0,CLOUDY,WET,False,OTHER INTERSECTION COLLISIONS,REAR END,STRAIGHT & LEVEL,DUSK,,,1/27/2020 8:32:14 AM,False,7484,Accepted,
26260485,0568000,LOUISVILLE METRO POLICE DEPT,Accepted,JEFFERSON,,,BURNETT,AVE,E,,1ST,,,,,38.226772173,-85.756710707,,1/24/2020 12:00:00 AM,0545,2,1,0,1,RAINING,WET,False,COLLISION WITH PEDESTRIAN IN INTERSECTION,SINGLE VEHICLE,STRAIGHT & LEVEL,DARK (UNKNOWN ROADWAY LIGHTING),,,1/29/2020 8:14:01 AM,False,5230,Accepted,