IncidentID,AgencyORI,AgencyName,IncidentStatusDesc,County,RdwyNumber,Street,RoadwayName,StreetSfx,StreetDir,IntersectionRdwy,IntersectionRdwyName,BetweenStRdwy1,BetweenStRdwyName1,BetweenStRdwy2,BetweenStRdwyName2,Latitude,Longitude,Milepoint,CollisionDate,CollisionTime,UnitsInvolved,MotorVehiclesInvolved,NumberKilled,NumberInjured,Weather,RdwyConditionCode,HitandRun,DirAnalysisCode,MannerofCollision,RdwyCharacter,LightCondition,RampFromRdwyId,RampToRdwyId,AcceptedDate,IsSecondaryCollision,OwnerBadge,IncidentStatus,
26237683,0568000,LOUISVILLE METRO POLICE DEPT,Accepted,JEFFERSON,US0060A,,LEXINGTON,RD,,,LEXINGTON,,,,,38.245123859,-85.692479560,8.511,1/24/2020 12:00:00 AM,0412,2,1,0,1,RAINING,WET,False,COLLISION WITH PEDESTRIAN IN INTERSECTION,SINGLE VEHICLE,STRAIGHT & HILLCREST,DARK-HWY LIGHTED/ON,,,1/24/2020 8:39:31 AM,False,7304,Accepted,
26237685,0568000,LOUISVILLE METRO POLICE DEPT,Accepted,JEFFERSON,,,ROY WILKINS,AVE,,US0150,BROADWAY,,,,,38.246942683,-85.766671580,0.741,1/24/2020 12:00:00 AM,0041,2,2,0,1,RAINING,WET,False,COLLISION WITH FIXED OBJECT IN INTERSECTION - FIRST EVENT COLLISION 09 - 32,ANGLE,STRAIGHT & LEVEL,DARK-HWY LIGHTED/ON,,,1/24/2020 8:39:38 AM,False,5148,Accepted,
26248981,0568000,LOUISVILLE METRO POLICE DEPT,Accepted,JEFFERSON,,,KINGS,HWY,,,FURMAN,,,,,38.220067119,-85.646403908,0.733,1/24/2020 12:00:00 AM,2337,1,1,0,0,RAINING,WET,False,COLLISION WITH FIXED OBJECT IN INTERSECTION - FIRST EVENT COLLISION 09 - 32,SINGLE VEHICLE,STRAIGHT & LEVEL,DARK-HWY NOT LIGHTED,,,1/27/2020 8:34:37 AM,False,5146,Accepted,
26248959,0568000,LOUISVILLE METRO POLICE DEPT,Accepted,JEFFERSON,,,SCRIM,AVE,,KY0907,VALLEY STATION,,,,,38.106092722,-85.851017060,0.011,1/24/2020 12:00:00 AM,2345,1,1,0,0,RAINING,WET,False,COLLISION WITH FIXED OBJECT IN INTERSECTION - FIRST EVENT COLLISION 09 - 32,SINGLE VEHICLE,STRAIGHT & LEVEL,DARK-HWY LIGHTED/ON,,,1/27/2020 8:33:36 AM,False,5136,Accepted,
26248846,0568000,LOUISVILLE METRO POLICE DEPT,Accepted,JEFFERSON,KY1747,,FERN VALLEY,RD,,,JEFFERSON,,,,,38.156818028,-85.668845828,3.474,1/24/2020 12:00:00 AM,1618,1,1,0,0,CLOUDY,DRY,False,COLLISION WITH FIXED OBJECT IN INTERSECTION - FIRST EVENT COLLISION 09 - 32,SINGLE VEHICLE,STRAIGHT & LEVEL,DAYLIGHT,,,1/27/2020 8:29:12 AM,False,7269,Accepted,
26248928,0568000,LOUISVILLE METRO POLICE DEPT,Accepted,JEFFERSON,KY0907,,3RD ST,RD,,,WINDSOR PARK,,,,,38.117309720,-85.806915034,3.667,1/24/2020 12:00:00 AM,1755,1,1,0,0,RAINING,WET,False,COLLISION WITH FIXED OBJECT IN INTERSECTION - FIRST EVENT COLLISION 09 - 32,SINGLE VEHICLE,CURVE & LEVEL,DARK (UNKNOWN ROADWAY LIGHTING),,,1/27/2020 8:32:46 AM,False,7483,Accepted,
26248828,0568000,LOUISVILLE METRO POLICE DEPT,Accepted,JEFFERSON,US0031W,,22ND,ST,S,,LEE,,,,,38.227425477,-85.793431789,18.011,1/24/2020 12:00:00 AM,0700,1,1,0,0,RAINING,WET,False,NON-COLLISION OBJECT COLLISION,SINGLE VEHICLE,STRAIGHT & LEVEL,DUSK,,,1/27/2020 8:28:10 AM,False,7112,Accepted,
26248831,0568000,LOUISVILLE METRO POLICE DEPT,Accepted,JEFFERSON,KY0864,,FEGENBUSH,LN,,,FENWICK,,,,,38.155337520,-85.636507183,6.076,1/24/2020 12:00:00 AM,1237,1,1,0,0,RAINING,WET,False,NON-COLLISION OBJECT COLLISION,SINGLE VEHICLE,CURVE & GRADE,DAYLIGHT,,,1/27/2020 8:28:22 AM,False,5005,Accepted,
26248901,0568000,LOUISVILLE METRO POLICE DEPT,Accepted,JEFFERSON,,,WILSON,AVE,,US0031W,22ND,,,,,38.234876304,-85.790394469,0.838,1/24/2020 12:00:00 AM,1515,2,2,0,0,CLOUDY,WET,False,COLLISION WITH PARKED VEHICLE,SIDESWIPE-SAME DIRECTION,STRAIGHT & LEVEL,DAYLIGHT,,,1/27/2020 8:31:41 AM,False,5179,Accepted,
26249071,0568000,LOUISVILLE METRO POLICE DEPT,Accepted,JEFFERSON,,,5TH,ST,S,,COMPTON,,,,,38.213499426,-85.765859329,2.165,1/24/2020 12:00:00 AM,1035,3,3,0,0,CLOUDY,WET,False,COLLISION WITH PARKED VEHICLE,REAR END,STRAIGHT & LEVEL,DAYLIGHT,,,1/27/2020 8:39:35 AM,False,7398,Accepted,
26237681,0568000,LOUISVILLE METRO POLICE DEPT,Accepted,JEFFERSON,,,DAVIES,AVE,,,7TH,,,,,38.224298233,-85.770953486,0.004,1/24/2020 12:00:00 AM,0407,2,2,0,0,RAINING,WET,True,ANGLE COLLISION - ONE VEHICLE TURNING LEFT,ANGLE,STRAIGHT & LEVEL,DARK-HWY LIGHTED/ON,,,1/24/2020 8:39:25 AM,False,7455,Accepted,
26271837,0568000,LOUISVILLE METRO POLICE DEPT,Accepted,JEFFERSON,KY1747,,HURSTBOURNE,PKWY,N,,SPRINGBROOKE,,,,,38.305109012,-85.577475115,18.417,1/24/2020 12:00:00 AM,2130,2,2,0,2,RAINING,WET,False,OPPOSITE DIRECTION - BOTH VEHICLES GOING STRAIGHT AHEAD,SIDESWIPE-OPPOSITE DIRECTION,STRAIGHT & LEVEL,DARK-HWY LIGHTED/ON,,,1/31/2020 8:16:57 AM,False,7785,Accepted,
26248911,0568000,LOUISVILLE METRO POLICE DEPT,Accepted,JEFFERSON,KY2054,,ALGONQUIN,PKWY,,,CYPRESS,,,,,38.223744098,-85.800243390,1.216,1/24/2020 12:00:00 AM,1000,2,2,0,0,RAINING,WET,True,OPPOSITE DIRECTION - BOTH VEHICLES GOING STRAIGHT AHEAD,SIDESWIPE-OPPOSITE DIRECTION,STRAIGHT & LEVEL,DAYLIGHT,,,1/27/2020 8:32:10 AM,False,7656,Accepted,
26248987,0568000,LOUISVILLE METRO POLICE DEPT,Accepted,JEFFERSON,KY0864,,POPLAR LEVEL,RD,,,INDIAN,,,,,38.171855706,-85.685369869,9.244,1/24/2020 12:00:00 AM,1420,2,2,0,0,CLEAR,DRY,False,SIDESWIPE-SAME DIRECTION,SIDESWIPE-SAME DIRECTION,STRAIGHT & LEVEL,DAYLIGHT,,,1/27/2020 8:34:59 AM,False,7830,Accepted,
26248945,0568000,LOUISVILLE METRO POLICE DEPT,Accepted,JEFFERSON,KY1447,,WESTPORT,RD,,,MURPHY,,,,,38.302047382,-85.532566980,7.561,1/24/2020 12:00:00 AM,1454,2,2,0,0,CLEAR,DRY,False,SIDESWIPE-SAME DIRECTION,SIDESWIPE-SAME DIRECTION,STRAIGHT & LEVEL,DAYLIGHT,,,1/27/2020 8:32:57 AM,False,7355,Accepted,
26248967,0568000,LOUISVILLE METRO POLICE DEPT,Accepted,JEFFERSON,,,GOLDSMITH,LN,,,MASEMURE,,,,,38.207233028,-85.651688813,0.162,1/24/2020 12:00:00 AM,1843,2,2,0,0,CLEAR,DRY,False,SIDESWIPE-SAME DIRECTION,SIDESWIPE-SAME DIRECTION,STRAIGHT & LEVEL,DARK-HWY LIGHTED/ON,,,1/27/2020 8:33:51 AM,False,5288,Accepted,
26254804,0568000,LOUISVILLE METRO POLICE DEPT,Accepted,JEFFERSON,,,JEFFERSON,BLVD,,KY1747,FERN VALLEY,,,,,38.156920047,-85.671515319,0.220,1/24/2020 12:00:00 AM,0220,2,2,0,0,RAINING,WATER (STANDING OR MOVING),False,SIDESWIPE-SAME DIRECTION,SIDESWIPE-SAME DIRECTION,STRAIGHT & LEVEL,DARK-HWY LIGHTED/OFF,,,1/28/2020 8:12:23 AM,False,5115,Accepted,
26248824,0568000,LOUISVILLE METRO POLICE DEPT,Accepted,JEFFERSON,,,CHESTNUT,ST,W,KY1020,2ND,,,,,38.248580561,-85.754552423,2.545,1/24/2020 12:00:00 AM,1230,2,2,0,0,CLOUDY,WET,False,SIDESWIPE-SAME DIRECTION,SIDESWIPE-SAME DIRECTION,STRAIGHT & LEVEL,DAYLIGHT,,,1/27/2020 8:27:54 AM,False,2855,Accepted,
26248833,0568000,LOUISVILLE METRO POLICE DEPT,Accepted,JEFFERSON,,,FRANKFORT,AVE,,US0042,STORY,,,,,38.258824979,-85.721424171,0.002,1/24/2020 12:00:00 AM,1510,2,2,0,0,CLEAR,WET,False,SIDESWIPE-SAME DIRECTION,SIDESWIPE-SAME DIRECTION,STRAIGHT & LEVEL,DAYLIGHT,,,1/27/2020 8:28:29 AM,False,2855,Accepted,
26248797,0568000,LOUISVILLE METRO POLICE DEPT,Accepted,JEFFERSON,KY1747,,FERN VALLEY,RD,,I 0065,I65 N EXIT128 OFF RAMP TO KY1631,,,,,38.157415501,-85.716224776,0.876,1/24/2020 12:00:00 AM,0623,2,2,0,0,RAINING,WET,False,SIDESWIPE-SAME DIRECTION,SIDESWIPE-SAME DIRECTION,STRAIGHT & LEVEL,DARK-HWY LIGHTED/ON,,,1/27/2020 8:26:39 AM,False,2017,Accepted,
26248798,0568000,LOUISVILLE METRO POLICE DEPT,Accepted,JEFFERSON,US0031E,,MAIN,ST,E,,WENZEL,,,,,38.254163199,-85.733764062,16.806,1/24/2020 12:00:00 AM,0920,2,2,0,0,RAINING,WET,False,SIDESWIPE-SAME DIRECTION,SIDESWIPE-SAME DIRECTION,STRAIGHT & LEVEL,DAYLIGHT,,,1/27/2020 8:26:42 AM,False,2855,Accepted,
26248791,0568000,LOUISVILLE METRO POLICE DEPT,Accepted,JEFFERSON,KY0061,,PRESTON,HWY,,I 0265,I265 E EXIT12 ON RAMP FROM KY61 S,,,,,38.111057196,-85.675140454,1.945,1/24/2020 12:00:00 AM,0758,2,2,0,0,RAINING,WET,False,SIDESWIPE-SAME DIRECTION,SIDESWIPE-SAME DIRECTION,STRAIGHT & LEVEL,DAYLIGHT,,,1/27/2020 8:26:15 AM,False,7269,Accepted,
26237692,0568000,LOUISVILLE METRO POLICE DEPT,Accepted,JEFFERSON,US0042,,BROWNSBORO,RD,,,MELLWOOD,,,,,38.260132529,-85.716866211,1.022,1/24/2020 12:00:00 AM,0708,2,2,0,0,RAINING,WET,False,SIDESWIPE-SAME DIRECTION,SIDESWIPE-SAME DIRECTION,STRAIGHT & LEVEL,DARK-HWY LIGHTED/ON,,,1/24/2020 8:40:00 AM,False,7028,Accepted,
26621132,0568000,LOUISVILLE METRO POLICE DEPT,Accepted,JEFFERSON,,,DIXDALE,AVE,,US0031W,22ND,,,,,38.222354348,-85.795505193,0.612,1/24/2020 12:00:00 AM,1613,2,2,0,0,CLOUDY,DRY,False,SIDESWIPE-SAME DIRECTION,SIDESWIPE-SAME DIRECTION,STRAIGHT & LEVEL,DAYLIGHT,,,4/21/2020 2:06:47 PM,False,5290,Accepted,
26248949,0568000,LOUISVILLE METRO POLICE DEPT,Accepted,JEFFERSON,KY1747,,HURSTBOURNE,PKWY,N,,WHIPPS MILL,,,,,38.274020809,-85.563689001,15.971,1/24/2020 12:00:00 AM,1837,2,2,0,0,CLEAR,DRY,True,ANGLE COLLISION - OTHER,ANGLE,STRAIGHT & GRADE,DARK-HWY LIGHTED/OFF,,,1/27/2020 8:33:00 AM,False,7355,Accepted,
26248970,0568000,LOUISVILLE METRO POLICE DEPT,Accepted,JEFFERSON,US0031W,,DIXIE,HWY,,,DIXIE GARDEN,,,,,38.099054060,-85.871920973,7.978,1/24/2020 12:00:00 AM,2252,2,2,0,2,RAINING,WET,False,ANGLE COLLISION - OTHER,ANGLE,STRAIGHT & GRADE,DARK-HWY NOT LIGHTED,,,1/27/2020 8:34:09 AM,False,5043,Accepted,
26248863,0568000,LOUISVILLE METRO POLICE DEPT,Accepted,JEFFERSON,KY1450,,BLUE LICK,RD,,,FOREMAN,,,,,38.129296167,-85.689445441,3.081,1/24/2020 12:00:00 AM,1334,2,2,0,1,CLOUDY,WET,False,ANGLE COLLISION - OTHER,ANGLE,STRAIGHT & LEVEL,DAYLIGHT,,,1/27/2020 8:30:01 AM,False,7669,Accepted,
26248858,0568000,LOUISVILLE METRO POLICE DEPT,Accepted,JEFFERSON,KY0061,,JACKSON,ST,S,,CAMP,,,,,38.231722955,-85.747913379,11.356,1/24/2020 12:00:00 AM,0752,2,2,0,1,CLOUDY,WET,False,ANGLE COLLISION - OTHER,ANGLE,STRAIGHT & LEVEL,DAWN,,,1/27/2020 8:29:47 AM,False,7418,Accepted,
26248794,0568000,LOUISVILLE METRO POLICE DEPT,Accepted,JEFFERSON,US0031E,,BARDSTOWN,RD,,,EDENSIDE,,,,,38.232781344,-85.710736973,14.726,1/24/2020 12:00:00 AM,0740,2,2,0,0,RAINING,WET,False,ANGLE COLLISION - OTHER,ANGLE,STRAIGHT & LEVEL,DAYLIGHT,,,1/27/2020 8:26:26 AM,False,7129,Accepted,
26248980,0568000,LOUISVILLE METRO POLICE DEPT,Accepted,JEFFERSON,,,LIBERTY,ST,E,,SHELBY,,,,,38.250439466,-85.738511194,0.766,1/24/2020 12:00:00 AM,2305,2,2,0,2,RAINING,WET,False,ANGLE COLLISION - OTHER,ANGLE,STRAIGHT & LEVEL,DARK-HWY LIGHTED/ON,,,1/27/2020 8:34:33 AM,False,5254,Accepted,
26248961,0568000,LOUISVILLE METRO POLICE DEPT,Accepted,JEFFERSON,KY1931,,GREENWOOD,RD,,,WALLER,,,,,38.144602161,-85.866665396,1.671,1/24/2020 12:00:00 AM,1931,2,2,0,1,CLOUDY,DRY,False,ANGLE COLLISION - OTHER,ANGLE,STRAIGHT & LEVEL,DARK-HWY NOT LIGHTED,,,1/27/2020 8:33:40 AM,False,7980,Accepted,
26248971,0568000,LOUISVILLE METRO POLICE DEPT,Accepted,JEFFERSON,KY1065,,OUTER,LOOP,,,ROBBS,,,,,38.138028643,-85.665190425,7.240,1/24/2020 12:00:00 AM,1944,3,3,0,2,CLEAR,DRY,False,ANGLE COLLISION - OTHER,ANGLE,STRAIGHT & LEVEL,DARK-HWY LIGHTED/OFF,,,1/27/2020 8:34:16 AM,False,5042,Accepted,
26248978,0568000,LOUISVILLE METRO POLICE DEPT,Accepted,JEFFERSON,KY1865,,NEW CUT,RD,,,SOUTHLAND,,,,,38.167178781,-85.780561857,4.160,1/24/2020 12:00:00 AM,2224,2,2,0,0,RAINING,WET,False,ANGLE COLLISION - OTHER,ANGLE,STRAIGHT & LEVEL,DARK-HWY LIGHTED/ON,,,1/27/2020 8:34:27 AM,False,5220,Accepted,
26249038,0568000,LOUISVILLE METRO POLICE DEPT,Accepted,JEFFERSON,,,GOLDSMITH,LN,,US0031E,BARDSTOWN,,,,,38.208739485,-85.668623634,1.079,1/24/2020 12:00:00 AM,0729,2,2,0,2,RAINING,WET,False,ANGLE COLLISION - OTHER,ANGLE,STRAIGHT & LEVEL,DAYLIGHT,,,1/27/2020 8:37:57 AM,False,7283,Accepted,
26249041,0568000,LOUISVILLE METRO POLICE DEPT,Accepted,JEFFERSON,US0031W,,DIXIE,HWY,,KY0044,STITES STATION RD CONN,,,,,38.021584258,-85.917857717,1.916,1/24/2020 12:00:00 AM,1738,2,2,0,0,RAINING,WET,False,ANGLE COLLISION - OTHER,ANGLE,CURVE & GRADE,DAYLIGHT,,,1/27/2020 8:38:06 AM,False,2098,Accepted,
26249008,0568000,LOUISVILLE METRO POLICE DEPT,Accepted,JEFFERSON,,,BARRET,AVE,,,OAK,,,,,38.235742103,-85.727633334,1.009,1/24/2020 12:00:00 AM,1718,2,2,0,0,CLEAR,DRY,False,ANGLE COLLISION - OTHER,ANGLE,STRAIGHT & LEVEL,DAYLIGHT,,,1/27/2020 8:36:21 AM,False,5250,Accepted,
26248905,0568000,LOUISVILLE METRO POLICE DEPT,Accepted,JEFFERSON,US0060A,,EASTERN,PKWY,,,NORRIS,,,,,38.230752524,-85.711579046,6.678,1/24/2020 12:00:00 AM,1723,2,2,0,0,CLOUDY,WET,False,REAR END - ONE VEHICLE TURNING RIGHT,REAR END,STRAIGHT & LEVEL,DAYLIGHT,,,1/27/2020 8:31:49 AM,False,7129,Accepted,
26304374,0568000,LOUISVILLE METRO POLICE DEPT,Accepted,JEFFERSON,,,CARDINAL,BLVD,W,KY1020,2ND,,,,,38.220409193,-85.759769980,0.105,1/24/2020 12:00:00 AM,2030,2,2,0,0,CLEAR,DRY,False,OPPOSING LEFT TURN,OPPOSING LEFT TURN,STRAIGHT & LEVEL,DARK (UNKNOWN ROADWAY LIGHTING),,,2/5/2020 8:13:21 AM,False,5050,Accepted,
26248790,0568000,LOUISVILLE METRO POLICE DEPT,Accepted,JEFFERSON,KY1447,,WESTPORT,RD,,I 0265,I265 N EXIT33 ON RAMP FROM KY1447,,,,,38.297959428,-85.547033470,6.751,1/24/2020 12:00:00 AM,0654,2,2,0,0,RAINING,WET,False,OPPOSING LEFT TURN,OPPOSING LEFT TURN,STRAIGHT & LEVEL,DARK-HWY LIGHTED/ON,,,1/27/2020 8:26:10 AM,False,7159,Accepted,
26248840,0568000,LOUISVILLE METRO POLICE DEPT,Accepted,JEFFERSON,,,DORSEY,LN,,,WARD,,,,,38.254219966,-85.558734088,0.730,1/24/2020 12:00:00 AM,1554,2,2,0,0,CLOUDY,DRY,False,OPPOSING LEFT TURN,OPPOSING LEFT TURN,STRAIGHT & HILLCREST,DAYLIGHT,,,1/27/2020 8:28:54 AM,False,7337,Accepted,
26254835,0568000,LOUISVILLE METRO POLICE DEPT,Accepted,JEFFERSON,,,STRAWBERRY,LN,,KY1020,SOUTHSIDE,,,,,38.158439241,-85.764520512,0.023,1/24/2020 12:00:00 AM,0703,2,2,0,0,CLEAR,DRY,False,OPPOSING LEFT TURN,OPPOSING LEFT TURN,STRAIGHT & LEVEL,DAWN,,,1/28/2020 8:13:57 AM,False,7649,Accepted,
26248930,0568000,LOUISVILLE METRO POLICE DEPT,Accepted,JEFFERSON,KY2054,,ALGONQUIN,PKWY,,,16TH,,,,,38.222166883,-85.782809156,2.170,1/24/2020 12:00:00 AM,1800,2,2,0,1,RAINING,WET,False,OPPOSING LEFT TURN,OPPOSING LEFT TURN,STRAIGHT & GRADE,DARK-HWY LIGHTED/ON,,,1/27/2020 8:32:49 AM,False,5273,Accepted,
26248921,0568000,LOUISVILLE METRO POLICE DEPT,Accepted,JEFFERSON,KY0022,,BROWNSBORO,RD,,,SPRINGDALE,,,,,38.305164338,-85.577537508,3.694,1/24/2020 12:00:00 AM,1139,2,2,0,1,RAINING,WET,False,OPPOSING LEFT TURN,OPPOSING LEFT TURN,STRAIGHT & LEVEL,DAYLIGHT,,,1/27/2020 8:32:28 AM,False,7839,Accepted,
26248985,0568000,LOUISVILLE METRO POLICE DEPT,Accepted,JEFFERSON,,,15TH,ST,S,,OAK,,,,,38.236635255,-85.778386321,0.781,1/24/2020 12:00:00 AM,2126,2,2,0,0,RAINING,WET,True,OPPOSING LEFT TURN,OPPOSING LEFT TURN,STRAIGHT & LEVEL,DARK-HWY LIGHTED/ON,,,1/27/2020 8:34:52 AM,False,5261,Accepted,
26248876,0568000,LOUISVILLE METRO POLICE DEPT,Accepted,JEFFERSON,US0031W,,DIXIE,HWY,,,BLANTON,,,,,38.157377545,-85.833911434,12.526,1/24/2020 12:00:00 AM,0844,2,2,0,0,CLOUDY,WET,False,REAR END - ONE VEHICLE TURNING LEFT,REAR END,CURVE & LEVEL,DAYLIGHT,,,1/27/2020 8:30:58 AM,False,7340,Accepted,
26237657,0568000,LOUISVILLE METRO POLICE DEPT,Accepted,JEFFERSON,,,ST RITA,DR,,,SMITHTON,,,,,38.130812442,-85.674686046,0.393,1/23/2020 12:00:00 AM,1830,2,2,0,0,RAINING,WET,False,ANGLE COLLISION - OTHER,ANGLE,STRAIGHT & LEVEL,DARK (UNKNOWN ROADWAY LIGHTING),,,1/24/2020 8:38:10 AM,False,5107,Accepted,
26237637,0568000,LOUISVILLE METRO POLICE DEPT,Accepted,JEFFERSON,,,HARPERS FERRY,RD,,,ATLANTA,,,,,38.131429632,-85.769737580,0.164,1/23/2020 12:00:00 AM,1800,2,2,0,0,RAINING,WET,True,ANGLE COLLISION - OTHER,ANGLE,STRAIGHT & LEVEL,DARK-HWY LIGHTED/ON,,,1/24/2020 8:37:21 AM,False,7252,Accepted,
26237646,0568000,LOUISVILLE METRO POLICE DEPT,Accepted,JEFFERSON,,,CENTRAL,AVE,,,UTAH,,,,,38.209590090,-85.778749583,1.292,1/23/2020 12:00:00 AM,1850,2,2,0,2,RAINING,WET,False,ANGLE COLLISION - OTHER,ANGLE,STRAIGHT & LEVEL,DUSK,,,1/24/2020 8:37:44 AM,False,7977,Accepted,
26237659,0568000,LOUISVILLE METRO POLICE DEPT,Accepted,JEFFERSON,,,BROADWAY,,W,,35TH,,,,,38.249974904,-85.809799785,1.175,1/23/2020 12:00:00 AM,1827,3,3,0,2,RAINING,WET,True,ANGLE COLLISION - OTHER,ANGLE,STRAIGHT & LEVEL,DARK-HWY NOT LIGHTED,,,1/24/2020 8:38:16 AM,False,5161,Accepted,
26237675,0568000,LOUISVILLE METRO POLICE DEPT,Accepted,JEFFERSON,,,WROCKLAGE,AVE,,,DOROTHY,,,,,38.223907291,-85.688965473,0.173,1/23/2020 12:00:00 AM,1916,2,2,0,0,RAINING,WET,False,ANGLE COLLISION - OTHER,ANGLE,STRAIGHT & LEVEL,DARK-HWY LIGHTED/ON,,,1/24/2020 8:38:58 AM,False,6947,Accepted,
26237610,0568000,LOUISVILLE METRO POLICE DEPT,Accepted,JEFFERSON,,,FERNDALE,RD,,,FERN CREEK,,,,,38.155151966,-85.592060262,0.118,1/23/2020 12:00:00 AM,1337,2,2,0,3,CLOUDY,DRY,False,ANGLE COLLISION - OTHER,ANGLE,STRAIGHT & LEVEL,DAYLIGHT,,,1/24/2020 8:35:54 AM,False,6937,Accepted,
26237627,0568000,LOUISVILLE METRO POLICE DEPT,Accepted,JEFFERSON,,,NORTON HEALTHCARE,BLVD,,,VON ALLMEN,,,,,38.311990545,-85.571324929,0.100,1/23/2020 12:00:00 AM,1630,2,2,0,0,RAINING,WATER (STANDING OR MOVING),False,ANGLE COLLISION - OTHER,ANGLE,STRAIGHT & LEVEL,DAYLIGHT,,,1/24/2020 8:36:53 AM,False,7751,Accepted,
26237628,0568000,LOUISVILLE METRO POLICE DEPT,Accepted,JEFFERSON,US0031W,,22ND,ST,S,,MUHAMMAD ALI,,,,,38.254423542,-85.787275441,19.922,1/23/2020 12:00:00 AM,1747,2,2,0,0,RAINING,WET,True,ANGLE COLLISION - OTHER,ANGLE,STRAIGHT & LEVEL,DARK-HWY LIGHTED/ON,,,1/24/2020 8:36:56 AM,False,7220,Accepted,
26237609,0568000,LOUISVILLE METRO POLICE DEPT,Accepted,JEFFERSON,KY0061,,PRESTON,HWY,,,OKOLONA,,,,,38.136670817,-85.685846154,3.826,1/23/2020 12:00:00 AM,1450,2,2,0,0,RAINING,WET,False,ANGLE COLLISION - OTHER,ANGLE,STRAIGHT & LEVEL,DAYLIGHT,,,1/24/2020 8:35:51 AM,False,2547,Accepted,
26237678,0568000,LOUISVILLE METRO POLICE DEPT,Accepted,JEFFERSON,,,DUMESNIL,ST,,,17TH,,,,,38.236011305,-85.783025022,1.968,1/23/2020 12:00:00 AM,2315,2,2,0,0,RAINING,WET,False,SIDESWIPE-SAME DIRECTION,SIDESWIPE-SAME DIRECTION,STRAIGHT & LEVEL,DARK-HWY LIGHTED/ON,,,1/24/2020 8:39:08 AM,False,7175,Accepted,
26237601,0568000,LOUISVILLE METRO POLICE DEPT,Accepted,JEFFERSON,KY1020,,3RD,ST,S,,MAGNOLIA,,,,,38.228851688,-85.759734501,10.904,1/23/2020 12:00:00 AM,1438,2,2,0,0,CLOUDY,DRY,False,SIDESWIPE-SAME DIRECTION,SIDESWIPE-SAME DIRECTION,STRAIGHT & LEVEL,DAYLIGHT,,,1/24/2020 8:35:32 AM,False,7296,Accepted,
26237585,0568000,LOUISVILLE METRO POLICE DEPT,Accepted,JEFFERSON,KY2860,,GRINSTEAD,DR,,,CHEROKEE,,,,,38.239095156,-85.719570384,0.088,1/23/2020 12:00:00 AM,1132,2,2,0,0,CLOUDY,DRY,False,SIDESWIPE-SAME DIRECTION,SIDESWIPE-SAME DIRECTION,STRAIGHT & HILLCREST,DAYLIGHT,,,1/24/2020 8:34:42 AM,False,2228,Accepted,
26237641,0568000,LOUISVILLE METRO POLICE DEPT,Accepted,JEFFERSON,,,PRESTON,ST,N,US0031E,MAIN,,,,,38.255518175,-85.745926159,0.006,1/23/2020 12:00:00 AM,1722,2,2,0,0,CLOUDY,WET,False,SIDESWIPE-SAME DIRECTION,SIDESWIPE-SAME DIRECTION,STRAIGHT & LEVEL,DAYLIGHT,,,1/24/2020 8:37:34 AM,False,7239,Accepted,
26237623,0568000,LOUISVILLE METRO POLICE DEPT,Accepted,JEFFERSON,KY1020,,SOUTHERN,PKWY,,,EVELYN,,,,,38.196741674,-85.766812579,8.858,1/23/2020 12:00:00 AM,0924,2,2,0,0,CLOUDY,DRY,False,SIDESWIPE-SAME DIRECTION,SIDESWIPE-SAME DIRECTION,STRAIGHT & LEVEL,DAYLIGHT,,,1/24/2020 8:36:39 AM,False,7495,Accepted,
26237611,0568000,LOUISVILLE METRO POLICE DEPT,Accepted,JEFFERSON,US0150,,BROADWAY,,W,,17TH,,,,,38.248733156,-85.779844927,1.192,1/23/2020 12:00:00 AM,1541,2,2,0,0,CLOUDY,DRY,True,SIDESWIPE-SAME DIRECTION,SIDESWIPE-SAME DIRECTION,STRAIGHT & LEVEL,DAYLIGHT,,,1/24/2020 8:35:58 AM,False,7947,Accepted,
26237689,0568000,LOUISVILLE METRO POLICE DEPT,Accepted,JEFFERSON,,,3RD,ST,S,,FAIRMONT,,,,,38.195442377,-85.765000496,0.366,1/23/2020 12:00:00 AM,1909,4,4,0,2,RAINING,WET,False,OPPOSING LEFT TURN,OPPOSING LEFT TURN,STRAIGHT & LEVEL,DARK-HWY LIGHTED/ON,,,1/24/2020 8:39:50 AM,False,5163,Accepted,
27600308,0568000,LOUISVILLE METRO POLICE DEPT,Accepted,JEFFERSON,US0150,,BROADWAY,,W,,1ST,,,,,38.245717313,-85.753418748,2.654,1/23/2020 12:00:00 AM,1639,2,2,0,0,CLEAR,DRY,False,OPPOSING LEFT TURN,OPPOSING LEFT TURN,STRAIGHT & LEVEL,DAYLIGHT,,,12/24/2020 7:06:26 AM,False,7635,Accepted,
26237630,0568000,LOUISVILLE METRO POLICE DEPT,Accepted,JEFFERSON,,,PARK,RD,S,KY1450,BLUE LICK,,,,,38.116417917,-85.689546536,0.702,1/23/2020 12:00:00 AM,1534,2,2,0,0,RAINING,WET,False,ANGLE COLLISION - ONE VEHICLE TURNING LEFT,ANGLE,STRAIGHT & LEVEL,DAYLIGHT,,,1/24/2020 8:37:00 AM,False,5026,Accepted,