IncidentID,AgencyORI,AgencyName,IncidentStatusDesc,County,RdwyNumber,Street,RoadwayName,StreetSfx,StreetDir,IntersectionRdwy,IntersectionRdwyName,BetweenStRdwy1,BetweenStRdwyName1,BetweenStRdwy2,BetweenStRdwyName2,Latitude,Longitude,Milepoint,CollisionDate,CollisionTime,UnitsInvolved,MotorVehiclesInvolved,NumberKilled,NumberInjured,Weather,RdwyConditionCode,HitandRun,DirAnalysisCode,MannerofCollision,RdwyCharacter,LightCondition,RampFromRdwyId,RampToRdwyId,AcceptedDate,IsSecondaryCollision,OwnerBadge,IncidentStatus,
26237661,0568000,LOUISVILLE METRO POLICE DEPT,Accepted,JEFFERSON,US0031E,,BARDSTOWN,RD,,I 0265,I265 E EXIT17 OFF RAMP TO US31E,,,,,38.139659171,-85.582216514,4.772,1/23/2020 12:00:00 AM,1050,2,2,0,0,CLOUDY,DRY,False,ANGLE COLLISION - ONE VEHICLE TURNING LEFT,ANGLE,STRAIGHT & LEVEL,DAYLIGHT,,,1/24/2020 8:38:23 AM,False,4693,Accepted,
26254803,0568000,LOUISVILLE METRO POLICE DEPT,Accepted,JEFFERSON,,,SHEPHERDSVILLE,RD,,,RAYDALE,,,,,38.122049711,-85.667416281,1.311,1/23/2020 12:00:00 AM,2131,1,1,0,0,RAINING,WATER (STANDING OR MOVING),False,COLLISION WITH FIXED OBJECT IN INTERSECTION - FIRST EVENT COLLISION 09 - 32,SINGLE VEHICLE,STRAIGHT & HILLCREST,DARK-HWY NOT LIGHTED,,,1/28/2020 8:12:19 AM,False,5115,Accepted,
26254785,0568000,LOUISVILLE METRO POLICE DEPT,Accepted,JEFFERSON,,,JEFFERSON,ST,E,KY0061,PRESTON,,,,,38.252671211,-85.746333976,0.736,1/23/2020 12:00:00 AM,1914,2,2,0,0,CLEAR,DRY,True,COLLISION WITH FIXED OBJECT IN INTERSECTION - FIRST EVENT COLLISION 09 - 32,REAR END,STRAIGHT & LEVEL,DARK-HWY LIGHTED/ON,,,1/28/2020 8:11:32 AM,False,7406,Accepted,
26237668,0568000,LOUISVILLE METRO POLICE DEPT,Accepted,JEFFERSON,I 0264,,I264 E,,,I 0065,I65 N,,,,,38.189359840,-85.745954441,11.186,1/23/2020 12:00:00 AM,1958,1,1,0,0,RAINING,WET,False,COLLISION WITH FIXED OBJECT IN INTERSECTION - FIRST EVENT COLLISION 09 - 32,SINGLE VEHICLE,STRAIGHT & HILLCREST,DARK-HWY LIGHTED/ON,,,1/24/2020 8:38:42 AM,False,7435,Accepted,
26237669,0568000,LOUISVILLE METRO POLICE DEPT,Accepted,JEFFERSON,,,CARDINAL,BLVD,W,KY1020,3RD,,,,,38.220602461,-85.761167305,0.180,1/23/2020 12:00:00 AM,2210,2,1,0,0,RAINING,WET,False,COLLISION WITH PEDESTRIAN IN INTERSECTION,SINGLE VEHICLE,STRAIGHT & LEVEL,DARK-HWY LIGHTED/ON,,,1/24/2020 8:38:45 AM,False,7435,Accepted,
26237639,0568000,LOUISVILLE METRO POLICE DEPT,Accepted,JEFFERSON,,,16TH,ST,S,US0150,BROADWAY,,,,,38.248525384,-85.778199098,0.717,1/23/2020 12:00:00 AM,1500,2,2,0,5,CLOUDY,DRY,False,OTHER INTERSECTION COLLISIONS,REAR END,STRAIGHT & LEVEL,DAYLIGHT,,,1/24/2020 8:37:28 AM,False,7463,Accepted,
26237673,0568000,LOUISVILLE METRO POLICE DEPT,Accepted,JEFFERSON,,,BURNETT,AVE,E,,BROOK,,,,,38.226594141,-85.755076387,0.092,1/23/2020 12:00:00 AM,2239,2,2,0,0,RAINING,WET,False,OTHER INTERSECTION COLLISIONS,REAR TO REAR,STRAIGHT & LEVEL,DARK (UNKNOWN ROADWAY LIGHTING),,,1/24/2020 8:38:55 AM,False,5213,Accepted,
26237682,0568000,LOUISVILLE METRO POLICE DEPT,Accepted,JEFFERSON,US0150,,BROADWAY,,E,KY0864,CAMPBELL,,,,,38.244578873,-85.737550380,3.510,1/23/2020 12:00:00 AM,2148,2,2,0,0,RAINING,WET,False,OTHER INTERSECTION COLLISIONS,REAR END,STRAIGHT & LEVEL,DARK-HWY LIGHTED/ON,,,1/24/2020 8:39:28 AM,False,5162,Accepted,
26237680,0568000,LOUISVILLE METRO POLICE DEPT,Accepted,JEFFERSON,KY0061,,PRESTON,HWY,,KY1747,FERN VALLEY,,,,,38.156793645,-85.696857316,5.356,1/23/2020 12:00:00 AM,2025,2,2,0,0,RAINING,WET,True,OTHER INTERSECTION COLLISIONS,REAR END,STRAIGHT & LEVEL,DARK-HWY LIGHTED/ON,,,1/24/2020 8:39:22 AM,False,7016,Accepted,
26237679,0568000,LOUISVILLE METRO POLICE DEPT,Accepted,JEFFERSON,KY1065,,OUTER,LOOP,,KY0061,PRESTON,,,,,38.138463262,-85.686656145,6.055,1/23/2020 12:00:00 AM,1901,2,2,0,0,RAINING,WET,False,OTHER INTERSECTION COLLISIONS,REAR END,STRAIGHT & LEVEL,DARK-HWY LIGHTED/ON,,,1/24/2020 8:39:15 AM,False,7016,Accepted,
26237622,0568000,LOUISVILLE METRO POLICE DEPT,Accepted,JEFFERSON,US0031W,,DIXIE,HWY,,,FLOWERVALE,,,,,38.085234392,-85.879886097,6.930,1/23/2020 12:00:00 AM,1615,2,2,0,0,RAINING,WET,False,OTHER INTERSECTION COLLISIONS,REAR END,STRAIGHT & LEVEL,DAYLIGHT,,,1/24/2020 8:36:35 AM,False,7634,Accepted,
26237660,0568000,LOUISVILLE METRO POLICE DEPT,Accepted,JEFFERSON,KY2048,,CANNONS,LN,,US0060A,LEXINGTON,,,,,38.249854543,-85.666867369,2.361,1/23/2020 12:00:00 AM,2115,2,2,0,0,RAINING,WET,False,OTHER INTERSECTION COLLISIONS,REAR END,STRAIGHT & LEVEL,DARK-HWY LIGHTED/ON,,,1/24/2020 8:38:20 AM,False,7544,Accepted,
26237591,0568000,LOUISVILLE METRO POLICE DEPT,Accepted,JEFFERSON,KY1931,,GREENWOOD,RD,,KY1934,GREENBELT,,,,,38.146873288,-85.885965517,0.515,1/23/2020 12:00:00 AM,0824,2,2,0,0,CLEAR,DRY,False,OTHER INTERSECTION COLLISIONS,REAR END,STRAIGHT & LEVEL,DAYLIGHT,,,1/24/2020 8:35:03 AM,False,5100,Accepted,
26231507,0568000,LOUISVILLE METRO POLICE DEPT,Accepted,JEFFERSON,US0060,,SHELBYVILLE,RD,,,,,ASH RUN,,LONG RUN,38.236368416,-85.442504353,15.523,1/23/2020 12:00:00 AM,0415,1,1,0,0,CLEAR,DRY,False,COLLISION WITH ANIMAL NON INTERSECTION,SINGLE VEHICLE,STRAIGHT & LEVEL,DARK-HWY LIGHTED/ON,,,1/23/2020 8:29:03 AM,False,2013,Accepted,
26237650,0568000,LOUISVILLE METRO POLICE DEPT,Accepted,JEFFERSON,KY1865,,TAYLOR,BLVD,,,SEELBACH,,,,,38.188677468,-85.783487504,5.676,1/23/2020 12:00:00 AM,1700,2,2,0,0,RAINING,WET,True,OTHER INTERSECTION COLLISIONS,REAR END,STRAIGHT & LEVEL,DAYLIGHT,,,1/24/2020 8:37:57 AM,False,7298,Accepted,
26283651,0568000,LOUISVILLE METRO POLICE DEPT,Accepted,JEFFERSON,US0031E,610,BAXTER,AVE,,,,,,,,38.245898771,-85.728667247,16.013,1/23/2020 12:00:00 AM,1514,1,1,0,0,RAINING,WET,False,COLLISION WITH FIXED OBJECT NON - INTERSECTION - FIRST EVENT COLLISION 09 - 32 EXCLUDING 16,SINGLE VEHICLE,STRAIGHT & LEVEL,DAYLIGHT,,,2/3/2020 8:31:17 AM,False,2228,Accepted,
26237642,0568000,LOUISVILLE METRO POLICE DEPT,Accepted,JEFFERSON,,,HALE,AVE,,,,,,,,38.241060378,-85.817675479,2.056,1/23/2020 12:00:00 AM,1830,1,1,0,0,RAINING,WATER (STANDING OR MOVING),False,COLLISION WITH FIXED OBJECT NON - INTERSECTION - FIRST EVENT COLLISION 09 - 32 EXCLUDING 16,SINGLE VEHICLE,CURVE & LEVEL,DARK-HWY LIGHTED/ON,,,1/24/2020 8:37:38 AM,False,7329,Accepted,
26237620,0568000,LOUISVILLE METRO POLICE DEPT,Accepted,JEFFERSON,,,VALLEY STATION,RD,,,,,,,,38.107867329,-85.840860297,0.029,1/23/2020 12:00:00 AM,1450,1,1,0,0,CLOUDY,WET,False,COLLISION WITH FIXED OBJECT NON - INTERSECTION - FIRST EVENT COLLISION 09 - 32 EXCLUDING 16,SINGLE VEHICLE,CURVE & LEVEL,DAYLIGHT,,,1/24/2020 8:36:28 AM,False,7234,Accepted,
26237684,0568000,LOUISVILLE METRO POLICE DEPT,Accepted,JEFFERSON,,1808,TYLER,PKWY,,,,,,,,38.232694320,-85.714008318,0.113,1/23/2020 12:00:00 AM,0250,2,2,0,0,CLEAR,DRY,False,1 VEHICLE PARKED POSITION (NOT PARKING LOT/DRIVEWAY),SIDESWIPE-SAME DIRECTION,STRAIGHT & GRADE,DARK-HWY LIGHTED/ON,,,1/24/2020 8:39:34 AM,False,5152,Accepted,
26231509,0568000,LOUISVILLE METRO POLICE DEPT,Accepted,JEFFERSON,,,EUCLID,AVE,,,,,COLORADO,,UTAH,38.213171664,-85.773687983,0.242,1/23/2020 12:00:00 AM,0049,4,4,0,0,CLOUDY,DRY,True,1 VEHICLE PARKED POSITION (NOT PARKING LOT/DRIVEWAY),ANGLE,STRAIGHT & GRADE,DARK-HWY LIGHTED/ON,,,1/23/2020 8:29:15 AM,False,7426,Accepted,
26237640,0568000,LOUISVILLE METRO POLICE DEPT,Accepted,JEFFERSON,,869,FETTER,AVE,,,,,,,,38.217432375,-85.740274099,0.242,1/23/2020 12:00:00 AM,1500,2,2,0,0,CLEAR,,True,1 VEHICLE PARKED POSITION (NOT PARKING LOT/DRIVEWAY),BACKING,STRAIGHT & LEVEL,DAYLIGHT,,,1/24/2020 8:37:31 AM,False,7390,Accepted,
26314494,0568000,LOUISVILLE METRO POLICE DEPT,Accepted,JEFFERSON,,1145,DIXIE,HWY,,,,,,,,38.239063571,-85.786067377,0.717,1/23/2020 12:00:00 AM,2315,2,2,0,0,RAINING,WET,False,1 VEHICLE PARKED POSITION (NOT PARKING LOT/DRIVEWAY),SIDESWIPE-SAME DIRECTION,STRAIGHT & LEVEL,DARK-HWY LIGHTED/ON,,,2/7/2020 8:19:37 AM,False,7175,Accepted,
26237651,0568000,LOUISVILLE METRO POLICE DEPT,Accepted,JEFFERSON,,1412,CENTRAL,AVE,,,,,,,,38.211869811,-85.780444816,1.474,1/23/2020 12:00:00 AM,1830,2,2,0,0,RAINING,WET,False,1 VEHICLE ENTERING OR LEAVING PARKED POSITION (NOT PARKING LOT),ANGLE,STRAIGHT & LEVEL,DARK-HWY LIGHTED/ON,,,1/24/2020 8:38:00 AM,False,7298,Accepted,
26254833,0568000,LOUISVILLE METRO POLICE DEPT,Accepted,JEFFERSON,,,TENNIS,BLVD,,,,,,,,38.063681816,-85.900147964,0.083,1/23/2020 12:00:00 AM,2300,2,2,0,0,CLEAR,DRY,True,1 VEHICLE ENTERING/LEAVING ENTRANCE,ANGLE,STRAIGHT & LEVEL,DARK-HWY LIGHTED/ON,,,1/28/2020 8:13:54 AM,False,7332,Accepted,
26283774,0568000,LOUISVILLE METRO POLICE DEPT,Accepted,JEFFERSON,,,FREYS HILL,RD,,,,,,,,38.292883988,-85.558742631,0.065,1/23/2020 12:00:00 AM,1145,2,2,0,0,CLEAR,DRY,False,1 VEHICLE ENTERING/LEAVING ENTRANCE,ANGLE,STRAIGHT & LEVEL,DAYLIGHT,,,2/3/2020 8:38:57 AM,False,7615,Accepted,
26237631,0568000,LOUISVILLE METRO POLICE DEPT,Accepted,JEFFERSON,KY0061,,PRESTON,HWY,,,,,VIM,,ALDER,38.172775859,-85.710752566,6.702,1/23/2020 12:00:00 AM,1729,2,2,0,0,RAINING,WET,True,1 VEHICLE ENTERING/LEAVING ENTRANCE,ANGLE,STRAIGHT & LEVEL,DAYLIGHT,,,1/24/2020 8:37:03 AM,False,7473,Accepted,
26237654,0568000,LOUISVILLE METRO POLICE DEPT,Accepted,JEFFERSON,I 0264,,I264 E,,,,,,,,,38.189059702,-85.782700130,9.174,1/23/2020 12:00:00 AM,1748,2,2,0,0,RAINING,WET,False,1 VEHICLE ENTERING/LEAVING ENTRANCE,ANGLE,STRAIGHT & LEVEL,DUSK,,,1/24/2020 8:38:04 AM,False,5036,Accepted,
26237656,0568000,LOUISVILLE METRO POLICE DEPT,Accepted,JEFFERSON,,,AMHERST,AVE,W,,,,,,,38.174827895,-85.768209951,0.273,1/23/2020 12:00:00 AM,1710,2,2,0,0,RAINING,WET,True,1 VEHICLE ENTERING/LEAVING ENTRANCE,ANGLE,STRAIGHT & LEVEL,DARK-HWY NOT LIGHTED,,,1/24/2020 8:38:07 AM,False,5289,Accepted,
26237663,0568000,LOUISVILLE METRO POLICE DEPT,Accepted,JEFFERSON,,,SHEPHERDSVILLE,RD,,,,,,,,38.134420237,-85.658968798,0.328,1/23/2020 12:00:00 AM,1137,2,2,0,0,CLOUDY,DRY,False,1 VEHICLE ENTERING/LEAVING ENTRANCE,ANGLE,STRAIGHT & LEVEL,DAYLIGHT,,,1/24/2020 8:38:27 AM,False,4693,Accepted,
26237670,0568000,LOUISVILLE METRO POLICE DEPT,Accepted,JEFFERSON,KY0061,8019,PRESTON,HWY,,,,,,,,38.135807678,-85.685291223,3.763,1/23/2020 12:00:00 AM,2029,2,2,0,0,RAINING,WET,False,1 VEHICLE ENTERING/LEAVING ENTRANCE,ANGLE,STRAIGHT & LEVEL,DARK-HWY LIGHTED/ON,,,1/24/2020 8:38:49 AM,False,5270,Accepted,
26237619,0568000,LOUISVILLE METRO POLICE DEPT,Accepted,JEFFERSON,KY1931,,MANSLICK,RD,,,,,,,,38.155847544,-85.801529238,5.524,1/23/2020 12:00:00 AM,1357,2,2,0,0,CLOUDY,DRY,False,1 VEHICLE ENTERING/LEAVING ENTRANCE,ANGLE,STRAIGHT & LEVEL,DAYLIGHT,,,1/24/2020 8:36:25 AM,False,7234,Accepted,
26237635,0568000,LOUISVILLE METRO POLICE DEPT,Accepted,JEFFERSON,,,CRITTENDEN,DR,,,,,PARK,,WOODLAWN,38.191469604,-85.756835844,0.691,1/23/2020 12:00:00 AM,1618,2,2,0,0,RAINING,WET,False,1 VEHICLE ENTERING/LEAVING ENTRANCE,ANGLE,CURVE & LEVEL,DAYLIGHT,,,1/24/2020 8:37:13 AM,False,7207,Accepted,
26237590,0568000,LOUISVILLE METRO POLICE DEPT,Accepted,JEFFERSON,US0060A,,BERRY,BLVD,,,,,,,,38.196539621,-85.790618792,1.043,1/23/2020 12:00:00 AM,1301,2,2,0,2,CLOUDY,DRY,False,1 VEHICLE ENTERING/LEAVING ENTRANCE,ANGLE,STRAIGHT & LEVEL,DAYLIGHT,,,1/24/2020 8:35:00 AM,False,7977,Accepted,
26237686,0568000,LOUISVILLE METRO POLICE DEPT,Accepted,JEFFERSON,US0031E,,BARDSTOWN,RD,,,,,,,,38.131650290,-85.578271573,4.167,1/23/2020 12:00:00 AM,0600,2,2,0,0,CLEAR,DRY,False,1 VEHICLE ENTERING/LEAVING ENTRANCE,ANGLE,STRAIGHT & LEVEL,DARK-HWY LIGHTED/ON,,,1/24/2020 8:39:41 AM,False,5014,Accepted,
26237581,0568000,LOUISVILLE METRO POLICE DEPT,Accepted,JEFFERSON,,,FURMAN,BLVD,,,,,,,,38.217552903,-85.644727909,0.272,1/23/2020 12:00:00 AM,0842,2,2,0,0,CLEAR,DRY,False,VEHICLE BACKING NON INTERSECTION,BACKING,STRAIGHT & LEVEL,DAWN,,,1/24/2020 8:34:28 AM,False,7864,Accepted,
26237648,0568000,LOUISVILLE METRO POLICE DEPT,Accepted,JEFFERSON,I 0265,,I265 S,,,,,,,,,38.278365729,-85.500384241,29.322,1/23/2020 12:00:00 AM,1714,2,2,0,0,RAINING,WET,False,REAR END IN TRAFFIC LANES BOTH VEHICLES MOVING,REAR END,STRAIGHT & GRADE,DAYLIGHT,,,1/24/2020 8:37:50 AM,False,6532,Accepted,
26237649,0568000,LOUISVILLE METRO POLICE DEPT,Accepted,JEFFERSON,I 0064,,I64 E,,,,,,,,,38.223427454,-85.530254371,17.647,1/23/2020 12:00:00 AM,1900,3,3,0,0,RAINING,WET,False,REAR END IN TRAFFIC LANES BOTH VEHICLES MOVING,REAR END,STRAIGHT & GRADE,DUSK,,,1/24/2020 8:37:54 AM,True,6532,Accepted,
26237658,0568000,LOUISVILLE METRO POLICE DEPT,Accepted,JEFFERSON,I 0065,,I65 N,,,,,,,,,38.224846037,-85.751114855,133.788,1/23/2020 12:00:00 AM,1858,2,2,0,0,RAINING,WET,False,REAR END IN TRAFFIC LANES BOTH VEHICLES MOVING,REAR END,STRAIGHT & LEVEL,DARK-HWY LIGHTED/ON,,,1/24/2020 8:38:13 AM,False,5037,Accepted,
26237665,0568000,LOUISVILLE METRO POLICE DEPT,Accepted,JEFFERSON,KY0864,,FEGENBUSH,LN,,,,,,,,38.154804999,-85.635635651,6.038,1/23/2020 12:00:00 AM,1735,2,2,0,0,RAINING,WET,False,REAR END IN TRAFFIC LANES BOTH VEHICLES MOVING,REAR END,STRAIGHT & HILLCREST,DUSK,,,1/24/2020 8:38:33 AM,False,4693,Accepted,
26237624,0568000,LOUISVILLE METRO POLICE DEPT,Accepted,JEFFERSON,US0031E,6754,BARDSTOWN,RD,,,,,,,,38.148657440,-85.586639895,5.460,1/23/2020 12:00:00 AM,1638,2,2,0,0,RAINING,WET,True,REAR END IN TRAFFIC LANES BOTH VEHICLES MOVING,REAR END,STRAIGHT & LEVEL,DAYLIGHT,,,1/24/2020 8:36:43 AM,False,6337,Accepted,
26237664,0568000,LOUISVILLE METRO POLICE DEPT,Accepted,JEFFERSON,,,JEFFERSON,BLVD,,,,,,,,38.150841045,-85.678207387,0.844,1/23/2020 12:00:00 AM,1459,2,2,0,0,CLOUDY,WET,False,REAR END IN TRAFFIC LANES BOTH VEHICLES MOVING,REAR END,STRAIGHT & LEVEL,DAYLIGHT,,,1/24/2020 8:38:30 AM,False,4693,Accepted,
26237616,0568000,LOUISVILLE METRO POLICE DEPT,Accepted,JEFFERSON,US0031E,,BARDSTOWN,RD,,,,,,,,38.207138849,-85.668045355,11.681,1/23/2020 12:00:00 AM,1553,2,2,0,0,RAINING,WET,False,REAR END IN TRAFFIC LANES BOTH VEHICLES MOVING,REAR END,STRAIGHT & LEVEL,DAYLIGHT,,,1/24/2020 8:36:15 AM,False,7864,Accepted,
26237638,0568000,LOUISVILLE METRO POLICE DEPT,Accepted,JEFFERSON,KY1865,5300,NEW CUT,RD,,,,,,,,38.112280988,-85.767578886,0.057,1/23/2020 12:00:00 AM,1757,2,2,0,0,RAINING,WET,False,REAR END IN TRAFFIC LANES BOTH VEHICLES MOVING,REAR END,STRAIGHT & LEVEL,DARK-HWY LIGHTED/OFF,,,1/24/2020 8:37:24 AM,False,5266,Accepted,
26237587,0568000,LOUISVILLE METRO POLICE DEPT,Accepted,JEFFERSON,I 0264,,I264 W,,,,,,,,,38.214827525,-85.664649129,16.110,1/23/2020 12:00:00 AM,0744,4,4,0,0,CLOUDY,DRY,False,REAR END IN TRAFFIC LANES BOTH VEHICLES MOVING,REAR END,STRAIGHT & LEVEL,DAWN,,,1/24/2020 8:34:49 AM,False,7772,Accepted,
26248843,0568000,LOUISVILLE METRO POLICE DEPT,Accepted,JEFFERSON,KY0061,,PRESTON,HWY,,,,,,,,38.105665575,-85.673621773,1.572,1/23/2020 12:00:00 AM,1804,2,2,0,0,RAINING,WET,False,REAR END IN TRAFFIC LANES BOTH VEHICLES MOVING,REAR END,STRAIGHT & LEVEL,DARK-HWY NOT LIGHTED,,,1/27/2020 8:29:08 AM,False,4693,Accepted,
26231526,0568000,LOUISVILLE METRO POLICE DEPT,Accepted,JEFFERSON,US0060,13905,SHELBYVILLE,RD,,,,,,,,38.240139531,-85.492811378,12.547,1/23/2020 12:00:00 AM,0705,2,2,0,0,CLEAR,DRY,False,REAR END IN TRAFFIC LANES BOTH VEHICLES MOVING,REAR END,STRAIGHT & LEVEL,DAYLIGHT,,,1/23/2020 8:30:58 AM,False,2013,Accepted,
26231527,0568000,LOUISVILLE METRO POLICE DEPT,Accepted,JEFFERSON,I 0065,,I65 N,,,,,,,,,38.234929676,-85.751233022,134.492,1/23/2020 12:00:00 AM,0733,2,2,0,0,CLEAR,DRY,False,REAR END IN TRAFFIC LANES BOTH VEHICLES MOVING,REAR END,CURVE & GRADE,DAWN,,,1/23/2020 8:31:28 AM,False,6886,Accepted,
26237596,0568000,LOUISVILLE METRO POLICE DEPT,Accepted,JEFFERSON,US0031E,,BARDSTOWN,RD,,,,,,,,38.202671459,-85.664422680,11.329,1/23/2020 12:00:00 AM,1235,2,2,0,0,CLOUDY,DRY,False,REAR END IN TRAFFIC LANES BOTH VEHICLES MOVING,REAR END,STRAIGHT & LEVEL,DAYLIGHT,,,1/24/2020 8:35:17 AM,False,5119,Accepted,
26237582,0568000,LOUISVILLE METRO POLICE DEPT,Accepted,JEFFERSON,I 0264,,I264 W,,,,,,,,,38.203051038,-85.685381369,14.717,1/23/2020 12:00:00 AM,0735,4,4,0,0,CLOUDY,DRY,True,REAR END IN TRAFFIC LANES BOTH VEHICLES MOVING,REAR END,STRAIGHT & LEVEL,DAWN,,,1/24/2020 8:34:31 AM,False,7538,Accepted,
26260454,0568000,LOUISVILLE METRO POLICE DEPT,Accepted,JEFFERSON,I 0065,,I65 N,,,,,,,,,38.224618057,-85.751065758,133.772,1/23/2020 12:00:00 AM,1735,2,2,0,0,CLOUDY,DRY,False,REAR END IN TRAFFIC LANES BOTH VEHICLES MOVING,REAR END,STRAIGHT & LEVEL,DAYLIGHT,,,1/29/2020 8:11:59 AM,False,7619,Accepted,
26271764,0568000,LOUISVILLE METRO POLICE DEPT,Accepted,JEFFERSON,KY1020,,SOUTHERN,PKWY,,,,,FLORENCE,I 0264,I264 E EXIT10 OFF RAMP TO KY1020,38.190563691,-85.766709457,8.445,1/23/2020 12:00:00 AM,0722,2,2,0,0,CLEAR,DRY,False,REAR END IN TRAFFIC LANES BOTH VEHICLES MOVING,REAR END,STRAIGHT & LEVEL,DAWN,,,1/31/2020 8:14:44 AM,False,7872,Accepted,
26237580,0568000,LOUISVILLE METRO POLICE DEPT,Accepted,JEFFERSON,I 0065,,I65 N,,,,,,,,,38.196478385,-85.733517625,131.231,1/23/2020 12:00:00 AM,0748,2,2,0,0,CLOUDY,DRY,False,SIDESWIPE COLLISION - SAME DIRECTION,SIDESWIPE-SAME DIRECTION,STRAIGHT & LEVEL,DAYLIGHT,,,1/24/2020 8:34:24 AM,False,4903,Accepted,
26237671,0568000,LOUISVILLE METRO POLICE DEPT,Accepted,JEFFERSON,KY0146,,LA GRANGE,RD,,,,,FACTORY,I 0265,I265 N EXIT30 OFF RAMP KY146 TO,38.288360570,-85.513068107,7.474,1/23/2020 12:00:00 AM,0448,2,2,0,0,CLEAR,DRY,False,SIDESWIPE COLLISION - SAME DIRECTION,SIDESWIPE-SAME DIRECTION,STRAIGHT & LEVEL,DARK-HWY LIGHTED/ON,,,1/24/2020 8:38:52 AM,False,5267,Accepted,
26237644,0568000,LOUISVILLE METRO POLICE DEPT,Accepted,JEFFERSON,KY1747,,HURSTBOURNE,PKWY,S,,,,,,,38.215634630,-85.591106893,11.032,1/23/2020 12:00:00 AM,1910,2,2,0,0,RAINING,WET,False,SIDESWIPE COLLISION - SAME DIRECTION,SIDESWIPE-SAME DIRECTION,STRAIGHT & LEVEL,DUSK,,,1/24/2020 8:37:41 AM,False,7864,Accepted,
26237676,0568000,LOUISVILLE METRO POLICE DEPT,Accepted,JEFFERSON,KY0155,2304,TAYLORSVILLE,RD,,,,,,,,38.223825703,-85.680684098,16.314,1/23/2020 12:00:00 AM,2133,1,1,0,0,RAINING,WET,False,OTHER COLLISIONS ON SHOULDER,SINGLE VEHICLE,CURVE & LEVEL,DARK-HWY LIGHTED/ON,,,1/24/2020 8:39:01 AM,False,7101,Accepted,
26237632,0568000,LOUISVILLE METRO POLICE DEPT,Accepted,JEFFERSON,,,MITCHELL HILL,RD,,,,,TOP HILL,,OLD MITCHELL HILL,38.079927836,-85.770432933,2.059,1/23/2020 12:00:00 AM,1637,2,2,0,0,RAINING,WET,False,HEAD-ON COLLISION,HEAD ON,STRAIGHT & GRADE,DAYLIGHT,,,1/24/2020 8:37:06 AM,False,7373,Accepted,
26256799,0560000,JEFFERSON COUNTY SHERIFF DEPT.,Accepted,JEFFERSON,,,3RD,ST,S,,,,,,,38.200412493,-85.765109014,0.013,1/23/2020 12:00:00 AM,2102,2,2,0,0,RAINING,WET,False,HEAD-ON COLLISION,HEAD ON,STRAIGHT & LEVEL,DARK-HWY NOT LIGHTED,,,1/28/2020 2:59:25 PM,False,4025,Accepted,
27747416,0568000,LOUISVILLE METRO POLICE DEPT,Accepted,JEFFERSON,KY0864,,BEULAH CHURCH,RD,,,,,,,,38.120664392,-85.615040856,3.084,1/23/2020 12:00:00 AM,1516,3,3,1,0,RAINING,WET,False,HEAD-ON COLLISION,HEAD ON,STRAIGHT & GRADE,DAYLIGHT,,,2/4/2021 8:08:30 AM,False,7628,Accepted,
26237625,0568000,LOUISVILLE METRO POLICE DEPT,Accepted,JEFFERSON,,200,CHESTNUT,ST,E,,,,,,,38.248264866,-85.751681938,0.068,1/23/2020 12:00:00 AM,1623,2,1,0,1,CLOUDY,DRY,False,COLLISION IN PARKING LOT,SINGLE VEHICLE,STRAIGHT & HILLCREST,DAYLIGHT,,,1/24/2020 8:36:46 AM,False,7742,Accepted,
26237647,0568000,LOUISVILLE METRO POLICE DEPT,Accepted,JEFFERSON,KY1934,,GREENBELT,HWY,,,,,,,,38.176999317,-85.865907244,6.949,1/23/2020 12:00:00 AM,0610,1,1,0,0,CLEAR,DRY,False,OTHER ROADWAY OR MID-BLOCK COLLISION,SINGLE VEHICLE,STRAIGHT & LEVEL,DARK-HWY LIGHTED/OFF,,,1/24/2020 8:37:47 AM,False,5170,Accepted,
26237614,0568000,LOUISVILLE METRO POLICE DEPT,Accepted,JEFFERSON,KY1932,,BRECKENRIDGE,LN,,,,KY0155,TAYLORSVILLE,,HIKES,38.218915266,-85.629186040,2.754,1/23/2020 12:00:00 AM,1624,2,2,0,0,RAINING,WET,False,OTHER ROADWAY OR MID-BLOCK COLLISION,REAR END,STRAIGHT & LEVEL,DAYLIGHT,,,1/24/2020 8:36:08 AM,False,2429,Accepted,
26237633,0568000,LOUISVILLE METRO POLICE DEPT,Accepted,JEFFERSON,I 0071,,I71 S,,,,,,,,,38.297063260,-85.625196391,6.368,1/23/2020 12:00:00 AM,1752,2,2,0,0,RAINING,WET,False,OTHER ROADWAY OR MID-BLOCK COLLISION,REAR TO REAR,CURVE & LEVEL,DARK-HWY NOT LIGHTED,,,1/24/2020 8:37:09 AM,False,7313,Accepted,