IncidentID,AgencyORI,AgencyName,IncidentStatusDesc,County,RdwyNumber,Street,RoadwayName,StreetSfx,StreetDir,IntersectionRdwy,IntersectionRdwyName,BetweenStRdwy1,BetweenStRdwyName1,BetweenStRdwy2,BetweenStRdwyName2,Latitude,Longitude,Milepoint,CollisionDate,CollisionTime,UnitsInvolved,MotorVehiclesInvolved,NumberKilled,NumberInjured,Weather,RdwyConditionCode,HitandRun,DirAnalysisCode,MannerofCollision,RdwyCharacter,LightCondition,RampFromRdwyId,RampToRdwyId,AcceptedDate,IsSecondaryCollision,OwnerBadge,IncidentStatus,
26237617,0568000,LOUISVILLE METRO POLICE DEPT,Accepted,JEFFERSON,KY1065,,OUTER,LOOP,,,,,,,,38.127146842,-85.748368376,2.549,1/23/2020 12:00:00 AM,1621,2,2,0,0,RAINING,WET,False,OTHER ROADWAY OR MID-BLOCK COLLISION,OPPOSING LEFT TURN,STRAIGHT & LEVEL,DAYLIGHT,,,1/24/2020 8:36:18 AM,False,7252,Accepted,
26237667,0568000,LOUISVILLE METRO POLICE DEPT,Accepted,JEFFERSON,US0031E,,BARDSTOWN,RD,,,,,BROOKRIDGE VILLAGE,,CEDAR SPRINGS,38.145407020,-85.585072381,5.207,1/23/2020 12:00:00 AM,1936,3,3,0,0,RAINING,WET,False,OTHER ROADWAY OR MID-BLOCK COLLISION,REAR END,STRAIGHT & LEVEL,DARK-HWY LIGHTED/ON,,,1/24/2020 8:38:39 AM,False,2775,Accepted,
26237636,0568000,LOUISVILLE METRO POLICE DEPT,Accepted,JEFFERSON,KY2048,,DUTCHMANS,LN,,,,,,,,38.225829677,-85.650796126,0.467,1/23/2020 12:00:00 AM,0730,3,3,0,2,CLOUDY,DRY,False,OTHER ROADWAY OR MID-BLOCK COLLISION,REAR END,STRAIGHT & LEVEL,DARK-HWY LIGHTED/ON,,,1/24/2020 8:37:17 AM,False,6813,Accepted,
26237599,0568000,LOUISVILLE METRO POLICE DEPT,Accepted,JEFFERSON,,,BROOK,ST,S,,,,LIBERTY,,MUHAMMAD ALI,38.251507296,-85.751352276,3.266,1/23/2020 12:00:00 AM,0858,1,1,0,1,CLEAR,DRY,False,OTHER ROADWAY OR MID-BLOCK COLLISION,SINGLE VEHICLE,CURVE & LEVEL,DAYLIGHT,,,1/24/2020 8:35:29 AM,False,7266,Accepted,
26234455,0560300,ST. MATTHEWS POLICE DEPARTMENT,Accepted,JEFFERSON,I 0064,,I64 W,,,,,,,,,38.236139040,-85.644250634,11.090,1/23/2020 12:00:00 AM,0825,2,2,0,0,CLOUDY,DRY,False,OTHER ROADWAY OR MID-BLOCK COLLISION,REAR END,STRAIGHT & LEVEL,DAYLIGHT,,,1/23/2020 3:56:09 PM,False,9155,Accepted,
26248870,0568000,LOUISVILLE METRO POLICE DEPT,Accepted,JEFFERSON,US0031E,,BARDSTOWN,RD,,,,KY2860,GRINSTEAD,,HIGHLAND,38.238869652,-85.721851010,15.483,1/23/2020 12:00:00 AM,1716,2,2,0,0,CLOUDY,WET,False,OTHER ROADWAY OR MID-BLOCK COLLISION,OPPOSING LEFT TURN,STRAIGHT & LEVEL,DUSK,,,1/27/2020 8:30:34 AM,False,5250,Accepted,
26231524,0568000,LOUISVILLE METRO POLICE DEPT,Accepted,JEFFERSON,KY0022,,BROWNSBORO,RD,,,,KY1747,HURSTBOURNE,,SUMMIT PLAZA,38.305973672,-85.576634941,3.776,1/22/2020 12:00:00 AM,1701,2,2,0,0,CLOUDY,DRY,False,OTHER ROADWAY OR MID-BLOCK COLLISION,REAR END,STRAIGHT & LEVEL,DAYLIGHT,,,1/23/2020 8:30:46 AM,False,7751,Accepted,
26231491,0568000,LOUISVILLE METRO POLICE DEPT,Accepted,JEFFERSON,,,ORMSBY,AVE,W,,,,6TH,,GARVIN,38.233133148,-85.763263941,0.414,1/22/2020 12:00:00 AM,1652,2,2,0,0,CLEAR,DRY,False,OTHER ROADWAY OR MID-BLOCK COLLISION,REAR END,STRAIGHT & LEVEL,DAYLIGHT,,,1/23/2020 8:28:22 AM,False,5289,Accepted,
26231468,0568000,LOUISVILLE METRO POLICE DEPT,Accepted,JEFFERSON,KY0907,,3RD ST,RD,,,,,,,,38.116487875,-85.812081532,3.376,1/22/2020 12:00:00 AM,1604,3,3,0,0,CLOUDY,DRY,False,OTHER ROADWAY OR MID-BLOCK COLLISION,REAR END,STRAIGHT & LEVEL,DAYLIGHT,,,1/23/2020 8:25:51 AM,False,7174,Accepted,
26231431,0568000,LOUISVILLE METRO POLICE DEPT,Accepted,JEFFERSON,I 0265,,I265 W,,,,,,,,,38.122411283,-85.624133216,14.638,1/22/2020 12:00:00 AM,0717,4,4,0,0,CLEAR,DRY,True,OTHER ROADWAY OR MID-BLOCK COLLISION,REAR END,STRAIGHT & LEVEL,DAYLIGHT,,,1/23/2020 8:23:15 AM,False,4903,Accepted,
26231463,0568000,LOUISVILLE METRO POLICE DEPT,Accepted,JEFFERSON,,,BUECHEL BANK,RD,,,,,,,,38.178452478,-85.657942356,1.491,1/22/2020 12:00:00 AM,1423,3,3,0,0,CLEAR,DRY,False,OTHER ROADWAY OR MID-BLOCK COLLISION,OPPOSING LEFT TURN,STRAIGHT & LEVEL,DAYLIGHT,,,1/23/2020 8:25:20 AM,False,7307,Accepted,
26231462,0568000,LOUISVILLE METRO POLICE DEPT,Accepted,JEFFERSON,US0031E,3040,BARDSTOWN,RD,,,,,,,,38.213806323,-85.673398651,12.175,1/22/2020 12:00:00 AM,1410,2,2,0,0,CLEAR,DRY,True,COLLISION IN PARKING LOT,SIDESWIPE-OPPOSITE DIRECTION,STRAIGHT & LEVEL,DAYLIGHT,,,1/23/2020 8:25:12 AM,False,7284,Accepted,
26231465,0568000,LOUISVILLE METRO POLICE DEPT,Accepted,JEFFERSON,US0031E,,BARDSTOWN,RD,,,,,,,,38.216612938,-85.675898141,12.475,1/22/2020 12:00:00 AM,1513,2,2,0,0,CLEAR,DRY,False,SIDESWIPE COLLISION - SAME DIRECTION,SIDESWIPE-SAME DIRECTION,STRAIGHT & LEVEL,DAYLIGHT,,,1/23/2020 8:25:35 AM,False,7284,Accepted,
26237626,0568000,LOUISVILLE METRO POLICE DEPT,Accepted,JEFFERSON,,,GALT,AVE,S,,,,,,,38.254035478,-85.696412480,0.011,1/22/2020 12:00:00 AM,1717,2,2,0,0,CLEAR,DRY,False,SIDESWIPE COLLISION - SAME DIRECTION,SIDESWIPE-SAME DIRECTION,STRAIGHT & LEVEL,DAYLIGHT,,,1/24/2020 8:36:49 AM,False,5274,Accepted,
26254781,0568000,LOUISVILLE METRO POLICE DEPT,Accepted,JEFFERSON,I 0064,,I64 W,,,,,,,,,38.238712602,-85.670901628,9.598,1/22/2020 12:00:00 AM,1750,2,2,0,0,CLEAR,DRY,False,REAR END IN TRAFFIC LANES BOTH VEHICLES MOVING,REAR END,STRAIGHT & LEVEL,DARK-HWY LIGHTED/OFF,,,1/28/2020 8:11:17 AM,False,7632,Accepted,
26231498,0568000,LOUISVILLE METRO POLICE DEPT,Accepted,JEFFERSON,,7240,GLOBAL,DR,,,,KY1230,CANE RUN,KY1934,GREENBELT,38.139773424,-85.893506877,0.328,1/22/2020 12:00:00 AM,0645,2,2,0,0,CLEAR,DRY,False,REAR END IN TRAFFIC LANES BOTH VEHICLES MOVING,REAR END,STRAIGHT & LEVEL,DARK (UNKNOWN ROADWAY LIGHTING),,,1/23/2020 8:28:44 AM,False,7336,Accepted,
26231432,0568000,LOUISVILLE METRO POLICE DEPT,Accepted,JEFFERSON,I 0265,,I265 W,,,,,,,,,38.132580987,-85.600646382,16.132,1/22/2020 12:00:00 AM,0816,2,2,0,0,CLEAR,DRY,False,REAR END IN TRAFFIC LANES BOTH VEHICLES MOVING,REAR END,STRAIGHT & GRADE,DAYLIGHT,,,1/23/2020 8:23:23 AM,False,2000,Accepted,
26226228,0568000,LOUISVILLE METRO POLICE DEPT,Accepted,JEFFERSON,I 0265,,I265 E,,,,,,,,,38.120429150,-85.630769636,14.260,1/22/2020 12:00:00 AM,0526,2,2,0,0,CLEAR,DRY,True,REAR END IN TRAFFIC LANES BOTH VEHICLES MOVING,REAR END,STRAIGHT & LEVEL,DARK-HWY LIGHTED/OFF,,,1/22/2020 8:27:56 AM,False,5138,Accepted,
26231494,0568000,LOUISVILLE METRO POLICE DEPT,Accepted,JEFFERSON,US0150,,BROADWAY,,W,,,,,,,38.246252589,-85.760755674,2.241,1/22/2020 12:00:00 AM,0907,2,2,0,0,CLEAR,DRY,False,REAR END IN TRAFFIC LANES BOTH VEHICLES MOVING,REAR END,STRAIGHT & LEVEL,DAYLIGHT,,,1/23/2020 8:28:27 AM,False,2854,Accepted,
26237586,0568000,LOUISVILLE METRO POLICE DEPT,Accepted,JEFFERSON,I 0064,,I64 W,,,,,,,,,38.235428319,-85.653027487,10.605,1/22/2020 12:00:00 AM,0742,2,2,0,0,CLOUDY,DRY,False,REAR END IN TRAFFIC LANES BOTH VEHICLES MOVING,REAR END,STRAIGHT & LEVEL,DAWN,,,1/24/2020 8:34:46 AM,False,7772,Accepted,
26231476,0568000,LOUISVILLE METRO POLICE DEPT,Accepted,JEFFERSON,KY1934,,CANE RUN,RD,,,,,,,,38.182322261,-85.856799614,7.590,1/22/2020 12:00:00 AM,1335,2,2,0,0,CLEAR,DRY,False,REAR END IN TRAFFIC LANES BOTH VEHICLES MOVING,REAR END,STRAIGHT & LEVEL,DAYLIGHT,,,1/23/2020 8:26:33 AM,False,7234,Accepted,
26237583,0568000,LOUISVILLE METRO POLICE DEPT,Accepted,JEFFERSON,US0031E,,BARDSTOWN,RD,,,,,,,,38.145609626,-85.585167801,5.223,1/22/2020 12:00:00 AM,1603,2,2,0,0,CLEAR,DRY,False,REAR END IN TRAFFIC LANES BOTH VEHICLES MOVING,REAR END,STRAIGHT & LEVEL,DAYLIGHT,,,1/24/2020 8:34:36 AM,False,7755,Accepted,
26231464,0568000,LOUISVILLE METRO POLICE DEPT,Accepted,JEFFERSON,KY0864,,POPLAR LEVEL,RD,,,,,DAHL,,GILMORE,38.181694486,-85.696497225,10.166,1/22/2020 12:00:00 AM,0719,2,2,0,0,CLEAR,DRY,False,REAR END IN TRAFFIC LANES BOTH VEHICLES MOVING,REAR END,STRAIGHT & LEVEL,DAWN,,,1/23/2020 8:25:29 AM,False,5036,Accepted,
26231437,0568000,LOUISVILLE METRO POLICE DEPT,Accepted,JEFFERSON,KY0155,,TAYLORSVILLE,RD,,,,I 0264,I264 E EXIT17B OFF RAMP TO KY155 N,I 0264,I264 W EXIT17B OFF RAMP TO KY155 N,38.221481976,-85.649930115,14.641,1/22/2020 12:00:00 AM,0727,3,3,0,0,CLEAR,DRY,False,REAR END IN TRAFFIC LANES BOTH VEHICLES MOVING,REAR END,STRAIGHT & LEVEL,DAWN,,,1/23/2020 8:23:48 AM,True,7632,Accepted,
26231479,0568000,LOUISVILLE METRO POLICE DEPT,Accepted,JEFFERSON,,,JEFFERSON,BLVD,,,,,,,,38.143901698,-85.674723067,1.406,1/22/2020 12:00:00 AM,1253,2,2,0,0,CLOUDY,DRY,False,REAR END IN TRAFFIC LANES BOTH VEHICLES MOVING,REAR END,STRAIGHT & LEVEL,DAYLIGHT,,,1/23/2020 8:26:51 AM,False,4693,Accepted,
26231480,0568000,LOUISVILLE METRO POLICE DEPT,Accepted,JEFFERSON,KY1450,,BLUE LICK,RD,,,,,,,,38.116625883,-85.689494740,2.194,1/22/2020 12:00:00 AM,1557,2,2,0,0,CLOUDY,DRY,False,REAR END IN TRAFFIC LANES BOTH VEHICLES MOVING,REAR END,STRAIGHT & LEVEL,DAYLIGHT,,,1/23/2020 8:26:58 AM,False,4693,Accepted,
26231514,0568000,LOUISVILLE METRO POLICE DEPT,Accepted,JEFFERSON,,7513,WESTBROOK,RD,,,,,,,,38.143467252,-85.881808160,0.107,1/22/2020 12:00:00 AM,2057,2,2,0,0,CLEAR,DRY,False,VEHICLE BACKING NON INTERSECTION,BACKING,STRAIGHT & LEVEL,DARK-HWY LIGHTED/OFF,,,1/23/2020 8:29:26 AM,False,7321,Accepted,
26231478,0568000,LOUISVILLE METRO POLICE DEPT,Accepted,JEFFERSON,KY1747,,FERN VALLEY,RD,,,,,,,,38.157007598,-85.709126507,1.267,1/22/2020 12:00:00 AM,1138,2,2,0,0,CLOUDY,DRY,False,1 VEHICLE ENTERING/LEAVING ENTRANCE,ANGLE,STRAIGHT & LEVEL,DAYLIGHT,,,1/23/2020 8:26:45 AM,False,4693,Accepted,
26231473,0568000,LOUISVILLE METRO POLICE DEPT,Accepted,JEFFERSON,,,CALDWELL,ST,,,,KY0061,PRESTON,KY0061,JACKSON,38.239257457,-85.748149949,0.232,1/22/2020 12:00:00 AM,1153,2,2,0,0,CLEAR,DRY,False,1 VEHICLE ENTERING/LEAVING ENTRANCE,ANGLE,STRAIGHT & LEVEL,DAYLIGHT,,,1/23/2020 8:26:15 AM,False,7390,Accepted,
26226226,0568000,LOUISVILLE METRO POLICE DEPT,Accepted,JEFFERSON,I 0071,,I71 S,,,,,,,,,38.293213878,-85.636393898,5.690,1/22/2020 12:00:00 AM,0437,2,2,0,0,CLEAR,DRY,True,SIDESWIPE COLLISION - SAME DIRECTION,SIDESWIPE-SAME DIRECTION,CURVE & LEVEL,DARK-HWY NOT LIGHTED,,,1/22/2020 8:27:50 AM,False,7944,Accepted,
26231459,0568000,LOUISVILLE METRO POLICE DEPT,Accepted,JEFFERSON,,337,BYRNE,AVE,,,,,,,,38.208130399,-85.755354108,0.048,1/22/2020 12:00:00 AM,1200,2,2,0,0,CLEAR,DRY,True,1 VEHICLE PARKED POSITION (NOT PARKING LOT/DRIVEWAY),SIDESWIPE-SAME DIRECTION,STRAIGHT & LEVEL,DAYLIGHT,,,1/23/2020 8:24:51 AM,False,2499,Accepted,
26237595,0568000,LOUISVILLE METRO POLICE DEPT,Accepted,JEFFERSON,,4431,WOODGATE,LN,,,,,,,,38.205998322,-85.624928579,0.199,1/22/2020 12:00:00 AM,1615,2,2,0,0,CLEAR,DRY,True,1 VEHICLE PARKED POSITION (NOT PARKING LOT/DRIVEWAY),SIDESWIPE-OPPOSITE DIRECTION,STRAIGHT & LEVEL,DAYLIGHT,,,1/24/2020 8:35:13 AM,False,5119,Accepted,
26231487,0568000,LOUISVILLE METRO POLICE DEPT,Accepted,JEFFERSON,US0031E,934,BAXTER,AVE,,,,,,,,38.241592122,-85.725328431,15.749,1/22/2020 12:00:00 AM,1258,2,2,0,0,CLEAR,DRY,False,1 VEHICLE PARKED POSITION (NOT PARKING LOT/DRIVEWAY),BACKING,STRAIGHT & LEVEL,DAYLIGHT,,,1/23/2020 8:27:57 AM,False,5020,Accepted,
26260476,0568000,LOUISVILLE METRO POLICE DEPT,Accepted,JEFFERSON,US0031W,15408,DIXIE,HWY,,,,,,,,38.038105125,-85.908291166,3.220,1/22/2020 12:00:00 AM,1607,1,1,1,0,CLEAR,DRY,False,COLLISION WITH FIXED OBJECT NON - INTERSECTION - FIRST EVENT COLLISION 09 - 32 EXCLUDING 16,SINGLE VEHICLE,STRAIGHT & LEVEL,DAYLIGHT,,,1/29/2020 8:13:21 AM,False,2217,Accepted,
26265909,0568000,LOUISVILLE METRO POLICE DEPT,Accepted,JEFFERSON,I 0071,,I71 N,,,,,,,,,38.318512852,-85.569701041,9.811,1/22/2020 12:00:00 AM,1752,1,1,1,0,CLEAR,DRY,False,COLLISION WITH FIXED OBJECT NON - INTERSECTION - FIRST EVENT COLLISION 09 - 32 EXCLUDING 16,SINGLE VEHICLE,STRAIGHT & LEVEL,DARK-HWY LIGHTED/ON,,,1/30/2020 8:11:27 AM,False,2142,Accepted,
26231508,0568000,LOUISVILLE METRO POLICE DEPT,Accepted,JEFFERSON,,400,6TH,ST,S,,,,,,,38.252313180,-85.760768635,0.326,1/22/2020 12:00:00 AM,2327,1,1,0,0,CLEAR,DRY,False,COLLISION WITH FIXED OBJECT NON - INTERSECTION - FIRST EVENT COLLISION 09 - 32 EXCLUDING 16,SINGLE VEHICLE,STRAIGHT & LEVEL,DARK-HWY LIGHTED/ON,,,1/23/2020 8:29:08 AM,False,7243,Accepted,
26231488,0568000,LOUISVILLE METRO POLICE DEPT,Accepted,JEFFERSON,KY1865,4107,TAYLOR,BLVD,,,,,,,,38.182463462,-85.783669295,5.241,1/22/2020 12:00:00 AM,1315,1,1,0,0,CLEAR,DRY,True,COLLISION WITH FIXED OBJECT NON - INTERSECTION - FIRST EVENT COLLISION 09 - 32 EXCLUDING 16,SINGLE VEHICLE,,DAYLIGHT,,,1/23/2020 8:28:04 AM,False,7667,Accepted,
26231486,0568000,LOUISVILLE METRO POLICE DEPT,Accepted,JEFFERSON,US0031E,600BLK,BAXTER,AVE,,,,,,,,38.244239888,-85.727378847,15.941,1/22/2020 12:00:00 AM,0905,3,3,0,0,CLOUDY,DRY,False,COLLISION WITH FIXED OBJECT NON - INTERSECTION - FIRST EVENT COLLISION 09 - 32 EXCLUDING 16,ANGLE,STRAIGHT & LEVEL,DAYLIGHT,,,1/23/2020 8:27:51 AM,False,5020,Accepted,
26555980,0568000,LOUISVILLE METRO POLICE DEPT,Accepted,JEFFERSON,KY1230,5033,CANE RUN,RD,,,,,,,,38.177196296,-85.869022528,7.919,1/22/2020 12:00:00 AM,0848,2,2,0,1,CLEAR,DRY,False,1 VEHICLE PARKED POSITION (NOT PARKING LOT/DRIVEWAY),HEAD ON,STRAIGHT & LEVEL,DAYLIGHT,,,3/27/2020 8:04:45 AM,False,5100,Accepted,
26231456,0568000,LOUISVILLE METRO POLICE DEPT,Accepted,JEFFERSON,US0031W,,MAIN,ST,W,,6TH,,,,,38.256976304,-85.759815856,21.749,1/22/2020 12:00:00 AM,1105,2,2,0,0,CLEAR,DRY,False,OTHER INTERSECTION COLLISIONS,REAR END,STRAIGHT & LEVEL,DAYLIGHT,,,1/23/2020 8:24:33 AM,False,7937,Accepted,
26226225,0568000,LOUISVILLE METRO POLICE DEPT,Accepted,JEFFERSON,US0031W,,MARKET,ST,W,,,,10TH,,ROY WILKINS,38.256192652,-85.765587000,21.333,1/22/2020 12:00:00 AM,0545,2,1,0,1,CLEAR,DRY,True,COLLISION WITH BICYCLIST NON INTERSECTION,SINGLE VEHICLE,STRAIGHT & LEVEL,DARK-HWY LIGHTED/ON,,,1/22/2020 8:27:43 AM,False,7823,Accepted,
26231485,0568000,LOUISVILLE METRO POLICE DEPT,Accepted,JEFFERSON,KY1934,,CANE RUN,RD,,,BRIDWELL,,,,,38.178912337,-85.860270296,7.294,1/22/2020 12:00:00 AM,1637,2,2,0,0,CLOUDY,DRY,False,OTHER INTERSECTION COLLISIONS,REAR END,CURVE & LEVEL,DAYLIGHT,,,1/23/2020 8:27:41 AM,False,5100,Accepted,
26231477,0568000,LOUISVILLE METRO POLICE DEPT,Accepted,JEFFERSON,KY0864,,POPLAR LEVEL,RD,,,GILMORE,,,,,38.182773473,-85.698452375,10.289,1/22/2020 12:00:00 AM,1036,2,2,0,0,CLOUDY,DRY,False,OTHER INTERSECTION COLLISIONS,REAR END,STRAIGHT & LEVEL,DAYLIGHT,,,1/23/2020 8:26:39 AM,False,7473,Accepted,
26237608,0568000,LOUISVILLE METRO POLICE DEPT,Accepted,JEFFERSON,US0060,,FRANKFORT,AVE,,KY2048,CANNONS,,,,,38.254061696,-85.670471900,2.735,1/22/2020 12:00:00 AM,1730,2,2,0,1,CLEAR,DRY,False,OTHER INTERSECTION COLLISIONS,REAR END,STRAIGHT & LEVEL,DARK-HWY LIGHTED/ON,,,1/24/2020 8:35:48 AM,False,2673,Accepted,
26231482,0568000,LOUISVILLE METRO POLICE DEPT,Accepted,JEFFERSON,KY1931,,ST ANDREWS CHURCH,RD,,,ARNOLDTOWN,,,,,38.149534110,-85.824084304,4.119,1/22/2020 12:00:00 AM,1303,2,2,0,0,CLEAR,DRY,False,OTHER INTERSECTION COLLISIONS,REAR END,STRAIGHT & LEVEL,DAYLIGHT,,,1/23/2020 8:27:09 AM,False,7485,Accepted,
26231466,0568000,LOUISVILLE METRO POLICE DEPT,Accepted,JEFFERSON,KY1703,,NEWBURG,RD,,,GARDINER,,,,,38.198938736,-85.683466351,1.887,1/22/2020 12:00:00 AM,0910,2,2,0,0,CLEAR,DRY,False,OTHER INTERSECTION COLLISIONS,REAR END,STRAIGHT & LEVEL,DAYLIGHT,,,1/23/2020 8:25:40 AM,False,7879,Accepted,
26237607,0568000,LOUISVILLE METRO POLICE DEPT,Accepted,JEFFERSON,US0060,,FRANKFORT,AVE,,KY2048,CANNONS,,,,,38.254062504,-85.670476303,2.735,1/22/2020 12:00:00 AM,1812,3,3,0,0,CLEAR,DRY,False,OTHER INTERSECTION COLLISIONS,REAR END,STRAIGHT & LEVEL,DARK-HWY LIGHTED/ON,,,1/24/2020 8:35:44 AM,False,2673,Accepted,
26237615,0568000,LOUISVILLE METRO POLICE DEPT,Accepted,JEFFERSON,,,MAIN,ST,W,,26TH,,,,,38.260817494,-85.793429574,0.389,1/22/2020 12:00:00 AM,1011,2,2,0,2,CLOUDY,DRY,False,OTHER INTERSECTION COLLISIONS,REAR END,STRAIGHT & LEVEL,DAYLIGHT,,,1/24/2020 8:36:11 AM,False,7292,Accepted,
26237613,0568000,LOUISVILLE METRO POLICE DEPT,Accepted,JEFFERSON,KY1932,,BRECKENRIDGE,LN,,,SUDBURY,,,,,38.208701057,-85.626577311,1.989,1/22/2020 12:00:00 AM,1555,2,2,0,0,CLEAR,DRY,False,OTHER INTERSECTION COLLISIONS,REAR END,STRAIGHT & HILLCREST,DAYLIGHT,,,1/24/2020 8:36:05 AM,False,2429,Accepted,
26248811,0568000,LOUISVILLE METRO POLICE DEPT,Accepted,JEFFERSON,KY3082,,BANK,ST,,US0150,22ND,,,,,38.266652411,-85.783634943,1.530,1/22/2020 12:00:00 AM,1535,2,2,0,1,CLEAR,DRY,False,OTHER INTERSECTION COLLISIONS,REAR END,STRAIGHT & LEVEL,DAYLIGHT,,,1/27/2020 8:27:22 AM,False,7305,Accepted,
26271841,0568000,LOUISVILLE METRO POLICE DEPT,Accepted,JEFFERSON,KY1932,,BRECKENRIDGE,LN,,,SIX MILE,,,,,38.197591194,-85.625106231,1.130,1/22/2020 12:00:00 AM,2237,2,2,0,0,CLEAR,DRY,False,OTHER INTERSECTION COLLISIONS,REAR END,STRAIGHT & LEVEL,DARK-HWY LIGHTED/OFF,,,1/31/2020 8:17:07 AM,False,7200,Accepted,
26231472,0568000,LOUISVILLE METRO POLICE DEPT,Accepted,JEFFERSON,US0031E,,BARDSTOWN,RD,,,EDENSIDE,,,,,38.232799842,-85.710700050,14.724,1/22/2020 12:00:00 AM,1103,2,2,0,0,CLOUDY,DRY,False,ANGLE COLLISION - OTHER,ANGLE,STRAIGHT & LEVEL,DAYLIGHT,,,1/23/2020 8:26:09 AM,False,2228,Accepted,
26231475,0568000,LOUISVILLE METRO POLICE DEPT,Accepted,JEFFERSON,KY0022,,BROWNSBORO,RD,,,SPRINGDALE,,,,,38.305217307,-85.577466060,3.689,1/22/2020 12:00:00 AM,1620,3,3,0,0,CLEAR,DRY,False,OPPOSITE DIRECTION - BOTH VEHICLES GOING STRAIGHT AHEAD,SIDESWIPE-OPPOSITE DIRECTION,STRAIGHT & LEVEL,DAYLIGHT,,,1/23/2020 8:26:27 AM,False,7631,Accepted,
26237618,0568000,LOUISVILLE METRO POLICE DEPT,Accepted,JEFFERSON,KY2053,,MT WASHINGTON,RD,,,STANDIFORD PLAZA,,,,,38.092629467,-85.667244523,0.119,1/22/2020 12:00:00 AM,1923,2,2,0,0,CLEAR,DRY,False,SIDESWIPE-SAME DIRECTION,SIDESWIPE-SAME DIRECTION,STRAIGHT & LEVEL,DUSK,,,1/24/2020 8:36:22 AM,False,7474,Accepted,
26254794,0568000,LOUISVILLE METRO POLICE DEPT,Accepted,JEFFERSON,KY1020,,3RD,ST,S,,HILL,,,,,38.225809378,-85.760318892,10.696,1/22/2020 12:00:00 AM,1118,3,3,0,2,CLEAR,DRY,False,ANGLE COLLISION - OTHER,ANGLE,STRAIGHT & LEVEL,DAYLIGHT,,,1/28/2020 8:12:03 AM,False,7619,Accepted,
26231461,0568000,LOUISVILLE METRO POLICE DEPT,Accepted,JEFFERSON,,,HIKES,LN,,,CHEVY CHASE,,,,,38.201830055,-85.655425563,1.177,1/22/2020 12:00:00 AM,0802,2,2,0,0,CLOUDY,DRY,False,ANGLE COLLISION - OTHER,ANGLE,STRAIGHT & LEVEL,DAWN,,,1/23/2020 8:25:06 AM,False,6100,Accepted,
26248974,0568000,LOUISVILLE METRO POLICE DEPT,Accepted,JEFFERSON,,,3RD,ST,S,,WOODLAWN,,,,,38.181587618,-85.766281416,1.322,1/22/2020 12:00:00 AM,1053,3,3,0,4,CLEAR,DRY,False,ANGLE COLLISION - OTHER,ANGLE,STRAIGHT & LEVEL,DAYLIGHT,,,1/27/2020 8:34:22 AM,False,5127,Accepted,
26231474,0568000,LOUISVILLE METRO POLICE DEPT,Accepted,JEFFERSON,KY1865,,NEW CUT,RD,,KY0907,SOUTHSIDE,,,,,38.145895085,-85.775233719,2.674,1/22/2020 12:00:00 AM,1530,2,2,0,0,CLEAR,DRY,False,ANGLE COLLISION - OTHER,ANGLE,STRAIGHT & LEVEL,DAYLIGHT,,,1/23/2020 8:26:21 AM,False,5266,Accepted,
26231496,0568000,LOUISVILLE METRO POLICE DEPT,Accepted,JEFFERSON,KY1865,,TAYLOR,BLVD,,,STRADER,,,,,38.191128031,-85.783295558,5.840,1/22/2020 12:00:00 AM,1450,2,2,0,0,CLOUDY,DRY,False,ANGLE COLLISION - OTHER,ANGLE,STRAIGHT & LEVEL,DAYLIGHT,,,1/23/2020 8:28:39 AM,False,7360,Accepted,
26231495,0568000,LOUISVILLE METRO POLICE DEPT,Accepted,JEFFERSON,US0031W,,MARKET,ST,W,,5TH,,,,,38.255407743,-85.758422604,21.760,1/22/2020 12:00:00 AM,1005,2,2,0,0,CLEAR,DRY,False,ANGLE COLLISION - OTHER,ANGLE,STRAIGHT & LEVEL,DAYLIGHT,,,1/23/2020 8:28:33 AM,False,2854,Accepted,
26248810,0568000,LOUISVILLE METRO POLICE DEPT,Accepted,JEFFERSON,US0150T,,MARKET,ST,W,US0150,DR W J HODGE,,,,,38.258375319,-85.784955319,0.086,1/22/2020 12:00:00 AM,1452,2,2,0,0,CLEAR,DRY,False,ANGLE COLLISION - OTHER,ANGLE,STRAIGHT & LEVEL,DAYLIGHT,,,1/27/2020 8:27:18 AM,False,7305,Accepted,
26231433,0568000,LOUISVILLE METRO POLICE DEPT,Accepted,JEFFERSON,,,LEXINGTON,RD,,,COOPER,,,,,38.249333644,-85.729367618,0.227,1/22/2020 12:00:00 AM,0834,2,2,0,0,CLEAR,DRY,False,ANGLE COLLISION - OTHER,ANGLE,CURVE & LEVEL,DAYLIGHT,,,1/23/2020 8:23:30 AM,False,7900,Accepted,
26231458,0568000,LOUISVILLE METRO POLICE DEPT,Accepted,JEFFERSON,,,ASHLAND,AVE,W,KY1020,SOUTHERN,,,,,38.185230835,-85.767444082,0.092,1/22/2020 12:00:00 AM,1058,2,2,0,1,CLEAR,DRY,False,ANGLE COLLISION - OTHER,ANGLE,STRAIGHT & LEVEL,DAYLIGHT,,,1/23/2020 8:24:46 AM,True,5289,Accepted,
26237584,0568000,LOUISVILLE METRO POLICE DEPT,Accepted,JEFFERSON,US0031E,,BARDSTOWN,RD,,,DEL MARIA,,,,,38.170286571,-85.607184304,7.367,1/22/2020 12:00:00 AM,1603,2,2,0,0,CLEAR,DRY,False,OPPOSING LEFT TURN,OPPOSING LEFT TURN,STRAIGHT & HILLCREST,DAYLIGHT,,,1/24/2020 8:34:39 AM,False,7303,Accepted,