IncidentID,AgencyORI,AgencyName,IncidentStatusDesc,County,RdwyNumber,Street,RoadwayName,StreetSfx,StreetDir,IntersectionRdwy,IntersectionRdwyName,BetweenStRdwy1,BetweenStRdwyName1,BetweenStRdwy2,BetweenStRdwyName2,Latitude,Longitude,Milepoint,CollisionDate,CollisionTime,UnitsInvolved,MotorVehiclesInvolved,NumberKilled,NumberInjured,Weather,RdwyConditionCode,HitandRun,DirAnalysisCode,MannerofCollision,RdwyCharacter,LightCondition,RampFromRdwyId,RampToRdwyId,AcceptedDate,IsSecondaryCollision,OwnerBadge,IncidentStatus,
26226196,0568000,LOUISVILLE METRO POLICE DEPT,Accepted,JEFFERSON,KY1934,,CANE RUN,RD,,KY2056,BELLS,,,,,38.221157153,-85.812384412,11.214,1/21/2020 12:00:00 AM,1614,2,2,0,0,CLEAR,DRY,False,OPPOSING LEFT TURN,OPPOSING LEFT TURN,STRAIGHT & LEVEL,DAYLIGHT,,,1/22/2020 8:25:26 AM,False,5290,Accepted,
26249018,0568000,LOUISVILLE METRO POLICE DEPT,Accepted,JEFFERSON,,,BARRET,AVE,,,HIGHLAND,,,,,38.238056111,-85.729472046,0.821,1/21/2020 12:00:00 AM,1437,2,2,0,0,CLEAR,DRY,False,ANGLE COLLISION - OTHER,ANGLE,STRAIGHT & LEVEL,DAYLIGHT,,,1/27/2020 8:36:59 AM,False,5006,Accepted,
26220663,0568000,LOUISVILLE METRO POLICE DEPT,Accepted,JEFFERSON,KY2048,,CANNONS,LN,,I 0064,I64 W EXIT10 OFF RAMP TO KY2048,,,,,38.236705506,-85.658755715,1.345,1/21/2020 12:00:00 AM,0535,2,2,0,0,CLEAR,DRY,False,ANGLE COLLISION - OTHER,ANGLE,STRAIGHT & LEVEL,DARK-HWY LIGHTED/ON,,,1/21/2020 9:37:24 AM,False,7219,Accepted,
26226194,0568000,LOUISVILLE METRO POLICE DEPT,Accepted,JEFFERSON,,,OLD LA GRANGE,RD,,,COLLINS,,,,,38.288556715,-85.513781559,0.776,1/21/2020 12:00:00 AM,1739,2,2,0,0,CLEAR,DRY,False,SIDESWIPE-SAME DIRECTION,SIDESWIPE-SAME DIRECTION,STRAIGHT & LEVEL,DUSK,,,1/22/2020 8:25:13 AM,False,7355,Accepted,
26220723,0568000,LOUISVILLE METRO POLICE DEPT,Accepted,JEFFERSON,,,PIKE,ST,,,7TH,,,,,38.256442202,-85.761880039,0.014,1/21/2020 12:00:00 AM,0734,2,2,0,0,CLEAR,DRY,False,SIDESWIPE-SAME DIRECTION,SIDESWIPE-SAME DIRECTION,STRAIGHT & LEVEL,DAWN,,,1/21/2020 9:38:42 AM,False,7361,Accepted,
26226178,0568000,LOUISVILLE METRO POLICE DEPT,Accepted,JEFFERSON,,,12TH,ST,S,US0150,BROADWAY,,,,,38.247517697,-85.771628850,0.382,1/21/2020 12:00:00 AM,1410,2,2,0,0,CLEAR,DRY,False,SIDESWIPE-SAME DIRECTION,SIDESWIPE-SAME DIRECTION,STRAIGHT & LEVEL,DAYLIGHT,,,1/22/2020 8:23:35 AM,False,5187,Accepted,
26248842,0568000,LOUISVILLE METRO POLICE DEPT,Accepted,JEFFERSON,KY1065,,OUTER,LOOP,,KY1020,NATIONAL,,,,,38.126981782,-85.749018618,2.518,1/21/2020 12:00:00 AM,1045,2,2,0,0,CLEAR,DRY,True,SIDESWIPE-SAME DIRECTION,SIDESWIPE-SAME DIRECTION,CURVE & LEVEL,DAYLIGHT,,,1/27/2020 8:29:02 AM,False,7080,Accepted,
26226200,0568000,LOUISVILLE METRO POLICE DEPT,Accepted,JEFFERSON,,,CHESTNUT,ST,E,,HANCOCK,,,,,38.247344057,-85.743146633,0.535,1/21/2020 12:00:00 AM,1820,2,2,0,0,CLEAR,DRY,True,OPPOSITE DIRECTION - BOTH VEHICLES GOING STRAIGHT AHEAD,SIDESWIPE-OPPOSITE DIRECTION,STRAIGHT & LEVEL,DARK-HWY LIGHTED/ON,,,1/22/2020 8:25:52 AM,False,2855,Accepted,
26226158,0568000,LOUISVILLE METRO POLICE DEPT,Accepted,JEFFERSON,,,WATTERSON,TRL,,KY1747,HURSTBOURNE,,,,,38.183501128,-85.606680375,1.078,1/21/2020 12:00:00 AM,0835,2,2,0,0,CLEAR,DRY,False,OPPOSING LEFT TURN,OPPOSING LEFT TURN,STRAIGHT & LEVEL,DAYLIGHT,,,1/22/2020 8:21:46 AM,False,7739,Accepted,
26248852,0568000,LOUISVILLE METRO POLICE DEPT,Accepted,JEFFERSON,,,4TH,ST,S,US0150,BROADWAY,,,,,38.245994836,-85.758445061,0.728,1/21/2020 12:00:00 AM,1243,2,2,0,0,CLEAR,DRY,False,VEHICLE BACKING IN INTERSECTION,BACKING,STRAIGHT & LEVEL,DAYLIGHT,,,1/27/2020 8:29:33 AM,False,5168,Accepted,
26248796,0568000,LOUISVILLE METRO POLICE DEPT,Accepted,JEFFERSON,US0060A,,EASTERN,PKWY,,KY0864,GOSS,,,,,38.224143539,-85.730151869,5.527,1/21/2020 12:00:00 AM,1612,2,2,0,0,CLEAR,DRY,False,VEHICLE BACKING IN INTERSECTION,BACKING,STRAIGHT & HILLCREST,DAYLIGHT,,,1/27/2020 8:26:35 AM,False,7938,Accepted,
26226191,0568000,LOUISVILLE METRO POLICE DEPT,Accepted,JEFFERSON,KY0061,,PRESTON,HWY,,,OLD FERN VALLEY,,,,,38.155034196,-85.695956074,5.201,1/21/2020 12:00:00 AM,1640,2,2,0,1,CLEAR,DRY,False,ANGLE COLLISION - OTHER,ANGLE,STRAIGHT & LEVEL,DAYLIGHT,,,1/22/2020 8:25:00 AM,False,4693,Accepted,
26226184,0568000,LOUISVILLE METRO POLICE DEPT,Accepted,JEFFERSON,KY1747,,HURSTBOURNE,PKWY,N,,BLOSSOM,,,,,38.289508653,-85.573742785,17.205,1/21/2020 12:00:00 AM,0758,2,2,0,0,CLEAR,DRY,False,ANGLE COLLISION - OTHER,ANGLE,STRAIGHT & GRADE,DAYLIGHT,,,1/22/2020 8:24:14 AM,False,7355,Accepted,
26220721,0568000,LOUISVILLE METRO POLICE DEPT,Accepted,JEFFERSON,,,OLD BARDSTOWN,RD,,,LANDWOOD,,,,,38.119845565,-85.572893428,0.791,1/21/2020 12:00:00 AM,0642,1,1,0,0,CLOUDY,DRY,False,COLLISION WITH FIXED OBJECT IN INTERSECTION - FIRST EVENT COLLISION 09 - 32,SINGLE VEHICLE,STRAIGHT & LEVEL,DARK-HWY LIGHTED/OFF,,,1/21/2020 9:38:32 AM,False,6977,Accepted,
26226222,0568000,LOUISVILLE METRO POLICE DEPT,Accepted,JEFFERSON,,,FAIRLAND,AVE,,KY2251,KY2251 TURN LANE,,,,,38.190729070,-85.644366807,0.001,1/21/2020 12:00:00 AM,2009,1,1,0,0,CLEAR,DRY,False,COLLISION WITH FIXED OBJECT IN INTERSECTION - FIRST EVENT COLLISION 09 - 32,SINGLE VEHICLE,STRAIGHT & LEVEL,DARK-HWY LIGHTED/ON,,,1/22/2020 8:27:21 AM,False,5288,Accepted,
26256798,0560000,JEFFERSON COUNTY SHERIFF DEPT.,Accepted,JEFFERSON,,,LIBERTY,ST,W,,6TH,,,,,38.253439215,-85.760523795,0.423,1/21/2020 12:00:00 AM,0830,2,2,0,0,CLEAR,DRY,False,OTHER INTERSECTION COLLISIONS,REAR END,STRAIGHT & LEVEL,DAYLIGHT,,,1/28/2020 2:59:22 PM,False,3553,Accepted,
26249938,0568000,LOUISVILLE METRO POLICE DEPT,Accepted,JEFFERSON,KY1931,,GREENWOOD,RD,,US0031W,DIXIE,,,,,38.143596799,-85.841436109,3.043,1/21/2020 12:00:00 AM,0730,2,1,0,0,CLEAR,DRY,False,OTHER INTERSECTION COLLISIONS,REAR END,STRAIGHT & LEVEL,DARK-HWY LIGHTED/OFF,,,1/27/2020 10:12:36 AM,False,7267,Accepted,
26226197,0568000,LOUISVILLE METRO POLICE DEPT,Accepted,JEFFERSON,KY0155,,TAYLORSVILLE,RD,,,LOWE,,,,,38.218922461,-85.606872590,12.304,1/21/2020 12:00:00 AM,1417,2,2,0,0,CLEAR,DRY,False,OTHER INTERSECTION COLLISIONS,REAR END,STRAIGHT & LEVEL,DAYLIGHT,,,1/22/2020 8:25:34 AM,False,5247,Accepted,
26226195,0568000,LOUISVILLE METRO POLICE DEPT,Accepted,JEFFERSON,KY1747,,FERN VALLEY,RD,,KY0864,FEGENBUSH,,,,,38.161333316,-85.640882735,5.115,1/21/2020 12:00:00 AM,1657,2,2,0,0,CLEAR,DRY,False,OTHER INTERSECTION COLLISIONS,REAR END,STRAIGHT & LEVEL,DUSK,,,1/22/2020 8:25:19 AM,False,5005,Accepted,
26231434,0568000,LOUISVILLE METRO POLICE DEPT,Accepted,JEFFERSON,KY0864,,FEGENBUSH,LN,,,VAUGHN MILL,,,,,38.144995068,-85.627617225,5.175,1/21/2020 12:00:00 AM,0727,2,2,0,0,CLOUDY,DRY,False,OTHER INTERSECTION COLLISIONS,REAR END,STRAIGHT & LEVEL,DAWN,,,1/23/2020 8:23:36 AM,False,2017,Accepted,
26226218,0568000,LOUISVILLE METRO POLICE DEPT,Accepted,JEFFERSON,,,GOLDSMITH,LN,,KY1703,NEWBURG,,,,,38.200098125,-85.684899760,0.001,1/21/2020 12:00:00 AM,2318,3,3,0,0,CLEAR,DRY,True,OTHER INTERSECTION COLLISIONS,REAR END,STRAIGHT & LEVEL,DARK (UNKNOWN ROADWAY LIGHTING),,,1/22/2020 8:27:03 AM,False,5001,Accepted,
26226199,0568000,LOUISVILLE METRO POLICE DEPT,Accepted,JEFFERSON,KY1819,,BILLTOWN,RD,,,WEATHER VANE,,,,,38.151135330,-85.550994585,5.624,1/21/2020 12:00:00 AM,1640,2,2,0,1,CLEAR,DRY,False,OTHER INTERSECTION COLLISIONS,REAR END,STRAIGHT & LEVEL,DAYLIGHT,,,1/22/2020 8:25:46 AM,False,7465,Accepted,
26226183,0568000,LOUISVILLE METRO POLICE DEPT,Accepted,JEFFERSON,KY0146,,LA GRANGE,RD,,,SADDLECREEK,,,,,38.296236223,-85.506649757,8.184,1/21/2020 12:00:00 AM,0809,2,2,0,0,CLEAR,DRY,False,OTHER INTERSECTION COLLISIONS,REAR END,STRAIGHT & LEVEL,DAYLIGHT,,,1/22/2020 8:24:07 AM,False,7355,Accepted,
26226214,0568000,LOUISVILLE METRO POLICE DEPT,Accepted,JEFFERSON,I 0264,,I264 E,,,,,,,,,38.272076458,-85.808783822,0.339,1/21/2020 12:00:00 AM,2054,1,1,0,1,CLEAR,DRY,False,COLLISION WITH FIXED OBJECT NON - INTERSECTION - FIRST EVENT COLLISION 09 - 32 EXCLUDING 16,SINGLE VEHICLE,STRAIGHT & LEVEL,DARK-HWY LIGHTED/OFF,,,1/22/2020 8:26:57 AM,False,5057,Accepted,
26226211,0568000,LOUISVILLE METRO POLICE DEPT,Accepted,JEFFERSON,KY0061,,BRANDEIS,AVE,E,,,,BRADLEY,KY0061,PRESTON,38.218392498,-85.751247252,10.860,1/21/2020 12:00:00 AM,2047,2,2,0,0,CLEAR,DRY,False,COLLISION WITH FIXED OBJECT NON - INTERSECTION - FIRST EVENT COLLISION 09 - 32 EXCLUDING 16,HEAD ON,STRAIGHT & GRADE,DARK-HWY LIGHTED/ON,,,1/22/2020 8:26:41 AM,True,7450,Accepted,
26226190,0568000,LOUISVILLE METRO POLICE DEPT,Accepted,JEFFERSON,I 0065,,I65 S,,,,,,,,,38.092757781,-85.701157668,123.623,1/21/2020 12:00:00 AM,1214,2,2,0,0,CLOUDY,DRY,False,COLLISION WITH FIXED OBJECT NON - INTERSECTION - FIRST EVENT COLLISION 09 - 32 EXCLUDING 16,SIDESWIPE-SAME DIRECTION,STRAIGHT & LEVEL,DAYLIGHT,,,1/22/2020 8:24:53 AM,False,4693,Accepted,
26226201,0568000,LOUISVILLE METRO POLICE DEPT,Accepted,JEFFERSON,,,CARDINAL,BLVD,W,,,,4TH,KY1020,3RD,38.220669606,-85.762278145,0.241,1/21/2020 12:00:00 AM,1723,2,2,0,0,CLEAR,DRY,True,1 VEHICLE PARKED POSITION (NOT PARKING LOT/DRIVEWAY),BACKING,STRAIGHT & LEVEL,DUSK,,,1/22/2020 8:25:59 AM,False,7322,Accepted,
26226168,0568000,LOUISVILLE METRO POLICE DEPT,Accepted,JEFFERSON,,,SHAKES CREEK,DR,,,,,,,,38.210958377,-85.436774380,0.598,1/21/2020 12:00:00 AM,1030,2,2,0,0,CLEAR,DRY,False,1 VEHICLE PARKED POSITION (NOT PARKING LOT/DRIVEWAY),SIDESWIPE-SAME DIRECTION,STRAIGHT & GRADE,DAYLIGHT,,,1/22/2020 8:22:45 AM,False,6953,Accepted,
26226182,0568000,LOUISVILLE METRO POLICE DEPT,Accepted,JEFFERSON,,1416,LILLIAN,AVE,,,,,,,,38.214845129,-85.780229240,0.594,1/21/2020 12:00:00 AM,1554,2,2,0,0,CLEAR,DRY,True,1 VEHICLE PARKED POSITION (NOT PARKING LOT/DRIVEWAY),BACKING,STRAIGHT & LEVEL,DAYLIGHT,,,1/22/2020 8:23:59 AM,False,7433,Accepted,
26226207,0568000,LOUISVILLE METRO POLICE DEPT,Accepted,JEFFERSON,,,CEDAR SPRINGS,BLVD,,,,,,,,38.144488972,-85.585592406,0.120,1/21/2020 12:00:00 AM,1636,2,2,0,0,CLEAR,DRY,False,SIDESWIPE COLLISION - SAME DIRECTION,SIDESWIPE-SAME DIRECTION,STRAIGHT & LEVEL,DAYLIGHT,,,1/22/2020 8:26:23 AM,False,7255,Accepted,
26226198,0568000,LOUISVILLE METRO POLICE DEPT,Accepted,JEFFERSON,,4705,JENNINGS,LN,,,,,,,,38.188027529,-85.685491825,0.297,1/21/2020 12:00:00 AM,1408,2,2,0,0,CLEAR,DRY,False,SIDESWIPE COLLISION - SAME DIRECTION,SIDESWIPE-SAME DIRECTION,STRAIGHT & LEVEL,DAYLIGHT,,,1/22/2020 8:25:40 AM,False,7319,Accepted,
26226176,0568000,LOUISVILLE METRO POLICE DEPT,Accepted,JEFFERSON,KY0841,,GENE SNYDER,FWY,,,,,,,,38.314995981,-85.582537960,34.747,1/21/2020 12:00:00 AM,1001,2,2,0,0,CLEAR,DRY,False,SIDESWIPE COLLISION - SAME DIRECTION,SIDESWIPE-SAME DIRECTION,STRAIGHT & LEVEL,DAYLIGHT,,,1/22/2020 8:23:23 AM,False,2000,Accepted,
26231484,0568000,LOUISVILLE METRO POLICE DEPT,Accepted,JEFFERSON,KY0864,,FEGENBUSH,LN,,,,KY1065,BEULAH CHURCH,KY1065,OUTER,38.138113573,-85.614968381,4.341,1/21/2020 12:00:00 AM,1850,2,2,0,0,CLEAR,DRY,False,1 VEHICLE ENTERING/LEAVING ENTRANCE,ANGLE,STRAIGHT & LEVEL,DARK-HWY NOT LIGHTED,,,1/23/2020 8:27:34 AM,False,2959,Accepted,
26226173,0568000,LOUISVILLE METRO POLICE DEPT,Accepted,JEFFERSON,I 0264,,I264 E,,,,,I 0264,I264 E EXIT17 ON RAMP FROM KY155,I 0264,I264 E EXIT18 OFF RAMP TO KY1932,38.224698118,-85.643618767,17.444,1/21/2020 12:00:00 AM,0851,2,2,0,0,CLEAR,DRY,False,REAR END IN TRAFFIC LANES BOTH VEHICLES MOVING,REAR END,STRAIGHT & GRADE,DAYLIGHT,,,1/22/2020 8:23:16 AM,False,2000,Accepted,
26220722,0568000,LOUISVILLE METRO POLICE DEPT,Accepted,JEFFERSON,I 0265,,I265 N,,,,,,,,,38.310236031,-85.573495957,34.162,1/21/2020 12:00:00 AM,0716,2,2,0,0,CLOUDY,DRY,False,REAR END IN TRAFFIC LANES BOTH VEHICLES MOVING,REAR END,STRAIGHT & LEVEL,DAYLIGHT,,,1/21/2020 9:38:37 AM,False,4903,Accepted,
26226180,0568000,LOUISVILLE METRO POLICE DEPT,Accepted,JEFFERSON,US0042,,BROWNSBORO,RD,,,,,,,,38.259245586,-85.705945758,1.611,1/21/2020 12:00:00 AM,1452,2,2,0,0,CLEAR,DRY,False,REAR END IN TRAFFIC LANES BOTH VEHICLES MOVING,REAR END,STRAIGHT & LEVEL,DAYLIGHT,,,1/22/2020 8:23:47 AM,False,7028,Accepted,
26226185,0568000,LOUISVILLE METRO POLICE DEPT,Accepted,JEFFERSON,,,ENTERPRISE,DR,,,,,,,,38.147170315,-85.759240551,0.016,1/21/2020 12:00:00 AM,1537,2,2,0,0,CLEAR,DRY,False,REAR END IN TRAFFIC LANES BOTH VEHICLES MOVING,REAR END,STRAIGHT & LEVEL,DAYLIGHT,,,1/22/2020 8:24:27 AM,False,7234,Accepted,
26226187,0568000,LOUISVILLE METRO POLICE DEPT,Accepted,JEFFERSON,US0031E,,BARDSTOWN,RD,,,,,GARDINER,,WENDELL,38.212793667,-85.672510565,12.149,1/21/2020 12:00:00 AM,1210,2,2,0,0,CLEAR,DRY,False,REAR END IN TRAFFIC LANES BOTH VEHICLES MOVING,REAR END,STRAIGHT & LEVEL,DAYLIGHT,,,1/22/2020 8:24:33 AM,False,7793,Accepted,
26226161,0568000,LOUISVILLE METRO POLICE DEPT,Accepted,JEFFERSON,I 0264,,I264 W,,,,,,,,,38.194033978,-85.710734419,13.177,1/21/2020 12:00:00 AM,0800,2,2,0,0,CLOUDY,DRY,False,REAR END IN TRAFFIC LANES BOTH VEHICLES MOVING,REAR END,STRAIGHT & LEVEL,DAYLIGHT,,,1/22/2020 8:21:56 AM,False,6148,Accepted,
26226205,0568000,LOUISVILLE METRO POLICE DEPT,Accepted,JEFFERSON,I 0264,,I264 E,,,,,I 0264,I264 E EXIT18 OFF RAMP TO KY1932,I 0264,I264 E EXIT17 ON RAMP FROM KY155,38.224878255,-85.643264463,17.459,1/21/2020 12:00:00 AM,1852,3,3,0,0,CLEAR,DRY,True,SIDESWIPE COLLISION - SAME DIRECTION,SIDESWIPE-SAME DIRECTION,STRAIGHT & LEVEL,DARK-HWY LIGHTED/ON,,,1/22/2020 8:26:12 AM,False,7482,Accepted,
26248968,0568000,LOUISVILLE METRO POLICE DEPT,Accepted,JEFFERSON,I 0264,,I264 E,,,,,I 0065,I264 E EXIT12 ON RAMP,I 0065,I264 E EXIT12 ON RAMP,38.190952580,-85.717361164,12.747,1/21/2020 12:00:00 AM,1940,2,2,0,0,CLEAR,DRY,False,SIDESWIPE COLLISION - SAME DIRECTION,SIDESWIPE-SAME DIRECTION,STRAIGHT & LEVEL,DARK-HWY LIGHTED/ON,,,1/27/2020 8:33:58 AM,False,5165,Accepted,
26248808,0568000,LOUISVILLE METRO POLICE DEPT,Accepted,JEFFERSON,I 0065,,I65 S,,,,,,,,,38.114356750,-85.701698969,125.114,1/21/2020 12:00:00 AM,1744,2,2,0,0,CLEAR,DRY,True,SIDESWIPE COLLISION - SAME DIRECTION,SIDESWIPE-SAME DIRECTION,STRAIGHT & LEVEL,DUSK,,,1/27/2020 8:27:11 AM,False,8278,Accepted,
26248806,0568000,LOUISVILLE METRO POLICE DEPT,Accepted,JEFFERSON,I 0265,,I265 E,,,,,,,,,38.179418892,-85.509721611,22.464,1/21/2020 12:00:00 AM,1259,2,2,0,0,CLEAR,DRY,False,SIDESWIPE COLLISION - SAME DIRECTION,SIDESWIPE-SAME DIRECTION,STRAIGHT & GRADE,DAYLIGHT,,,1/27/2020 8:27:04 AM,False,8278,Accepted,
26248807,0568000,LOUISVILLE METRO POLICE DEPT,Accepted,JEFFERSON,I 0065,,I65 S,,,,,,,,,38.211374829,-85.753049031,132.847,1/21/2020 12:00:00 AM,1453,2,2,0,0,CLEAR,DRY,False,SIDESWIPE COLLISION - SAME DIRECTION,SIDESWIPE-SAME DIRECTION,STRAIGHT & GRADE,DAYLIGHT,,,1/27/2020 8:27:08 AM,False,8278,Accepted,
26231436,0568000,LOUISVILLE METRO POLICE DEPT,Accepted,JEFFERSON,,,SETTLE,BLVD,,,,,LOR ANN,,MILES,38.123694866,-85.677164312,0.050,1/21/2020 12:00:00 AM,0810,2,2,0,0,CLOUDY,DRY,False,HEAD-ON COLLISION,HEAD ON,CURVE & GRADE,DAYLIGHT,,,1/23/2020 8:23:42 AM,False,2017,Accepted,
26220726,0568000,LOUISVILLE METRO POLICE DEPT,Accepted,JEFFERSON,,,WILTSHIRE,AVE,,,,,WILMINGTON,,WILLIS,38.252065194,-85.655999234,0.021,1/21/2020 12:00:00 AM,0327,3,3,0,0,BLOWING SAND/SOIL/DIRT/SNOW,DRY,True,COLLISION IN PARKING LOT,SIDESWIPE-SAME DIRECTION,STRAIGHT & LEVEL,DARK-HWY LIGHTED/ON,,,1/21/2020 9:39:30 AM,False,5171,Accepted,
26226189,0568000,LOUISVILLE METRO POLICE DEPT,Accepted,JEFFERSON,,,BOERSTE,WAY,,,,,,,,38.112203137,-85.678567982,0.265,1/21/2020 12:00:00 AM,1022,2,2,0,0,CLOUDY,DRY,False,COLLISION IN PARKING LOT,ANGLE,STRAIGHT & LEVEL,DAYLIGHT,,,1/22/2020 8:24:47 AM,False,4693,Accepted,
26226210,0568000,LOUISVILLE METRO POLICE DEPT,Accepted,JEFFERSON,KY0061,7319,PRESTON,HWY,,,,,,,,38.145046117,-85.690317693,4.415,1/21/2020 12:00:00 AM,1932,1,1,0,0,CLEAR,DRY,False,COLLISION IN PARKING LOT,SINGLE VEHICLE,STRAIGHT & LEVEL,DARK (UNKNOWN ROADWAY LIGHTING),,,1/22/2020 8:26:36 AM,False,5248,Accepted,
26220725,0568000,LOUISVILLE METRO POLICE DEPT,Accepted,JEFFERSON,I 0064,,I64 E,,,,,,,,,38.274873600,-85.815575088,0.638,1/21/2020 12:00:00 AM,0842,1,1,0,0,CLEAR,DRY,False,OTHER ROADWAY OR MID-BLOCK COLLISION,SINGLE VEHICLE,STRAIGHT & LEVEL,DAYLIGHT,,,1/21/2020 9:39:25 AM,False,4903,Accepted,
26220724,0568000,LOUISVILLE METRO POLICE DEPT,Accepted,JEFFERSON,I 0264,,I264 E,,,,,,,,,38.275033649,-85.811891418,0.042,1/21/2020 12:00:00 AM,0810,1,1,0,0,CLOUDY,DRY,False,OTHER ROADWAY OR MID-BLOCK COLLISION,SINGLE VEHICLE,STRAIGHT & LEVEL,DAYLIGHT,,,1/21/2020 9:38:47 AM,False,4656,Accepted,
26226188,0568000,LOUISVILLE METRO POLICE DEPT,Accepted,JEFFERSON,I 0264,,,,,,,,,,,38.210609186,-85.671074693,0.315,1/21/2020 12:00:00 AM,1540,2,2,0,0,CLEAR,DRY,False,OTHER RAMP RELATED COLLISIONS NOT LISTED ABOVE,REAR END,STRAIGHT & LEVEL,DAYLIGHT,I 0264,US31E S,1/22/2020 8:24:39 AM,False,7793,Accepted,
26226177,0568000,LOUISVILLE METRO POLICE DEPT,Accepted,JEFFERSON,I 0265,,,,,,,,,,,38.110986910,-85.673596234,0.129,1/21/2020 12:00:00 AM,0910,2,2,0,0,CLEAR,DRY,True,OTHER RAMP RELATED COLLISIONS NOT LISTED ABOVE,SIDESWIPE-SAME DIRECTION,CURVE & LEVEL,DAYLIGHT,KY0061,I 0265,1/22/2020 8:23:29 AM,False,7418,Accepted,
26231452,0568000,LOUISVILLE METRO POLICE DEPT,Accepted,JEFFERSON,I 0065,,,,,,,,,,,38.157412429,-85.716391907,0.479,1/21/2020 12:00:00 AM,1618,2,2,0,0,CLOUDY,DRY,False,OTHER RAMP RELATED COLLISIONS NOT LISTED ABOVE,REAR END,CURVE & LEVEL,DAYLIGHT,I 0065,KY1631,1/23/2020 8:24:08 AM,False,4693,Accepted,
26248908,0568000,LOUISVILLE METRO POLICE DEPT,Accepted,JEFFERSON,I 0264,,,,,,,,,,,38.186285661,-85.783911407,0.032,1/21/2020 12:00:00 AM,1857,2,2,0,0,CLEAR,DRY,False,OTHER RAMP RELATED COLLISIONS NOT LISTED ABOVE,REAR END,STRAIGHT & LEVEL,DARK-HWY LIGHTED/OFF,I 0264,KY1865,1/27/2020 8:32:00 AM,False,5260,Accepted,
26226181,0568000,LOUISVILLE METRO POLICE DEPT,Accepted,JEFFERSON,I 0264,,,,,,,,,,,38.189383329,-85.763646549,0.027,1/21/2020 12:00:00 AM,0748,2,2,0,0,CLEAR,DRY,False,OTHER RAMP RELATED COLLISIONS NOT LISTED ABOVE,REAR END,STRAIGHT & GRADE,DAYLIGHT,W SOUTHERN HEIGHTS AVE,I 0264,1/22/2020 8:23:53 AM,False,5260,Accepted,
26219850,KSP0400,KY STATE POLICE POST 04,Accepted,JEFFERSON,KY0155,,TAYLORSVILLE,RD,,,,,,,,38.187055061,-85.523762650,6.885,1/20/2020 12:00:00 AM,1704,3,3,0,0,CLEAR,DRY,False,OTHER ROADWAY OR MID-BLOCK COLLISION,REAR END,STRAIGHT & LEVEL,DAYLIGHT,,,1/21/2020 8:15:46 AM,False,334,Accepted,
26220667,0568000,LOUISVILLE METRO POLICE DEPT,Accepted,JEFFERSON,US0031W,7850,DIXIE,HWY,,,,,OAK PARK,,PARAMOUNT,38.136062056,-85.844245967,10.969,1/20/2020 12:00:00 AM,1940,4,4,0,1,CLEAR,DRY,False,OTHER ROADWAY OR MID-BLOCK COLLISION,OPPOSING LEFT TURN,STRAIGHT & LEVEL,DARK-HWY LIGHTED/OFF,,,1/21/2020 9:37:29 AM,False,5211,Accepted,
26220660,0568000,LOUISVILLE METRO POLICE DEPT,Accepted,JEFFERSON,,,NORTON HEALTHCARE,BLVD,,,,,,,,38.312414609,-85.571967526,0.144,1/20/2020 12:00:00 AM,2000,2,2,0,0,CLEAR,DRY,True,COLLISION IN PARKING LOT,REAR END,STRAIGHT & LEVEL,DARK-HWY LIGHTED/ON,,,1/21/2020 9:37:18 AM,False,5180,Accepted,
26217775,0566900,LOUISVILLE AIRPORT POLICE,Accepted,JEFFERSON,,,TERMINAL,DR,,,,,,,,38.187324148,-85.743918933,0.037,1/20/2020 12:00:00 AM,1609,1,1,0,0,CLEAR,DRY,False,COLLISION IN PARKING LOT,SINGLE VEHICLE,STRAIGHT & LEVEL,DAYLIGHT,,,1/20/2020 9:36:25 PM,False,5878,Accepted,
26248803,0568000,LOUISVILLE METRO POLICE DEPT,Accepted,JEFFERSON,KY1020,,NATIONAL,TPKE,,,,,,,,38.140845178,-85.754363447,4.654,1/20/2020 12:00:00 AM,1354,2,2,0,3,CLOUDY,DRY,False,HEAD-ON COLLISION,HEAD ON,STRAIGHT & LEVEL,DAYLIGHT,,,1/27/2020 8:26:56 AM,False,7234,Accepted,
26220502,0568000,LOUISVILLE METRO POLICE DEPT,Accepted,JEFFERSON,KY1934,,GREENBELT,HWY,,,,,,,,38.098311192,-85.892204861,1.049,1/20/2020 12:00:00 AM,0640,2,2,0,1,CLEAR,DRY,False,HEAD-ON COLLISION,HEAD ON,STRAIGHT & LEVEL,DARK-HWY LIGHTED/ON,,,1/21/2020 9:32:54 AM,False,7332,Accepted,
26220510,0568000,LOUISVILLE METRO POLICE DEPT,Accepted,JEFFERSON,,,FACTORY,LN,,KY0146,LA GRANGE,,,,,38.289405667,-85.512134895,0.006,1/20/2020 12:00:00 AM,1057,2,2,0,0,SNOWING,ICE,False,HEAD-ON COLLISION,HEAD ON,STRAIGHT & LEVEL,DAYLIGHT,,,1/21/2020 9:33:26 AM,False,7355,Accepted,