IncidentID,AgencyORI,AgencyName,IncidentStatusDesc,County,RdwyNumber,Street,RoadwayName,StreetSfx,StreetDir,IntersectionRdwy,IntersectionRdwyName,BetweenStRdwy1,BetweenStRdwyName1,BetweenStRdwy2,BetweenStRdwyName2,Latitude,Longitude,Milepoint,CollisionDate,CollisionTime,UnitsInvolved,MotorVehiclesInvolved,NumberKilled,NumberInjured,Weather,RdwyConditionCode,HitandRun,DirAnalysisCode,MannerofCollision,RdwyCharacter,LightCondition,RampFromRdwyId,RampToRdwyId,AcceptedDate,IsSecondaryCollision,OwnerBadge,IncidentStatus,
26220557,0568000,LOUISVILLE METRO POLICE DEPT,Accepted,JEFFERSON,I 0071,,I71 N,,,,,,,,,38.301489547,-85.608407364,7.371,1/20/2020 12:00:00 AM,1534,1,1,0,0,CLOUDY,DRY,False,OTHER COLLISIONS ON SHOULDER,SINGLE VEHICLE,STRAIGHT & GRADE,DAYLIGHT,,,1/21/2020 9:35:28 AM,False,7840,Accepted,
26220546,0568000,LOUISVILLE METRO POLICE DEPT,Accepted,JEFFERSON,I 0065,,I65 S,,,,,I 0065,I65 S EXIT130 ON RAMP FROM  GRADE LN,I 0065,I65 S EXIT128 OFF RAMP TO KY1631,38.166171526,-85.720911703,128.898,1/20/2020 12:00:00 AM,1650,1,1,0,2,CLOUDY,DRY,False,OTHER COLLISIONS ON SHOULDER,SINGLE VEHICLE,STRAIGHT & LEVEL,DAYLIGHT,,,1/21/2020 9:35:07 AM,False,2308,Accepted,
26237835,0564400,INDIAN HILLS POLICE DEPARTMENT,Accepted,JEFFERSON,KY1932,,CHENOWETH,LN,,,,,OLYMPIC,US0042,BROWNSBORO,38.265792306,-85.665832104,6.588,1/20/2020 12:00:00 AM,1400,2,2,0,0,CLOUDY,DRY,False,SIDESWIPE COLLISION - SAME DIRECTION,SIDESWIPE-SAME DIRECTION,STRAIGHT & LEVEL,DAYLIGHT,,,1/24/2020 9:05:18 AM,False,4422,Accepted,
26220498,0568000,LOUISVILLE METRO POLICE DEPT,Accepted,JEFFERSON,KY0146,,LA GRANGE,RD,,,,,,,,38.292645189,-85.509652136,7.844,1/20/2020 12:00:00 AM,1110,2,2,0,0,SNOWING,WET,False,SIDESWIPE COLLISION - SAME DIRECTION,SIDESWIPE-SAME DIRECTION,STRAIGHT & LEVEL,DAYLIGHT,,,1/21/2020 9:32:35 AM,False,2489,Accepted,
26226179,0568000,LOUISVILLE METRO POLICE DEPT,Accepted,JEFFERSON,I 0264,,I264 W,,,,,,,,,38.194104756,-85.710230054,13.200,1/20/2020 12:00:00 AM,1748,2,2,0,3,CLEAR,DRY,False,REAR END IN TRAFFIC LANES BOTH VEHICLES MOVING,REAR END,STRAIGHT & LEVEL,DARK-HWY LIGHTED/ON,,,1/22/2020 8:23:41 AM,False,2142,Accepted,
26220563,0568000,LOUISVILLE METRO POLICE DEPT,Accepted,JEFFERSON,US0060A,,EASTERN,PKWY,,,,KY0864,POPLAR LEVEL,KY0864,GOSS,38.224941152,-85.728639240,5.624,1/20/2020 12:00:00 AM,1740,2,2,0,0,CLEAR,DRY,False,REAR END IN TRAFFIC LANES BOTH VEHICLES MOVING,REAR END,STRAIGHT & LEVEL,DARK-HWY LIGHTED/ON,,,1/21/2020 9:35:40 AM,False,7418,Accepted,
26220539,0568000,LOUISVILLE METRO POLICE DEPT,Accepted,JEFFERSON,KY0061,,PRESTON,HWY,,,,,,,,38.109772948,-85.674757706,1.859,1/20/2020 12:00:00 AM,1616,2,2,0,0,CLOUDY,DRY,False,REAR END IN TRAFFIC LANES BOTH VEHICLES MOVING,REAR END,STRAIGHT & LEVEL,DAYLIGHT,,,1/21/2020 9:34:29 AM,False,4693,Accepted,
26220504,0568000,LOUISVILLE METRO POLICE DEPT,Accepted,JEFFERSON,KY0022,,BROWNSBORO,RD,,,,I 0265,I265 N EXIT34 ON RAMP FROM KY22 W,I 0265,I265 S EXIT34 OFF RAMP TO KY22,38.310433672,-85.571060824,4.210,1/20/2020 12:00:00 AM,1254,3,3,0,0,CLOUDY,DRY,False,REAR END IN TRAFFIC LANES BOTH VEHICLES MOVING,REAR END,STRAIGHT & LEVEL,DAYLIGHT,,,1/21/2020 9:33:01 AM,False,6929,Accepted,
26220506,0568000,LOUISVILLE METRO POLICE DEPT,Accepted,JEFFERSON,US0031E,,BARDSTOWN,RD,,,,,GLENMARY VILLAGE,KY2053,THIXTON,38.101438205,-85.565657761,1.974,1/20/2020 12:00:00 AM,1326,2,2,0,0,CLOUDY,DRY,False,REAR END IN TRAFFIC LANES BOTH VEHICLES MOVING,REAR END,STRAIGHT & LEVEL,DAYLIGHT,,,1/21/2020 9:33:06 AM,False,2017,Accepted,
26226167,0568000,LOUISVILLE METRO POLICE DEPT,Accepted,JEFFERSON,KY0146,,LA GRANGE,RD,,,,,FACTORY,I 0265,I265 N EXIT30 OFF RAMP KY146 TO,38.289380381,-85.512276229,7.559,1/20/2020 12:00:00 AM,1105,2,2,0,0,SNOWING,ICE,False,REAR END IN TRAFFIC LANES BOTH VEHICLES MOVING,REAR END,STRAIGHT & LEVEL,DAYLIGHT,,,1/22/2020 8:22:38 AM,False,6953,Accepted,
26220535,0568000,LOUISVILLE METRO POLICE DEPT,Accepted,JEFFERSON,KY1065,,OUTER,LOOP,,,,,,,,38.137929094,-85.675380510,6.680,1/20/2020 12:00:00 AM,1429,2,2,0,0,CLOUDY,DRY,False,REAR END IN TRAFFIC LANES BOTH VEHICLES MOVING,REAR END,STRAIGHT & LEVEL,DAYLIGHT,,,1/21/2020 9:34:23 AM,False,4693,Accepted,
26220594,0568000,LOUISVILLE METRO POLICE DEPT,Accepted,JEFFERSON,KY1865,,NEW CUT,RD,,,,,,,,38.145705365,-85.775276998,2.675,1/20/2020 12:00:00 AM,1718,2,2,0,0,CLEAR,DRY,False,REAR END IN TRAFFIC LANES BOTH VEHICLES MOVING,REAR END,STRAIGHT & LEVEL,DAYLIGHT,,,1/21/2020 9:36:12 AM,False,7331,Accepted,
26220526,0568000,LOUISVILLE METRO POLICE DEPT,Accepted,JEFFERSON,,,GRADE,LN,,,,KY1747,FERN VALLEY,,CRITTENDEN,38.154781108,-85.733132493,2.315,1/20/2020 12:00:00 AM,1009,2,2,0,0,CLEAR,DRY,False,REAR END IN TRAFFIC LANES BOTH VEHICLES MOVING,REAR END,STRAIGHT & LEVEL,DAYLIGHT,,,1/21/2020 9:33:56 AM,False,7669,Accepted,
26220687,0568000,LOUISVILLE METRO POLICE DEPT,Accepted,JEFFERSON,KY1747,,HURSTBOURNE,PKWY,S,,,,,,,38.162329928,-85.633808129,5.563,1/20/2020 12:00:00 AM,0746,2,2,0,1,CLEAR,DRY,False,1 VEHICLE ENTERING/LEAVING ENTRANCE,ANGLE,STRAIGHT & LEVEL,DARK-HWY LIGHTED/OFF,,,1/21/2020 9:37:42 AM,False,7449,Accepted,
26220617,0568000,LOUISVILLE METRO POLICE DEPT,Accepted,JEFFERSON,,,LIPPS,LN,,,,KY0061,PRESTON,,DUNWOODY,38.143105290,-85.688477847,0.041,1/20/2020 12:00:00 AM,2216,2,2,0,0,CLEAR,DRY,False,1 VEHICLE ENTERING/LEAVING ENTRANCE,ANGLE,STRAIGHT & LEVEL,DARK-HWY LIGHTED/ON,,,1/21/2020 9:36:38 AM,False,5248,Accepted,
26220652,0568000,LOUISVILLE METRO POLICE DEPT,Accepted,JEFFERSON,,,26TH,ST,S,,,,,,,38.250176608,-85.794833195,0.702,1/20/2020 12:00:00 AM,2230,2,2,0,0,CLEAR,DRY,True,1 VEHICLE ENTERING/LEAVING ENTRANCE,ANGLE,STRAIGHT & LEVEL,DARK-HWY LIGHTED/ON,,,1/21/2020 9:37:10 AM,False,5118,Accepted,
26220547,0568000,LOUISVILLE METRO POLICE DEPT,Accepted,JEFFERSON,,,OAK,ST,W,,,,,,,38.236353331,-85.775185640,1.087,1/20/2020 12:00:00 AM,1423,2,2,0,0,FOG,DRY,False,VEHICLE BACKING NON INTERSECTION,BACKING,STRAIGHT & LEVEL,DAYLIGHT,,,1/21/2020 9:35:12 AM,False,7326,Accepted,
26220540,0568000,LOUISVILLE METRO POLICE DEPT,Accepted,JEFFERSON,,,FOREMAN,LN,,,,,,,,38.129290740,-85.689328523,0.678,1/20/2020 12:00:00 AM,1635,2,2,0,0,CLOUDY,DRY,False,VEHICLE BACKING NON INTERSECTION,BACKING,STRAIGHT & LEVEL,DAYLIGHT,,,1/21/2020 9:34:35 AM,False,4693,Accepted,
26220544,0568000,LOUISVILLE METRO POLICE DEPT,Accepted,JEFFERSON,US0031E,,BARDSTOWN,RD,,,,,BEECHWOOD,,LONGEST,38.236055252,-85.716632792,15.136,1/20/2020 12:00:00 AM,1516,2,2,0,0,OTHER,DRY,False,SIDESWIPE COLLISION - SAME DIRECTION,SIDESWIPE-SAME DIRECTION,STRAIGHT & LEVEL,DAYLIGHT,,,1/21/2020 9:34:56 AM,False,5250,Accepted,
26347643,0568000,LOUISVILLE METRO POLICE DEPT,Accepted,JEFFERSON,,,BROADWAY,,W,,,,,,,38.249512105,-85.793359113,0.281,1/20/2020 12:00:00 AM,1820,5,5,0,1,CLEAR,DRY,False,1 VEHICLE ENTERING/LEAVING ENTRANCE,ANGLE,STRAIGHT & LEVEL,DARK-HWY LIGHTED/ON,,,2/14/2020 8:38:24 AM,False,7479,Accepted,
26220542,0568000,LOUISVILLE METRO POLICE DEPT,Accepted,JEFFERSON,,,MUHAMMAD ALI,BLVD,W,,,,18TH,,19TH,38.253792810,-85.781367200,1.584,1/20/2020 12:00:00 AM,1515,2,2,0,0,CLOUDY,DRY,True,1 VEHICLE PARKED POSITION (NOT PARKING LOT/DRIVEWAY),SIDESWIPE-SAME DIRECTION,STRAIGHT & LEVEL,DAYLIGHT,,,1/21/2020 9:34:45 AM,False,7805,Accepted,
26220632,0568000,LOUISVILLE METRO POLICE DEPT,Accepted,JEFFERSON,,1959,DOUGLASS,BLVD,,,,,,,,38.224182670,-85.694861198,0.510,1/20/2020 12:00:00 AM,2340,2,2,0,0,CLEAR,DRY,False,1 VEHICLE PARKED POSITION (NOT PARKING LOT/DRIVEWAY),SIDESWIPE-SAME DIRECTION,STRAIGHT & LEVEL,DARK-HWY LIGHTED/ON,,,1/21/2020 9:36:50 AM,False,2192,Accepted,
26220638,0568000,LOUISVILLE METRO POLICE DEPT,Accepted,JEFFERSON,,637,LYNN,ST,,,,,,,,38.216633491,-85.748229408,0.142,1/20/2020 12:00:00 AM,2255,2,2,0,0,CLEAR,DRY,True,1 VEHICLE PARKED POSITION (NOT PARKING LOT/DRIVEWAY),SIDESWIPE-SAME DIRECTION,STRAIGHT & LEVEL,DARK-HWY LIGHTED/ON,,,1/21/2020 9:36:55 AM,False,5236,Accepted,
26260507,0568000,LOUISVILLE METRO POLICE DEPT,Accepted,JEFFERSON,US0150,430,22ND,ST,N,,,,,,,38.264274900,-85.785084052,0.427,1/20/2020 12:00:00 AM,0500,2,2,0,0,CLEAR,DRY,False,1 VEHICLE PARKED POSITION (NOT PARKING LOT/DRIVEWAY),REAR END,STRAIGHT & LEVEL,DARK-HWY NOT LIGHTED,,,1/29/2020 8:15:36 AM,False,7416,Accepted,
26220568,0568000,LOUISVILLE METRO POLICE DEPT,Accepted,JEFFERSON,I 0264,,I264 W,,,,,,,,,38.253834263,-85.805336851,1.636,1/20/2020 12:00:00 AM,1334,1,1,0,2,CLOUDY,DRY,False,COLLISION WITH FIXED OBJECT NON - INTERSECTION - FIRST EVENT COLLISION 09 - 32 EXCLUDING 16,SINGLE VEHICLE,STRAIGHT & LEVEL,DAYLIGHT,,,1/21/2020 9:35:46 AM,False,7361,Accepted,
26221076,0568000,LOUISVILLE METRO POLICE DEPT,Accepted,JEFFERSON,,1602,CLARA,AVE,,,,,,,,38.200011646,-85.790503230,0.432,1/20/2020 12:00:00 AM,1738,1,1,0,0,CLEAR,DRY,True,COLLISION WITH FIXED OBJECT NON - INTERSECTION - FIRST EVENT COLLISION 09 - 32 EXCLUDING 16,SINGLE VEHICLE,STRAIGHT & LEVEL,DAYLIGHT,,,1/21/2020 10:42:20 AM,False,7422,Accepted,
26220673,0568000,LOUISVILLE METRO POLICE DEPT,Accepted,JEFFERSON,US0060A,,CHEROKEE,PKWY,,,,,,,,38.241845335,-85.705840878,7.647,1/20/2020 12:00:00 AM,2300,1,1,0,0,CLEAR,DRY,False,COLLISION WITH FIXED OBJECT NON - INTERSECTION - FIRST EVENT COLLISION 09 - 32 EXCLUDING 16,SINGLE VEHICLE,CURVE & LEVEL,DARK-HWY LIGHTED/ON,,,1/21/2020 9:37:35 AM,False,5243,Accepted,
26220545,0568000,LOUISVILLE METRO POLICE DEPT,Accepted,JEFFERSON,US0031E,,BARDSTOWN,RD,,,,,WINDSOR,,TYLER,38.234017788,-85.713015037,14.885,1/20/2020 12:00:00 AM,1703,2,2,0,0,CLEAR,DRY,True,COLLISION WITH FIXED OBJECT NON - INTERSECTION - FIRST EVENT COLLISION 09 - 32 EXCLUDING 16,SIDESWIPE-SAME DIRECTION,STRAIGHT & LEVEL,DAYLIGHT,,,1/21/2020 9:35:01 AM,False,5250,Accepted,
26220576,0568000,LOUISVILLE METRO POLICE DEPT,Accepted,JEFFERSON,,,CHESTNUT,ST,W,,,,,,,38.252688496,-85.791757140,0.503,1/20/2020 12:00:00 AM,1020,2,2,0,0,SNOWING,SNOW/SLUSH,False,1 VEHICLE PARKED POSITION (NOT PARKING LOT/DRIVEWAY),SIDESWIPE-SAME DIRECTION,STRAIGHT & LEVEL,DAYLIGHT,,,1/21/2020 9:35:51 AM,False,2395,Accepted,
26220559,0568000,LOUISVILLE METRO POLICE DEPT,Accepted,JEFFERSON,I 0064,,I64 E,,,I 0264,I264 E,,,,,38.279147307,-85.822504460,0.112,1/20/2020 12:00:00 AM,1125,4,4,0,0,CLEAR,DRY,False,OTHER INTERSECTION COLLISIONS,REAR END,STRAIGHT & LEVEL,DAYLIGHT,,,1/21/2020 9:35:34 AM,True,7112,Accepted,
26220501,0568000,LOUISVILLE METRO POLICE DEPT,Accepted,JEFFERSON,KY0061,,PRESTON,HWY,,,TRIO,,,,,38.129770796,-85.681981502,3.316,1/20/2020 12:00:00 AM,1127,2,2,0,1,SNOWING,DRY,False,OTHER INTERSECTION COLLISIONS,REAR END,STRAIGHT & LEVEL,DAYLIGHT,,,1/21/2020 9:32:46 AM,False,6933,Accepted,
26220599,0568000,LOUISVILLE METRO POLICE DEPT,Accepted,JEFFERSON,,,DIXIE,HWY,,,ORMSBY,,,,,38.235341940,-85.787664113,0.986,1/20/2020 12:00:00 AM,1830,2,2,0,0,CLEAR,DRY,True,OTHER INTERSECTION COLLISIONS,REAR END,STRAIGHT & LEVEL,DARK-HWY LIGHTED/ON,,,1/21/2020 9:36:22 AM,False,7656,Accepted,
26220507,0568000,LOUISVILLE METRO POLICE DEPT,Accepted,JEFFERSON,,,FACTORY,LN,,KY0146,LA GRANGE,,,,,38.289407504,-85.512225631,0.002,1/20/2020 12:00:00 AM,1100,2,2,0,0,SNOWING,ICE,False,OTHER INTERSECTION COLLISIONS,REAR END,STRAIGHT & LEVEL,DAYLIGHT,,,1/21/2020 9:33:12 AM,False,7355,Accepted,
26220518,0568000,LOUISVILLE METRO POLICE DEPT,Accepted,JEFFERSON,KY1065,,OUTER,LOOP,,,AIR COMMERCE,,,,,38.134756538,-85.719239453,4.223,1/20/2020 12:00:00 AM,1127,2,2,0,1,CLEAR,DRY,False,OTHER INTERSECTION COLLISIONS,REAR END,STRAIGHT & LEVEL,DAYLIGHT,,,1/21/2020 9:33:51 AM,False,7669,Accepted,
26220508,0568000,LOUISVILLE METRO POLICE DEPT,Accepted,JEFFERSON,,,FACTORY,LN,,KY0146,LA GRANGE,,,,,38.289382890,-85.512211662,0.004,1/20/2020 12:00:00 AM,1118,2,2,0,0,SNOWING,ICE,False,OTHER INTERSECTION COLLISIONS,REAR END,STRAIGHT & LEVEL,DAYLIGHT,,,1/21/2020 9:33:21 AM,False,7355,Accepted,
26220492,0568000,LOUISVILLE METRO POLICE DEPT,Accepted,JEFFERSON,I 0064,,I64 E,,,I 0064,I64 E EXIT5AB RAMP TO I65,,,,,38.258569341,-85.746866558,5.103,1/20/2020 12:00:00 AM,0704,3,3,0,0,CLEAR,DRY,False,OTHER INTERSECTION COLLISIONS,REAR TO REAR,STRAIGHT & LEVEL,DARK-HWY LIGHTED/ON,,,1/21/2020 9:31:39 AM,False,5195,Accepted,
26220640,0568000,LOUISVILLE METRO POLICE DEPT,Accepted,JEFFERSON,KY1065,,OUTER,LOOP,,KY1865,NEW CUT,,,,,38.126378335,-85.775815535,1.044,1/20/2020 12:00:00 AM,2022,2,2,0,0,CLEAR,,True,OTHER INTERSECTION COLLISIONS,REAR END,STRAIGHT & LEVEL,DARK-HWY LIGHTED/ON,,,1/21/2020 9:37:00 AM,False,5220,Accepted,
26220587,0568000,LOUISVILLE METRO POLICE DEPT,Accepted,JEFFERSON,US0031E,,BARDSTOWN,RD,,KY1065,BEULAH CHURCH,,,,,38.149936410,-85.587261599,5.560,1/20/2020 12:00:00 AM,1010,2,2,0,0,SMOG SMOKE,SNOW/SLUSH,False,OTHER INTERSECTION COLLISIONS,REAR END,STRAIGHT & GRADE,DAYLIGHT,,,1/21/2020 9:36:07 AM,False,6494,Accepted,
26220596,0568000,LOUISVILLE METRO POLICE DEPT,Accepted,JEFFERSON,US0031W,,DIXIE,HWY,,,JOHNSONTOWN,,,,,38.121225916,-85.855744012,9.746,1/20/2020 12:00:00 AM,1830,2,2,0,3,CLEAR,DRY,False,OTHER INTERSECTION COLLISIONS,REAR END,STRAIGHT & LEVEL,DARK-HWY LIGHTED/ON,,,1/21/2020 9:36:17 AM,False,7496,Accepted,
26237588,0568000,LOUISVILLE METRO POLICE DEPT,Accepted,JEFFERSON,KY1020,,SOUTHSIDE,DR,,KY1020,NATIONAL,,,,,38.152569014,-85.765684393,5.686,1/20/2020 12:00:00 AM,2150,2,2,0,0,CLEAR,DRY,True,OTHER INTERSECTION COLLISIONS,REAR END,STRAIGHT & LEVEL,DARK (UNKNOWN ROADWAY LIGHTING),,,1/24/2020 8:34:53 AM,False,5263,Accepted,
26220554,0568000,LOUISVILLE METRO POLICE DEPT,Accepted,JEFFERSON,,,BUECHEL BANK,RD,,,BRUCE,,,,,38.190506151,-85.647725438,0.129,1/20/2020 12:00:00 AM,1710,2,2,0,0,CLEAR,DRY,False,OTHER INTERSECTION COLLISIONS,REAR END,STRAIGHT & LEVEL,DAYLIGHT,,,1/21/2020 9:35:22 AM,False,7739,Accepted,
26226212,0568000,LOUISVILLE METRO POLICE DEPT,Accepted,JEFFERSON,,,SCHILLER,AVE,,,HIGHLAND,,,,,38.236416285,-85.732737854,0.212,1/20/2020 12:00:00 AM,1944,4,4,0,1,CLEAR,DRY,True,COLLISION WITH PARKED VEHICLE,BACKING,STRAIGHT & GRADE,DARK-HWY NOT LIGHTED,,,1/22/2020 8:26:47 AM,False,7450,Accepted,
26220549,0568000,LOUISVILLE METRO POLICE DEPT,Accepted,JEFFERSON,,,DUMESNIL,ST,,,17TH,,,,,38.236028491,-85.783005525,1.968,1/20/2020 12:00:00 AM,1640,3,3,0,0,CLOUDY,DRY,False,ANGLE COLLISION - OTHER,ANGLE,STRAIGHT & LEVEL,DAYLIGHT,,,1/21/2020 9:35:17 AM,False,7326,Accepted,
26220500,0568000,LOUISVILLE METRO POLICE DEPT,Accepted,JEFFERSON,,,FLOYD,ST,S,,LIBERTY,,,,,38.252159158,-85.748508129,0.245,1/20/2020 12:00:00 AM,1110,2,2,0,2,SNOWING,DRY,False,ANGLE COLLISION - OTHER,ANGLE,STRAIGHT & LEVEL,DAYLIGHT,,,1/21/2020 9:32:40 AM,False,7786,Accepted,
26369469,0568000,LOUISVILLE METRO POLICE DEPT,Accepted,JEFFERSON,US0031W,,22ND,ST,S,,OAK,,,,,38.237443719,-85.790278059,18.746,1/20/2020 12:00:00 AM,0159,2,2,0,1,CLEAR,DRY,True,ANGLE COLLISION - OTHER,ANGLE,STRAIGHT & LEVEL,DARK-HWY LIGHTED/ON,,,2/17/2020 9:15:35 AM,False,5239,Accepted,
26414852,0568000,LOUISVILLE METRO POLICE DEPT,Accepted,JEFFERSON,,,ST CATHERINE,ST,W,,1ST,,,,,38.236876663,-85.754928113,,1/20/2020 12:00:00 AM,1633,2,2,0,0,CLEAR,DRY,False,SIDESWIPE-SAME DIRECTION,SIDESWIPE-SAME DIRECTION,STRAIGHT & LEVEL,DAYLIGHT,,,2/24/2020 9:17:55 AM,False,7441,Accepted,
26220497,0568000,LOUISVILLE METRO POLICE DEPT,Accepted,JEFFERSON,KY1020,,2ND,ST,S,US0150,BROADWAY,,,,,38.245838393,-85.755017560,12.096,1/20/2020 12:00:00 AM,0716,2,2,0,0,BLOWING SAND/SOIL/DIRT/SNOW,WET,True,SIDESWIPE-SAME DIRECTION,SIDESWIPE-SAME DIRECTION,STRAIGHT & LEVEL,DARK-HWY LIGHTED/ON,,,1/21/2020 9:32:28 AM,False,5172,Accepted,
26220513,0568000,LOUISVILLE METRO POLICE DEPT,Accepted,JEFFERSON,KY1703,,NEWBURG,RD,,,TREVILIAN,,,,,38.213552201,-85.700998991,3.398,1/20/2020 12:00:00 AM,1146,3,3,0,0,CLOUDY,DRY,False,SIDESWIPE-SAME DIRECTION,SIDESWIPE-SAME DIRECTION,STRAIGHT & GRADE,DAYLIGHT,,,1/21/2020 9:33:46 AM,False,7960,Accepted,
26220603,0568000,LOUISVILLE METRO POLICE DEPT,Accepted,JEFFERSON,,,BROOK,ST,S,US0150,BROADWAY,,,,,38.245647737,-85.751757058,2.855,1/20/2020 12:00:00 AM,2127,2,2,0,0,CLEAR,DRY,False,SIDESWIPE-SAME DIRECTION,SIDESWIPE-SAME DIRECTION,STRAIGHT & LEVEL,DARK-HWY LIGHTED/ON,,,1/21/2020 9:36:28 AM,False,7386,Accepted,
26265916,0568000,LOUISVILLE METRO POLICE DEPT,Accepted,JEFFERSON,,,ROY WILKINS,AVE,,,MUHAMMAD ALI,,,,,38.252027378,-85.765628400,0.379,1/20/2020 12:00:00 AM,1430,2,2,0,1,CLEAR,DRY,False,ANGLE COLLISION - OTHER,ANGLE,STRAIGHT & GRADE,DAYLIGHT,,,1/30/2020 8:12:00 AM,False,2661,Accepted,
26220512,0568000,LOUISVILLE METRO POLICE DEPT,Accepted,JEFFERSON,,,MARY,ST,,,SWAN,,,,,38.233919721,-85.737113505,0.189,1/20/2020 12:00:00 AM,1032,2,2,0,0,SNOWING,DRY,False,ANGLE COLLISION - OTHER,ANGLE,STRAIGHT & HILLCREST,DAYLIGHT,,,1/21/2020 9:33:40 AM,False,7322,Accepted,
26301709,0561900,AUDUBON PARK POLICE DEPARTMENT,Accepted,JEFFERSON,,,HESS,LN,,,EAGLE,,,,,38.210754541,-85.723566969,0.795,1/20/2020 12:00:00 AM,1100,2,2,0,0,CLOUDY,DRY,False,ANGLE COLLISION - OTHER,ANGLE,STRAIGHT & LEVEL,DAYLIGHT,,,2/4/2020 3:16:42 PM,False,5107,Accepted,
26220543,0568000,LOUISVILLE METRO POLICE DEPT,Accepted,JEFFERSON,,,BROADWAY,,W,,36TH,,,,,38.249994834,-85.810862873,1.232,1/20/2020 12:00:00 AM,1649,3,3,0,0,CLEAR,DRY,False,REAR END - ONE VEHICLE TURNING LEFT,REAR END,STRAIGHT & LEVEL,DAYLIGHT,,,1/21/2020 9:34:50 AM,False,7458,Accepted,
26220415,0568000,LOUISVILLE METRO POLICE DEPT,Accepted,JEFFERSON,KY1065,,OUTER,LOOP,,KY1865,NEW CUT,,,,,38.126313927,-85.776173207,1.023,1/19/2020 12:00:00 AM,1300,2,2,0,0,CLEAR,DRY,False,REAR END - ONE VEHICLE TURNING LEFT,REAR END,STRAIGHT & LEVEL,DAYLIGHT,,,1/21/2020 9:27:23 AM,False,7263,Accepted,
26283889,0568000,LOUISVILLE METRO POLICE DEPT,Accepted,JEFFERSON,,,4TH,ST,S,US0060A,WINKLER,,,,,38.210373205,-85.764678172,3.220,1/19/2020 12:00:00 AM,2052,2,2,0,2,CLEAR,DRY,False,OPPOSING LEFT TURN,OPPOSING LEFT TURN,STRAIGHT & LEVEL,DARK-HWY LIGHTED/ON,,,2/3/2020 8:46:25 AM,False,5163,Accepted,
26220470,0568000,LOUISVILLE METRO POLICE DEPT,Accepted,JEFFERSON,KY0061,,PRESTON,ST,S,,GWENDOLYN,,,,,38.233553320,-85.749602053,11.428,1/19/2020 12:00:00 AM,2135,2,2,0,0,CLOUDY,DRY,False,ANGLE COLLISION - OTHER,ANGLE,STRAIGHT & LEVEL,DARK-HWY LIGHTED/ON,,,1/21/2020 9:30:59 AM,False,5037,Accepted,
26220447,0568000,LOUISVILLE METRO POLICE DEPT,Accepted,JEFFERSON,KY1703,,BAXTER,AVE,,,HEPBURN,,,,,38.239149904,-85.723343352,5.600,1/19/2020 12:00:00 AM,1036,2,2,0,0,CLOUDY,DRY,False,ANGLE COLLISION - OTHER,ANGLE,STRAIGHT & LEVEL,DAYLIGHT,,,1/21/2020 9:29:31 AM,False,5020,Accepted,
26220455,0568000,LOUISVILLE METRO POLICE DEPT,Accepted,JEFFERSON,US0031E,,BARDSTOWN,RD,,,BRIGHTON,,,,,38.214314678,-85.673596326,12.242,1/19/2020 12:00:00 AM,1833,2,2,0,2,CLEAR,DRY,False,ANGLE COLLISION - OTHER,ANGLE,STRAIGHT & LEVEL,DARK-HWY LIGHTED/ON,,,1/21/2020 9:30:04 AM,False,7284,Accepted,
26231445,0568000,LOUISVILLE METRO POLICE DEPT,Accepted,JEFFERSON,US0031E,,BARDSTOWN,RD,,,MURRAY,,,,,38.229878518,-85.703247063,14.271,1/19/2020 12:00:00 AM,1458,2,2,0,0,CLOUDY,DRY,False,ANGLE COLLISION - OTHER,ANGLE,STRAIGHT & LEVEL,DAYLIGHT,,,1/23/2020 8:24:01 AM,False,7403,Accepted,
26220410,0568000,LOUISVILLE METRO POLICE DEPT,Accepted,JEFFERSON,US0031E,,BAXTER,AVE,,,LEXINGTON,,,,,38.248448055,-85.730656604,16.294,1/19/2020 12:00:00 AM,1057,2,2,0,0,CLEAR,DRY,False,SIDESWIPE-SAME DIRECTION,SIDESWIPE-SAME DIRECTION,STRAIGHT & GRADE,DAYLIGHT,,,1/21/2020 9:26:52 AM,False,7900,Accepted,
26220416,0568000,LOUISVILLE METRO POLICE DEPT,Accepted,JEFFERSON,,,LONGFIELD,AVE,,,LESTER,,,,,38.198709474,-85.786471506,0.981,1/19/2020 12:00:00 AM,1345,2,2,0,1,CLEAR,DRY,False,SIDESWIPE-SAME DIRECTION,SIDESWIPE-SAME DIRECTION,STRAIGHT & LEVEL,DAYLIGHT,,,1/21/2020 9:27:29 AM,False,7298,Accepted,
26220451,0568000,LOUISVILLE METRO POLICE DEPT,Accepted,JEFFERSON,KY1931,,MANSLICK,RD,,,PARKWOOD,,,,,38.164974774,-85.797601718,6.211,1/19/2020 12:00:00 AM,1915,2,2,0,0,CLEAR,DRY,False,OPPOSITE DIRECTION - BOTH VEHICLES GOING STRAIGHT AHEAD,SIDESWIPE-OPPOSITE DIRECTION,STRAIGHT & HILLCREST,DARK (UNKNOWN ROADWAY LIGHTING),,,1/21/2020 9:29:47 AM,False,7483,Accepted,
27691116,0568000,LOUISVILLE METRO POLICE DEPT,Accepted,JEFFERSON,,,18TH,ST,S,,JEFFERSON,,,,,38.256416705,-85.780202191,0.193,1/19/2020 12:00:00 AM,0130,2,2,0,0,CLEAR,DRY,False,ANGLE COLLISION - OTHER,ANGLE,STRAIGHT & LEVEL,DARK-HWY LIGHTED/ON,,,1/20/2021 8:10:40 AM,False,5172,Accepted,