IncidentID,AgencyORI,AgencyName,IncidentStatusDesc,County,RdwyNumber,Street,RoadwayName,StreetSfx,StreetDir,IntersectionRdwy,IntersectionRdwyName,BetweenStRdwy1,BetweenStRdwyName1,BetweenStRdwy2,BetweenStRdwyName2,Latitude,Longitude,Milepoint,CollisionDate,CollisionTime,UnitsInvolved,MotorVehiclesInvolved,NumberKilled,NumberInjured,Weather,RdwyConditionCode,HitandRun,DirAnalysisCode,MannerofCollision,RdwyCharacter,LightCondition,RampFromRdwyId,RampToRdwyId,AcceptedDate,IsSecondaryCollision,OwnerBadge,IncidentStatus,
26220434,0568000,LOUISVILLE METRO POLICE DEPT,Accepted,JEFFERSON,,,ROBINWOOD,RD,,,RED FERN,,,,,38.173369273,-85.667745482,0.162,1/19/2020 12:00:00 AM,1746,2,2,0,0,CLEAR,DRY,False,ANGLE COLLISION - OTHER,ANGLE,STRAIGHT & LEVEL,DARK-HWY NOT LIGHTED,,,1/21/2020 9:28:34 AM,False,5019,Accepted,
26220440,0568000,LOUISVILLE METRO POLICE DEPT,Accepted,JEFFERSON,,,CLAYBORNE,RD,,KY0907,3RD ST,,,,,38.141389954,-85.780677673,0.003,1/19/2020 12:00:00 AM,1136,2,2,0,0,CLEAR,DRY,False,ANGLE COLLISION - OTHER,ANGLE,STRAIGHT & LEVEL,DAYLIGHT,,,1/21/2020 9:28:45 AM,False,7427,Accepted,
26220419,0568000,LOUISVILLE METRO POLICE DEPT,Accepted,JEFFERSON,US0031W,,22ND,ST,S,,LEE,,,,,38.227154779,-85.793544337,18.027,1/19/2020 12:00:00 AM,1303,3,3,0,2,CLEAR,DRY,False,COLLISION WITH PARKED VEHICLE,REAR END,STRAIGHT & LEVEL,DAYLIGHT,,,1/21/2020 9:27:46 AM,False,5232,Accepted,
26220420,0568000,LOUISVILLE METRO POLICE DEPT,Accepted,JEFFERSON,,,CARLTON,TER,,,HARVARD,,,,,38.219599648,-85.697691249,0.055,1/19/2020 12:00:00 AM,0911,2,2,0,0,CLEAR,DRY,False,COLLISION WITH PARKED VEHICLE,BACKING,CURVE & HILLCREST,DAYLIGHT,,,1/21/2020 9:27:51 AM,False,7740,Accepted,
26254836,0568000,LOUISVILLE METRO POLICE DEPT,Accepted,JEFFERSON,KY0061,,PRESTON,HWY,,KY6304,OLD PRESTON,,,,,38.099020004,-85.670959768,1.077,1/19/2020 12:00:00 AM,0534,2,2,0,0,CLEAR,DRY,False,OTHER INTERSECTION COLLISIONS,REAR END,STRAIGHT & LEVEL,DARK-HWY NOT LIGHTED,,,1/28/2020 8:14:01 AM,False,5184,Accepted,
26220428,0568000,LOUISVILLE METRO POLICE DEPT,Accepted,JEFFERSON,KY1703,,NEWBURG,RD,,,GARDINER,,,,,38.203131648,-85.691081754,2.405,1/19/2020 12:00:00 AM,1221,2,2,0,0,CLEAR,DRY,False,OTHER INTERSECTION COLLISIONS,REAR END,STRAIGHT & LEVEL,DAYLIGHT,,,1/21/2020 9:28:22 AM,False,5233,Accepted,
26220463,0568000,LOUISVILLE METRO POLICE DEPT,Accepted,JEFFERSON,KY1934,,CANE RUN,RD,,,ROCKFORD,,,,,38.184309492,-85.854488090,7.788,1/19/2020 12:00:00 AM,1847,3,3,0,2,CLEAR,DRY,False,OTHER INTERSECTION COLLISIONS,REAR END,STRAIGHT & LEVEL,DARK-HWY LIGHTED/ON,,,1/21/2020 9:30:47 AM,False,5224,Accepted,
26220417,0568000,LOUISVILLE METRO POLICE DEPT,Accepted,JEFFERSON,,334,EWING,AVE,S,,,,,,,38.250432208,-85.699185417,0.232,1/19/2020 12:00:00 AM,0748,1,1,0,0,CLEAR,DRY,True,COLLISION WITH FIXED OBJECT NON - INTERSECTION - FIRST EVENT COLLISION 09 - 32 EXCLUDING 16,SINGLE VEHICLE,STRAIGHT & HILLCREST,DARK (UNKNOWN ROADWAY LIGHTING),,,1/21/2020 9:27:34 AM,False,5274,Accepted,
26220468,0568000,LOUISVILLE METRO POLICE DEPT,Accepted,JEFFERSON,,,PATRICK HENRY,RD,,,,,,,,38.139580106,-85.756068935,0.171,1/19/2020 12:00:00 AM,2337,1,1,0,0,CLEAR,DRY,False,COLLISION WITH FIXED OBJECT NON - INTERSECTION - FIRST EVENT COLLISION 09 - 32 EXCLUDING 16,SINGLE VEHICLE,STRAIGHT & LEVEL,DARK-HWY LIGHTED/ON,,,1/21/2020 9:30:53 AM,False,5259,Accepted,
26220487,0568000,LOUISVILLE METRO POLICE DEPT,Accepted,JEFFERSON,,119,HILL,ST,W,,,,,,,38.225562107,-85.757887398,0.040,1/19/2020 12:00:00 AM,2101,2,2,0,0,CLEAR,DRY,False,1 VEHICLE PARKED POSITION (NOT PARKING LOT/DRIVEWAY),SIDESWIPE-SAME DIRECTION,STRAIGHT & LEVEL,DARK (UNKNOWN ROADWAY LIGHTING),,,1/21/2020 9:31:12 AM,False,5213,Accepted,
26220441,0568000,LOUISVILLE METRO POLICE DEPT,Accepted,JEFFERSON,,668,CECIL,AVE,,,,,,,,38.252901373,-85.821045401,0.496,1/19/2020 12:00:00 AM,0640,3,3,0,0,CLEAR,DRY,True,1 VEHICLE PARKED POSITION (NOT PARKING LOT/DRIVEWAY),HEAD ON,STRAIGHT & LEVEL,DAYLIGHT,,,1/21/2020 9:28:54 AM,True,5257,Accepted,
26220418,0568000,LOUISVILLE METRO POLICE DEPT,Accepted,JEFFERSON,I 0071,,I71 S,,,,,,,,,38.278491013,-85.691856493,2.188,1/19/2020 12:00:00 AM,1351,2,2,0,0,CLOUDY,DRY,True,SIDESWIPE COLLISION - SAME DIRECTION,SIDESWIPE-SAME DIRECTION,STRAIGHT & LEVEL,DAYLIGHT,,,1/21/2020 9:27:40 AM,False,5274,Accepted,
26226169,0568000,LOUISVILLE METRO POLICE DEPT,Accepted,JEFFERSON,I 0065,,I65 N,,,,,I 0065,I65 N EXIT135 OFF RAMP TO  E SAINT CATHERINE ST,I 0065,I65 N EXIT135 ON RAMP FROM  E SAINT CATHERINE ST,38.237986336,-85.752816634,134.721,1/19/2020 12:00:00 AM,0958,2,2,0,0,CLEAR,DRY,False,SIDESWIPE COLLISION - SAME DIRECTION,SIDESWIPE-SAME DIRECTION,STRAIGHT & LEVEL,DAYLIGHT,,,1/22/2020 8:22:51 AM,False,7058,Accepted,
26220421,0568000,LOUISVILLE METRO POLICE DEPT,Accepted,JEFFERSON,I 0264,,I264 W,,,,,,,,,38.189654381,-85.778497460,9.506,1/19/2020 12:00:00 AM,1530,2,2,0,0,CLOUDY,DRY,False,1 VEHICLE ENTERING/LEAVING ENTRANCE,ANGLE,STRAIGHT & LEVEL,DAYLIGHT,,,1/21/2020 9:27:56 AM,False,7360,Accepted,
26220425,0568000,LOUISVILLE METRO POLICE DEPT,Accepted,JEFFERSON,I 0264,,I264 W,,,,,,,,,38.217904345,-85.658721166,16.495,1/19/2020 12:00:00 AM,1726,2,2,0,0,CLOUDY,DRY,True,REAR END IN TRAFFIC LANES BOTH VEHICLES MOVING,REAR END,STRAIGHT & LEVEL,DAYLIGHT,,,1/21/2020 9:28:17 AM,False,7284,Accepted,
26220445,0568000,LOUISVILLE METRO POLICE DEPT,Accepted,JEFFERSON,KY1865,4615,TAYLOR,BLVD,,,,,,,,38.173091691,-85.782062510,4.574,1/19/2020 12:00:00 AM,1840,2,2,0,0,CLOUDY,DRY,False,REAR END IN TRAFFIC LANES BOTH VEHICLES MOVING,REAR END,STRAIGHT & LEVEL,DARK-HWY LIGHTED/ON,,,1/21/2020 9:29:26 AM,False,7468,Accepted,
26220456,0568000,LOUISVILLE METRO POLICE DEPT,Accepted,JEFFERSON,KY1865,,NEW CUT,RD,,,,,,,,38.144757267,-85.774911046,2.709,1/19/2020 12:00:00 AM,2045,2,2,0,0,CLEAR,DRY,True,REAR END IN TRAFFIC LANES BOTH VEHICLES MOVING,REAR END,STRAIGHT & LEVEL,DARK-HWY LIGHTED/ON,,,1/21/2020 9:30:10 AM,False,5259,Accepted,
26220438,0568000,LOUISVILLE METRO POLICE DEPT,Accepted,JEFFERSON,I 0065,,I65 N EXIT130 TRANSIT,,,,,,,,,38.184561870,-85.723374356,0.607,1/19/2020 12:00:00 AM,1440,2,2,0,0,CLOUDY,DRY,False,REAR END IN TRAFFIC LANES BOTH VEHICLES MOVING,REAR END,CURVE & LEVEL,DAYLIGHT,,,1/21/2020 9:28:39 AM,False,5036,Accepted,
26273934,0568000,LOUISVILLE METRO POLICE DEPT,Accepted,JEFFERSON,KY2052,,SHEPHERDSVILLE,RD,,,,,,,,38.148469430,-85.659924845,0.679,1/19/2020 12:00:00 AM,1245,2,2,0,0,CLEAR,DRY,False,REAR END IN TRAFFIC LANES BOTH VEHICLES MOVING,REAR END,STRAIGHT & LEVEL,DAYLIGHT,,,1/31/2020 2:19:27 PM,False,7573,Accepted,
26220454,0568000,LOUISVILLE METRO POLICE DEPT,Accepted,JEFFERSON,KY0022,,BROWNSBORO,RD,,,,,,,,38.308307179,-85.573583105,4.013,1/19/2020 12:00:00 AM,1832,2,2,0,0,CLEAR,DRY,False,SIDESWIPE COLLISION - SAME DIRECTION,SIDESWIPE-SAME DIRECTION,STRAIGHT & LEVEL,DARK-HWY LIGHTED/ON,,,1/21/2020 9:29:58 AM,False,5102,Accepted,
26220442,0568000,LOUISVILLE METRO POLICE DEPT,Accepted,JEFFERSON,,,HIGHLAND,AVE,,US0031E,BAXTER,,,,,38.240268300,-85.724305483,0.739,1/19/2020 12:00:00 AM,0101,2,2,0,1,CLEAR,DRY,False,HEAD-ON COLLISION,HEAD ON,CURVE & LEVEL,DARK-HWY LIGHTED/ON,,,1/21/2020 9:29:03 AM,False,5152,Accepted,
26226170,0560600,WEST BUECHEL POLICE DEPT.,Accepted,JEFFERSON,,2021,BASHFORD MANOR,LN,,,,,,,,38.201990661,-85.666292286,0.120,1/19/2020 12:00:00 AM,1620,2,2,0,0,CLOUDY,DRY,True,COLLISION IN PARKING LOT,SIDESWIPE-OPPOSITE DIRECTION,STRAIGHT & LEVEL,DAYLIGHT,,,1/22/2020 8:22:58 AM,False,1262,Accepted,
26396684,0568000,LOUISVILLE METRO POLICE DEPT,Accepted,JEFFERSON,I 0065,,,,,,,,,,,38.247373921,-85.752404990,0.070,1/19/2020 12:00:00 AM,1509,2,2,0,0,CLEAR,DRY,False,OTHER RAMP RELATED COLLISIONS NOT LISTED ABOVE,REAR END,STRAIGHT & GRADE,DAYLIGHT,W CHESTNUT ST,I 0065,2/20/2020 8:16:15 AM,False,7266,Accepted,
26220430,0568000,LOUISVILLE METRO POLICE DEPT,Accepted,JEFFERSON,I 0265,,,,,,,,,,,38.309091520,-85.573054796,0.014,1/19/2020 12:00:00 AM,1446,2,2,0,0,CLEAR,DRY,False,OTHER RAMP RELATED COLLISIONS NOT LISTED ABOVE,REAR END,STRAIGHT & HILLCREST,DAYLIGHT,I 0265,KY0022,1/21/2020 9:28:28 AM,False,7751,Accepted,
26305121,KSP0500,KY STATE POLICE POST 05,Accepted,JEFFERSON,I 0065,,,,,,,,,,,38.212081155,-85.753359058,0.048,1/19/2020 12:00:00 AM,0825,1,1,0,2,CLEAR,DRY,False,COLLISION WITH FIXED OBJECT NOT IN GORE ,SINGLE VEHICLE,STRAIGHT & GRADE,DAYLIGHT,EASTERN PKWY,I 0065,2/5/2020 10:11:27 AM,False,438,Accepted,
26220449,0568000,LOUISVILLE METRO POLICE DEPT,Accepted,JEFFERSON,KY0022,,BROWNSBORO,RD,,,,,,,,38.308527330,-85.573296800,4.032,1/18/2020 12:00:00 AM,2102,2,2,0,2,CLOUDY,DRY,False,OTHER ROADWAY OR MID-BLOCK COLLISION,OPPOSING LEFT TURN,STRAIGHT & LEVEL,DARK-HWY LIGHTED/ON,,,1/21/2020 9:29:36 AM,False,5004,Accepted,
26220350,0568000,LOUISVILLE METRO POLICE DEPT,Accepted,JEFFERSON,KY1747,2905,FERN VALLEY,RD,,,,,,,,38.156938451,-85.709258009,1.260,1/18/2020 12:00:00 AM,0429,2,2,0,0,RAINING,WET,False,OTHER ROADWAY OR MID-BLOCK COLLISION,OPPOSING LEFT TURN,STRAIGHT & LEVEL,DARK-HWY LIGHTED/ON,,,1/21/2020 9:21:37 AM,False,7016,Accepted,
26220368,0568000,LOUISVILLE METRO POLICE DEPT,Accepted,JEFFERSON,US0031E,,BARDSTOWN,RD,,,,,,,,38.141794383,-85.583231404,4.934,1/18/2020 12:00:00 AM,1145,2,2,0,0,RAINING,WET,False,OTHER ROADWAY OR MID-BLOCK COLLISION,REAR END,STRAIGHT & LEVEL,DAYLIGHT,,,1/21/2020 9:23:28 AM,False,7755,Accepted,
26220366,0568000,LOUISVILLE METRO POLICE DEPT,Accepted,JEFFERSON,I 0065,,I65 N,,,,,I 0065,I65 N EXIT132 ON RAMP FROM  CRITTENDEN DR,I 0065,I65 N EXIT133A OFF RAMP TO  EASTERN PKWY,38.210468996,-85.753010626,132.786,1/18/2020 12:00:00 AM,1403,1,1,0,4,CLOUDY,WET,False,OTHER ROADWAY OR MID-BLOCK COLLISION,SINGLE VEHICLE,CURVE & LEVEL,DAYLIGHT,,,1/21/2020 9:23:17 AM,False,7390,Accepted,
26220381,0568000,LOUISVILLE METRO POLICE DEPT,Accepted,JEFFERSON,KY1747,,HURSTBOURNE,PKWY,N,,,KY1447,WESTPORT,KY1747,KY1747 CROSSOVER,38.287619525,-85.572209299,17.039,1/18/2020 12:00:00 AM,1625,2,2,0,0,CLOUDY,DRY,True,OTHER ROADWAY OR MID-BLOCK COLLISION,REAR END,STRAIGHT & LEVEL,DAYLIGHT,,,1/21/2020 9:24:44 AM,False,2030,Accepted,
26220413,0568000,LOUISVILLE METRO POLICE DEPT,Accepted,JEFFERSON,I 0065,,I65 N EXIT130 TRANSIT,,,,,,,,,38.184768615,-85.723569086,0.625,1/18/2020 12:00:00 AM,1043,1,1,0,0,RAINING,WATER (STANDING OR MOVING),False,OTHER ROADWAY OR MID-BLOCK COLLISION,SINGLE VEHICLE,CURVE & LEVEL,DAYLIGHT,,,1/21/2020 9:27:10 AM,False,5036,Accepted,
26220354,0568000,LOUISVILLE METRO POLICE DEPT,Accepted,JEFFERSON,US0060A,,BERRY,BLVD,,,,,CONTINENTAL,,GEORGETOWN,38.196684668,-85.794049817,0.858,1/18/2020 12:00:00 AM,0351,2,2,0,1,RAINING,WET,True,OTHER ROADWAY OR MID-BLOCK COLLISION,OPPOSING LEFT TURN,STRAIGHT & LEVEL,DARK-HWY LIGHTED/ON,,,1/21/2020 9:21:51 AM,False,7426,Accepted,
26237593,0568000,LOUISVILLE METRO POLICE DEPT,Accepted,JEFFERSON,,4301,LANDSIDE,DR,,,,,,,,38.200415103,-85.623563016,0.403,1/18/2020 12:00:00 AM,1200,1,1,0,0,RAINING,WET,True,COLLISION IN PARKING LOT,SINGLE VEHICLE,STRAIGHT & LEVEL,DAYLIGHT,,,1/24/2020 8:35:10 AM,False,5119,Accepted,
26220340,0568000,LOUISVILLE METRO POLICE DEPT,Accepted,JEFFERSON,US0042,,MAIN,ST,E,US0031E,BAXTER,,,,,38.253955920,-85.731929091,0.013,1/18/2020 12:00:00 AM,0352,2,2,0,1,RAINING,WET,True,HEAD-ON COLLISION,HEAD ON,CURVE & LEVEL,DARK-HWY LIGHTED/ON,,,1/21/2020 9:21:12 AM,False,5295,Accepted,
26220359,0568000,LOUISVILLE METRO POLICE DEPT,Accepted,JEFFERSON,KY0155,,TAYLORSVILLE,RD,,,GRENDEN FIELDS,,,,,38.187609491,-85.517596181,6.536,1/18/2020 12:00:00 AM,1115,2,2,0,0,CLOUDY,WET,False,HEAD-ON COLLISION,HEAD ON,STRAIGHT & LEVEL,DAYLIGHT,,,1/21/2020 9:22:32 AM,False,5270,Accepted,
26220364,0568000,LOUISVILLE METRO POLICE DEPT,Accepted,JEFFERSON,,,WHISPERING HILLS,BLVD,,,FLIRTATION,,,,,38.149042196,-85.657353731,0.145,1/18/2020 12:00:00 AM,1406,2,2,0,0,CLOUDY,WET,False,HEAD-ON COLLISION,HEAD ON,CURVE & LEVEL,DAYLIGHT,,,1/21/2020 9:23:10 AM,False,6937,Accepted,
26220490,0568000,LOUISVILLE METRO POLICE DEPT,Accepted,JEFFERSON,,,5TH,ST,S,,,,,,,38.253255823,-85.758796729,3.560,1/18/2020 12:00:00 AM,2026,2,2,0,0,CLEAR,DRY,False,SIDESWIPE COLLISION - SAME DIRECTION,SIDESWIPE-SAME DIRECTION,STRAIGHT & LEVEL,DARK-HWY LIGHTED/ON,,,1/21/2020 9:31:24 AM,False,5148,Accepted,
26220371,0568000,LOUISVILLE METRO POLICE DEPT,Accepted,JEFFERSON,KY0061,,PRESTON,HWY,,,,KY2053,MT WASHINGTON,,ANTLE,38.089322512,-85.668022912,0.398,1/18/2020 12:00:00 AM,1454,3,3,0,0,CLOUDY,DRY,False,REAR END IN TRAFFIC LANES BOTH VEHICLES MOVING,REAR END,STRAIGHT & LEVEL,DAYLIGHT,,,1/21/2020 9:23:51 AM,False,7989,Accepted,
26220369,0568000,LOUISVILLE METRO POLICE DEPT,Accepted,JEFFERSON,KY1865,,NEW CUT,RD,,,,,,,,38.115312755,-85.772636053,0.398,1/18/2020 12:00:00 AM,1513,2,2,0,0,CLOUDY,WET,False,1 VEHICLE ENTERING/LEAVING ENTRANCE,ANGLE,STRAIGHT & LEVEL,DAYLIGHT,,,1/21/2020 9:23:35 AM,False,5266,Accepted,
26220361,0568000,LOUISVILLE METRO POLICE DEPT,Accepted,JEFFERSON,KY0864,,POPLAR LEVEL,RD,,,,,REDWOOD,,LINCOLN,38.197104597,-85.707853771,11.426,1/18/2020 12:00:00 AM,1214,2,2,0,0,RAINING,WET,False,1 VEHICLE ENTERING/LEAVING ENTRANCE,ANGLE,STRAIGHT & LEVEL,DAYLIGHT,,,1/21/2020 9:22:47 AM,False,7400,Accepted,
26220402,0568000,LOUISVILLE METRO POLICE DEPT,Accepted,JEFFERSON,KY1065,,OUTER,LOOP,,,,,,,,38.137866756,-85.640069695,8.615,1/18/2020 12:00:00 AM,2058,2,2,0,0,CLEAR,DRY,False,1 VEHICLE ENTERING/LEAVING ENTRANCE,ANGLE,STRAIGHT & LEVEL,DARK-HWY LIGHTED/ON,,,1/21/2020 9:26:05 AM,False,7106,Accepted,
26220375,0568000,LOUISVILLE METRO POLICE DEPT,Accepted,JEFFERSON,US0060A,,LEXINGTON,RD,,,,,,,,38.252707176,-85.658106783,10.495,1/18/2020 12:00:00 AM,1619,2,2,0,0,CLOUDY,WET,False,1 VEHICLE ENTERING/LEAVING ENTRANCE,ANGLE,STRAIGHT & LEVEL,DAYLIGHT,,,1/21/2020 9:24:12 AM,False,5274,Accepted,
26215768,0560600,WEST BUECHEL POLICE DEPT.,Accepted,JEFFERSON,US0031E,3600,BUECHEL,BYP,,,,,,,,38.198739322,-85.661555218,11.016,1/18/2020 12:00:00 AM,1520,2,2,0,0,CLOUDY,DRY,False,1 VEHICLE ENTERING/LEAVING ENTRANCE,ANGLE,STRAIGHT & LEVEL,DAYLIGHT,,,1/20/2020 10:59:31 AM,False,1290,Accepted,
26220392,0568000,LOUISVILLE METRO POLICE DEPT,Accepted,JEFFERSON,US0031E,,BARDSTOWN,RD,,,,,,,,38.149273066,-85.586922382,5.508,1/18/2020 12:00:00 AM,1821,2,2,0,1,CLEAR,DRY,False,1 VEHICLE ENTERING/LEAVING ENTRANCE,ANGLE,STRAIGHT & LEVEL,DARK-HWY NOT LIGHTED,,,1/21/2020 9:25:41 AM,False,7755,Accepted,
26220389,0568000,LOUISVILLE METRO POLICE DEPT,Accepted,JEFFERSON,,,BROOK,ST,S,,,,WHITNEY,,FAIRMONT,38.195068957,-85.759947890,0.322,1/18/2020 12:00:00 AM,0948,2,2,0,0,RAINING,WET,False,VEHICLE BACKING NON INTERSECTION,BACKING,STRAIGHT & LEVEL,DAYLIGHT,,,1/21/2020 9:25:22 AM,False,7207,Accepted,
26220374,0568000,LOUISVILLE METRO POLICE DEPT,Accepted,JEFFERSON,KY0061,,PRESTON,HWY,,,,,LAVISTA,,MINOR,38.145686786,-85.690731033,4.496,1/18/2020 12:00:00 AM,1140,2,2,0,0,RAINING,WET,True,SIDESWIPE COLLISION - SAME DIRECTION,SIDESWIPE-SAME DIRECTION,STRAIGHT & LEVEL,DAYLIGHT,,,1/21/2020 9:24:06 AM,False,7397,Accepted,
26220390,0568000,LOUISVILLE METRO POLICE DEPT,Accepted,JEFFERSON,KY0061,2209,PRESTON,ST,S,,,,FETTER,US0060A,EASTERN,38.215407099,-85.743791735,10.190,1/18/2020 12:00:00 AM,0926,2,2,0,0,RAINING,WET,False,SIDESWIPE COLLISION - SAME DIRECTION,SIDESWIPE-SAME DIRECTION,STRAIGHT & LEVEL,DAYLIGHT,,,1/21/2020 9:25:29 AM,False,7429,Accepted,
26220459,0568000,LOUISVILLE METRO POLICE DEPT,Accepted,JEFFERSON,,,CHRISTY,AVE,,,,,RUBEL,,EDWARD,38.240906563,-85.728155610,0.154,1/18/2020 12:00:00 AM,0300,1,1,0,0,CLEAR,DRY,True,1 VEHICLE PARKED POSITION (NOT PARKING LOT/DRIVEWAY),SINGLE VEHICLE,STRAIGHT & LEVEL,DARK-HWY NOT LIGHTED,,,1/21/2020 9:30:28 AM,False,7633,Accepted,
26231471,0568000,LOUISVILLE METRO POLICE DEPT,Accepted,JEFFERSON,,,MORTON,AVE,,,,,BARRET,,EDWARD,38.239495303,-85.729214774,0.254,1/18/2020 12:00:00 AM,1041,2,2,0,0,RAINING,WET,True,1 VEHICLE PARKED POSITION (NOT PARKING LOT/DRIVEWAY),SIDESWIPE-SAME DIRECTION,STRAIGHT & LEVEL,DAYLIGHT,,,1/23/2020 8:26:04 AM,False,2228,Accepted,
26220358,0568000,LOUISVILLE METRO POLICE DEPT,Accepted,JEFFERSON,US0031E,1245,BARDSTOWN,RD,,,,,BEECHWOOD,,LUCIA,38.236593316,-85.717581674,15.183,1/18/2020 12:00:00 AM,1015,2,2,0,0,RAINING,WET,False,1 VEHICLE PARKED POSITION (NOT PARKING LOT/DRIVEWAY),ANGLE,STRAIGHT & LEVEL,DAYLIGHT,,,1/21/2020 9:22:24 AM,False,7900,Accepted,
26220344,0568000,LOUISVILLE METRO POLICE DEPT,Accepted,JEFFERSON,,2310,CRITTENDEN,DR,,,,,,,,38.214346589,-85.750972780,0.172,1/18/2020 12:00:00 AM,0242,3,3,0,0,RAINING,WET,False,1 VEHICLE PARKED POSITION (NOT PARKING LOT/DRIVEWAY),ANGLE,STRAIGHT & LEVEL,DARK-HWY LIGHTED/ON,,,1/21/2020 9:21:28 AM,False,5037,Accepted,
26220403,0568000,LOUISVILLE METRO POLICE DEPT,Accepted,JEFFERSON,,4520,6TH,ST,S,,,,,,,38.187172234,-85.770223338,3.000,1/18/2020 12:00:00 AM,2140,2,2,0,0,CLEAR,DRY,True,1 VEHICLE PARKED POSITION (NOT PARKING LOT/DRIVEWAY),SIDESWIPE-OPPOSITE DIRECTION,STRAIGHT & LEVEL,DARK (UNKNOWN ROADWAY LIGHTING),,,1/21/2020 9:26:10 AM,False,5284,Accepted,
26265899,0568000,LOUISVILLE METRO POLICE DEPT,Accepted,JEFFERSON,,443,GHEENS,AVE,,,,,,,,38.168727069,-85.771535336,0.318,1/18/2020 12:00:00 AM,0000,1,1,0,0,CLEAR,DRY,True,COLLISION WITH FIXED OBJECT NON - INTERSECTION - FIRST EVENT COLLISION 09 - 32 EXCLUDING 16,SINGLE VEHICLE,STRAIGHT & LEVEL,UNKNOWN,,,1/30/2020 8:10:49 AM,False,7053,Accepted,
26231467,0568000,LOUISVILLE METRO POLICE DEPT,Accepted,JEFFERSON,,4109,VALLEY STATION,RD,,,,,,,,38.106182683,-85.839135270,0.168,1/18/2020 12:00:00 AM,1500,1,1,0,4,RAINING,WET,False,COLLISION WITH FIXED OBJECT NON - INTERSECTION - FIRST EVENT COLLISION 09 - 32 EXCLUDING 16,SINGLE VEHICLE,STRAIGHT & LEVEL,DAYLIGHT,,,1/23/2020 8:25:46 AM,False,7174,Accepted,
26231469,0568000,LOUISVILLE METRO POLICE DEPT,Accepted,JEFFERSON,KY2860,,GRINSTEAD,DR,,,,,WILLOW,,HILLIARD,38.240540818,-85.715571323,0.344,1/18/2020 12:00:00 AM,0921,1,1,0,0,RAINING,WET,False,COLLISION WITH FIXED OBJECT NON - INTERSECTION - FIRST EVENT COLLISION 09 - 32 EXCLUDING 16,SINGLE VEHICLE,CURVE & GRADE,DARK-HWY LIGHTED/ON,,,1/23/2020 8:25:58 AM,False,2228,Accepted,
26220378,0568000,LOUISVILLE METRO POLICE DEPT,Accepted,JEFFERSON,US0031E,,BARDSTOWN,RD,,,CEDARLOOK,,,,,38.147077034,-85.585883653,5.331,1/18/2020 12:00:00 AM,1700,2,2,0,0,CLEAR,WET,False,OTHER INTERSECTION COLLISIONS,REAR END,STRAIGHT & LEVEL,DAYLIGHT,,,1/21/2020 9:24:31 AM,False,7486,Accepted,
26220412,0568000,LOUISVILLE METRO POLICE DEPT,Accepted,JEFFERSON,KY0061,,PRESTON,HWY,,,PRESTON,,,,,38.178782238,-85.717096348,7.245,1/18/2020 12:00:00 AM,1532,2,2,0,1,CLOUDY,DRY,False,OTHER INTERSECTION COLLISIONS,REAR END,STRAIGHT & LEVEL,DAYLIGHT,,,1/21/2020 9:27:04 AM,False,5036,Accepted,
26220405,0568000,LOUISVILLE METRO POLICE DEPT,Accepted,JEFFERSON,KY1865,,TAYLOR,BLVD,,,STRADER,,,,,38.191128015,-85.783350375,5.842,1/18/2020 12:00:00 AM,1500,2,2,0,3,CLOUDY,WET,False,OTHER INTERSECTION COLLISIONS,REAR END,STRAIGHT & LEVEL,DAYLIGHT,,,1/21/2020 9:26:22 AM,False,7360,Accepted,
26237606,0568000,LOUISVILLE METRO POLICE DEPT,Accepted,JEFFERSON,I 0064,,I64 W,,,I 0065,I65 N,,,,,38.260434178,-85.741059977,5.175,1/18/2020 12:00:00 AM,1000,1,1,0,0,RAINING,WATER (STANDING OR MOVING),False,OTHER INTERSECTION COLLISIONS,SINGLE VEHICLE,CURVE & LEVEL,DAYLIGHT,,,1/24/2020 8:35:40 AM,False,2764,Accepted,
26220385,0568000,LOUISVILLE METRO POLICE DEPT,Accepted,JEFFERSON,,,BLANTON,LN,,,ROMANIA,,,,,38.157121373,-85.829222009,0.266,1/18/2020 12:00:00 AM,1246,2,2,0,0,RAINING,WET,True,OTHER INTERSECTION COLLISIONS,REAR END,STRAIGHT & HILLCREST,DAYLIGHT,,,1/21/2020 9:25:00 AM,False,7177,Accepted,
26220457,0568000,LOUISVILLE METRO POLICE DEPT,Accepted,JEFFERSON,US0031W,,DIXIE,HWY,,,DIXIE GARDEN,,,,,38.099042348,-85.871920153,7.977,1/18/2020 12:00:00 AM,1852,2,2,0,1,CLEAR,DRY,False,OTHER INTERSECTION COLLISIONS,REAR END,STRAIGHT & LEVEL,DARK-HWY LIGHTED/ON,,,1/21/2020 9:30:16 AM,False,7166,Accepted,
26220458,0568000,LOUISVILLE METRO POLICE DEPT,Accepted,JEFFERSON,I 0065,,I65 N,,,I 0065,I65 N EXIT135 ON RAMP FROM  E SAINT CATHERINE ST,,,,,38.238236735,-85.752952199,134.732,1/18/2020 12:00:00 AM,2102,2,2,0,0,CLEAR,DRY,False,OTHER INTERSECTION COLLISIONS,REAR END,STRAIGHT & LEVEL,DARK-HWY LIGHTED/ON,,,1/21/2020 9:30:22 AM,False,5172,Accepted,