IncidentID,AgencyORI,AgencyName,IncidentStatusDesc,County,RdwyNumber,Street,RoadwayName,StreetSfx,StreetDir,IntersectionRdwy,IntersectionRdwyName,BetweenStRdwy1,BetweenStRdwyName1,BetweenStRdwy2,BetweenStRdwyName2,Latitude,Longitude,Milepoint,CollisionDate,CollisionTime,UnitsInvolved,MotorVehiclesInvolved,NumberKilled,NumberInjured,Weather,RdwyConditionCode,HitandRun,DirAnalysisCode,MannerofCollision,RdwyCharacter,LightCondition,RampFromRdwyId,RampToRdwyId,AcceptedDate,IsSecondaryCollision,OwnerBadge,IncidentStatus,
26220336,0568000,LOUISVILLE METRO POLICE DEPT,Accepted,JEFFERSON,,,DIXIE,HWY,,,DATE,,,,,38.242802540,-85.784652629,0.447,1/18/2020 12:00:00 AM,0026,2,2,0,0,CLEAR,DRY,False,COLLISION WITH PARKED VEHICLE,REAR END,STRAIGHT & LEVEL,DARK-HWY LIGHTED/ON,,,1/21/2020 9:20:57 AM,False,7370,Accepted,
26220400,0568000,LOUISVILLE METRO POLICE DEPT,Accepted,JEFFERSON,,,HALE,AVE,,,32ND,,,,,38.240079364,-85.806618160,1.551,1/18/2020 12:00:00 AM,0700,2,2,0,0,CLEAR,DRY,True,COLLISION WITH PARKED VEHICLE,REAR END,STRAIGHT & LEVEL,DARK (UNKNOWN ROADWAY LIGHTING),,,1/21/2020 9:25:52 AM,False,5151,Accepted,
26260484,0568000,LOUISVILLE METRO POLICE DEPT,Accepted,JEFFERSON,KY0061,,PRESTON,HWY,,I 0265,I265 W EXIT12 OFF RAMP TO KY61 S,,,,,38.111731318,-85.675334143,1.991,1/18/2020 12:00:00 AM,1850,2,2,0,0,CLEAR,DRY,False,ANGLE COLLISION - ONE VEHICLE TURNING LEFT,ANGLE,STRAIGHT & LEVEL,DARK-HWY LIGHTED/ON,,,1/29/2020 8:13:56 AM,False,7305,Accepted,
26220747,0561500,UNIV. OF LOUISVILLE POLICE,Accepted,JEFFERSON,KY1020,,3RD,ST,S,US0060A,EASTERN,,,,,38.213717195,-85.762285259,9.869,1/18/2020 12:00:00 AM,1530,2,2,0,1,CLEAR,DRY,False,ANGLE COLLISION - ONE VEHICLE TURNING LEFT,ANGLE,STRAIGHT & LEVEL,DAYLIGHT,,,1/21/2020 9:45:56 AM,False,5676,Accepted,
26220334,0568000,LOUISVILLE METRO POLICE DEPT,Accepted,JEFFERSON,,,BLANTON,LN,,,MILLS,,,,,38.156121780,-85.828943006,0.334,1/18/2020 12:00:00 AM,0450,1,1,0,0,RAINING,WET,False,COLLISION WITH FIXED OBJECT IN INTERSECTION - FIRST EVENT COLLISION 09 - 32,SINGLE VEHICLE,CURVE & LEVEL,DARK-HWY LIGHTED/ON,,,1/21/2020 9:20:50 AM,False,7365,Accepted,
26220444,0568000,LOUISVILLE METRO POLICE DEPT,Accepted,JEFFERSON,,,31ST,ST,N,,RUDD,,,,,38.276878559,-85.797504880,0.353,1/18/2020 12:00:00 AM,2242,1,1,0,1,CLOUDY,DRY,False,COLLISION WITH FIXED OBJECT IN INTERSECTION - FIRST EVENT COLLISION 09 - 32,SINGLE VEHICLE,STRAIGHT & LEVEL,OTHER,,,1/21/2020 9:29:20 AM,False,7173,Accepted,
26220367,0568000,LOUISVILLE METRO POLICE DEPT,Accepted,JEFFERSON,,,UPPER HUNTERS,TRCE,,,MARIAN,,,,,38.160190673,-85.845568640,1.251,1/18/2020 12:00:00 AM,1511,2,2,0,0,RAINING,WET,False,COLLISION WITH ANIMAL IN INTERSECTION,REAR END,STRAIGHT & LEVEL,DAYLIGHT,,,1/21/2020 9:23:22 AM,False,5100,Accepted,
26220333,0568000,LOUISVILLE METRO POLICE DEPT,Accepted,JEFFERSON,KY1865,,TAYLOR,BLVD,,,CARLISLE,,,,,38.194164547,-85.783102038,6.050,1/18/2020 12:00:00 AM,0053,3,3,0,2,CLEAR,DRY,False,ANGLE COLLISION - OTHER,ANGLE,STRAIGHT & LEVEL,DARK-HWY LIGHTED/ON,,,1/21/2020 9:20:42 AM,False,7435,Accepted,
26220360,0568000,LOUISVILLE METRO POLICE DEPT,Accepted,JEFFERSON,,,7TH,ST,S,,HILL,,,,,38.226766895,-85.768958852,0.594,1/18/2020 12:00:00 AM,1155,2,2,0,0,RAINING,WET,False,ANGLE COLLISION - OTHER,ANGLE,STRAIGHT & LEVEL,DAYLIGHT,,,1/21/2020 9:22:39 AM,False,7184,Accepted,
26220376,0568000,LOUISVILLE METRO POLICE DEPT,Accepted,JEFFERSON,,,CHESTNUT,ST,W,KY1020,2ND,,,,,38.248583879,-85.754495506,2.542,1/18/2020 12:00:00 AM,1600,2,2,0,3,CLOUDY,DRY,False,ANGLE COLLISION - OTHER,ANGLE,STRAIGHT & LEVEL,DAYLIGHT,,,1/21/2020 9:24:18 AM,False,7937,Accepted,
26220424,0568000,LOUISVILLE METRO POLICE DEPT,Accepted,JEFFERSON,,,ROWAN,ST,,US0150,22ND,,,,,38.261283311,-85.785961771,0.960,1/18/2020 12:00:00 AM,1229,2,2,0,0,CLEAR,DRY,False,ANGLE COLLISION - OTHER,ANGLE,STRAIGHT & LEVEL,UNKNOWN,,,1/21/2020 9:28:12 AM,False,7305,Accepted,
26220401,0568000,LOUISVILLE METRO POLICE DEPT,Accepted,JEFFERSON,,,OXMOOR,LN,,,OXMOOR,,,,,38.243441424,-85.613235204,0.420,1/18/2020 12:00:00 AM,1950,2,2,0,0,CLEAR,DRY,False,SIDESWIPE-SAME DIRECTION,SIDESWIPE-SAME DIRECTION,STRAIGHT & LEVEL,DARK-HWY LIGHTED/ON,,,1/21/2020 9:25:57 AM,False,7096,Accepted,
26220387,0568000,LOUISVILLE METRO POLICE DEPT,Accepted,JEFFERSON,KY1631,,CRITTENDEN,DR,,,BOXLEY,,,,,38.205362474,-85.750814240,1.202,1/18/2020 12:00:00 AM,1743,2,2,0,0,CLEAR,DRY,False,SIDESWIPE-SAME DIRECTION,SIDESWIPE-SAME DIRECTION,STRAIGHT & LEVEL,DUSK,,,1/21/2020 9:25:12 AM,False,2499,Accepted,
26220411,0568000,LOUISVILLE METRO POLICE DEPT,Accepted,JEFFERSON,KY0841,,GENE SNYDER,FWY,,KY1020,NATIONAL,,,,,38.117755074,-85.747970154,7.656,1/18/2020 12:00:00 AM,1350,2,2,0,0,CLEAR,WET,True,SIDESWIPE-SAME DIRECTION,SIDESWIPE-SAME DIRECTION,STRAIGHT & LEVEL,DAYLIGHT,,,1/21/2020 9:26:59 AM,False,7263,Accepted,
26220386,0568000,LOUISVILLE METRO POLICE DEPT,Accepted,JEFFERSON,,,WILSON,AVE,,,28TH,,,,,38.232260047,-85.800966918,1.464,1/18/2020 12:00:00 AM,1636,2,2,0,1,CLOUDY,DRY,False,ANGLE COLLISION - OTHER,ANGLE,STRAIGHT & LEVEL,DAYLIGHT,,,1/21/2020 9:25:06 AM,False,7363,Accepted,
26220414,0568000,LOUISVILLE METRO POLICE DEPT,Accepted,JEFFERSON,,,BROOK,ST,S,,MUHAMMAD ALI,,,,,38.250476190,-85.751549717,3.196,1/18/2020 12:00:00 AM,1543,2,2,0,0,RAINING,WET,False,ANGLE COLLISION - OTHER,ANGLE,STRAIGHT & LEVEL,DAYLIGHT,,,1/21/2020 9:27:16 AM,False,7406,Accepted,
26220404,0568000,LOUISVILLE METRO POLICE DEPT,Accepted,JEFFERSON,,,FASHION,WAY,,,BETHANY,,,,,38.096322055,-85.875167680,0.311,1/18/2020 12:00:00 AM,1630,2,2,0,0,CLOUDY,WET,False,ANGLE COLLISION - OTHER,ANGLE,STRAIGHT & LEVEL,DAYLIGHT,,,1/21/2020 9:26:15 AM,False,7336,Accepted,
26220370,0568000,LOUISVILLE METRO POLICE DEPT,Accepted,JEFFERSON,KY1631,,CRITTENDEN,DR,,,BOXLEY,,,,,38.205380492,-85.750873912,1.198,1/18/2020 12:00:00 AM,1454,2,2,0,0,CLOUDY,WET,False,ANGLE COLLISION - OTHER,ANGLE,STRAIGHT & LEVEL,DAYLIGHT,,,1/21/2020 9:23:42 AM,False,7705,Accepted,
26220388,0568000,LOUISVILLE METRO POLICE DEPT,Accepted,JEFFERSON,KY1020,,3RD,ST,S,,ST CATHERINE,,,,,38.237258212,-85.758272086,11.487,1/18/2020 12:00:00 AM,1745,2,2,0,0,CLOUDY,DRY,False,ANGLE COLLISION - OTHER,ANGLE,STRAIGHT & LEVEL,DUSK,,,1/21/2020 9:25:17 AM,False,7495,Accepted,
26220363,0568000,LOUISVILLE METRO POLICE DEPT,Accepted,JEFFERSON,KY1934,,CANE RUN,RD,,,ROCKFORD,,,,,38.183728610,-85.855303394,7.729,1/18/2020 12:00:00 AM,1423,2,2,0,1,CLOUDY,WET,False,REAR END - ONE VEHICLE TURNING RIGHT,REAR END,STRAIGHT & LEVEL,DAYLIGHT,,,1/21/2020 9:23:04 AM,False,5208,Accepted,
26220319,0568000,LOUISVILLE METRO POLICE DEPT,Accepted,JEFFERSON,,,SOUTHWESTERN,PKWY,,,VARBLE,,,,,38.249557159,-85.829493525,1.358,1/17/2020 12:00:00 AM,2001,2,2,0,1,CLEAR,DRY,False,ANGLE COLLISION - OTHER,ANGLE,STRAIGHT & LEVEL,DARK-HWY LIGHTED/ON,,,1/21/2020 9:19:12 AM,False,7481,Accepted,
26220306,0568000,LOUISVILLE METRO POLICE DEPT,Accepted,JEFFERSON,KY1703,,NEWBURG,RD,,,SYLVAN,,,,,38.211595756,-85.695951834,3.084,1/17/2020 12:00:00 AM,1706,2,2,0,1,CLOUDY,DRY,False,ANGLE COLLISION - OTHER,ANGLE,STRAIGHT & LEVEL,DAYLIGHT,,,1/21/2020 9:18:25 AM,False,6813,Accepted,
26220406,0568000,LOUISVILLE METRO POLICE DEPT,Accepted,JEFFERSON,US0031W,,MARKET,ST,W,US0031W,2ND,,,,,38.254873193,-85.753553298,22.034,1/17/2020 12:00:00 AM,2331,2,2,0,0,CLEAR,DRY,False,ANGLE COLLISION - OTHER,ANGLE,STRAIGHT & LEVEL,DARK-HWY LIGHTED/ON,,,1/21/2020 9:26:29 AM,False,7148,Accepted,
26220423,0568000,LOUISVILLE METRO POLICE DEPT,Accepted,JEFFERSON,,,24TH,ST,N,,MONTGOMERY,,,,,38.271293907,-85.786616214,0.768,1/17/2020 12:00:00 AM,1430,2,2,0,0,CLOUDY,DRY,False,ANGLE COLLISION - OTHER,ANGLE,STRAIGHT & LEVEL,DAYLIGHT,,,1/21/2020 9:28:07 AM,False,7305,Accepted,
26220355,0568000,LOUISVILLE METRO POLICE DEPT,Accepted,JEFFERSON,,,MURPHY,LN,,,TAZWELL,,,,,38.305827743,-85.535316749,0.302,1/17/2020 12:00:00 AM,2109,2,2,0,0,CLOUDY,DRY,False,ANGLE COLLISION - OTHER,ANGLE,STRAIGHT & LEVEL,DARK-HWY LIGHTED/ON,,,1/21/2020 9:21:58 AM,False,7159,Accepted,
26220453,0568000,LOUISVILLE METRO POLICE DEPT,Accepted,JEFFERSON,KY1747,,HURSTBOURNE,PKWY,S,,PATRIOTS CROSSING,,,,,38.162388670,-85.633722093,5.569,1/17/2020 12:00:00 AM,2144,2,2,0,2,CLEAR,DRY,False,ANGLE COLLISION - OTHER,ANGLE,STRAIGHT & LEVEL,DARK-HWY LIGHTED/ON,,,1/21/2020 9:29:52 AM,False,5207,Accepted,
26220422,0568000,LOUISVILLE METRO POLICE DEPT,Accepted,JEFFERSON,,,SHELBY,PKWY,,KY0061,PRESTON,,,,,38.232747203,-85.749725215,0.002,1/17/2020 12:00:00 AM,1300,2,2,0,0,CLEAR,DRY,False,SIDESWIPE-SAME DIRECTION,SIDESWIPE-SAME DIRECTION,STRAIGHT & LEVEL,DAYLIGHT,,,1/21/2020 9:28:01 AM,False,7116,Accepted,
26220297,0568000,LOUISVILLE METRO POLICE DEPT,Accepted,JEFFERSON,KY1934,,CANE RUN,RD,,,HARTLAGE,,,,,38.200335498,-85.835877210,9.292,1/17/2020 12:00:00 AM,0800,2,2,0,0,CLOUDY,DRY,False,SIDESWIPE-SAME DIRECTION,SIDESWIPE-SAME DIRECTION,STRAIGHT & LEVEL,DAYLIGHT,,,1/21/2020 9:17:34 AM,False,5253,Accepted,
26220274,0568000,LOUISVILLE METRO POLICE DEPT,Accepted,JEFFERSON,US0031E,,BARDSTOWN,RD,,KY1932,BRECKENRIDGE,,,,,38.181507316,-85.627340626,8.728,1/17/2020 12:00:00 AM,1006,2,2,0,0,CLEAR,DRY,False,SIDESWIPE-SAME DIRECTION,SIDESWIPE-SAME DIRECTION,STRAIGHT & LEVEL,DAYLIGHT,,,1/21/2020 9:16:34 AM,False,5191,Accepted,
26220276,0568000,LOUISVILLE METRO POLICE DEPT,Accepted,JEFFERSON,,,FEGENBUSH,LN,,US0031E,BARDSTOWN,,,,,38.186832117,-85.638072094,0.026,1/17/2020 12:00:00 AM,1454,2,2,0,0,CLEAR,DRY,False,SIDESWIPE-SAME DIRECTION,SIDESWIPE-SAME DIRECTION,STRAIGHT & LEVEL,DAYLIGHT,,,1/21/2020 9:16:40 AM,False,5191,Accepted,
26220241,0568000,LOUISVILLE METRO POLICE DEPT,Accepted,JEFFERSON,,,5TH,ST,S,,GARLAND,,,,,38.240924243,-85.760614649,2.700,1/17/2020 12:00:00 AM,1030,2,2,0,2,CLEAR,DRY,False,SIDESWIPE-SAME DIRECTION,SIDESWIPE-SAME DIRECTION,STRAIGHT & LEVEL,DAYLIGHT,,,1/21/2020 9:14:26 AM,False,7296,Accepted,
26220239,0568000,LOUISVILLE METRO POLICE DEPT,Accepted,JEFFERSON,KY0022,,BROWNSBORO,RD,,,SUMMIT PLAZA,,,,,38.306974050,-85.575438660,3.873,1/17/2020 12:00:00 AM,0751,2,2,0,0,CLEAR,DRY,False,SIDESWIPE-SAME DIRECTION,SIDESWIPE-SAME DIRECTION,STRAIGHT & LEVEL,DAYLIGHT,,,1/21/2020 9:14:13 AM,False,7313,Accepted,
26220324,0568000,LOUISVILLE METRO POLICE DEPT,Accepted,JEFFERSON,,,BROOK,ST,S,,JEFFERSON,,,,,38.253100655,-85.750400757,3.389,1/17/2020 12:00:00 AM,2235,2,2,0,0,CLEAR,DRY,False,SIDESWIPE-SAME DIRECTION,SIDESWIPE-SAME DIRECTION,STRAIGHT & LEVEL,DARK-HWY LIGHTED/ON,,,1/21/2020 9:19:50 AM,False,7635,Accepted,
26220298,0568000,LOUISVILLE METRO POLICE DEPT,Accepted,JEFFERSON,KY3069,,SANITA,RD,,KY0864,POPLAR LEVEL,,,,,38.192519457,-85.706306278,0.195,1/17/2020 12:00:00 AM,1738,2,2,0,0,CLOUDY,DRY,False,VEHICLE BACKING IN INTERSECTION,BACKING,STRAIGHT & LEVEL,DUSK,,,1/21/2020 9:17:40 AM,False,5036,Accepted,
26220315,0568000,LOUISVILLE METRO POLICE DEPT,Accepted,JEFFERSON,,,TENNY,AVE,W,,3RD,,,,,38.176922000,-85.767088333,0.080,1/17/2020 12:00:00 AM,1109,2,2,0,0,CLOUDY,DRY,False,ANGLE COLLISION - OTHER,ANGLE,STRAIGHT & LEVEL,DAYLIGHT,,,1/21/2020 9:18:43 AM,False,5052,Accepted,
26220251,0568000,LOUISVILLE METRO POLICE DEPT,Accepted,JEFFERSON,KY0061,,PRESTON,HWY,,,ROSE,,,,,38.175585401,-85.713729195,6.962,1/17/2020 12:00:00 AM,1237,2,2,0,1,CLOUDY,DRY,False,ANGLE COLLISION - OTHER,ANGLE,STRAIGHT & LEVEL,DAYLIGHT,,,1/21/2020 9:15:17 AM,False,5036,Accepted,
26220261,0568000,LOUISVILLE METRO POLICE DEPT,Accepted,JEFFERSON,US0031W,,DIXIE,HWY,,,FLINTLOCK,,,,,38.160050665,-85.832794122,12.730,1/17/2020 12:00:00 AM,1408,2,2,0,1,CLOUDY,DRY,False,ANGLE COLLISION - OTHER,ANGLE,STRAIGHT & LEVEL,DAYLIGHT,,,1/21/2020 9:15:58 AM,False,5100,Accepted,
26220264,0568000,LOUISVILLE METRO POLICE DEPT,Accepted,JEFFERSON,US0031E,,BARDSTOWN,RD,,,ICHABOD,,,,,38.131515045,-85.578185498,4.175,1/17/2020 12:00:00 AM,1439,2,2,0,0,CLOUDY,DRY,False,ANGLE COLLISION - OTHER,ANGLE,STRAIGHT & LEVEL,DAYLIGHT,,,1/21/2020 9:16:04 AM,False,5270,Accepted,
26220267,0568000,LOUISVILLE METRO POLICE DEPT,Accepted,JEFFERSON,,,BARRET,AVE,,,CHRISTY,,,,,38.239654815,-85.730661821,0.689,1/17/2020 12:00:00 AM,1558,2,2,0,0,CLOUDY,DRY,True,ANGLE COLLISION - OTHER,ANGLE,STRAIGHT & LEVEL,DAYLIGHT,,,1/21/2020 9:16:10 AM,False,2228,Accepted,
26220253,0568000,LOUISVILLE METRO POLICE DEPT,Accepted,JEFFERSON,KY1747,,HURSTBOURNE,PKWY,N,,SPRINGBROOKE,,,,,38.303793327,-85.576132966,18.262,1/17/2020 12:00:00 AM,1449,2,2,0,0,CLEAR,DRY,False,ANGLE COLLISION - ONE VEHICLE TURNING RIGHT,ANGLE,STRAIGHT & LEVEL,DAYLIGHT,,,1/21/2020 9:15:31 AM,False,7313,Accepted,
26231460,0568000,LOUISVILLE METRO POLICE DEPT,Accepted,JEFFERSON,,,EASTPOINT,PKWY,,,NELSON MILLER,,,,,38.271706308,-85.507115043,,1/17/2020 12:00:00 AM,1534,2,2,0,0,CLEAR,DRY,False,ANGLE COLLISION - ONE VEHICLE TURNING LEFT,ANGLE,CURVE & GRADE,DAYLIGHT,,,1/23/2020 8:24:57 AM,False,7899,Accepted,
26220330,0568000,LOUISVILLE METRO POLICE DEPT,Accepted,JEFFERSON,,,43RD,ST,S,,GREENWOOD,,,,,38.244821847,-85.824431466,1.445,1/17/2020 12:00:00 AM,2000,3,3,0,0,CLEAR,DRY,True,COLLISION WITH PARKED VEHICLE,SIDESWIPE-SAME DIRECTION,STRAIGHT & LEVEL,DARK-HWY LIGHTED/ON,,,1/21/2020 9:20:21 AM,False,5181,Accepted,
26220252,0568000,LOUISVILLE METRO POLICE DEPT,Accepted,JEFFERSON,US0031E,,BARDSTOWN,RD,,,BEECHWOOD,,,,,38.236305788,-85.717206292,15.171,1/17/2020 12:00:00 AM,1453,2,2,0,0,CLOUDY,DRY,False,OTHER INTERSECTION COLLISIONS,REAR END,STRAIGHT & LEVEL,DAYLIGHT,,,1/21/2020 9:15:25 AM,False,7900,Accepted,
26220305,0568000,LOUISVILLE METRO POLICE DEPT,Accepted,JEFFERSON,US0031E,,BARDSTOWN,RD,,,GARDINER,,,,,38.212603530,-85.672348050,12.133,1/17/2020 12:00:00 AM,1233,2,2,0,0,CLOUDY,DRY,False,OTHER INTERSECTION COLLISIONS,REAR END,STRAIGHT & LEVEL,DAYLIGHT,,,1/21/2020 9:18:20 AM,False,6813,Accepted,
26220322,0568000,LOUISVILLE METRO POLICE DEPT,Accepted,JEFFERSON,KY0864,,POPLAR LEVEL,RD,,,GARDINER,,,,,38.192622596,-85.705959511,11.098,1/17/2020 12:00:00 AM,1920,2,2,0,1,CLEAR,DRY,False,OTHER INTERSECTION COLLISIONS,REAR END,STRAIGHT & LEVEL,DARK-HWY LIGHTED/ON,,,1/21/2020 9:19:39 AM,False,7206,Accepted,
26220407,0568000,LOUISVILLE METRO POLICE DEPT,Accepted,JEFFERSON,US0060,,SHELBYVILLE,RD,,,DAVENTRY,,,,,38.246297021,-85.575289025,7.945,1/17/2020 12:00:00 AM,1926,2,2,0,0,CLEAR,DRY,False,OTHER INTERSECTION COLLISIONS,REAR END,STRAIGHT & LEVEL,DARK-HWY LIGHTED/ON,,,1/21/2020 9:26:35 AM,False,5007,Accepted,
26220300,0568000,LOUISVILLE METRO POLICE DEPT,Accepted,JEFFERSON,KY1931,,ST ANDREWS CHURCH,RD,,,WINDEMERE,,,,,38.153832021,-85.810886987,4.943,1/17/2020 12:00:00 AM,0740,2,2,0,0,CLEAR,DRY,True,OTHER INTERSECTION COLLISIONS,REAR END,STRAIGHT & LEVEL,DAWN,,,1/21/2020 9:17:48 AM,False,7485,Accepted,
26220308,0568000,LOUISVILLE METRO POLICE DEPT,Accepted,JEFFERSON,,,ROY WILKINS,AVE,,,MAGAZINE,,,,,38.248591794,-85.766383719,0.626,1/17/2020 12:00:00 AM,1731,2,2,0,3,CLEAR,DRY,True,OTHER INTERSECTION COLLISIONS,REAR END,STRAIGHT & LEVEL,DAYLIGHT,,,1/21/2020 9:18:32 AM,False,7229,Accepted,
26220232,0568000,LOUISVILLE METRO POLICE DEPT,Accepted,JEFFERSON,KY1932,,BRECKENRIDGE,LN,,,REDDING,,,,,38.189879403,-85.625826491,0.596,1/17/2020 12:00:00 AM,0831,3,3,0,0,CLOUDY,DRY,False,OTHER INTERSECTION COLLISIONS,REAR END,STRAIGHT & LEVEL,DAYLIGHT,,,1/21/2020 9:13:38 AM,False,7307,Accepted,
26220357,0568000,LOUISVILLE METRO POLICE DEPT,Accepted,JEFFERSON,KY1865,,TAYLOR,BLVD,,,BLUEGRASS,,,,,38.179606245,-85.783263394,5.030,1/17/2020 12:00:00 AM,1006,2,2,0,0,CLOUDY,DRY,False,OTHER INTERSECTION COLLISIONS,REAR END,STRAIGHT & LEVEL,DAYLIGHT,,,1/21/2020 9:22:14 AM,False,7468,Accepted,
26220461,0568000,LOUISVILLE METRO POLICE DEPT,Accepted,JEFFERSON,US0031W,,DIXIE,HWY,,,LOWER HUNTERS,,,,,38.156131786,-85.834687196,12.436,1/17/2020 12:00:00 AM,1912,2,2,0,0,CLEAR,DRY,False,OTHER INTERSECTION COLLISIONS,REAR END,STRAIGHT & LEVEL,DARK-HWY LIGHTED/ON,,,1/21/2020 9:30:41 AM,False,5224,Accepted,
26220312,0568000,LOUISVILLE METRO POLICE DEPT,Accepted,JEFFERSON,KY1747,,HURSTBOURNE,PKWY,S,,WATTERSON,,,,,38.183650403,-85.606784560,8.530,1/17/2020 12:00:00 AM,1530,2,2,0,0,CLOUDY,DRY,False,OTHER INTERSECTION COLLISIONS,REAR END,CURVE & GRADE,DAYLIGHT,,,1/21/2020 9:18:37 AM,False,7303,Accepted,
26204890,0568000,LOUISVILLE METRO POLICE DEPT,Accepted,JEFFERSON,,,GRADE,LN,,,,KY1747,FERN VALLEY,,CRITTENDEN,38.157036747,-85.731996414,2.148,1/17/2020 12:00:00 AM,0337,1,1,0,1,CLEAR,DRY,False,COLLISION WITH FIXED OBJECT NON - INTERSECTION - FIRST EVENT COLLISION 09 - 32 EXCLUDING 16,SINGLE VEHICLE,STRAIGHT & LEVEL,DARK-HWY LIGHTED/ON,,,1/17/2020 8:24:11 AM,False,7735,Accepted,
26220301,0568000,LOUISVILLE METRO POLICE DEPT,Accepted,JEFFERSON,,,MURPHY,LN,,,,,,,,38.302089194,-85.532602192,0.004,1/17/2020 12:00:00 AM,1510,2,2,0,0,CLEAR,DRY,False,COLLISION WITH FIXED OBJECT NON - INTERSECTION - FIRST EVENT COLLISION 09 - 32 EXCLUDING 16,REAR END,STRAIGHT & LEVEL,DAYLIGHT,,,1/21/2020 9:17:55 AM,False,7615,Accepted,
26220479,0568000,LOUISVILLE METRO POLICE DEPT,Accepted,JEFFERSON,,,BARRET,AVE,,,,,,,,38.238778006,-85.730021748,0.764,1/17/2020 12:00:00 AM,2127,2,2,0,0,CLEAR,DRY,False,1 VEHICLE PARKED POSITION (NOT PARKING LOT/DRIVEWAY),BACKING,STRAIGHT & LEVEL,DARK-HWY LIGHTED/ON,,,1/21/2020 9:31:05 AM,False,7376,Accepted,
26220329,0568000,LOUISVILLE METRO POLICE DEPT,Accepted,JEFFERSON,,3128,MUHAMMAD ALI,BLVD,W,,,,,,,38.256292404,-85.804000858,2.827,1/17/2020 12:00:00 AM,2210,2,2,0,1,CLEAR,DRY,False,1 VEHICLE PARKED POSITION (NOT PARKING LOT/DRIVEWAY),REAR END,STRAIGHT & LEVEL,DARK (UNKNOWN ROADWAY LIGHTING),,,1/21/2020 9:20:15 AM,False,7425,Accepted,
26220254,0568000,LOUISVILLE METRO POLICE DEPT,Accepted,JEFFERSON,,,BRENT,ST,,,,,VINE,,STONEWARE,38.243339139,-85.734930863,0.081,1/17/2020 12:00:00 AM,1446,2,2,0,0,CLEAR,DRY,True,1 VEHICLE PARKED POSITION (NOT PARKING LOT/DRIVEWAY),SIDESWIPE-OPPOSITE DIRECTION,STRAIGHT & LEVEL,DAYLIGHT,,,1/21/2020 9:15:39 AM,False,7390,Accepted,
26220342,0568000,LOUISVILLE METRO POLICE DEPT,Accepted,JEFFERSON,,1103,1ST,ST,S,,,,,,,38.236422073,-85.755000987,1.317,1/17/2020 12:00:00 AM,1235,2,2,0,0,CLEAR,DRY,True,1 VEHICLE PARKED POSITION (NOT PARKING LOT/DRIVEWAY),SIDESWIPE-SAME DIRECTION,STRAIGHT & LEVEL,DARK (UNKNOWN ROADWAY LIGHTING),,,1/21/2020 9:21:21 AM,False,5213,Accepted,
26226206,0568000,LOUISVILLE METRO POLICE DEPT,Accepted,JEFFERSON,I 0264,,I264 E,,,,,,,,,38.200208593,-85.698290973,13.980,1/17/2020 12:00:00 AM,1559,2,2,0,0,CLOUDY,DRY,False,SIDESWIPE COLLISION - SAME DIRECTION,SIDESWIPE-SAME DIRECTION,CURVE & GRADE,DAYLIGHT,,,1/22/2020 8:26:17 AM,False,7944,Accepted,
26220270,0568000,LOUISVILLE METRO POLICE DEPT,Accepted,JEFFERSON,US0031W,,DIXIE,HWY,,,,,OAK PARK,,COFER,38.137361425,-85.843313038,11.144,1/17/2020 12:00:00 AM,1452,2,2,0,0,CLOUDY,DRY,False,SIDESWIPE COLLISION - SAME DIRECTION,SIDESWIPE-SAME DIRECTION,STRAIGHT & LEVEL,DAYLIGHT,,,1/21/2020 9:16:22 AM,False,6877,Accepted,
26220259,0568000,LOUISVILLE METRO POLICE DEPT,Accepted,JEFFERSON,KY0864,5029,POPLAR LEVEL,RD,,,,,,,,38.165285873,-85.680187876,8.722,1/17/2020 12:00:00 AM,1430,2,2,0,0,CLEAR,FLOODED,False,SIDESWIPE COLLISION - SAME DIRECTION,SIDESWIPE-SAME DIRECTION,STRAIGHT & LEVEL,DAYLIGHT,,,1/21/2020 9:15:53 AM,False,5106,Accepted,
26248805,0568000,LOUISVILLE METRO POLICE DEPT,Accepted,JEFFERSON,I 0265,,I265 W,,,,,,,,,38.113172128,-85.694013929,10.676,1/17/2020 12:00:00 AM,1605,2,2,0,0,CLOUDY,DRY,False,SIDESWIPE COLLISION - SAME DIRECTION,SIDESWIPE-SAME DIRECTION,STRAIGHT & GRADE,DAYLIGHT,,,1/27/2020 8:27:01 AM,False,8278,Accepted,
26217594,0564500,PROSPECT POLICE DEPARTMENT,Accepted,JEFFERSON,KY3222,,ROSE ISLAND,RD,,,,,,,,38.359688841,-85.614795293,0.337,1/17/2020 12:00:00 AM,1645,2,2,0,0,CLOUDY,DRY,False,SIDESWIPE COLLISION - OPPOSITE DIRECTION,SIDESWIPE-OPPOSITE DIRECTION,CURVE & LEVEL,DAYLIGHT,,,1/20/2020 7:59:09 PM,False,1154,Accepted,
26220317,0568000,LOUISVILLE METRO POLICE DEPT,Accepted,JEFFERSON,KY1865,,NEW CUT,RD,,,,,,,,38.128315139,-85.775154773,1.477,1/17/2020 12:00:00 AM,1300,2,2,0,0,CLEAR,DRY,True,SIDESWIPE COLLISION - OPPOSITE DIRECTION,SIDESWIPE-OPPOSITE DIRECTION,STRAIGHT & LEVEL,DAYLIGHT,,,1/21/2020 9:18:57 AM,False,7373,Accepted,