IncidentID,AgencyORI,AgencyName,IncidentStatusDesc,County,RdwyNumber,Street,RoadwayName,StreetSfx,StreetDir,IntersectionRdwy,IntersectionRdwyName,BetweenStRdwy1,BetweenStRdwyName1,BetweenStRdwy2,BetweenStRdwyName2,Latitude,Longitude,Milepoint,CollisionDate,CollisionTime,UnitsInvolved,MotorVehiclesInvolved,NumberKilled,NumberInjured,Weather,RdwyConditionCode,HitandRun,DirAnalysisCode,MannerofCollision,RdwyCharacter,LightCondition,RampFromRdwyId,RampToRdwyId,AcceptedDate,IsSecondaryCollision,OwnerBadge,IncidentStatus,
26518925,0568000,LOUISVILLE METRO POLICE DEPT,Accepted,JEFFERSON,,416,CHESTNUT,ST,W,,,,,,,38.249052860,-85.758856693,2.310,1/17/2020 12:00:00 AM,1639,2,2,0,2,CLEAR,DRY,False,SIDESWIPE COLLISION - SAME DIRECTION,SIDESWIPE-SAME DIRECTION,STRAIGHT & LEVEL,DAYLIGHT,,,3/16/2020 9:01:39 AM,False,5268,Accepted,
26220236,0568000,LOUISVILLE METRO POLICE DEPT,Accepted,JEFFERSON,,,PHILLIPS,LN,,,,,MONARCH,KY0061,PRESTON,38.197363224,-85.732311471,1.195,1/17/2020 12:00:00 AM,0815,2,2,0,0,CLEAR,DRY,False,1 VEHICLE ENTERING/LEAVING ENTRANCE,ANGLE,STRAIGHT & LEVEL,DAYLIGHT,,,1/21/2020 9:13:50 AM,False,2234,Accepted,
26220450,0568000,LOUISVILLE METRO POLICE DEPT,Accepted,JEFFERSON,,,FISCHER PARK,DR,,,,,,,,38.297252033,-85.553913941,0.059,1/17/2020 12:00:00 AM,2105,2,2,0,0,CLOUDY,DRY,False,1 VEHICLE ENTERING/LEAVING ENTRANCE,ANGLE,STRAIGHT & LEVEL,DARK-HWY LIGHTED/ON,,,1/21/2020 9:29:41 AM,False,5004,Accepted,
26220326,0568000,LOUISVILLE METRO POLICE DEPT,Accepted,JEFFERSON,US0031W,,DIXIE,HWY,,,,,STONESTREET,,EUCLID,38.120935467,-85.855908748,9.727,1/17/2020 12:00:00 AM,2335,2,2,0,0,CLOUDY,DRY,False,1 VEHICLE ENTERING/LEAVING ENTRANCE,ANGLE,STRAIGHT & LEVEL,DARK-HWY LIGHTED/ON,,,1/21/2020 9:20:03 AM,False,7160,Accepted,
26220281,0568000,LOUISVILLE METRO POLICE DEPT,Accepted,JEFFERSON,,2125,BUECHEL BANK,RD,,,,,,,,38.178490177,-85.658062900,1.498,1/17/2020 12:00:00 AM,1613,2,2,0,0,CLEAR,DRY,False,1 VEHICLE ENTERING/LEAVING ENTRANCE,ANGLE,STRAIGHT & LEVEL,DAYLIGHT,,,1/21/2020 9:16:47 AM,False,5191,Accepted,
26220328,0568000,LOUISVILLE METRO POLICE DEPT,Accepted,JEFFERSON,KY0061,,JACKSON,ST,S,,,,CAMP,,ORMSBY,38.231805572,-85.748161683,11.345,1/17/2020 12:00:00 AM,2127,2,2,0,0,CLEAR,DRY,False,1 VEHICLE ENTERING/LEAVING ENTRANCE,ANGLE,STRAIGHT & LEVEL,DARK-HWY LIGHTED/ON,,,1/21/2020 9:20:08 AM,False,5267,Accepted,
26220228,0568000,LOUISVILLE METRO POLICE DEPT,Accepted,JEFFERSON,I 0264,,I264 W,,,,,,,,,38.200423548,-85.698272486,13.990,1/17/2020 12:00:00 AM,0730,2,2,0,0,CLOUDY,DRY,False,REAR END IN TRAFFIC LANES BOTH VEHICLES MOVING,REAR END,STRAIGHT & LEVEL,DAYLIGHT,,,1/21/2020 9:13:31 AM,False,4903,Accepted,
26220289,0568000,LOUISVILLE METRO POLICE DEPT,Accepted,JEFFERSON,,,FERN GRADE,RD,,,,,,,,38.157649304,-85.725721376,,1/17/2020 12:00:00 AM,1248,2,2,0,0,CLOUDY,DRY,False,REAR END IN TRAFFIC LANES BOTH VEHICLES MOVING,REAR END,CURVE & LEVEL,DAYLIGHT,,,1/21/2020 9:17:00 AM,False,4693,Accepted,
26220304,0568000,LOUISVILLE METRO POLICE DEPT,Accepted,JEFFERSON,I 0264,,I264 W,,,,,,,,,38.191260962,-85.716886597,12.785,1/17/2020 12:00:00 AM,1057,2,2,0,0,CLOUDY,DRY,False,REAR END IN TRAFFIC LANES BOTH VEHICLES MOVING,REAR END,STRAIGHT & LEVEL,DAYLIGHT,,,1/21/2020 9:18:14 AM,False,7334,Accepted,
26220296,0568000,LOUISVILLE METRO POLICE DEPT,Accepted,JEFFERSON,,,MUD,LN,,,,,,,,38.092615891,-85.670114737,0.061,1/17/2020 12:00:00 AM,1715,2,2,0,0,CLOUDY,DRY,False,REAR END IN TRAFFIC LANES BOTH VEHICLES MOVING,REAR END,STRAIGHT & HILLCREST,DAYLIGHT,,,1/21/2020 9:17:20 AM,False,4693,Accepted,
26220271,0568000,LOUISVILLE METRO POLICE DEPT,Accepted,JEFFERSON,KY1865,,NEW CUT,RD,,,,,,,,38.164945136,-85.780125833,4.003,1/17/2020 12:00:00 AM,1242,2,2,0,0,CLOUDY,DRY,False,REAR END IN TRAFFIC LANES BOTH VEHICLES MOVING,REAR END,STRAIGHT & LEVEL,DAYLIGHT,,,1/21/2020 9:16:29 AM,False,7234,Accepted,
26220285,0568000,LOUISVILLE METRO POLICE DEPT,Accepted,JEFFERSON,KY1065,,OUTER,LOOP,,,,,,,,38.136238482,-85.714278081,4.512,1/17/2020 12:00:00 AM,1328,2,2,0,0,CLOUDY,DRY,False,REAR END IN TRAFFIC LANES BOTH VEHICLES MOVING,REAR END,STRAIGHT & LEVEL,DAYLIGHT,,,1/21/2020 9:16:53 AM,False,4693,Accepted,
26220331,0568000,LOUISVILLE METRO POLICE DEPT,Accepted,JEFFERSON,US0031W,,DIXIE,HWY,,,,,,,,38.143605745,-85.839626215,11.697,1/17/2020 12:00:00 AM,2359,2,2,0,0,RAINING,WET,False,REAR END IN TRAFFIC LANES BOTH VEHICLES MOVING,REAR END,STRAIGHT & LEVEL,DARK-HWY LIGHTED/ON,,,1/21/2020 9:20:28 AM,False,7332,Accepted,
26220379,0568000,LOUISVILLE METRO POLICE DEPT,Accepted,JEFFERSON,I 0264,,I264 W,,,,,,,,,38.204986347,-85.681775278,14.955,1/17/2020 12:00:00 AM,1856,2,2,0,1,CLEAR,DRY,False,SIDESWIPE COLLISION - SAME DIRECTION,SIDESWIPE-SAME DIRECTION,STRAIGHT & LEVEL,DARK-HWY LIGHTED/ON,,,1/21/2020 9:24:38 AM,False,7403,Accepted,
26220242,0568000,LOUISVILLE METRO POLICE DEPT,Accepted,JEFFERSON,I 0064,,I64 W,,,,,I 0064,I64 W EXIT7 OFF RAMP TO  MELLWOOD AVE,I 0064,I64 TURN AROUND7,38.252080687,-85.717371057,6.822,1/17/2020 12:00:00 AM,1101,1,1,0,0,CLOUDY,DRY,False,OTHER COLLISIONS ON SHOULDER,SINGLE VEHICLE,CURVE & GRADE,DAYLIGHT,,,1/21/2020 9:14:32 AM,False,2228,Accepted,
26204884,0568000,LOUISVILLE METRO POLICE DEPT,Accepted,JEFFERSON,,8022,WATTERSON,TRL,,,,,,,,38.181335168,-85.616885513,0.477,1/17/2020 12:00:00 AM,0123,1,1,0,0,CLEAR,DRY,False,OTHER COLLISIONS ON SHOULDER,SINGLE VEHICLE,CURVE & LEVEL,DARK-HWY NOT LIGHTED,,,1/17/2020 8:23:55 AM,False,7492,Accepted,
26237605,0568000,LOUISVILLE METRO POLICE DEPT,Accepted,JEFFERSON,US0042,1500,MELLWOOD,AVE,,,,,,,,38.255508091,-85.722199995,0.585,1/17/2020 12:00:00 AM,0754,2,2,0,0,CLEAR,DRY,True,COLLISION IN PARKING LOT,SIDESWIPE-SAME DIRECTION,STRAIGHT & LEVEL,DAYLIGHT,,,1/24/2020 8:35:37 AM,False,2764,Accepted,
26220248,0568000,LOUISVILLE METRO POLICE DEPT,Accepted,JEFFERSON,I 0071,,I71 S,,,,,,,,,38.319866066,-85.564059987,10.137,1/17/2020 12:00:00 AM,0742,2,2,0,0,CLOUDY,DRY,False,OTHER ROADWAY OR MID-BLOCK COLLISION,REAR END,STRAIGHT & LEVEL,DAYLIGHT,,,1/21/2020 9:14:59 AM,False,7751,Accepted,
26220250,0568000,LOUISVILLE METRO POLICE DEPT,Accepted,JEFFERSON,KY1447,,WESTPORT,RD,,,,,SPRINGHURST,,SHELBURN PARK,38.294380608,-85.558009158,6.108,1/17/2020 12:00:00 AM,1445,2,2,0,0,CLOUDY,DRY,False,OTHER ROADWAY OR MID-BLOCK COLLISION,REAR END,STRAIGHT & GRADE,DAYLIGHT,,,1/21/2020 9:15:10 AM,False,2030,Accepted,
26220302,0568000,LOUISVILLE METRO POLICE DEPT,Accepted,JEFFERSON,KY1447,,WESTPORT,RD,,,,,,,,38.297294515,-85.549091149,6.630,1/17/2020 12:00:00 AM,1745,2,2,0,0,CLEAR,DRY,False,OTHER ROADWAY OR MID-BLOCK COLLISION,REAR END,STRAIGHT & LEVEL,DARK (UNKNOWN ROADWAY LIGHTING),,,1/21/2020 9:18:01 AM,False,7615,Accepted,
26220353,0568000,LOUISVILLE METRO POLICE DEPT,Accepted,JEFFERSON,I 0064,,,,,,,,,,,38.258487280,-85.762861739,0.162,1/17/2020 12:00:00 AM,2235,1,1,0,0,CLOUDY,WET,False,OTHER RAMP RELATED COLLISIONS NOT LISTED ABOVE,SINGLE VEHICLE,CURVE & HILLCREST,DARK-HWY LIGHTED/ON,US31W,I 0064,1/21/2020 9:21:44 AM,False,7173,Accepted,
26220372,0568000,LOUISVILLE METRO POLICE DEPT,Accepted,JEFFERSON,I 0265,,,,,,,,,,,38.111782580,-85.675229928,0.017,1/17/2020 12:00:00 AM,1747,2,2,0,0,CLEAR,DRY,False,OTHER RAMP RELATED COLLISIONS NOT LISTED ABOVE,REAR END,STRAIGHT & LEVEL,DAYLIGHT,I 0265,KY0061,1/21/2020 9:24:00 AM,False,7812,Accepted,
26220294,0568000,LOUISVILLE METRO POLICE DEPT,Accepted,JEFFERSON,I 0065,,,,,,,,,,,38.157362021,-85.716514478,0.471,1/17/2020 12:00:00 AM,1240,2,2,0,0,CLOUDY,DRY,False,OTHER RAMP RELATED COLLISIONS NOT LISTED ABOVE,REAR END,CURVE & LEVEL,DAYLIGHT,I 0065,KY1631,1/21/2020 9:17:08 AM,False,4693,Accepted,
26220391,0568000,LOUISVILLE METRO POLICE DEPT,Accepted,JEFFERSON,I 0065,,,,,,,,,,,38.211669765,-85.751807060,0.100,1/17/2020 12:00:00 AM,0705,2,2,0,0,CLEAR,DRY,True,OTHER RAMP RELATED COLLISIONS NOT LISTED ABOVE,REAR END,CURVE & GRADE,DAWN,I 0065,EASTERN PKWY,1/21/2020 9:25:35 AM,False,7429,Accepted,
26220316,0568000,LOUISVILLE METRO POLICE DEPT,Accepted,JEFFERSON,KY0841,,,,,,,,,,,38.121324559,-85.776149426,0.332,1/17/2020 12:00:00 AM,0915,2,2,0,0,CLEAR,DRY,False,OTHER RAMP RELATED COLLISIONS NOT LISTED ABOVE,REAR END,CURVE & LEVEL,DAYLIGHT,KY0841,KY1865,1/21/2020 9:18:49 AM,False,7373,Accepted,
26204751,0568000,LOUISVILLE METRO POLICE DEPT,Accepted,JEFFERSON,I 0264,,,,,,,,,,,38.227804966,-85.635919860,0.399,1/16/2020 12:00:00 AM,0852,2,2,0,0,CLEAR,DRY,False,OTHER RAMP RELATED COLLISIONS NOT LISTED ABOVE,REAR END,STRAIGHT & LEVEL,DAYLIGHT,I 0264,KY1932,1/17/2020 8:11:35 AM,False,4903,Accepted,
26220235,0568000,LOUISVILLE METRO POLICE DEPT,Accepted,JEFFERSON,I 0065,,,,,,,,,,,38.116165916,-85.698965827,0.757,1/16/2020 12:00:00 AM,0718,2,2,0,0,CLEAR,DRY,False,OTHER RAMP RELATED COLLISIONS NOT LISTED ABOVE,REAR END,STRAIGHT & LEVEL,DAWN,I 0065,I 0065,1/21/2020 9:13:44 AM,False,4656,Accepted,
26204837,0568000,LOUISVILLE METRO POLICE DEPT,Accepted,JEFFERSON,I 0065,,,,,,,,,,,38.236425604,-85.750921554,0.191,1/16/2020 12:00:00 AM,1756,2,2,0,0,CLEAR,DRY,False,OTHER RAMP RELATED COLLISIONS NOT LISTED ABOVE,REAR END,STRAIGHT & LEVEL,DARK-HWY LIGHTED/ON,I 0065,E SAINT CATHERINE ST,1/17/2020 8:18:48 AM,False,7418,Accepted,
26204775,0568000,LOUISVILLE METRO POLICE DEPT,Accepted,JEFFERSON,KY1447,,WESTPORT,RD,,,,,,,,38.299217116,-85.542283948,7.006,1/16/2020 12:00:00 AM,1329,2,2,0,0,CLEAR,DRY,False,OTHER ROADWAY OR MID-BLOCK COLLISION,REAR END,STRAIGHT & LEVEL,DAYLIGHT,,,1/17/2020 8:14:13 AM,False,2489,Accepted,
26204825,0568000,LOUISVILLE METRO POLICE DEPT,Accepted,JEFFERSON,I 0264,,I264 W,,,,,,,,,38.195916173,-85.707204294,13.407,1/16/2020 12:00:00 AM,1628,2,2,0,0,CLEAR,DRY,False,OTHER ROADWAY OR MID-BLOCK COLLISION,REAR END,STRAIGHT & GRADE,DAYLIGHT,,,1/17/2020 8:16:49 AM,False,8278,Accepted,
26204845,0568000,LOUISVILLE METRO POLICE DEPT,Accepted,JEFFERSON,I 0265,,I265 W,,,,,I 0265,I265 W EXIT17 OFF RAMP TO US31E,I 0265,I265 W EXIT19 ON RAMP FROM KY1819,38.141957476,-85.574881712,17.759,1/16/2020 12:00:00 AM,1721,2,2,0,0,CLEAR,DRY,False,OTHER ROADWAY OR MID-BLOCK COLLISION,REAR END,STRAIGHT & LEVEL,DUSK,,,1/17/2020 8:20:11 AM,False,7465,Accepted,
26204779,0568000,LOUISVILLE METRO POLICE DEPT,Accepted,JEFFERSON,KY1447,,WESTPORT,RD,,,,,,,,38.298553831,-85.511218744,8.931,1/16/2020 12:00:00 AM,1642,2,2,0,0,CLEAR,DRY,False,OTHER ROADWAY OR MID-BLOCK COLLISION,REAR END,STRAIGHT & LEVEL,DAYLIGHT,,,1/17/2020 8:14:52 AM,False,2489,Accepted,
26204769,0568000,LOUISVILLE METRO POLICE DEPT,Accepted,JEFFERSON,I 0071,,I71 S,,,,,,,,,38.289949192,-85.673389290,3.529,1/16/2020 12:00:00 AM,,4,4,0,0,CLEAR,DRY,True,OTHER ROADWAY OR MID-BLOCK COLLISION,REAR END,CURVE & GRADE,DARK-HWY LIGHTED/OFF,,,1/17/2020 8:13:51 AM,False,2395,Accepted,
26204849,0568000,LOUISVILLE METRO POLICE DEPT,Accepted,JEFFERSON,,,HANCOCK,ST,S,,,,,CS1430G,MADISON,38.248053928,-85.743663440,0.361,1/16/2020 12:00:00 AM,1232,2,2,0,0,CLEAR,DRY,False,COLLISION IN PARKING LOT,BACKING,STRAIGHT & LEVEL,DAYLIGHT,,,1/17/2020 8:20:49 AM,False,6360,Accepted,
26204767,0568000,LOUISVILLE METRO POLICE DEPT,Accepted,JEFFERSON,,1501,BELLAMY,PL,,,,,,,,38.225092737,-85.768305721,0.031,1/16/2020 12:00:00 AM,1115,2,2,0,0,CLEAR,DRY,True,COLLISION IN PARKING LOT,BACKING,STRAIGHT & LEVEL,DAYLIGHT,,,1/17/2020 8:13:31 AM,False,7433,Accepted,
26226166,0568000,LOUISVILLE METRO POLICE DEPT,Accepted,JEFFERSON,KY1631,4440,CRITTENDEN,DR,,,,,,,,38.188956218,-85.750740604,0.072,1/16/2020 12:00:00 AM,1617,2,2,0,0,CLEAR,DRY,True,COLLISION IN PARKING LOT,BACKING,STRAIGHT & LEVEL,DAYLIGHT,,,1/22/2020 8:22:30 AM,False,7830,Accepted,
26204836,0568000,LOUISVILLE METRO POLICE DEPT,Accepted,JEFFERSON,KY0864,,POPLAR LEVEL,RD,,,,,RANGELAND,,INDIAN,38.169131808,-85.683203308,9.029,1/16/2020 12:00:00 AM,1755,2,2,0,0,CLEAR,DRY,False,HEAD-ON COLLISION,HEAD ON,STRAIGHT & LEVEL,DARK-HWY LIGHTED/ON,,,1/17/2020 8:18:35 AM,False,7451,Accepted,
26204828,0568000,LOUISVILLE METRO POLICE DEPT,Accepted,JEFFERSON,KY0061,,PRESTON,HWY,,,,,,,,38.178760110,-85.717058338,7.242,1/16/2020 12:00:00 AM,1725,2,2,0,1,CLEAR,DRY,False,HEAD-ON COLLISION,HEAD ON,STRAIGHT & LEVEL,DUSK,,,1/17/2020 8:16:58 AM,False,8278,Accepted,
26226208,0568000,LOUISVILLE METRO POLICE DEPT,Accepted,JEFFERSON,I 0064,,I64 E,,,,,,,,,38.258864779,-85.749422739,4.956,1/16/2020 12:00:00 AM,1548,2,2,0,0,CLEAR,DRY,False,REAR END IN TRAFFIC LANES BOTH VEHICLES MOVING,REAR END,STRAIGHT & LEVEL,DAYLIGHT,,,1/22/2020 8:26:29 AM,False,7944,Accepted,
26204824,0568000,LOUISVILLE METRO POLICE DEPT,Accepted,JEFFERSON,I 0064,,I64 E,,,,,,,,,38.276760320,-85.796021982,1.805,1/16/2020 12:00:00 AM,1232,2,2,0,0,CLEAR,DRY,False,REAR END IN TRAFFIC LANES BOTH VEHICLES MOVING,REAR END,STRAIGHT & GRADE,DAYLIGHT,,,1/17/2020 8:16:37 AM,False,8278,Accepted,
26204833,0568000,LOUISVILLE METRO POLICE DEPT,Accepted,JEFFERSON,I 0065,,I65 S,,,,,,,,,38.227925410,-85.751567412,134.000,1/16/2020 12:00:00 AM,1617,2,2,0,0,CLEAR,DRY,False,REAR END IN TRAFFIC LANES BOTH VEHICLES MOVING,REAR END,STRAIGHT & LEVEL,DAYLIGHT,,,1/17/2020 8:18:08 AM,False,7839,Accepted,
26204761,0568000,LOUISVILLE METRO POLICE DEPT,Accepted,JEFFERSON,KY1747,,FERN VALLEY,RD,,,,KY6319,SIGNATURE,I 0065,I65 N EXIT128 ON RAMP FROM KY1631 W,38.157481669,-85.715588502,0.910,1/16/2020 12:00:00 AM,0749,4,4,0,0,CLOUDY,DRY,False,REAR END IN TRAFFIC LANES BOTH VEHICLES MOVING,REAR END,STRAIGHT & GRADE,DAWN,,,1/17/2020 8:12:43 AM,False,2017,Accepted,
26210731,0560300,ST. MATTHEWS POLICE DEPARTMENT,Accepted,JEFFERSON,I 0064,,I64 W,,,,,,,,,38.235582829,-85.650444257,10.747,1/16/2020 12:00:00 AM,2113,2,2,0,0,CLEAR,DRY,False,REAR END IN TRAFFIC LANES BOTH VEHICLES MOVING,REAR END,STRAIGHT & LEVEL,DARK-HWY NOT LIGHTED,,,1/18/2020 3:36:20 PM,False,9195,Accepted,
26220494,0568000,LOUISVILLE METRO POLICE DEPT,Accepted,JEFFERSON,US0031W,,DIXIE,HWY,,,,,,,,38.044468336,-85.901714588,3.795,1/16/2020 12:00:00 AM,1529,2,2,0,0,CLEAR,DRY,False,REAR END IN TRAFFIC LANES BOTH VEHICLES MOVING,REAR END,STRAIGHT & LEVEL,DAYLIGHT,,,1/21/2020 9:31:59 AM,False,7524,Accepted,
26204860,0568000,LOUISVILLE METRO POLICE DEPT,Accepted,JEFFERSON,I 0264,,I264 E,,,,,,,,,38.190116094,-85.756649020,10.600,1/16/2020 12:00:00 AM,1617,2,2,0,0,CLEAR,DRY,False,REAR END IN TRAFFIC LANES BOTH VEHICLES MOVING,REAR END,STRAIGHT & LEVEL,DAYLIGHT,,,1/17/2020 8:23:08 AM,False,2142,Accepted,
26204796,0568000,LOUISVILLE METRO POLICE DEPT,Accepted,JEFFERSON,KY1065,,OUTER,LOOP,,,,,,,,38.137794366,-85.672042123,6.861,1/16/2020 12:00:00 AM,1352,4,4,0,0,CLEAR,DRY,False,REAR END IN TRAFFIC LANES BOTH VEHICLES MOVING,REAR END,STRAIGHT & LEVEL,DAYLIGHT,,,1/17/2020 8:16:16 AM,False,4693,Accepted,
26204857,0568000,LOUISVILLE METRO POLICE DEPT,Accepted,JEFFERSON,KY1065,,OUTER,LOOP,,,,,,,,38.136788229,-85.702204640,5.179,1/16/2020 12:00:00 AM,1941,3,3,0,0,CLEAR,DRY,False,REAR END IN TRAFFIC LANES BOTH VEHICLES MOVING,REAR END,STRAIGHT & LEVEL,DARK-HWY LIGHTED/ON,,,1/17/2020 8:22:37 AM,False,7735,Accepted,
26204901,0568000,LOUISVILLE METRO POLICE DEPT,Accepted,JEFFERSON,KY0864,,POPLAR LEVEL,RD,,,,,,,,38.158347612,-85.647239086,6.693,1/16/2020 12:00:00 AM,0830,2,2,0,0,CLEAR,DRY,False,REAR END IN TRAFFIC LANES BOTH VEHICLES MOVING,REAR END,STRAIGHT & LEVEL,DUSK,,,1/17/2020 8:25:19 AM,False,5153,Accepted,
26231504,0568000,LOUISVILLE METRO POLICE DEPT,Accepted,JEFFERSON,KY1447,4000,WESTPORT,RD,,,,,,,,38.297323619,-85.549555922,6.607,1/16/2020 12:00:00 AM,2253,2,2,0,0,CLOUDY,DRY,False,REAR END IN TRAFFIC LANES BOTH VEHICLES MOVING,REAR END,STRAIGHT & LEVEL,DARK-HWY LIGHTED/ON,,,1/23/2020 8:28:50 AM,False,2738,Accepted,
26204856,0568000,LOUISVILLE METRO POLICE DEPT,Accepted,JEFFERSON,,,4TH,ST,S,,,,,,,38.206025837,-85.765426019,3.524,1/16/2020 12:00:00 AM,1800,2,2,0,0,CLEAR,DRY,False,1 VEHICLE ENTERING/LEAVING ENTRANCE,ANGLE,STRAIGHT & LEVEL,DARK-HWY LIGHTED/ON,,,1/17/2020 8:22:25 AM,False,5252,Accepted,
26204831,0568000,LOUISVILLE METRO POLICE DEPT,Accepted,JEFFERSON,US0031W,,DIXIE,HWY,,,,,MARYMAN,,HILLVIEW,38.132008606,-85.846683553,10.665,1/16/2020 12:00:00 AM,1737,2,2,0,0,CLEAR,DRY,False,1 VEHICLE ENTERING/LEAVING ENTRANCE,ANGLE,STRAIGHT & LEVEL,DAYLIGHT,,,1/17/2020 8:17:40 AM,False,7205,Accepted,
26204838,0568000,LOUISVILLE METRO POLICE DEPT,Accepted,JEFFERSON,,,BUSH FARM,RD,,,,,,,,38.278441358,-85.494877066,0.092,1/16/2020 12:00:00 AM,1758,2,2,0,0,CLEAR,DRY,True,1 VEHICLE ENTERING/LEAVING ENTRANCE,ANGLE,STRAIGHT & LEVEL,DUSK,,,1/17/2020 8:18:57 AM,False,6334,Accepted,
26204830,0568000,LOUISVILLE METRO POLICE DEPT,Accepted,JEFFERSON,KY0061,,PRESTON,HWY,,,,,GILMORE,,ROSE,38.175064595,-85.713362711,6.923,1/16/2020 12:00:00 AM,1203,2,2,0,0,CLEAR,DRY,False,1 VEHICLE ENTERING/LEAVING ENTRANCE,ANGLE,STRAIGHT & LEVEL,DAYLIGHT,,,1/17/2020 8:17:24 AM,False,7830,Accepted,
26204777,0568000,LOUISVILLE METRO POLICE DEPT,Accepted,JEFFERSON,,,MACON,AVE,,,,US0060A,LEXINGTON,,WILMINGTON,38.252020025,-85.659808570,0.003,1/16/2020 12:00:00 AM,1441,2,2,0,0,CLEAR,DRY,True,VEHICLE BACKING NON INTERSECTION,BACKING,STRAIGHT & LEVEL,DAYLIGHT,,,1/17/2020 8:14:32 AM,False,7043,Accepted,
26204891,0568000,LOUISVILLE METRO POLICE DEPT,Accepted,JEFFERSON,KY1747,,HURSTBOURNE,PKWY,N,,,,,,,38.305052723,-85.577335490,18.406,1/16/2020 12:00:00 AM,1901,2,2,0,0,CLEAR,DRY,False,SIDESWIPE COLLISION - SAME DIRECTION,SIDESWIPE-SAME DIRECTION,STRAIGHT & LEVEL,DUSK,,,1/17/2020 8:24:18 AM,False,5030,Accepted,
26204903,0568000,LOUISVILLE METRO POLICE DEPT,Accepted,JEFFERSON,,,BROWNSBORO,RD,,,,,,,,38.280593841,-85.633616172,0.005,1/16/2020 12:00:00 AM,2028,2,2,0,0,CLEAR,DRY,True,1 VEHICLE PARKED POSITION (NOT PARKING LOT/DRIVEWAY),BACKING,STRAIGHT & LEVEL,DARK (UNKNOWN ROADWAY LIGHTING),,,1/17/2020 8:25:39 AM,False,5155,Accepted,
26204834,0568000,LOUISVILLE METRO POLICE DEPT,Accepted,JEFFERSON,,617,44TH,ST,S,,,,,,,38.255556094,-85.824542326,0.181,1/16/2020 12:00:00 AM,0300,2,2,0,0,CLEAR,DRY,True,1 VEHICLE PARKED POSITION (NOT PARKING LOT/DRIVEWAY),BACKING,STRAIGHT & LEVEL,DAYLIGHT,,,1/17/2020 8:18:16 AM,False,7112,Accepted,
26204786,0568000,LOUISVILLE METRO POLICE DEPT,Accepted,JEFFERSON,,300,WOODLAWN,AVE,W,,,,,,,38.181558748,-85.766221636,0.777,1/16/2020 12:00:00 AM,0903,1,1,0,0,CLEAR,DRY,False,COLLISION WITH FIXED OBJECT NON - INTERSECTION - FIRST EVENT COLLISION 09 - 32 EXCLUDING 16,SINGLE VEHICLE,STRAIGHT & LEVEL,DAYLIGHT,,,1/17/2020 8:16:09 AM,False,7301,Accepted,
26204782,0568000,LOUISVILLE METRO POLICE DEPT,Accepted,JEFFERSON,,,SPRING,ST,S,,LEXINGTON,,,,,38.250476534,-85.717977220,0.167,1/16/2020 12:00:00 AM,1715,2,2,0,0,CLEAR,DRY,False,OTHER INTERSECTION COLLISIONS,REAR END,STRAIGHT & LEVEL,DAYLIGHT,,,1/17/2020 8:15:13 AM,False,2230,Accepted,
26198455,0568000,LOUISVILLE METRO POLICE DEPT,Accepted,JEFFERSON,KY0061,,JACKSON,ST,S,,KENTUCKY,,,,,38.237567162,-85.746933396,11.759,1/16/2020 12:00:00 AM,0622,2,2,0,0,CLEAR,DRY,False,OTHER INTERSECTION COLLISIONS,REAR END,STRAIGHT & LEVEL,DARK-HWY LIGHTED/ON,,,1/16/2020 8:25:03 AM,False,5287,Accepted,
26207090,0564500,PROSPECT POLICE DEPARTMENT,Accepted,JEFFERSON,,,RIVER,RD,,,SHIRLEY,,,,,38.343551368,-85.620942873,6.456,1/16/2020 12:00:00 AM,1825,2,2,0,1,CLEAR,DRY,False,OTHER INTERSECTION COLLISIONS,REAR END,STRAIGHT & LEVEL,DARK-HWY LIGHTED/ON,,,1/17/2020 2:46:02 PM,False,1154,Accepted,
26204835,0568000,LOUISVILLE METRO POLICE DEPT,Accepted,JEFFERSON,,,BROADWAY,,W,,32ND,,,,,38.249816015,-85.805739606,0.955,1/16/2020 12:00:00 AM,1100,2,2,0,1,CLEAR,DRY,False,OTHER INTERSECTION COLLISIONS,REAR END,STRAIGHT & LEVEL,DAYLIGHT,,,1/17/2020 8:18:26 AM,False,5124,Accepted,
26204902,0568000,LOUISVILLE METRO POLICE DEPT,Accepted,JEFFERSON,,,STONESTREET,RD,,,NORDIC,,,,,38.111568036,-85.836334509,1.316,1/16/2020 12:00:00 AM,1840,2,2,0,0,CLEAR,DRY,False,OTHER INTERSECTION COLLISIONS,REAR END,CURVE & LEVEL,DUSK,,,1/17/2020 8:25:28 AM,False,5033,Accepted,
26226193,0568000,LOUISVILLE METRO POLICE DEPT,Accepted,JEFFERSON,KY2860,,GRINSTEAD,DR,,,CHEROKEE,,,,,38.239188468,-85.719515122,0.092,1/16/2020 12:00:00 AM,1847,2,2,0,0,CLEAR,DRY,False,OTHER INTERSECTION COLLISIONS,REAR TO REAR,STRAIGHT & LEVEL,DARK-HWY LIGHTED/ON,,,1/22/2020 8:25:07 AM,False,5006,Accepted,