IncidentID,AgencyORI,AgencyName,IncidentStatusDesc,County,RdwyNumber,Street,RoadwayName,StreetSfx,StreetDir,IntersectionRdwy,IntersectionRdwyName,BetweenStRdwy1,BetweenStRdwyName1,BetweenStRdwy2,BetweenStRdwyName2,Latitude,Longitude,Milepoint,CollisionDate,CollisionTime,UnitsInvolved,MotorVehiclesInvolved,NumberKilled,NumberInjured,Weather,RdwyConditionCode,HitandRun,DirAnalysisCode,MannerofCollision,RdwyCharacter,LightCondition,RampFromRdwyId,RampToRdwyId,AcceptedDate,IsSecondaryCollision,OwnerBadge,IncidentStatus,
26204841,0568000,LOUISVILLE METRO POLICE DEPT,Accepted,JEFFERSON,,,8TH,ST,S,,CONGRESS,,,,,38.255001632,-85.763578854,0.136,1/16/2020 12:00:00 AM,1720,2,2,0,0,CLEAR,DRY,True,COLLISION WITH PARKED VEHICLE,SIDESWIPE-SAME DIRECTION,STRAIGHT & LEVEL,DAYLIGHT,,,1/17/2020 8:19:24 AM,False,5168,Accepted,
26204900,0568000,LOUISVILLE METRO POLICE DEPT,Accepted,JEFFERSON,KY1865,,NEW CUT,RD,,KY0841,KY841 RAMP FROM KY1865,,,,,38.121439251,-85.777082094,0.914,1/16/2020 12:00:00 AM,2121,2,2,0,0,CLEAR,DRY,False,COLLISION WITH PARKED VEHICLE,ANGLE,STRAIGHT & LEVEL,DARK-HWY LIGHTED/ON,,,1/17/2020 8:25:10 AM,False,5220,Accepted,
26198461,0568000,LOUISVILLE METRO POLICE DEPT,Accepted,JEFFERSON,KY1931,,MANSLICK,RD,,KY1142,PALATKA,,,,,38.155473198,-85.801913503,5.491,1/16/2020 12:00:00 AM,0645,2,2,0,0,CLEAR,DRY,False,ANGLE COLLISION - ONE VEHICLE TURNING LEFT,ANGLE,STRAIGHT & LEVEL,DARK-HWY LIGHTED/OFF,,,1/16/2020 8:25:39 AM,False,7267,Accepted,
26204852,0568000,LOUISVILLE METRO POLICE DEPT,Accepted,JEFFERSON,KY0022,,BALLARDSVILLE,RD,,,MURPHY,,,,,38.317701285,-85.539541724,6.048,1/16/2020 12:00:00 AM,1526,2,2,0,0,CLEAR,DRY,True,ANGLE COLLISION - ONE VEHICLE TURNING LEFT,ANGLE,STRAIGHT & HILLCREST,DAYLIGHT,,,1/17/2020 8:21:43 AM,False,7355,Accepted,
26204855,0568000,LOUISVILLE METRO POLICE DEPT,Accepted,JEFFERSON,KY1934,,CANE RUN,RD,,,RICHMONT,,,,,38.197172623,-85.840063956,9.032,1/16/2020 12:00:00 AM,1841,2,2,0,1,CLEAR,DRY,False,ANGLE COLLISION - ONE VEHICLE TURNING LEFT,ANGLE,STRAIGHT & LEVEL,DARK-HWY LIGHTED/ON,,,1/17/2020 8:22:15 AM,False,7852,Accepted,
26204879,0568000,LOUISVILLE METRO POLICE DEPT,Accepted,JEFFERSON,KY0061,,PRESTON,HWY,,I 0265,I265 W EXIT12 OFF RAMP TO KY61 N,,,,,38.111995604,-85.675422115,2.007,1/16/2020 12:00:00 AM,1924,2,2,0,0,CLEAR,DRY,False,ANGLE COLLISION - ONE VEHICLE TURNING LEFT,ANGLE,STRAIGHT & LEVEL,DARK-HWY LIGHTED/ON,,,1/17/2020 8:23:44 AM,False,5214,Accepted,
26204850,0568000,LOUISVILLE METRO POLICE DEPT,Accepted,JEFFERSON,,,OLD NEW CUT,RD,,KY1865,NEW CUT,,,,,38.117188596,-85.776055854,0.049,1/16/2020 12:00:00 AM,1930,1,1,0,0,CLEAR,DRY,False,COLLISION WITH FIXED OBJECT IN INTERSECTION - FIRST EVENT COLLISION 09 - 32,SINGLE VEHICLE,CURVE & GRADE,DARK-HWY LIGHTED/OFF,,,1/17/2020 8:21:07 AM,False,2721,Accepted,
26204840,0568000,LOUISVILLE METRO POLICE DEPT,Accepted,JEFFERSON,,,ROY WILKINS,AVE,,,JEFFERSON,,,,,38.254850682,-85.764967687,0.212,1/16/2020 12:00:00 AM,1530,2,2,0,0,CLEAR,DRY,False,ANGLE COLLISION - ONE VEHICLE TURNING RIGHT,ANGLE,STRAIGHT & LEVEL,DAYLIGHT,,,1/17/2020 8:19:05 AM,False,5168,Accepted,
26204764,0568000,LOUISVILLE METRO POLICE DEPT,Accepted,JEFFERSON,US0031E,,BARDSTOWN,RD,,,ST GABRIEL,,,,,38.166421155,-85.601255698,6.970,1/16/2020 12:00:00 AM,0718,2,2,0,0,CLOUDY,DRY,False,ANGLE COLLISION - OTHER,ANGLE,STRAIGHT & LEVEL,DARK-HWY LIGHTED/ON,,,1/17/2020 8:13:03 AM,False,2017,Accepted,
26204810,0568000,LOUISVILLE METRO POLICE DEPT,Accepted,JEFFERSON,KY1065,,OUTER,LOOP,,,AIR COMMERCE,,,,,38.134761172,-85.719235746,4.223,1/16/2020 12:00:00 AM,1714,2,2,0,0,CLEAR,DRY,False,ANGLE COLLISION - OTHER,ANGLE,STRAIGHT & LEVEL,DAYLIGHT,,,1/17/2020 8:16:26 AM,False,4693,Accepted,
26198451,0568000,LOUISVILLE METRO POLICE DEPT,Accepted,JEFFERSON,KY1703,,NEWBURG,RD,,I 0264,I264 W EXIT15B OFF RAMP TO KY1703 S,,,,,38.202280997,-85.689549591,2.296,1/16/2020 12:00:00 AM,0517,2,2,0,0,CLEAR,DRY,False,ANGLE COLLISION - OTHER,ANGLE,STRAIGHT & GRADE,DARK-HWY LIGHTED/ON,,,1/16/2020 8:24:24 AM,False,5203,Accepted,
26198452,0568000,LOUISVILLE METRO POLICE DEPT,Accepted,JEFFERSON,KY0907,,3RD ST,RD,,,BENTFORD,,,,,38.109501393,-85.839621994,1.630,1/16/2020 12:00:00 AM,0610,2,2,0,0,CLEAR,DRY,False,ANGLE COLLISION - OTHER,ANGLE,STRAIGHT & LEVEL,DARK-HWY LIGHTED/ON,,,1/16/2020 8:24:36 AM,False,5136,Accepted,
26204784,0568000,LOUISVILLE METRO POLICE DEPT,Accepted,JEFFERSON,,,3RD,ST,S,,EVELYN,,,,,38.196751959,-85.765024328,0.266,1/16/2020 12:00:00 AM,1447,2,2,0,0,CLEAR,DRY,False,ANGLE COLLISION - OTHER,ANGLE,STRAIGHT & LEVEL,DAYLIGHT,,,1/17/2020 8:15:50 AM,False,2308,Accepted,
26204842,0568000,LOUISVILLE METRO POLICE DEPT,Accepted,JEFFERSON,KY0061,,JACKSON,ST,S,,OAK,,,,,38.234197411,-85.747485339,11.524,1/16/2020 12:00:00 AM,1523,3,3,0,0,CLEAR,DRY,True,ANGLE COLLISION - OTHER,ANGLE,STRAIGHT & LEVEL,DAYLIGHT,,,1/17/2020 8:19:42 AM,False,7322,Accepted,
26204848,0568000,LOUISVILLE METRO POLICE DEPT,Accepted,JEFFERSON,KY1065,,OUTER,LOOP,,KY1865,NEW CUT,,,,,38.126390932,-85.776121661,1.029,1/16/2020 12:00:00 AM,1851,2,2,0,0,CLEAR,DRY,False,OPPOSITE DIRECTION - BOTH VEHICLES GOING STRAIGHT AHEAD,SIDESWIPE-OPPOSITE DIRECTION,STRAIGHT & LEVEL,DARK-HWY LIGHTED/ON,,,1/17/2020 8:20:38 AM,False,7202,Accepted,
26204899,0568000,LOUISVILLE METRO POLICE DEPT,Accepted,JEFFERSON,KY1703,,NEWBURG,RD,,I 0264,I264 E EXIT15 ON RAMP FROM KY1703 N,,,,,38.201412352,-85.687253927,2.158,1/16/2020 12:00:00 AM,2015,2,2,0,1,CLEAR,DRY,False,OPPOSING LEFT TURN,OPPOSING LEFT TURN,STRAIGHT & GRADE,DARK-HWY LIGHTED/ON,,,1/17/2020 8:24:54 AM,False,5288,Accepted,
26204854,0568000,LOUISVILLE METRO POLICE DEPT,Accepted,JEFFERSON,KY2054,,ALGONQUIN,PKWY,,,7TH,,,,,38.220074946,-85.777368594,2.518,1/16/2020 12:00:00 AM,1858,2,2,0,0,CLEAR,DRY,False,OPPOSING LEFT TURN,OPPOSING LEFT TURN,STRAIGHT & LEVEL,DARK-HWY LIGHTED/ON,,,1/17/2020 8:22:01 AM,False,7481,Accepted,
26204778,0568000,LOUISVILLE METRO POLICE DEPT,Accepted,JEFFERSON,KY1865,,TAYLOR,BLVD,,,CARRICO,,,,,38.184109982,-85.783908174,5.355,1/16/2020 12:00:00 AM,1638,2,2,0,0,CLEAR,DRY,True,SIDESWIPE-SAME DIRECTION,SIDESWIPE-SAME DIRECTION,STRAIGHT & LEVEL,DAYLIGHT,,,1/17/2020 8:14:45 AM,False,5111,Accepted,
26204780,0568000,LOUISVILLE METRO POLICE DEPT,Accepted,JEFFERSON,US0031E,,BAXTER,AVE,,,HIGHLAND,,,,,38.240336953,-85.724305459,15.658,1/16/2020 12:00:00 AM,1628,2,2,0,0,CLEAR,DRY,False,SIDESWIPE-SAME DIRECTION,SIDESWIPE-SAME DIRECTION,CURVE & LEVEL,DAYLIGHT,,,1/17/2020 8:15:01 AM,False,2230,Accepted,
26204771,0568000,LOUISVILLE METRO POLICE DEPT,Accepted,JEFFERSON,,,DUMESNIL,ST,,,34TH,,,,,38.237727909,-85.810504655,0.525,1/16/2020 12:00:00 AM,0843,2,2,0,0,CLEAR,DRY,False,SIDESWIPE-SAME DIRECTION,SIDESWIPE-SAME DIRECTION,STRAIGHT & LEVEL,DAYLIGHT,,,1/17/2020 8:14:00 AM,False,7326,Accepted,
26204885,0568000,LOUISVILLE METRO POLICE DEPT,Accepted,JEFFERSON,KY1934,,GREENBELT,HWY,,,RIVERPORT,,,,,38.161188408,-85.881681088,5.501,1/16/2020 12:00:00 AM,1919,2,2,0,0,CLEAR,DRY,True,SIDESWIPE-SAME DIRECTION,SIDESWIPE-SAME DIRECTION,STRAIGHT & LEVEL,DARK (UNKNOWN ROADWAY LIGHTING),,,1/17/2020 8:24:02 AM,False,5059,Accepted,
26232330,0560600,WEST BUECHEL POLICE DEPT.,Accepted,JEFFERSON,,,BASHFORD MANOR,LN,,,DONARD PARK,,,,,38.200704380,-85.668842412,0.282,1/16/2020 12:00:00 AM,1430,2,2,0,1,CLEAR,DRY,False,OPPOSING LEFT TURN,OPPOSING LEFT TURN,CURVE & LEVEL,DAYLIGHT,,,1/23/2020 9:58:30 AM,False,1260,Accepted,
26265934,0568000,LOUISVILLE METRO POLICE DEPT,Accepted,JEFFERSON,,,1ST,ST,S,,JEFFERSON,,,,,38.253288352,-85.752056498,0.194,1/15/2020 12:00:00 AM,1830,2,2,0,0,CLEAR,DRY,False,REAR END - ONE VEHICLE TURNING LEFT,REAR END,STRAIGHT & LEVEL,DARK-HWY LIGHTED/ON,,,1/30/2020 8:13:16 AM,False,7863,Accepted,
26198375,0568000,LOUISVILLE METRO POLICE DEPT,Accepted,JEFFERSON,US0031W,,2ND,ST,S,US0031W,MARKET,,,,,38.254872032,-85.753544392,22.035,1/15/2020 12:00:00 AM,1440,2,2,0,0,CLOUDY,DRY,False,SIDESWIPE-SAME DIRECTION,SIDESWIPE-SAME DIRECTION,STRAIGHT & LEVEL,DAYLIGHT,,,1/16/2020 8:16:05 AM,False,5187,Accepted,
26198362,0568000,LOUISVILLE METRO POLICE DEPT,Accepted,JEFFERSON,US0042,,MELLWOOD,AVE,,,SPRING,,,,,38.255491175,-85.722232978,0.587,1/15/2020 12:00:00 AM,1258,2,2,0,0,CLOUDY,WET,False,SIDESWIPE-SAME DIRECTION,SIDESWIPE-SAME DIRECTION,STRAIGHT & LEVEL,DAYLIGHT,,,1/16/2020 8:14:41 AM,False,7216,Accepted,
26198450,0568000,LOUISVILLE METRO POLICE DEPT,Accepted,JEFFERSON,,,40TH,ST,S,,VERMONT,,,,,38.256649947,-85.816731236,0.280,1/15/2020 12:00:00 AM,2312,2,2,0,0,CLEAR,DRY,False,SIDESWIPE-SAME DIRECTION,SIDESWIPE-SAME DIRECTION,STRAIGHT & LEVEL,DARK-HWY LIGHTED/ON,,,1/16/2020 8:24:18 AM,False,5057,Accepted,
26198409,0568000,LOUISVILLE METRO POLICE DEPT,Accepted,JEFFERSON,US0060A,,EASTERN,PKWY,,KY0061,PRESTON,,,,,38.214628673,-85.743202107,4.544,1/15/2020 12:00:00 AM,1042,2,2,0,0,CLOUDY,DRY,True,SIDESWIPE-SAME DIRECTION,SIDESWIPE-SAME DIRECTION,STRAIGHT & LEVEL,DAYLIGHT,,,1/16/2020 8:18:10 AM,False,7407,Accepted,
26226164,0568000,LOUISVILLE METRO POLICE DEPT,Accepted,JEFFERSON,,,FLOYD,ST,S,,ST CATHERINE,,,,,38.236487537,-85.751293072,1.339,1/15/2020 12:00:00 AM,1749,2,2,0,0,CLEAR,DRY,False,SIDESWIPE-SAME DIRECTION,SIDESWIPE-SAME DIRECTION,STRAIGHT & LEVEL,DARK-HWY LIGHTED/ON,,,1/22/2020 8:22:11 AM,False,7132,Accepted,
26204844,0568000,LOUISVILLE METRO POLICE DEPT,Accepted,JEFFERSON,KY1934,,GREENBELT,HWY,,,JOHNSONTOWN,,,,,38.116440594,-85.894826033,2.301,1/15/2020 12:00:00 AM,0727,2,2,0,1,CLOUDY,WET,False,OPPOSING LEFT TURN,OPPOSING LEFT TURN,STRAIGHT & LEVEL,DARK-HWY NOT LIGHTED,,,1/17/2020 8:20:00 AM,False,2311,Accepted,
26198391,0568000,LOUISVILLE METRO POLICE DEPT,Accepted,JEFFERSON,US0031W,,DIXIE,HWY,,,KERRICK,,,,,38.153392647,-85.835903628,12.274,1/15/2020 12:00:00 AM,1455,2,2,0,0,CLOUDY,DRY,False,OPPOSING LEFT TURN,OPPOSING LEFT TURN,STRAIGHT & LEVEL,DAYLIGHT,,,1/16/2020 8:16:13 AM,False,7817,Accepted,
26198430,0568000,LOUISVILLE METRO POLICE DEPT,Accepted,JEFFERSON,,,FEGENBUSH,LN,,,WOODHAVEN,,,,,38.174420180,-85.639179278,0.885,1/15/2020 12:00:00 AM,2036,2,2,0,0,CLEAR,DRY,False,OPPOSING LEFT TURN,OPPOSING LEFT TURN,STRAIGHT & LEVEL,DARK-HWY NOT LIGHTED,,,1/16/2020 8:20:59 AM,False,5153,Accepted,
26198346,0568000,LOUISVILLE METRO POLICE DEPT,Accepted,JEFFERSON,,,CHEROKEE GARDENS,RD,,,PEE WEE REESE,,,,,38.241253928,-85.674089845,0.100,1/15/2020 12:00:00 AM,1038,2,2,0,0,RAINING,WET,False,OPPOSITE DIRECTION - BOTH VEHICLES GOING STRAIGHT AHEAD,SIDESWIPE-OPPOSITE DIRECTION,CURVE & HILLCREST,DAYLIGHT,,,1/16/2020 8:13:10 AM,False,7043,Accepted,
26196376,0563800,NORTHFIELD POLICE DEPARTMENT,Accepted,JEFFERSON,,,LIME KILN,LN,,,LIME RIDGE,,,,,38.289965571,-85.630321499,0.453,1/15/2020 12:00:00 AM,1840,2,2,0,0,CLEAR,DRY,False,OPPOSITE DIRECTION - BOTH VEHICLES GOING STRAIGHT AHEAD,SIDESWIPE-OPPOSITE DIRECTION,STRAIGHT & LEVEL,DARK-HWY NOT LIGHTED,,,1/15/2020 8:25:23 PM,False,1380,Accepted,
26198416,0568000,LOUISVILLE METRO POLICE DEPT,Accepted,JEFFERSON,,,BONNYCASTLE,AVE,,,BONNYCASTLE,,,,,38.233687438,-85.699878243,0.870,1/15/2020 12:00:00 AM,1607,2,2,0,0,CLOUDY,DRY,False,VEHICLE BACKING IN INTERSECTION,BACKING,STRAIGHT & HILLCREST,DAYLIGHT,,,1/16/2020 8:19:08 AM,False,7960,Accepted,
26208269,0561500,UNIV. OF LOUISVILLE POLICE,Accepted,JEFFERSON,,,WHITTINGTON,PKWY,N,,PORTER,,,,,38.256162132,-85.581916425,0.733,1/15/2020 12:00:00 AM,0121,2,2,0,0,CLOUDY,WET,False,ANGLE COLLISION - OTHER,ANGLE,STRAIGHT & LEVEL,DAYLIGHT,,,1/17/2020 6:12:44 PM,False,5651,Accepted,
26204743,0568000,LOUISVILLE METRO POLICE DEPT,Accepted,JEFFERSON,US0150,,BROADWAY,,E,,1ST,,,,,38.245714535,-85.753381254,2.656,1/15/2020 12:00:00 AM,0854,2,2,0,1,CLOUDY,DRY,False,ANGLE COLLISION - OTHER,ANGLE,STRAIGHT & LEVEL,DAYLIGHT,,,1/17/2020 8:10:53 AM,False,6360,Accepted,
26198459,0568000,LOUISVILLE METRO POLICE DEPT,Accepted,JEFFERSON,KY1747,,HURSTBOURNE,PKWY,S,KY1747,KY1747 CROSSOVER,,,,,38.242755123,-85.576818210,13.248,1/15/2020 12:00:00 AM,0829,2,2,0,1,CLOUDY,WET,False,ANGLE COLLISION - OTHER,ANGLE,STRAIGHT & LEVEL,DAYLIGHT,,,1/16/2020 8:25:21 AM,False,7802,Accepted,
26198325,0568000,LOUISVILLE METRO POLICE DEPT,Accepted,JEFFERSON,US0060A,,LEXINGTON,RD,,,CHERRY,,,,,38.248637823,-85.677841299,9.374,1/15/2020 12:00:00 AM,0754,2,2,0,0,CLOUDY,WET,False,ANGLE COLLISION - OTHER,ANGLE,CURVE & LEVEL,DAWN,,,1/16/2020 8:10:56 AM,False,2230,Accepted,
26198366,0568000,LOUISVILLE METRO POLICE DEPT,Accepted,JEFFERSON,US0031E,,BARDSTOWN,RD,,,WATTERSON,,,,,38.179074268,-85.623196842,8.454,1/15/2020 12:00:00 AM,1409,2,2,0,1,CLOUDY,WET,False,ANGLE COLLISION - OTHER,ANGLE,STRAIGHT & LEVEL,DAYLIGHT,,,1/16/2020 8:15:36 AM,False,7338,Accepted,
26198338,0568000,LOUISVILLE METRO POLICE DEPT,Accepted,JEFFERSON,KY1020,,SOUTHERN,PKWY,,KY2801,SOUTHERN HEIGHTS,,,,,38.189235863,-85.766721466,8.355,1/15/2020 12:00:00 AM,0742,2,2,0,0,CLOUDY,WET,False,ANGLE COLLISION - ONE VEHICLE TURNING RIGHT,ANGLE,STRAIGHT & LEVEL,DAYLIGHT,,,1/16/2020 8:12:42 AM,False,5260,Accepted,
26198435,0568000,LOUISVILLE METRO POLICE DEPT,Accepted,JEFFERSON,KY1065,,OUTER,LOOP,,KY1865,NEW CUT,,,,,38.126468849,-85.776275889,1.019,1/15/2020 12:00:00 AM,2000,2,2,0,0,CLEAR,DRY,True,ANGLE COLLISION - ONE VEHICLE TURNING RIGHT,ANGLE,STRAIGHT & LEVEL,DARK-HWY LIGHTED/ON,,,1/16/2020 8:22:03 AM,False,5209,Accepted,
26204846,0568000,LOUISVILLE METRO POLICE DEPT,Accepted,JEFFERSON,,,LIBERTY,ST,W,,8TH,,,,,38.253478277,-85.763826400,0.243,1/15/2020 12:00:00 AM,0705,2,2,0,0,CLEAR,DRY,False,COLLISION WITH FIXED OBJECT IN INTERSECTION - FIRST EVENT COLLISION 09 - 32,REAR END,STRAIGHT & LEVEL,DAWN,,,1/17/2020 8:20:20 AM,False,5148,Accepted,
26198318,0568000,LOUISVILLE METRO POLICE DEPT,Accepted,JEFFERSON,,,SKY BLUE,AVE,,,GALAXIE,,,,,38.155116185,-85.851207785,0.767,1/15/2020 12:00:00 AM,0717,2,1,0,1,RAINING,WET,False,COLLISION WITH PEDESTRIAN IN INTERSECTION,SINGLE VEHICLE,STRAIGHT & LEVEL,DARK-HWY LIGHTED/OFF,,,1/16/2020 8:10:06 AM,False,7339,Accepted,
26198428,0568000,LOUISVILLE METRO POLICE DEPT,Accepted,JEFFERSON,US0031E,,BARDSTOWN,RD,,I 0265,I265 E EXIT17 OFF RAMP TO US31E,,,,,38.139617960,-85.582337514,4.772,1/15/2020 12:00:00 AM,2215,2,2,0,0,CLOUDY,DRY,False,ANGLE COLLISION - ONE VEHICLE TURNING LEFT,ANGLE,STRAIGHT & LEVEL,DARK-HWY LIGHTED/ON,,,1/16/2020 8:20:35 AM,False,6977,Accepted,
26198437,0568000,LOUISVILLE METRO POLICE DEPT,Accepted,JEFFERSON,,,BROADWAY,,W,,CECIL,,,,,38.250315393,-85.820598004,1.764,1/15/2020 12:00:00 AM,2138,2,2,0,1,CLEAR,DRY,False,COLLISION WITH PARKED VEHICLE,SIDESWIPE-SAME DIRECTION,STRAIGHT & LEVEL,DARK-HWY LIGHTED/ON,,,1/16/2020 8:22:14 AM,False,5285,Accepted,
26198403,0568000,LOUISVILLE METRO POLICE DEPT,Accepted,JEFFERSON,,,36TH,ST,S,,DOERHOEFER,,,,,38.248031974,-85.810939283,0.611,1/15/2020 12:00:00 AM,1631,2,2,0,0,CLEAR,DRY,False,COLLISION WITH PARKED VEHICLE,SIDESWIPE-SAME DIRECTION,STRAIGHT & LEVEL,DAYLIGHT,,,1/16/2020 8:17:14 AM,False,5290,Accepted,
26204871,0568000,LOUISVILLE METRO POLICE DEPT,Accepted,JEFFERSON,I 0264,,I264 E,,,I 0065,I65 E EXIT12 OFF RAMP,,,,,38.189702753,-85.748946828,11.011,1/15/2020 12:00:00 AM,1625,2,2,0,1,CLEAR,DRY,False,OTHER INTERSECTION COLLISIONS,REAR END,STRAIGHT & GRADE,DAYLIGHT,,,1/17/2020 8:23:19 AM,False,7398,Accepted,
26198458,0568000,LOUISVILLE METRO POLICE DEPT,Accepted,JEFFERSON,KY1065,,OUTER,LOOP,,KY0907,3RD ST,,,,,38.127604193,-85.794681738,0.005,1/15/2020 12:00:00 AM,1657,2,2,0,0,CLEAR,DRY,False,OTHER INTERSECTION COLLISIONS,REAR END,STRAIGHT & HILLCREST,DAYLIGHT,,,1/16/2020 8:25:11 AM,False,7483,Accepted,
26192613,0568000,LOUISVILLE METRO POLICE DEPT,Accepted,JEFFERSON,US0031W,,DIXIE,HWY,,,FLOWERVALE,,,,,38.085355799,-85.879787965,6.940,1/15/2020 12:00:00 AM,0606,2,2,0,0,FOG WITH RAIN,WET,False,OTHER INTERSECTION COLLISIONS,REAR END,STRAIGHT & LEVEL,DARK-HWY LIGHTED/ON,,,1/15/2020 8:14:53 AM,False,7295,Accepted,
26509797,0560000,JEFFERSON COUNTY SHERIFF DEPT.,Accepted,JEFFERSON,KY1865,,TAYLOR,BLVD,,I 0264,I264 E EXIT9 ON RAMP FROM KY1865 N,,,,,38.187405229,-85.783694799,5.582,1/15/2020 12:00:00 AM,0830,2,2,0,0,RAINING,WET,False,OTHER INTERSECTION COLLISIONS,REAR END,CURVE & GRADE,DAYLIGHT,,,3/13/2020 2:40:21 PM,False,3731,Accepted,
27708898,0568000,LOUISVILLE METRO POLICE DEPT,Accepted,JEFFERSON,US0031E,,BARDSTOWN,RD,,,,I 0264,I264 E EXIT16 ON RAMP FROM US31E S,I 0264,I264 E EXIT16 ON RAMP FROM US31E S,38.211065893,-85.671013929,12.052,1/15/2020 12:00:00 AM,0629,2,1,0,1,CLEAR,DRY,False,COLLISION WITH PEDESTRIAN NON - INTERSECTION,SINGLE VEHICLE,CURVE & LEVEL,DAWN,,,1/25/2021 10:05:39 AM,False,5250,Accepted,
26198365,0568000,LOUISVILLE METRO POLICE DEPT,Accepted,JEFFERSON,,,CHESTNUT,ST,E,KY0061,PRESTON,,,,,38.247786604,-85.747245544,0.311,1/15/2020 12:00:00 AM,1410,2,2,0,0,CLOUDY,DRY,False,OTHER INTERSECTION COLLISIONS,REAR END,STRAIGHT & LEVEL,DAYLIGHT,,,1/16/2020 8:15:29 AM,False,2855,Accepted,
26192609,0568000,LOUISVILLE METRO POLICE DEPT,Accepted,JEFFERSON,I 0065,,I65 S,,,I 0065,I65 S EXIT125 OFF RAMP,,,,,38.130715368,-85.703473764,126.248,1/15/2020 12:00:00 AM,0112,2,2,0,2,CLEAR,DRY,False,OTHER INTERSECTION COLLISIONS,REAR END,CURVE & LEVEL,DARK-HWY LIGHTED/ON,,,1/15/2020 8:14:44 AM,False,7016,Accepted,
26248855,0568000,LOUISVILLE METRO POLICE DEPT,Accepted,JEFFERSON,,1860,MELLWOOD,AVE,,,,,,,,38.262177308,-85.715257372,0.167,1/15/2020 12:00:00 AM,1445,1,1,0,0,CLEAR,DRY,False,COLLISION WITH FIXED OBJECT NON - INTERSECTION - FIRST EVENT COLLISION 09 - 32 EXCLUDING 16,SINGLE VEHICLE,STRAIGHT & LEVEL,DAYLIGHT,,,1/27/2020 8:29:44 AM,False,7968,Accepted,
26198422,0568000,LOUISVILLE METRO POLICE DEPT,Accepted,JEFFERSON,,,CEDAR,ST,,,,,,,,38.256636078,-85.794632429,1.144,1/15/2020 12:00:00 AM,1924,2,2,0,0,CLEAR,DRY,False,1 VEHICLE PARKED POSITION (NOT PARKING LOT/DRIVEWAY),REAR END,STRAIGHT & LEVEL,DARK-HWY LIGHTED/OFF,,,1/16/2020 8:19:48 AM,False,7217,Accepted,
26198412,0568000,LOUISVILLE METRO POLICE DEPT,Accepted,JEFFERSON,KY1020,1359,3RD,ST,S,,,,,,,38.230385794,-85.759507836,11.010,1/15/2020 12:00:00 AM,1625,2,2,0,0,CLEAR,DRY,False,1 VEHICLE PARKED POSITION (NOT PARKING LOT/DRIVEWAY),BACKING,STRAIGHT & LEVEL,DAYLIGHT,,,1/16/2020 8:18:32 AM,False,5258,Accepted,
26220493,0568000,LOUISVILLE METRO POLICE DEPT,Accepted,JEFFERSON,,7112,DUNKIRK,LN,,,,,,,,38.056379582,-85.897391222,0.197,1/15/2020 12:00:00 AM,0650,2,2,0,0,CLEAR,DRY,False,1 VEHICLE PARKED POSITION (NOT PARKING LOT/DRIVEWAY),HEAD ON,STRAIGHT & LEVEL,DAWN,,,1/21/2020 9:31:49 AM,False,7524,Accepted,
26198417,0568000,LOUISVILLE METRO POLICE DEPT,Accepted,JEFFERSON,KY1020,,NATIONAL,TPKE,,,,,TOLLS,,HAY,38.135551127,-85.752292585,4.274,1/15/2020 12:00:00 AM,1647,2,2,0,0,CLEAR,DRY,True,SIDESWIPE COLLISION - SAME DIRECTION,SIDESWIPE-SAME DIRECTION,STRAIGHT & LEVEL,DAYLIGHT,,,1/16/2020 8:19:17 AM,False,7202,Accepted,
26198414,0568000,LOUISVILLE METRO POLICE DEPT,Accepted,JEFFERSON,,3212,CRUMS,LN,S,,,,,,,38.193518959,-85.838943756,0.554,1/15/2020 12:00:00 AM,1116,2,2,0,0,CLOUDY,WET,True,SIDESWIPE COLLISION - SAME DIRECTION,SIDESWIPE-SAME DIRECTION,STRAIGHT & LEVEL,DAYLIGHT,,,1/16/2020 8:18:50 AM,False,7420,Accepted,
26204776,0568000,LOUISVILLE METRO POLICE DEPT,Accepted,JEFFERSON,I 0064,,I64 W,,,,,,,,,38.275512179,-85.817882315,0.501,1/15/2020 12:00:00 AM,1442,2,2,0,0,CLEAR,DRY,False,SIDESWIPE COLLISION - SAME DIRECTION,SIDESWIPE-SAME DIRECTION,STRAIGHT & LEVEL,DAYLIGHT,,,1/17/2020 8:14:23 AM,False,2142,Accepted,
26204753,0568000,LOUISVILLE METRO POLICE DEPT,Accepted,JEFFERSON,I 0265,,I265 N,,,,,,,,,38.309295529,-85.571736663,34.046,1/15/2020 12:00:00 AM,1343,3,3,0,0,CLOUDY,DRY,False,SIDESWIPE COLLISION - SAME DIRECTION,SIDESWIPE-SAME DIRECTION,STRAIGHT & GRADE,DAYLIGHT,,,1/17/2020 8:12:00 AM,False,8278,Accepted,
26204744,0568000,LOUISVILLE METRO POLICE DEPT,Accepted,JEFFERSON,I 0264,,I264 W,,,,,I 0264,I264 W EXIT14 OFF RAMP TO KY864,I 0264,I264 W EXIT15 ON RAMP FROM KY1703,38.199882191,-85.700266310,13.876,1/15/2020 12:00:00 AM,0743,2,2,0,0,CLEAR,DRY,False,SIDESWIPE COLLISION - SAME DIRECTION,SIDESWIPE-SAME DIRECTION,STRAIGHT & LEVEL,DAYLIGHT,,,1/17/2020 8:11:09 AM,False,7938,Accepted,