IncidentID,AgencyORI,AgencyName,IncidentStatusDesc,County,RdwyNumber,Street,RoadwayName,StreetSfx,StreetDir,IntersectionRdwy,IntersectionRdwyName,BetweenStRdwy1,BetweenStRdwyName1,BetweenStRdwy2,BetweenStRdwyName2,Latitude,Longitude,Milepoint,CollisionDate,CollisionTime,UnitsInvolved,MotorVehiclesInvolved,NumberKilled,NumberInjured,Weather,RdwyConditionCode,HitandRun,DirAnalysisCode,MannerofCollision,RdwyCharacter,LightCondition,RampFromRdwyId,RampToRdwyId,AcceptedDate,IsSecondaryCollision,OwnerBadge,IncidentStatus,
26198398,0568000,LOUISVILLE METRO POLICE DEPT,Accepted,JEFFERSON,I 0264,,I264 E,,,,,,,,,38.190116094,-85.756649020,10.600,1/15/2020 12:00:00 AM,0712,2,2,0,0,CLOUDY,DRY,False,SIDESWIPE COLLISION - SAME DIRECTION,SIDESWIPE-SAME DIRECTION,STRAIGHT & LEVEL,DARK-HWY LIGHTED/ON,,,1/16/2020 8:16:31 AM,False,4656,Accepted,
26198314,0568000,LOUISVILLE METRO POLICE DEPT,Accepted,JEFFERSON,US0031E,,BARDSTOWN,RD,,,,,,,,38.224633659,-85.693981969,13.639,1/15/2020 12:00:00 AM,0805,2,2,0,0,CLOUDY,WET,False,SIDESWIPE COLLISION - SAME DIRECTION,SIDESWIPE-SAME DIRECTION,CURVE & LEVEL,DAWN,,,1/16/2020 8:09:44 AM,False,5112,Accepted,
26198316,0568000,LOUISVILLE METRO POLICE DEPT,Accepted,JEFFERSON,US0031W,,DIXIE,HWY,,,,,ST PAULS CHURCH,,KERRICK,38.152014707,-85.836248717,12.194,1/15/2020 12:00:00 AM,0620,2,2,0,0,RAINING,WET,True,SIDESWIPE COLLISION - SAME DIRECTION,SIDESWIPE-SAME DIRECTION,STRAIGHT & LEVEL,DARK-HWY LIGHTED/ON,,,1/16/2020 8:09:57 AM,False,7144,Accepted,
26256855,0568000,LOUISVILLE METRO POLICE DEPT,Accepted,JEFFERSON,,,CHENOWETH RUN,RD,,,,KY0155,TAYLORSVILLE,,SARATOGA HILL,38.187199833,-85.552440788,0.916,1/15/2020 12:00:00 AM,0753,2,2,0,0,CLOUDY,DRY,False,SIDESWIPE COLLISION - OPPOSITE DIRECTION,SIDESWIPE-OPPOSITE DIRECTION,CURVE & LEVEL,DAWN,,,1/28/2020 3:04:25 PM,False,2017,Accepted,
26198418,0568000,LOUISVILLE METRO POLICE DEPT,Accepted,JEFFERSON,US0150,,BROADWAY,,E,,,,1ST,,BROOK,38.245658506,-85.752637189,2.689,1/15/2020 12:00:00 AM,1724,2,2,0,0,CLOUDY,DRY,False,1 VEHICLE ENTERING/LEAVING ENTRANCE,ANGLE,STRAIGHT & LEVEL,DUSK,,,1/16/2020 8:19:24 AM,False,5187,Accepted,
26198399,0568000,LOUISVILLE METRO POLICE DEPT,Accepted,JEFFERSON,,,GOLDSMITH,LN,,,,US0031E,BARDSTOWN,,HEATHER,38.208630925,-85.668776098,1.068,1/15/2020 12:00:00 AM,0853,4,4,0,1,CLOUDY,WET,False,1 VEHICLE ENTERING/LEAVING ENTRANCE,ANGLE,STRAIGHT & LEVEL,DAYLIGHT,,,1/16/2020 8:16:39 AM,False,7448,Accepted,
26220332,0568000,LOUISVILLE METRO POLICE DEPT,Accepted,JEFFERSON,,,15TH,ST,S,,,,,,,38.236660460,-85.778351572,0.781,1/15/2020 12:00:00 AM,0625,3,2,0,2,RAINING,WET,True,1 VEHICLE ENTERING/LEAVING ENTRANCE,ANGLE,STRAIGHT & LEVEL,DARK-HWY LIGHTED/ON,,,1/21/2020 9:20:35 AM,False,5216,Accepted,
26220582,0568000,LOUISVILLE METRO POLICE DEPT,Accepted,JEFFERSON,KY1819,,BILLTOWN,RD,,,,,SHAFFER,,SHALLOW ROCK,38.153239664,-85.557897173,6.022,1/15/2020 12:00:00 AM,1005,2,2,0,0,CLOUDY,DRY,False,1 VEHICLE ENTERING/LEAVING ENTRANCE,ANGLE,STRAIGHT & LEVEL,DAYLIGHT,,,1/21/2020 9:36:01 AM,False,6494,Accepted,
26220495,0568000,LOUISVILLE METRO POLICE DEPT,Accepted,JEFFERSON,,,FREYS HILL,RD,,,,KY1447,WESTPORT,,WEMBERLEY HILL,38.293288686,-85.558934719,0.035,1/15/2020 12:00:00 AM,1250,2,2,0,0,CLOUDY,WET,False,1 VEHICLE ENTERING/LEAVING ENTRANCE,ANGLE,STRAIGHT & LEVEL,DAYLIGHT,,,1/21/2020 9:32:07 AM,False,6929,Accepted,
26220496,0568000,LOUISVILLE METRO POLICE DEPT,Accepted,JEFFERSON,KY1447,,WESTPORT,RD,,,,,CREEK,,OLD WESTPORT,38.276900118,-85.601102162,3.486,1/15/2020 12:00:00 AM,0732,2,2,0,0,CLOUDY,WET,False,REAR END IN TRAFFIC LANES BOTH VEHICLES MOVING,REAR END,STRAIGHT & LEVEL,DAWN,,,1/21/2020 9:32:17 AM,False,6929,Accepted,
26198406,0568000,LOUISVILLE METRO POLICE DEPT,Accepted,JEFFERSON,KY1865,4100BLK,TAYLOR,BLVD,,,,,BICKNELL,,MATHA,38.182782838,-85.783719487,5.263,1/15/2020 12:00:00 AM,1118,2,2,0,0,RAINING,WET,False,REAR END IN TRAFFIC LANES BOTH VEHICLES MOVING,REAR END,CURVE & LEVEL,DAYLIGHT,,,1/16/2020 8:17:31 AM,False,5111,Accepted,
26198408,0568000,LOUISVILLE METRO POLICE DEPT,Accepted,JEFFERSON,KY1747,,HURSTBOURNE,PKWY,N,,,,,,,38.284084232,-85.568907706,16.726,1/15/2020 12:00:00 AM,1657,2,2,0,0,CLOUDY,DRY,False,REAR END IN TRAFFIC LANES BOTH VEHICLES MOVING,REAR END,STRAIGHT & LEVEL,DAYLIGHT,,,1/16/2020 8:18:01 AM,False,7355,Accepted,
26198413,0568000,LOUISVILLE METRO POLICE DEPT,Accepted,JEFFERSON,KY0146,,LA GRANGE,RD,,,,I 0265,I265 N EXIT30 ON RAMP FROM KY146,,FACTORY,38.287914807,-85.513571071,7.482,1/15/2020 12:00:00 AM,1828,2,2,0,0,CLOUDY,DRY,False,REAR END IN TRAFFIC LANES BOTH VEHICLES MOVING,REAR END,STRAIGHT & LEVEL,DARK-HWY LIGHTED/ON,,,1/16/2020 8:18:41 AM,False,7337,Accepted,
26198311,0568000,LOUISVILLE METRO POLICE DEPT,Accepted,JEFFERSON,I 0065,,I65 N,,,,,,,,,38.161417556,-85.720335162,128.558,1/15/2020 12:00:00 AM,0742,2,2,0,0,CLOUDY,WET,False,REAR END IN TRAFFIC LANES BOTH VEHICLES MOVING,REAR END,STRAIGHT & LEVEL,DARK-HWY LIGHTED/ON,,,1/16/2020 8:09:06 AM,False,4903,Accepted,
26198402,0568000,LOUISVILLE METRO POLICE DEPT,Accepted,JEFFERSON,US0031W,,DIXIE,HWY,,,,,,,,38.107460997,-85.866868435,8.619,1/15/2020 12:00:00 AM,1130,2,2,0,0,CLOUDY,WET,False,REAR END IN TRAFFIC LANES BOTH VEHICLES MOVING,REAR END,STRAIGHT & LEVEL,DAYLIGHT,,,1/16/2020 8:17:06 AM,False,7234,Accepted,
26198313,0568000,LOUISVILLE METRO POLICE DEPT,Accepted,JEFFERSON,,4700B,FEGENBUSH,LN,,,,,,,,38.181327298,-85.638518781,0.407,1/15/2020 12:00:00 AM,0830,2,2,0,0,CLEAR,DRY,False,REAR END IN TRAFFIC LANES BOTH VEHICLES MOVING,REAR END,STRAIGHT & LEVEL,DAYLIGHT,,,1/16/2020 8:09:26 AM,False,7739,Accepted,
26198404,0568000,LOUISVILLE METRO POLICE DEPT,Accepted,JEFFERSON,US0031W,,DIXIE,HWY,,,,,,,,38.113507705,-85.862321873,9.070,1/15/2020 12:00:00 AM,1750,2,2,0,0,CLOUDY,DRY,False,REAR END IN TRAFFIC LANES BOTH VEHICLES MOVING,REAR END,STRAIGHT & LEVEL,DUSK,,,1/16/2020 8:17:20 AM,False,7073,Accepted,
26204768,0568000,LOUISVILLE METRO POLICE DEPT,Accepted,JEFFERSON,US0031E,,BARDSTOWN,RD,,,,,,,,38.132425811,-85.578772804,4.246,1/15/2020 12:00:00 AM,1814,4,4,0,1,CLEAR,DRY,False,REAR END IN TRAFFIC LANES BOTH VEHICLES MOVING,REAR END,STRAIGHT & LEVEL,DARK (UNKNOWN ROADWAY LIGHTING),,,1/17/2020 8:13:41 AM,False,4693,Accepted,
26198454,0568000,LOUISVILLE METRO POLICE DEPT,Accepted,JEFFERSON,I 0264,,I264 W,,,,,I 0264,I264 W EXIT10 ON RAMP FROM KY1020,I 0264,I264 W EXIT10 ON RAMP FROM KY1020,38.189551212,-85.777181651,9.578,1/15/2020 12:00:00 AM,2158,2,2,0,3,CLEAR,DRY,False,REAR END IN TRAFFIC LANES BOTH VEHICLES MOVING,REAR END,STRAIGHT & LEVEL,DARK-HWY LIGHTED/ON,,,1/16/2020 8:24:53 AM,False,5287,Accepted,
26198312,0568000,LOUISVILLE METRO POLICE DEPT,Accepted,JEFFERSON,I 0065,,I65 N,,,,,,,,,38.161521646,-85.720368236,128.551,1/15/2020 12:00:00 AM,0725,2,2,0,0,CLOUDY,WET,False,REAR END IN TRAFFIC LANES BOTH VEHICLES MOVING,REAR END,STRAIGHT & LEVEL,DARK-HWY LIGHTED/ON,,,1/16/2020 8:09:16 AM,False,4903,Accepted,
26198460,0568000,LOUISVILLE METRO POLICE DEPT,Accepted,JEFFERSON,I 0064,,I64 E,,,,,,,,,38.223373147,-85.527751213,17.781,1/15/2020 12:00:00 AM,1636,3,3,0,0,CLOUDY,DRY,False,REAR END IN TRAFFIC LANES BOTH VEHICLES MOVING,REAR END,STRAIGHT & GRADE,DAYLIGHT,,,1/16/2020 8:25:29 AM,False,7802,Accepted,
26198407,0568000,LOUISVILLE METRO POLICE DEPT,Accepted,JEFFERSON,,,HAZELWOOD,AVE,,,CHURCHMAN,,,,,38.175436413,-85.792527520,0.455,1/15/2020 12:00:00 AM,1407,2,2,0,1,CLOUDY,DRY,False,HEAD-ON COLLISION,HEAD ON,STRAIGHT & LEVEL,DAYLIGHT,,,1/16/2020 8:17:41 AM,False,5111,Accepted,
26198361,0568000,LOUISVILLE METRO POLICE DEPT,Accepted,JEFFERSON,KY0907,,SOUTHSIDE,DR,,,,,,,,38.147625013,-85.773501567,6.469,1/15/2020 12:00:00 AM,0901,2,2,0,1,CLEAR,DRY,False,HEAD-ON COLLISION,HEAD ON,STRAIGHT & LEVEL,DAYLIGHT,,,1/16/2020 8:14:27 AM,False,7331,Accepted,
26226204,0568000,LOUISVILLE METRO POLICE DEPT,Accepted,JEFFERSON,I 0065,,I65 S,,,,,I 0065,I65 S EXIT125 ON RAMP FROM KY481,I 0065,I65 S EXIT125 ON RAMP FROM KY481,38.092904270,-85.701183088,123.633,1/15/2020 12:00:00 AM,1830,2,2,0,0,RAINING,WET,False,SIDESWIPE COLLISION - SAME DIRECTION,SIDESWIPE-SAME DIRECTION,STRAIGHT & LEVEL,DUSK,,,1/22/2020 8:26:06 AM,False,7289,Accepted,
26237677,0568000,LOUISVILLE METRO POLICE DEPT,Accepted,JEFFERSON,,1325,KENTUCKY,ST,W,,,,,,,38.241166571,-85.775804897,2.648,1/15/2020 12:00:00 AM,2347,2,1,0,1,CLEAR,DRY,False,COLLISION WITH TRAIN,SINGLE VEHICLE,STRAIGHT & LEVEL,DARK-HWY LIGHTED/ON,,,1/24/2020 8:39:05 AM,False,7175,Accepted,
26198410,0568000,LOUISVILLE METRO POLICE DEPT,Accepted,JEFFERSON,,,BROADWAY,,W,,,,,,,38.249924435,-85.806863951,1.016,1/15/2020 12:00:00 AM,1706,2,2,0,0,CLOUDY,DRY,False,OTHER ROADWAY OR MID-BLOCK COLLISION,REAR END,STRAIGHT & LEVEL,DUSK,,,1/16/2020 8:18:17 AM,False,5124,Accepted,
26198401,0568000,LOUISVILLE METRO POLICE DEPT,Accepted,JEFFERSON,KY1747,,HURSTBOURNE,PKWY,S,,,,,,,38.246231692,-85.576808219,13.492,1/15/2020 12:00:00 AM,1655,2,2,0,0,CLOUDY,DRY,False,OTHER ROADWAY OR MID-BLOCK COLLISION,REAR END,STRAIGHT & LEVEL,DAYLIGHT,,,1/16/2020 8:16:59 AM,False,2218,Accepted,
26204755,0568000,LOUISVILLE METRO POLICE DEPT,Accepted,JEFFERSON,I 0264,,I264 E,,,,,,,,,38.228149038,-85.636364191,17.905,1/15/2020 12:00:00 AM,1538,1,1,0,0,CLOUDY,DRY,False,OTHER ROADWAY OR MID-BLOCK COLLISION,SINGLE VEHICLE,STRAIGHT & LEVEL,DAYLIGHT,,,1/17/2020 8:12:15 AM,False,8278,Accepted,
26198356,0568000,LOUISVILLE METRO POLICE DEPT,Accepted,JEFFERSON,KY1747,,FERN VALLEY,RD,,,,,,,,38.156951203,-85.702951970,1.605,1/15/2020 12:00:00 AM,1059,2,2,0,0,CLOUDY,WET,False,OTHER ROADWAY OR MID-BLOCK COLLISION,OPPOSING LEFT TURN,STRAIGHT & LEVEL,DAYLIGHT,,,1/16/2020 8:13:58 AM,False,4693,Accepted,
26198425,0568000,LOUISVILLE METRO POLICE DEPT,Accepted,JEFFERSON,I 0064,,,,,,,,,,,38.259212324,-85.742640634,0.178,1/15/2020 12:00:00 AM,1515,1,1,0,2,CLOUDY,DRY,False,OTHER RAMP RELATED COLLISIONS NOT LISTED ABOVE,SINGLE VEHICLE,CURVE & HILLCREST,DAYLIGHT,I 0064,I 0064,1/16/2020 8:20:19 AM,False,2217,Accepted,
26198324,0568000,LOUISVILLE METRO POLICE DEPT,Accepted,JEFFERSON,I 0065,,,,,,,,,,,38.252456105,-85.748786567,0.135,1/15/2020 12:00:00 AM,0919,2,2,0,0,CLOUDY,WET,False,OTHER RAMP RELATED COLLISIONS NOT LISTED ABOVE,REAR END,CURVE & GRADE,DAYLIGHT,I 0065,E JEFFERSON ST,1/16/2020 8:10:47 AM,False,4903,Accepted,
26198429,0568000,LOUISVILLE METRO POLICE DEPT,Accepted,JEFFERSON,I 0264,,,,,,,,,,,38.211332715,-85.669982038,0.120,1/15/2020 12:00:00 AM,2230,1,1,0,0,CLEAR,DRY,False,OTHER RAMP RELATED COLLISIONS NOT LISTED ABOVE,SINGLE VEHICLE,CURVE & GRADE,DARK-HWY LIGHTED/ON,US31E N,I 0264,1/16/2020 8:20:43 AM,False,7935,Accepted,
26198453,0568000,LOUISVILLE METRO POLICE DEPT,Accepted,JEFFERSON,I 0065,,,,,,,,,,,38.194378219,-85.732897030,0.026,1/15/2020 12:00:00 AM,2015,2,2,0,0,CLEAR,DRY,True,OTHER RAMP RELATED COLLISIONS NOT LISTED ABOVE,SIDESWIPE-SAME DIRECTION,STRAIGHT & LEVEL,DARK-HWY LIGHTED/ON,I 0065,I 0264,1/16/2020 8:24:45 AM,False,5287,Accepted,
26186331,0568000,LOUISVILLE METRO POLICE DEPT,Accepted,JEFFERSON,I 0065,,,,,,,,,,,38.252416381,-85.748311754,0.109,1/14/2020 12:00:00 AM,0641,2,2,0,0,CLOUDY,DRY,False,OTHER RAMP RELATED COLLISIONS NOT LISTED ABOVE,REAR END,CURVE & GRADE,DARK-HWY LIGHTED/ON,I 0065,E JEFFERSON ST,1/14/2020 8:15:54 AM,False,4903,Accepted,
26192597,0568000,LOUISVILLE METRO POLICE DEPT,Accepted,JEFFERSON,I 0265,,,,,,,,,,,38.108512984,-85.674576062,0.013,1/14/2020 12:00:00 AM,2020,2,2,0,0,CLEAR,DRY,False,OTHER RAMP RELATED COLLISIONS NOT LISTED ABOVE,REAR END,STRAIGHT & LEVEL,DARK-HWY LIGHTED/ON,I 0265,KY0061,1/15/2020 8:14:14 AM,False,7074,Accepted,
26192567,0568000,LOUISVILLE METRO POLICE DEPT,Accepted,JEFFERSON,I 0065,,,,,,,,,,,38.157372922,-85.716488896,0.473,1/14/2020 12:00:00 AM,1659,2,2,0,0,CLOUDY,DRY,True,OTHER RAMP RELATED COLLISIONS NOT LISTED ABOVE,REAR END,STRAIGHT & LEVEL,DAYLIGHT,I 0065,KY1631,1/15/2020 8:11:57 AM,False,7397,Accepted,
26519101,0568000,LOUISVILLE METRO POLICE DEPT,Accepted,JEFFERSON,I 0065,,I65 N,,,,,,,,,38.254834900,-85.742130742,136.188,1/14/2020 12:00:00 AM,1921,1,1,0,1,RAINING,WET,False,OTHER ROADWAY OR MID-BLOCK COLLISION,SINGLE VEHICLE,CURVE & LEVEL,DAYLIGHT,,,3/16/2020 9:09:37 AM,False,7862,Accepted,
26198330,0568000,LOUISVILLE METRO POLICE DEPT,Accepted,JEFFERSON,I 0264,,I264 W,,,,,,,,,38.200557173,-85.697614973,14.027,1/14/2020 12:00:00 AM,1516,2,2,0,0,CLEAR,DRY,False,OTHER ROADWAY OR MID-BLOCK COLLISION,REAR END,STRAIGHT & GRADE,DAYLIGHT,,,1/16/2020 8:12:02 AM,False,8278,Accepted,
26198354,0568000,LOUISVILLE METRO POLICE DEPT,Accepted,JEFFERSON,,,STONE LAKES,DR,,,,,,,,38.188903124,-85.515994097,0.325,1/14/2020 12:00:00 AM,1455,2,2,0,1,CLEAR,DRY,False,OTHER ROADWAY OR MID-BLOCK COLLISION,OPPOSING LEFT TURN,STRAIGHT & LEVEL,DAYLIGHT,,,1/16/2020 8:13:29 AM,False,4693,Accepted,
26220243,0568000,LOUISVILLE METRO POLICE DEPT,Accepted,JEFFERSON,,2606,MARGUERITE,DR,,,,,,,,38.164743097,-85.849454432,0.049,1/14/2020 12:00:00 AM,1642,2,2,0,0,CLEAR,DRY,False,OTHER ROADWAY OR MID-BLOCK COLLISION,REAR TO REAR,STRAIGHT & LEVEL,DAYLIGHT,,,1/21/2020 9:14:38 AM,False,2686,Accepted,
26220249,0568000,LOUISVILLE METRO POLICE DEPT,Accepted,JEFFERSON,KY1142,2108,PALATKA,RD,,,,,,,,38.154670428,-85.799356841,0.151,1/14/2020 12:00:00 AM,1456,2,2,0,0,CLOUDY,DRY,False,OTHER ROADWAY OR MID-BLOCK COLLISION,REAR END,STRAIGHT & LEVEL,DAYLIGHT,,,1/21/2020 9:15:05 AM,False,7232,Accepted,
26192550,0568000,LOUISVILLE METRO POLICE DEPT,Accepted,JEFFERSON,KY1747,,HURSTBOURNE,PKWY,S,,,US0060,SHELBYVILLE,KY1747,KY1747 CROSSOVER,38.245846534,-85.576785664,13.465,1/14/2020 12:00:00 AM,1500,2,2,0,0,CLEAR,DRY,False,OTHER ROADWAY OR MID-BLOCK COLLISION,REAR END,STRAIGHT & LEVEL,DAYLIGHT,,,1/15/2020 8:10:22 AM,False,7207,Accepted,
26192570,0568000,LOUISVILLE METRO POLICE DEPT,Accepted,JEFFERSON,KY0907,,VALLEY STATION,RD,,,,US0031W,DIXIE,,DEERING,38.105900519,-85.861852346,0.292,1/14/2020 12:00:00 AM,1628,2,2,0,0,CLEAR,DRY,False,OTHER ROADWAY OR MID-BLOCK COLLISION,REAR END,STRAIGHT & HILLCREST,DAYLIGHT,,,1/15/2020 8:12:02 AM,False,6141,Accepted,
26192536,0568000,LOUISVILLE METRO POLICE DEPT,Accepted,JEFFERSON,KY1447,,WESTPORT,RD,,,,,,,,38.297706769,-85.548027535,6.694,1/14/2020 12:00:00 AM,1111,3,3,0,0,CLEAR,DRY,False,OTHER ROADWAY OR MID-BLOCK COLLISION,REAR END,STRAIGHT & LEVEL,DAYLIGHT,,,1/15/2020 8:09:12 AM,False,2346,Accepted,
26192553,0568000,LOUISVILLE METRO POLICE DEPT,Accepted,JEFFERSON,KY1020,,2ND,ST,S,,,,CHESTNUT,US0150,BROADWAY,38.247363440,-85.754762181,12.203,1/14/2020 12:00:00 AM,0903,2,2,0,1,CLEAR,DRY,False,OTHER ROADWAY OR MID-BLOCK COLLISION,OPPOSING LEFT TURN,STRAIGHT & LEVEL,DAYLIGHT,,,1/15/2020 8:10:32 AM,False,7937,Accepted,
27691091,0568000,LOUISVILLE METRO POLICE DEPT,Accepted,JEFFERSON,I 0264,,,,,,,,,,,38.197853767,-85.703796123,0.310,1/14/2020 12:00:00 AM,1749,3,3,0,0,CLEAR,DRY,True,OTHER RAMP RELATED COLLISIONS NOT LISTED ABOVE,REAR END,STRAIGHT & LEVEL,DARK-HWY LIGHTED/ON,KY0864,I 0264,1/20/2021 8:08:42 AM,False,7938,Accepted,
26192587,0568000,LOUISVILLE METRO POLICE DEPT,Accepted,JEFFERSON,,,BRISCOE,LN,,,,,VAUGHN MILL,,BRISCOE VISTA,38.141030142,-85.630289465,1.679,1/14/2020 12:00:00 AM,1659,2,2,0,2,CLEAR,DRY,False,HEAD-ON COLLISION,HEAD ON,STRAIGHT & LEVEL,DAYLIGHT,,,1/15/2020 8:13:35 AM,False,6937,Accepted,
26220394,0568000,LOUISVILLE METRO POLICE DEPT,Accepted,JEFFERSON,I 0264,,I264 E,,,,,,,,,38.202220308,-85.687050559,14.608,1/14/2020 12:00:00 AM,2324,1,1,0,1,CLEAR,DRY,False,OTHER COLLISIONS ON SHOULDER,SINGLE VEHICLE,STRAIGHT & LEVEL,DARK-HWY LIGHTED/ON,,,1/21/2020 9:25:46 AM,False,5029,Accepted,
26192522,0568000,LOUISVILLE METRO POLICE DEPT,Accepted,JEFFERSON,,,HUDSON,LN,,,,,,,,38.170303095,-85.598240421,0.378,1/14/2020 12:00:00 AM,0931,1,1,0,0,CLEAR,WET,False,OTHER COLLISIONS ON SHOULDER,SINGLE VEHICLE,CURVE & GRADE,DAYLIGHT,,,1/15/2020 8:08:49 AM,False,7755,Accepted,
26192542,0568000,LOUISVILLE METRO POLICE DEPT,Accepted,JEFFERSON,I 0071,,I71 S,,,,,,,,,38.311896581,-85.588052608,8.690,1/14/2020 12:00:00 AM,1149,2,2,0,0,CLOUDY,DRY,False,OTHER COLLISIONS ON SHOULDER,SIDESWIPE-SAME DIRECTION,STRAIGHT & GRADE,DAYLIGHT,,,1/15/2020 8:09:41 AM,False,2395,Accepted,
26192528,0568000,LOUISVILLE METRO POLICE DEPT,Accepted,JEFFERSON,I 0265,,I265 W,,,,,I 0265,I265 W EXIT12 OFF RAMP TO KY61,I 0265,I265 W EXIT12 ON RAMP FROM KY61 N,38.110353284,-85.679442064,11.498,1/14/2020 12:00:00 AM,0738,2,2,0,0,CLOUDY,WET,False,REAR END IN TRAFFIC LANES BOTH VEHICLES MOVING,REAR END,CURVE & LEVEL,DAWN,,,1/15/2020 8:09:01 AM,False,2017,Accepted,
26198332,0568000,LOUISVILLE METRO POLICE DEPT,Accepted,JEFFERSON,I 0264,,I264 E,,,,,,,,,38.217979558,-85.658046836,16.531,1/14/2020 12:00:00 AM,1647,2,2,0,0,CLEAR,DRY,False,REAR END IN TRAFFIC LANES BOTH VEHICLES MOVING,REAR END,STRAIGHT & LEVEL,DAYLIGHT,,,1/16/2020 8:12:14 AM,False,8278,Accepted,
26192572,0568000,LOUISVILLE METRO POLICE DEPT,Accepted,JEFFERSON,KY0061,,PRESTON,HWY,,,,,,,,38.103127008,-85.672276218,1.371,1/14/2020 12:00:00 AM,1155,2,2,0,0,CLOUDY,DRY,True,REAR END IN TRAFFIC LANES BOTH VEHICLES MOVING,REAR END,STRAIGHT & LEVEL,DAYLIGHT,,,1/15/2020 8:12:10 AM,False,4693,Accepted,
26198326,0568000,LOUISVILLE METRO POLICE DEPT,Accepted,JEFFERSON,I 0065,,I65 N,,,,,,,,,38.161784381,-85.720436216,128.596,1/14/2020 12:00:00 AM,0738,2,2,0,0,CLOUDY,WET,False,REAR END IN TRAFFIC LANES BOTH VEHICLES MOVING,REAR END,STRAIGHT & LEVEL,DARK-HWY LIGHTED/ON,,,1/16/2020 8:11:10 AM,False,7772,Accepted,
26192514,0568000,LOUISVILLE METRO POLICE DEPT,Accepted,JEFFERSON,I 0064,,I64 E,,,,,,,,,38.247261519,-85.700601935,8.064,1/14/2020 12:00:00 AM,0800,2,2,0,0,CLEAR,DRY,False,REAR END IN TRAFFIC LANES BOTH VEHICLES MOVING,REAR END,STRAIGHT & LEVEL,DAYLIGHT,,,1/15/2020 8:08:14 AM,False,4903,Accepted,
26192524,0568000,LOUISVILLE METRO POLICE DEPT,Accepted,JEFFERSON,,806,FAIRDALE,RD,,,,,,,,38.108411627,-85.753879135,0.354,1/14/2020 12:00:00 AM,0831,2,2,0,3,CLOUDY,WET,False,REAR END IN TRAFFIC LANES BOTH VEHICLES MOVING,REAR END,STRAIGHT & LEVEL,DAYLIGHT,,,1/15/2020 8:08:54 AM,False,7252,Accepted,
26192574,0568000,LOUISVILLE METRO POLICE DEPT,Accepted,JEFFERSON,KY1747,,HURSTBOURNE,PKWY,S,,,,,,,38.172756166,-85.605321654,7.761,1/14/2020 12:00:00 AM,1701,3,3,0,0,CLEAR,DRY,False,REAR END IN TRAFFIC LANES BOTH VEHICLES MOVING,REAR END,STRAIGHT & LEVEL,DAYLIGHT,,,1/15/2020 8:12:19 AM,False,4693,Accepted,
26192575,0568000,LOUISVILLE METRO POLICE DEPT,Accepted,JEFFERSON,I 0064,,I64 E,,,,,I 0265,I265 N,I 0064,I64 E EXIT19A RAMP TO I265 S,38.222648167,-85.506090142,18.925,1/14/2020 12:00:00 AM,0900,2,2,0,0,CLOUDY,DRY,False,REAR END IN TRAFFIC LANES BOTH VEHICLES MOVING,REAR END,STRAIGHT & LEVEL,DAYLIGHT,,,1/15/2020 8:12:25 AM,False,7751,Accepted,
26192533,0568000,LOUISVILLE METRO POLICE DEPT,Accepted,JEFFERSON,,,SMYRNA,PKWY,,,,,MICHAEL RAY,,ROCHELLE,38.126651278,-85.642888321,0.781,1/14/2020 12:00:00 AM,0922,2,2,0,0,CLOUDY,DRY,False,REAR END IN TRAFFIC LANES BOTH VEHICLES MOVING,REAR END,STRAIGHT & LEVEL,DAYLIGHT,,,1/15/2020 8:09:06 AM,False,2017,Accepted,
26237690,0568000,LOUISVILLE METRO POLICE DEPT,Accepted,JEFFERSON,,300,WHITNEY,AVE,W,,,,,,,38.193976822,-85.765094629,0.996,1/14/2020 12:00:00 AM,2255,4,4,0,0,CLEAR,DRY,True,1 VEHICLE ENTERING/LEAVING ENTRANCE,ANGLE,STRAIGHT & LEVEL,DARK-HWY LIGHTED/ON,,,1/24/2020 8:39:54 AM,False,5163,Accepted,
26192596,0568000,LOUISVILLE METRO POLICE DEPT,Accepted,JEFFERSON,,,NORRIS,PL,,,,,,,,38.221149946,-85.703471464,0.876,1/14/2020 12:00:00 AM,1911,2,2,0,0,CLEAR,DRY,False,1 VEHICLE ENTERING/LEAVING ENTRANCE,ANGLE,STRAIGHT & LEVEL,DARK-HWY LIGHTED/ON,,,1/15/2020 8:14:04 AM,False,2976,Accepted,
26192559,0568000,LOUISVILLE METRO POLICE DEPT,Accepted,JEFFERSON,KY1065,,OUTER,LOOP,,,,,,,,38.127679664,-85.747316332,2.731,1/14/2020 12:00:00 AM,1249,2,2,0,0,CLEAR,DRY,False,1 VEHICLE ENTERING/LEAVING ENTRANCE,ANGLE,STRAIGHT & LEVEL,DAYLIGHT,,,1/15/2020 8:11:31 AM,False,7234,Accepted,
26192561,0568000,LOUISVILLE METRO POLICE DEPT,Accepted,JEFFERSON,KY1865,,NEW CUT,RD,,,,,,,,38.139098155,-85.773863867,2.203,1/14/2020 12:00:00 AM,1544,2,2,0,0,CLEAR,DRY,False,1 VEHICLE ENTERING/LEAVING ENTRANCE,ANGLE,STRAIGHT & LEVEL,DAYLIGHT,,,1/15/2020 8:11:42 AM,False,7234,Accepted,