IncidentID,AgencyORI,AgencyName,IncidentStatusDesc,County,RdwyNumber,Street,RoadwayName,StreetSfx,StreetDir,IntersectionRdwy,IntersectionRdwyName,BetweenStRdwy1,BetweenStRdwyName1,BetweenStRdwy2,BetweenStRdwyName2,Latitude,Longitude,Milepoint,CollisionDate,CollisionTime,UnitsInvolved,MotorVehiclesInvolved,NumberKilled,NumberInjured,Weather,RdwyConditionCode,HitandRun,DirAnalysisCode,MannerofCollision,RdwyCharacter,LightCondition,RampFromRdwyId,RampToRdwyId,AcceptedDate,IsSecondaryCollision,OwnerBadge,IncidentStatus,
26192571,0568000,LOUISVILLE METRO POLICE DEPT,Accepted,JEFFERSON,KY1020,,2ND,ST,S,,,,LIBERTY,,JEFFERSON,38.253159950,-85.753839504,12.643,1/14/2020 12:00:00 AM,1720,2,2,0,0,CLEAR,DRY,True,SIDESWIPE COLLISION - OPPOSITE DIRECTION,SIDESWIPE-OPPOSITE DIRECTION,STRAIGHT & LEVEL,DAYLIGHT,,,1/15/2020 8:12:06 AM,False,7229,Accepted,
26192560,0568000,LOUISVILLE METRO POLICE DEPT,Accepted,JEFFERSON,,,DEERING HEIGHTS,DR,,,,,,,,38.087776884,-85.865222588,0.029,1/14/2020 12:00:00 AM,1440,2,2,0,0,CLEAR,DRY,False,SIDESWIPE COLLISION - OPPOSITE DIRECTION,SIDESWIPE-OPPOSITE DIRECTION,CURVE & LEVEL,DAYLIGHT,,,1/15/2020 8:11:35 AM,False,7234,Accepted,
26192602,0568000,LOUISVILLE METRO POLICE DEPT,Accepted,JEFFERSON,,6105,APPLEGATE,LN,,,,,,,,38.133640214,-85.648657566,0.572,1/14/2020 12:00:00 AM,2210,2,2,0,0,CLEAR,DRY,True,SIDESWIPE COLLISION - SAME DIRECTION,SIDESWIPE-SAME DIRECTION,STRAIGHT & LEVEL,DARK-HWY LIGHTED/ON,,,1/15/2020 8:14:22 AM,False,5107,Accepted,
26192546,0568000,LOUISVILLE METRO POLICE DEPT,Accepted,JEFFERSON,,,CHESTNUT,ST,W,,,KY1020,3RD,KY1020,2ND,38.248623308,-85.755495854,2.496,1/14/2020 12:00:00 AM,1232,2,2,0,0,CLEAR,DRY,False,SIDESWIPE COLLISION - SAME DIRECTION,SIDESWIPE-SAME DIRECTION,STRAIGHT & LEVEL,DAYLIGHT,,,1/15/2020 8:10:03 AM,False,7229,Accepted,
26192573,0568000,LOUISVILLE METRO POLICE DEPT,Accepted,JEFFERSON,KY0061,,PRESTON,HWY,,,,,,,,38.123336723,-85.678839630,2.830,1/14/2020 12:00:00 AM,1316,2,2,0,0,CLEAR,DRY,False,SIDESWIPE COLLISION - SAME DIRECTION,SIDESWIPE-SAME DIRECTION,STRAIGHT & LEVEL,DAYLIGHT,,,1/15/2020 8:12:15 AM,False,4693,Accepted,
26192517,0568000,LOUISVILLE METRO POLICE DEPT,Accepted,JEFFERSON,,,7TH,ST,S,,,,OAK,,DUMESNIL,38.235108852,-85.765234004,1.232,1/14/2020 12:00:00 AM,0803,2,2,0,0,CLEAR,DRY,False,SIDESWIPE COLLISION - SAME DIRECTION,SIDESWIPE-SAME DIRECTION,STRAIGHT & LEVEL,DAYLIGHT,,,1/15/2020 8:08:23 AM,False,7619,Accepted,
26198337,0568000,LOUISVILLE METRO POLICE DEPT,Accepted,JEFFERSON,I 0065,,I65 N,,,,,,,,,38.239382671,-85.753116551,134.819,1/14/2020 12:00:00 AM,1723,2,2,0,0,CLEAR,DRY,False,SIDESWIPE COLLISION - SAME DIRECTION,SIDESWIPE-SAME DIRECTION,CURVE & LEVEL,DAYLIGHT,,,1/16/2020 8:12:34 AM,False,7944,Accepted,
26198360,0568000,LOUISVILLE METRO POLICE DEPT,Accepted,JEFFERSON,I 0264,,I264 W,,,,,,,,,38.220224461,-85.653993976,16.800,1/14/2020 12:00:00 AM,1630,2,2,0,0,CLEAR,DRY,False,SIDESWIPE COLLISION - SAME DIRECTION,SIDESWIPE-SAME DIRECTION,STRAIGHT & LEVEL,DAYLIGHT,,,1/16/2020 8:14:17 AM,False,2142,Accepted,
26369370,0568000,LOUISVILLE METRO POLICE DEPT,Accepted,JEFFERSON,I 0264,,I264 E,,,,,,,,,38.189438036,-85.764080173,10.193,1/14/2020 12:00:00 AM,1104,2,2,0,0,CLEAR,DRY,False,SIDESWIPE COLLISION - SAME DIRECTION,SIDESWIPE-SAME DIRECTION,CURVE & GRADE,DAYLIGHT,,,2/17/2020 9:10:35 AM,False,5127,Accepted,
26396613,0568000,LOUISVILLE METRO POLICE DEPT,Accepted,JEFFERSON,I 0064,,I64 W,,,,,,,,,38.260925792,-85.725291280,6.072,1/14/2020 12:00:00 AM,1755,2,2,0,0,CLEAR,DRY,True,SIDESWIPE COLLISION - SAME DIRECTION,SIDESWIPE-SAME DIRECTION,STRAIGHT & LEVEL,DUSK,,,2/20/2020 8:14:46 AM,False,5268,Accepted,
26220318,0568000,LOUISVILLE METRO POLICE DEPT,Accepted,JEFFERSON,,3001,ASHVIEW,TER,,,,,,,,38.211656822,-85.726999742,0.064,1/14/2020 12:00:00 AM,1443,2,2,0,0,CLEAR,DRY,True,1 VEHICLE PARKED POSITION (NOT PARKING LOT/DRIVEWAY),REAR TO REAR,STRAIGHT & LEVEL,DAYLIGHT,,,1/21/2020 9:19:03 AM,False,7400,Accepted,
26192549,0568000,LOUISVILLE METRO POLICE DEPT,Accepted,JEFFERSON,,,ABRAHAM FLEXNER,WAY,,,,,,,,38.249043362,-85.748323026,0.094,1/14/2020 12:00:00 AM,1010,2,2,0,0,CLEAR,DRY,False,1 VEHICLE PARKED POSITION (NOT PARKING LOT/DRIVEWAY),BACKING,STRAIGHT & LEVEL,DAYLIGHT,,,1/15/2020 8:10:18 AM,False,2406,Accepted,
26192556,0568000,LOUISVILLE METRO POLICE DEPT,Accepted,JEFFERSON,,,PATTERSON,AVE,,,,US0031E,BARDSTOWN,,CHEROKEE,38.237850556,-85.718380153,0.051,1/14/2020 12:00:00 AM,1429,2,2,0,0,CLEAR,DRY,False,1 VEHICLE PARKED POSITION (NOT PARKING LOT/DRIVEWAY),REAR END,STRAIGHT & HILLCREST,DAYLIGHT,,,1/15/2020 8:10:51 AM,False,2228,Accepted,
26231506,0568000,LOUISVILLE METRO POLICE DEPT,Accepted,JEFFERSON,,10500,MILLERS,LN,,,,,CONDER,,MARCY,38.103117427,-85.850620912,0.196,1/14/2020 12:00:00 AM,0121,2,2,0,0,CLEAR,DRY,False,1 VEHICLE PARKED POSITION (NOT PARKING LOT/DRIVEWAY),BACKING,STRAIGHT & LEVEL,DARK-HWY NOT LIGHTED,,,1/23/2020 8:28:56 AM,False,2457,Accepted,
26237598,0568000,LOUISVILLE METRO POLICE DEPT,Accepted,JEFFERSON,US0150,,BROADWAY,,E,,,,,,,38.244468312,-85.736415008,3.577,1/14/2020 12:00:00 AM,1015,2,2,0,0,CLEAR,DRY,False,1 VEHICLE PARKED POSITION (NOT PARKING LOT/DRIVEWAY),BACKING,STRAIGHT & LEVEL,DAYLIGHT,,,1/24/2020 8:35:24 AM,False,7969,Accepted,
26192588,0568000,LOUISVILLE METRO POLICE DEPT,Accepted,JEFFERSON,KY0913,,BLANKENBAKER,PKWY,,,,,,,,38.187604191,-85.548046872,0.016,1/14/2020 12:00:00 AM,0718,1,1,0,0,CLOUDY,WET,False,COLLISION WITH FIXED OBJECT NON - INTERSECTION - FIRST EVENT COLLISION 09 - 32 EXCLUDING 16,SINGLE VEHICLE,STRAIGHT & GRADE,DAWN,,,1/15/2020 8:13:40 AM,False,7239,Accepted,
26192515,0568000,LOUISVILLE METRO POLICE DEPT,Accepted,JEFFERSON,US0060A,2013,EASTERN,PKWY,,,,,,,,38.232328253,-85.708818314,6.867,1/14/2020 12:00:00 AM,0857,2,2,0,0,CLEAR,DRY,False,COLLISION WITH FIXED OBJECT NON - INTERSECTION - FIRST EVENT COLLISION 09 - 32 EXCLUDING 16,SIDESWIPE-SAME DIRECTION,STRAIGHT & GRADE,DAYLIGHT,,,1/15/2020 8:08:18 AM,False,5020,Accepted,
26192581,0568000,LOUISVILLE METRO POLICE DEPT,Accepted,JEFFERSON,,,INDIAN,TRL,E,KY0864,POPLAR LEVEL,,,,,38.171608710,-85.684852877,1.207,1/14/2020 12:00:00 AM,1722,2,2,0,0,CLEAR,DRY,True,OTHER INTERSECTION COLLISIONS,REAR END,STRAIGHT & LEVEL,DAYLIGHT,,,1/15/2020 8:12:55 AM,False,5036,Accepted,
26192558,0568000,LOUISVILLE METRO POLICE DEPT,Accepted,JEFFERSON,KY1065,,OUTER,LOOP,,KY1020,NATIONAL,,,,,38.126986821,-85.748787672,2.524,1/14/2020 12:00:00 AM,1259,2,2,0,0,CLEAR,DRY,False,OTHER INTERSECTION COLLISIONS,REAR END,STRAIGHT & LEVEL,DAYLIGHT,,,1/15/2020 8:11:26 AM,False,7373,Accepted,
26192565,0568000,LOUISVILLE METRO POLICE DEPT,Accepted,JEFFERSON,KY1065,,OUTER,LOOP,,,AIR COMMERCE,,,,,38.134667033,-85.719205785,4.237,1/14/2020 12:00:00 AM,1508,2,2,0,0,CLEAR,DRY,False,OTHER INTERSECTION COLLISIONS,REAR END,STRAIGHT & LEVEL,DAYLIGHT,,,1/15/2020 8:11:52 AM,False,5026,Accepted,
26192511,0568000,LOUISVILLE METRO POLICE DEPT,Accepted,JEFFERSON,,,HILL,ST,W,KY1020,2ND,,,,,38.225675099,-85.758603914,0.089,1/14/2020 12:00:00 AM,0727,2,2,0,0,CLEAR,DRY,False,OTHER INTERSECTION COLLISIONS,REAR END,STRAIGHT & LEVEL,DAWN,,,1/15/2020 8:07:59 AM,False,7296,Accepted,
26192585,0568000,LOUISVILLE METRO POLICE DEPT,Accepted,JEFFERSON,KY1865,,TAYLOR,BLVD,,I 0264,I264 W EXIT9 ON RAMP FROM KY1865,,,,,38.190119957,-85.783422483,5.748,1/14/2020 12:00:00 AM,1321,2,2,0,0,CLEAR,DRY,False,OTHER INTERSECTION COLLISIONS,REAR END,STRAIGHT & LEVEL,DAYLIGHT,,,1/15/2020 8:13:19 AM,False,5127,Accepted,
26192520,0568000,LOUISVILLE METRO POLICE DEPT,Accepted,JEFFERSON,KY0061,,PRESTON,HWY,,,VINEWOOD,,,,,38.166449029,-85.704127418,6.132,1/14/2020 12:00:00 AM,0739,2,2,0,0,CLOUDY,WET,False,OTHER INTERSECTION COLLISIONS,REAR END,STRAIGHT & LEVEL,DAWN,,,1/15/2020 8:08:38 AM,False,5036,Accepted,
26192611,0568000,LOUISVILLE METRO POLICE DEPT,Accepted,JEFFERSON,US0031W,,DIXIE,HWY,,,PAGES,,,,,38.129573098,-85.848469585,10.447,1/14/2020 12:00:00 AM,2142,2,2,0,0,CLEAR,DRY,False,OTHER INTERSECTION COLLISIONS,REAR END,STRAIGHT & LEVEL,DARK-HWY LIGHTED/ON,,,1/15/2020 8:14:49 AM,False,5170,Accepted,
26192593,0568000,LOUISVILLE METRO POLICE DEPT,Accepted,JEFFERSON,I 0264,,I264 W,,,I 0264,I264 W EXIT14 OFF RAMP TO KY864 S,,,,,38.198171568,-85.703957121,13.630,1/14/2020 12:00:00 AM,0805,2,2,0,0,CLOUDY,DRY,False,OTHER INTERSECTION COLLISIONS,REAR END,STRAIGHT & GRADE,DAYLIGHT,,,1/15/2020 8:13:55 AM,False,7720,Accepted,
26186329,0568000,LOUISVILLE METRO POLICE DEPT,Accepted,JEFFERSON,I 0265,,I265 N,,,I 0071,I71 S,,,,,38.314716388,-85.581274596,34.687,1/14/2020 12:00:00 AM,0607,1,1,0,0,CLOUDY,DRY,False,OTHER INTERSECTION COLLISIONS,SINGLE VEHICLE,CURVE & LEVEL,DARK-HWY LIGHTED/ON,,,1/14/2020 8:15:48 AM,False,4656,Accepted,
26248813,0568000,LOUISVILLE METRO POLICE DEPT,Accepted,JEFFERSON,,,25TH,ST,S,,MAIN,,,,,38.260480269,-85.791271379,,1/14/2020 12:00:00 AM,1400,2,2,0,0,CLEAR,DRY,False,OTHER INTERSECTION COLLISIONS,REAR END,STRAIGHT & LEVEL,DAYLIGHT,,,1/27/2020 8:27:26 AM,False,7305,Accepted,
26198355,0568000,LOUISVILLE METRO POLICE DEPT,Accepted,JEFFERSON,KY1747,,HURSTBOURNE,PKWY,S,US0031E,BARDSTOWN,,,,,38.169083015,-85.605192688,7.490,1/14/2020 12:00:00 AM,1615,2,2,0,0,CLEAR,DRY,False,OTHER INTERSECTION COLLISIONS,REAR END,STRAIGHT & LEVEL,DAYLIGHT,,,1/16/2020 8:13:51 AM,False,4693,Accepted,
26198415,0568000,LOUISVILLE METRO POLICE DEPT,Accepted,JEFFERSON,KY1865,,TAYLOR,BLVD,,,BICKNELL,,,,,38.183139864,-85.783844941,5.290,1/14/2020 12:00:00 AM,0724,2,2,0,0,CLEAR,DRY,False,OTHER INTERSECTION COLLISIONS,REAR END,STRAIGHT & LEVEL,DAWN,,,1/16/2020 8:18:59 AM,False,7495,Accepted,
26192579,0568000,LOUISVILLE METRO POLICE DEPT,Accepted,JEFFERSON,US0031W,,DIXIE,HWY,,,UPPER HUNTERS,,,,,38.168475566,-85.828630619,13.266,1/14/2020 12:00:00 AM,1720,2,2,0,0,CLEAR,DRY,False,OTHER INTERSECTION COLLISIONS,REAR END,STRAIGHT & LEVEL,DUSK,,,1/15/2020 8:12:44 AM,False,7356,Accepted,
26220303,0568000,LOUISVILLE METRO POLICE DEPT,Accepted,JEFFERSON,,,BRADLEY,AVE,,US0060A,EASTERN,,,,,38.212491568,-85.747067962,0.467,1/14/2020 12:00:00 AM,1521,2,2,0,0,CLEAR,DRY,False,OTHER INTERSECTION COLLISIONS,REAR END,STRAIGHT & LEVEL,DAYLIGHT,,,1/21/2020 9:18:07 AM,False,7334,Accepted,
26222706,0560000,JEFFERSON COUNTY SHERIFF DEPT.,Accepted,JEFFERSON,US0031E,,BARDSTOWN,RD,,,WAHL ST BLVD,,,,,38.187239977,-85.637858108,9.436,1/14/2020 12:00:00 AM,0730,3,3,0,0,CLOUDY,WET,False,OTHER INTERSECTION COLLISIONS,REAR END,STRAIGHT & LEVEL,DAWN,,,1/21/2020 3:01:47 PM,False,3419,Accepted,
26220245,0568000,LOUISVILLE METRO POLICE DEPT,Accepted,JEFFERSON,KY2052,,SHEPHERDSVILLE,RD,,,INDIAN,,,,,38.185780903,-85.659656160,3.266,1/14/2020 12:00:00 AM,0841,2,2,0,1,CLEAR,DRY,False,COLLISION WITH PARKED VEHICLE,REAR END,STRAIGHT & LEVEL,DAYLIGHT,,,1/21/2020 9:14:48 AM,False,7303,Accepted,
26192583,0568000,LOUISVILLE METRO POLICE DEPT,Accepted,JEFFERSON,,,NORRIS,PL,,,SPEED,,,,,38.224842713,-85.706536463,0.536,1/14/2020 12:00:00 AM,0900,2,2,0,0,CLEAR,DRY,False,COLLISION WITH PARKED VEHICLE,SIDESWIPE-SAME DIRECTION,STRAIGHT & LEVEL,DAYLIGHT,,,1/15/2020 8:13:08 AM,False,7740,Accepted,
26204904,0568000,LOUISVILLE METRO POLICE DEPT,Accepted,JEFFERSON,KY1703,,NEWBURG,RD,,,THACKERAY,,,,,38.212901504,-85.699806923,3.318,1/14/2020 12:00:00 AM,1514,2,2,0,0,CLEAR,DRY,False,COLLISION WITH FIXED OBJECT IN INTERSECTION - FIRST EVENT COLLISION 09 - 32,ANGLE,STRAIGHT & GRADE,DAYLIGHT,,,1/17/2020 8:25:55 AM,False,6813,Accepted,
26192599,0568000,LOUISVILLE METRO POLICE DEPT,Accepted,JEFFERSON,,,FAIRGROUND,RD,,US0031E,BARDSTOWN,,,,,38.162943325,-85.595999130,0.001,1/14/2020 12:00:00 AM,1925,2,2,0,0,CLEAR,DRY,False,ANGLE COLLISION - OTHER,ANGLE,STRAIGHT & LEVEL,DARK-HWY LIGHTED/ON,,,1/15/2020 8:14:17 AM,False,2416,Accepted,
26186321,0568000,LOUISVILLE METRO POLICE DEPT,Accepted,JEFFERSON,,,4TH,ST,S,,MAGNOLIA,,,,,38.229143046,-85.761373410,1.914,1/14/2020 12:00:00 AM,0145,5,5,0,0,CLOUDY,DRY,False,ANGLE COLLISION - OTHER,ANGLE,STRAIGHT & LEVEL,DARK-HWY LIGHTED/ON,,,1/14/2020 8:14:59 AM,False,7957,Accepted,
26192589,0568000,LOUISVILLE METRO POLICE DEPT,Accepted,JEFFERSON,,,LIBERTY,ST,E,KY0864,CHESTNUT,,,,,38.249930173,-85.733246407,1.054,1/14/2020 12:00:00 AM,1448,2,2,0,2,CLOUDY,DRY,False,ANGLE COLLISION - OTHER,ANGLE,STRAIGHT & LEVEL,DAYLIGHT,,,1/15/2020 8:13:43 AM,False,7239,Accepted,
26186328,0568000,LOUISVILLE METRO POLICE DEPT,Accepted,JEFFERSON,KY2052,,SHEPHERDSVILLE,RD,,KY0864,POPLAR LEVEL,,,,,38.160108587,-85.659946920,1.480,1/14/2020 12:00:00 AM,0500,2,2,0,0,RAINING,WET,False,ANGLE COLLISION - OTHER,ANGLE,STRAIGHT & LEVEL,DARK-HWY LIGHTED/ON,,,1/14/2020 8:15:42 AM,False,5207,Accepted,
26192586,0568000,LOUISVILLE METRO POLICE DEPT,Accepted,JEFFERSON,,,OAK,ST,W,,6TH,,,,,38.235311966,-85.763671428,0.454,1/14/2020 12:00:00 AM,1851,2,2,0,2,CLEAR,DRY,False,ANGLE COLLISION - OTHER,ANGLE,STRAIGHT & LEVEL,DARK-HWY LIGHTED/ON,,,1/15/2020 8:13:25 AM,False,5127,Accepted,
26192548,0568000,LOUISVILLE METRO POLICE DEPT,Accepted,JEFFERSON,,,16TH,ST,S,US0031W,MARKET,,,,,38.257437918,-85.776654806,0.094,1/14/2020 12:00:00 AM,1440,2,2,0,0,CLEAR,DRY,False,ANGLE COLLISION - OTHER,ANGLE,STRAIGHT & LEVEL,DAYLIGHT,,,1/15/2020 8:10:13 AM,False,7305,Accepted,
26879712,0568000,LOUISVILLE METRO POLICE DEPT,Accepted,JEFFERSON,,,MUHAMMAD ALI,BLVD,W,US0031W,22ND,,,,,38.254424681,-85.787288252,1.909,1/14/2020 12:00:00 AM,1321,3,3,0,3,CLEAR,DRY,False,ANGLE COLLISION - OTHER,ANGLE,STRAIGHT & LEVEL,DAYLIGHT,,,7/1/2020 10:22:57 AM,False,7463,Accepted,
26220256,0568000,LOUISVILLE METRO POLICE DEPT,Accepted,JEFFERSON,KY0061,,PRESTON,HWY,,I 0065,I65 N EXIT130 OFF RAMP TO KY61,,,,,38.178777085,-85.717087565,7.244,1/14/2020 12:00:00 AM,1925,2,2,0,1,CLEAR,DRY,False,SIDESWIPE-SAME DIRECTION,SIDESWIPE-SAME DIRECTION,STRAIGHT & LEVEL,DARK-HWY LIGHTED/ON,,,1/21/2020 9:15:46 AM,False,5106,Accepted,
26192563,0568000,LOUISVILLE METRO POLICE DEPT,Accepted,JEFFERSON,,,ROY WILKINS,AVE,,US0031W,MARKET,,,,,38.256168776,-85.765131983,0.091,1/14/2020 12:00:00 AM,1620,2,2,0,0,CLEAR,DRY,True,SIDESWIPE-SAME DIRECTION,SIDESWIPE-SAME DIRECTION,CURVE & LEVEL,DAYLIGHT,,,1/15/2020 8:11:48 AM,False,5268,Accepted,
26192554,0568000,LOUISVILLE METRO POLICE DEPT,Accepted,JEFFERSON,,,6TH,ST,S,US0031W,MARKET,,,,,38.255686629,-85.760080492,0.090,1/14/2020 12:00:00 AM,1315,2,2,0,0,CLEAR,DRY,False,SIDESWIPE-SAME DIRECTION,SIDESWIPE-SAME DIRECTION,STRAIGHT & LEVEL,DAYLIGHT,,,1/15/2020 8:10:38 AM,False,7937,Accepted,
26192551,0568000,LOUISVILLE METRO POLICE DEPT,Accepted,JEFFERSON,KY1703,,BAXTER,AVE,,,GRINSTEAD,,,,,38.237655871,-85.722235679,5.476,1/14/2020 12:00:00 AM,1419,2,2,0,0,CLEAR,DRY,False,SIDESWIPE-SAME DIRECTION,SIDESWIPE-SAME DIRECTION,STRAIGHT & LEVEL,DAYLIGHT,,,1/15/2020 8:10:27 AM,False,5020,Accepted,
26192541,0568000,LOUISVILLE METRO POLICE DEPT,Accepted,JEFFERSON,,,GAGEL,AVE,,KY1931,MANSLICK,,,,,38.170417160,-85.797573050,1.403,1/14/2020 12:00:00 AM,0856,2,2,0,0,CLOUDY,DRY,False,REAR END - ONE VEHICLE TURNING RIGHT,REAR END,STRAIGHT & LEVEL,DAYLIGHT,,,1/15/2020 8:09:38 AM,False,7356,Accepted,
26220356,0568000,LOUISVILLE METRO POLICE DEPT,Accepted,JEFFERSON,,,WHITNEY,AVE,W,,HENRY,,,,,38.193378021,-85.781831922,0.071,1/14/2020 12:00:00 AM,1824,2,2,0,0,CLOUDY,DRY,False,ANGLE COLLISION - OTHER,ANGLE,STRAIGHT & LEVEL,DARK-HWY LIGHTED/ON,,,1/21/2020 9:22:08 AM,False,7468,Accepted,
26231490,0568000,LOUISVILLE METRO POLICE DEPT,Accepted,JEFFERSON,,,3RD,ST,S,,WHITNEY,,,,,38.193974211,-85.764958817,0.457,1/14/2020 12:00:00 AM,2216,2,2,0,0,CLEAR,DRY,False,ANGLE COLLISION - OTHER,ANGLE,STRAIGHT & LEVEL,DARK-HWY LIGHTED/ON,,,1/23/2020 8:28:16 AM,False,5139,Accepted,
26260465,0568000,LOUISVILLE METRO POLICE DEPT,Accepted,JEFFERSON,KY0155,,TAYLORSVILLE,RD,,,TREVILIAN,,,,,38.223010063,-85.684685846,16.540,1/13/2020 12:00:00 AM,1304,2,2,0,0,CLEAR,DRY,False,OPPOSING LEFT TURN,OPPOSING LEFT TURN,CURVE & LEVEL,DAYLIGHT,,,1/29/2020 8:12:45 AM,False,2100,Accepted,
26186250,0568000,LOUISVILLE METRO POLICE DEPT,Accepted,JEFFERSON,,,CHESTNUT,ST,W,,20TH,,,,,38.251940649,-85.785097464,0.868,1/13/2020 12:00:00 AM,1058,2,2,0,0,CLEAR,DRY,False,SIDESWIPE-SAME DIRECTION,SIDESWIPE-SAME DIRECTION,STRAIGHT & LEVEL,DAYLIGHT,,,1/14/2020 8:09:02 AM,False,7220,Accepted,
26186271,0568000,LOUISVILLE METRO POLICE DEPT,Accepted,JEFFERSON,,,OLD LA GRANGE,RD,,,CHAMBERLAIN,,,,,38.289646351,-85.512760922,0.872,1/13/2020 12:00:00 AM,1543,2,2,0,0,CLEAR,DRY,False,SIDESWIPE-SAME DIRECTION,SIDESWIPE-SAME DIRECTION,STRAIGHT & LEVEL,DAYLIGHT,,,1/14/2020 8:11:26 AM,False,2109,Accepted,
26186269,0568000,LOUISVILLE METRO POLICE DEPT,Accepted,JEFFERSON,,,BROOK,ST,S,,HILL,,,,,38.225312978,-85.755303751,1.435,1/13/2020 12:00:00 AM,1615,2,2,0,0,CLEAR,DRY,False,SIDESWIPE-SAME DIRECTION,SIDESWIPE-SAME DIRECTION,STRAIGHT & LEVEL,DAYLIGHT,,,1/14/2020 8:11:08 AM,False,7296,Accepted,
26186282,0568000,LOUISVILLE METRO POLICE DEPT,Accepted,JEFFERSON,,,LEXINGTON,RD,,,PAYNE,,,,,38.250603079,-85.720709093,0.732,1/13/2020 12:00:00 AM,1315,2,2,0,0,CLOUDY,DRY,True,SIDESWIPE-SAME DIRECTION,SIDESWIPE-SAME DIRECTION,CURVE & GRADE,DAYLIGHT,,,1/14/2020 8:12:12 AM,False,2228,Accepted,
26186319,0568000,LOUISVILLE METRO POLICE DEPT,Accepted,JEFFERSON,KY1747,,HURSTBOURNE,PKWY,S,KY1747,KY1747 CROSSOVER,,,,,38.242828417,-85.576819435,13.251,1/13/2020 12:00:00 AM,1953,2,2,0,0,CLEAR,DRY,False,VEHICLE BACKING IN INTERSECTION,BACKING,CURVE & LEVEL,DARK-HWY LIGHTED/ON,,,1/14/2020 8:14:53 AM,False,5007,Accepted,
26186310,0568000,LOUISVILLE METRO POLICE DEPT,Accepted,JEFFERSON,,,OAK,ST,W,,12TH,,,,,38.236185914,-85.773679359,0.997,1/13/2020 12:00:00 AM,1135,2,2,0,0,CLEAR,DRY,False,OPPOSITE DIRECTION - BOTH VEHICLES GOING STRAIGHT AHEAD,SIDESWIPE-OPPOSITE DIRECTION,STRAIGHT & LEVEL,DAYLIGHT,,,1/14/2020 8:14:22 AM,False,5280,Accepted,
26248817,0568000,LOUISVILLE METRO POLICE DEPT,Accepted,JEFFERSON,US0060A,,EASTERN,PKWY,,US0031E,BARDSTOWN,,,,,38.231995273,-85.709318246,6.831,1/13/2020 12:00:00 AM,0653,2,2,0,2,CLEAR,DRY,False,OPPOSITE DIRECTION - BOTH VEHICLES GOING STRAIGHT AHEAD,SIDESWIPE-OPPOSITE DIRECTION,STRAIGHT & LEVEL,DARK-HWY LIGHTED/ON,,,1/27/2020 8:27:32 AM,False,7180,Accepted,
26186322,0568000,LOUISVILLE METRO POLICE DEPT,Accepted,JEFFERSON,KY1020,,3RD,ST,S,,HEYWOOD,,,,,38.206281488,-85.763719242,9.575,1/13/2020 12:00:00 AM,2105,2,2,0,0,CLEAR,DRY,False,OPPOSITE DIRECTION - BOTH VEHICLES GOING STRAIGHT AHEAD,SIDESWIPE-OPPOSITE DIRECTION,STRAIGHT & LEVEL,DARK-HWY LIGHTED/ON,,,1/14/2020 8:15:04 AM,False,5131,Accepted,
26186288,0568000,LOUISVILLE METRO POLICE DEPT,Accepted,JEFFERSON,KY1934,,GREENBELT,HWY,,,TRADE PORT,,,,,38.125407599,-85.893002189,2.882,1/13/2020 12:00:00 AM,1544,2,2,0,2,CLEAR,DRY,False,ANGLE COLLISION - OTHER,ANGLE,STRAIGHT & LEVEL,DAYLIGHT,,,1/14/2020 8:12:38 AM,False,6877,Accepted,
26186279,0568000,LOUISVILLE METRO POLICE DEPT,Accepted,JEFFERSON,,,HANCOCK,ST,S,,GRAY,,,,,38.246082248,-85.743390801,0.621,1/13/2020 12:00:00 AM,1640,3,3,0,1,CLOUDY,DRY,False,ANGLE COLLISION - OTHER,ANGLE,STRAIGHT & LEVEL,DAYLIGHT,,,1/14/2020 8:11:56 AM,False,7239,Accepted,
26186298,0568000,LOUISVILLE METRO POLICE DEPT,Accepted,JEFFERSON,,,ELLIOTT,AVE,,,43RD,,,,,38.253765836,-85.823414227,0.929,1/13/2020 12:00:00 AM,1345,2,2,0,0,CLEAR,DRY,True,ANGLE COLLISION - OTHER,ANGLE,STRAIGHT & LEVEL,DAYLIGHT,,,1/14/2020 8:13:12 AM,False,5113,Accepted,
26192518,0568000,LOUISVILLE METRO POLICE DEPT,Accepted,JEFFERSON,KY1020,,3RD,ST,S,,IOWA,,,,,38.207540967,-85.763457829,9.675,1/13/2020 12:00:00 AM,1731,2,2,0,0,CLEAR,DRY,False,ANGLE COLLISION - OTHER,ANGLE,STRAIGHT & LEVEL,DUSK,,,1/15/2020 8:08:28 AM,False,2499,Accepted,
26179915,0568000,LOUISVILLE METRO POLICE DEPT,Accepted,JEFFERSON,,,1ST,ST,S,,JEFFERSON,,,,,38.253309476,-85.752061454,0.193,1/13/2020 12:00:00 AM,0046,2,2,0,0,CLEAR,DRY,False,ANGLE COLLISION - OTHER,ANGLE,STRAIGHT & LEVEL,DARK-HWY LIGHTED/ON,,,1/13/2020 8:49:46 AM,False,7085,Accepted,
26192576,0568000,LOUISVILLE METRO POLICE DEPT,Accepted,JEFFERSON,KY1020,,3RD,ST,S,,BRANDEIS,,,,,38.219888795,-85.761275481,10.277,1/13/2020 12:00:00 AM,1638,2,2,0,0,CLEAR,DRY,False,ANGLE COLLISION - OTHER,ANGLE,STRAIGHT & LEVEL,DAYLIGHT,,,1/15/2020 8:12:33 AM,False,7334,Accepted,