IncidentID,AgencyORI,AgencyName,IncidentStatusDesc,County,RdwyNumber,Street,RoadwayName,StreetSfx,StreetDir,IntersectionRdwy,IntersectionRdwyName,BetweenStRdwy1,BetweenStRdwyName1,BetweenStRdwy2,BetweenStRdwyName2,Latitude,Longitude,Milepoint,CollisionDate,CollisionTime,UnitsInvolved,MotorVehiclesInvolved,NumberKilled,NumberInjured,Weather,RdwyConditionCode,HitandRun,DirAnalysisCode,MannerofCollision,RdwyCharacter,LightCondition,RampFromRdwyId,RampToRdwyId,AcceptedDate,IsSecondaryCollision,OwnerBadge,IncidentStatus,
26186292,0568000,LOUISVILLE METRO POLICE DEPT,Accepted,JEFFERSON,US0031W,,DIXIE,HWY,,,BONNYVILLE,,,,,38.166941366,-85.829248389,13.188,1/13/2020 12:00:00 AM,1532,2,2,0,0,CLEAR,DRY,False,ANGLE COLLISION - OTHER,ANGLE,STRAIGHT & LEVEL,DAYLIGHT,,,1/14/2020 8:12:59 AM,False,7485,Accepted,
26186299,0568000,LOUISVILLE METRO POLICE DEPT,Accepted,JEFFERSON,,,MINOR,LN,,,HOLIDAY,,,,,38.128425064,-85.711241321,0.476,1/13/2020 12:00:00 AM,1419,2,2,0,0,CLEAR,DRY,False,ANGLE COLLISION - OTHER,ANGLE,STRAIGHT & LEVEL,DAYLIGHT,,,1/14/2020 8:13:16 AM,False,4693,Accepted,
26518943,0568000,LOUISVILLE METRO POLICE DEPT,Accepted,JEFFERSON,,,6TH,ST,S,,OAK,,,,,38.235322418,-85.763615854,1.510,1/13/2020 12:00:00 AM,0744,2,2,0,1,CLOUDY,DRY,False,ANGLE COLLISION - OTHER,ANGLE,STRAIGHT & LEVEL,DAYLIGHT,,,3/16/2020 9:03:04 AM,False,7334,Accepted,
26220362,0568000,LOUISVILLE METRO POLICE DEPT,Accepted,JEFFERSON,,,RIVER PARK,DR,,,32ND,,,,,38.254220120,-85.805291026,1.189,1/13/2020 12:00:00 AM,0857,2,1,0,1,CLEAR,DRY,False,COLLISION WITH PEDESTRIAN IN INTERSECTION,SINGLE VEHICLE,STRAIGHT & LEVEL,DAYLIGHT,,,1/21/2020 9:22:56 AM,False,7469,Accepted,
26192580,0568000,LOUISVILLE METRO POLICE DEPT,Accepted,JEFFERSON,,,BUECHEL BANK,RD,,,COTTAGEMEADOW,,,,,38.178222334,-85.648723737,0.977,1/13/2020 12:00:00 AM,1840,2,1,0,1,CLEAR,DRY,False,COLLISION WITH PEDESTRIAN IN INTERSECTION,SINGLE VEHICLE,STRAIGHT & LEVEL,DARK-HWY LIGHTED/ON,,,1/15/2020 8:12:49 AM,False,5191,Accepted,
26220237,0568000,LOUISVILLE METRO POLICE DEPT,Accepted,JEFFERSON,,,PAGES,LN,E,,STANDING OAK,,,,,38.129800221,-85.846822324,0.059,1/13/2020 12:00:00 AM,0725,4,4,0,0,CLEAR,DRY,True,OTHER INTERSECTION COLLISIONS,REAR END,STRAIGHT & LEVEL,DAWN,,,1/21/2020 9:13:56 AM,False,7336,Accepted,
26186327,0568000,LOUISVILLE METRO POLICE DEPT,Accepted,JEFFERSON,KY1934,,GREENBELT,HWY,,KY1230,LOWER RIVER,,,,,38.098114112,-85.892011456,1.041,1/13/2020 12:00:00 AM,2243,2,2,0,0,CLEAR,DRY,False,OTHER INTERSECTION COLLISIONS,REAR END,STRAIGHT & LEVEL,DARK-HWY LIGHTED/ON,,,1/14/2020 8:15:38 AM,False,7160,Accepted,
26179919,0568000,LOUISVILLE METRO POLICE DEPT,Accepted,JEFFERSON,KY0155,,TAYLORSVILLE,RD,,,CARDWELL,,,,,38.218839228,-85.601696169,11.997,1/13/2020 12:00:00 AM,0651,2,2,0,0,CLEAR,DRY,False,OTHER INTERSECTION COLLISIONS,REAR END,STRAIGHT & LEVEL,DARK-HWY NOT LIGHTED,,,1/13/2020 8:50:04 AM,False,5146,Accepted,
26186251,0568000,LOUISVILLE METRO POLICE DEPT,Accepted,JEFFERSON,US0150,,BROADWAY,,W,,18TH,,,,,38.248962217,-85.781495135,1.101,1/13/2020 12:00:00 AM,1122,2,2,0,0,CLOUDY,DRY,False,OTHER INTERSECTION COLLISIONS,REAR END,STRAIGHT & LEVEL,DAYLIGHT,,,1/14/2020 8:09:06 AM,False,7463,Accepted,
26192592,0568000,LOUISVILLE METRO POLICE DEPT,Accepted,JEFFERSON,I 0264,,I264 E,,,I 0264,I264 E EXIT18 OFF RAMP TO KY1932,,,,,38.224813950,-85.643342192,17.461,1/13/2020 12:00:00 AM,0846,2,2,0,0,CLOUDY,DRY,True,OTHER INTERSECTION COLLISIONS,REAR END,STRAIGHT & LEVEL,DAWN,,,1/15/2020 8:13:50 AM,False,7720,Accepted,
26204898,0568000,LOUISVILLE METRO POLICE DEPT,Accepted,JEFFERSON,I 0264,,I264 W,,,I 0065,I65 W EXIT11 OFF RAMP,,,,,38.191108013,-85.718288733,12.686,1/13/2020 12:00:00 AM,0113,2,2,0,0,CLEAR,DRY,True,OTHER INTERSECTION COLLISIONS,REAR END,STRAIGHT & LEVEL,DARK-HWY LIGHTED/ON,,,1/17/2020 8:24:42 AM,False,7972,Accepted,
26198411,0568000,LOUISVILLE METRO POLICE DEPT,Accepted,JEFFERSON,,,CHESTNUT,ST,W,,,,,,,38.250039028,-85.767819809,1.818,1/13/2020 12:00:00 AM,1615,2,1,0,1,CLEAR,DRY,True,COLLISION WITH PEDESTRIAN NON - INTERSECTION,SINGLE VEHICLE,STRAIGHT & LEVEL,DAYLIGHT,,,1/16/2020 8:18:26 AM,False,2854,Accepted,
26186258,0568000,LOUISVILLE METRO POLICE DEPT,Accepted,JEFFERSON,,1057,28TH,ST,S,,,,,,,38.241053102,-85.799746296,1.416,1/13/2020 12:00:00 AM,1239,2,1,0,1,CLOUDY,DRY,False,COLLISION WITH PEDESTRIAN NON - INTERSECTION,SINGLE VEHICLE,STRAIGHT & LEVEL,DAYLIGHT,,,1/14/2020 8:09:56 AM,False,5151,Accepted,
26186284,0568000,LOUISVILLE METRO POLICE DEPT,Accepted,JEFFERSON,KY2251,,BARDSTOWN,RD,,US0031E,BARDSTOWN,,,,,38.200180553,-85.662280699,1.192,1/13/2020 12:00:00 AM,1403,2,2,0,2,CLEAR,DRY,False,OTHER INTERSECTION COLLISIONS,REAR END,STRAIGHT & LEVEL,DAYLIGHT,,,1/14/2020 8:12:21 AM,False,7864,Accepted,
26186285,0568000,LOUISVILLE METRO POLICE DEPT,Accepted,JEFFERSON,US0060A,,EASTERN,PKWY,,,CROSS,,,,,38.228082226,-85.717490442,6.306,1/13/2020 12:00:00 AM,1703,2,2,0,0,CLEAR,DRY,False,OTHER INTERSECTION COLLISIONS,REAR END,STRAIGHT & GRADE,DAYLIGHT,,,1/14/2020 8:12:26 AM,False,7900,Accepted,
26186291,0568000,LOUISVILLE METRO POLICE DEPT,Accepted,JEFFERSON,KY1934,,GREENBELT,HWY,,,RAGGARD,,,,,38.174859175,-85.870845420,6.642,1/13/2020 12:00:00 AM,0644,3,3,0,0,CLEAR,DRY,True,OTHER INTERSECTION COLLISIONS,REAR END,STRAIGHT & LEVEL,DAWN,,,1/14/2020 8:12:55 AM,False,7485,Accepted,
26186295,0568000,LOUISVILLE METRO POLICE DEPT,Accepted,JEFFERSON,KY1934,,GREENBELT,HWY,,KY1230,DOVER,,,,,38.175877858,-85.868635902,6.780,1/13/2020 12:00:00 AM,1741,2,2,0,1,CLEAR,DRY,False,OTHER INTERSECTION COLLISIONS,REAR END,STRAIGHT & LEVEL,DUSK,,,1/14/2020 8:13:07 AM,False,7177,Accepted,
26186307,0568000,LOUISVILLE METRO POLICE DEPT,Accepted,JEFFERSON,KY1020,,SOUTHSIDE,DR,,,ROCHESTER,,,,,38.169508808,-85.764713481,6.862,1/13/2020 12:00:00 AM,1610,3,3,0,0,CLEAR,DRY,False,OTHER INTERSECTION COLLISIONS,REAR END,STRAIGHT & LEVEL,DAYLIGHT,,,1/14/2020 8:14:11 AM,False,7427,Accepted,
26186247,0568000,LOUISVILLE METRO POLICE DEPT,Accepted,JEFFERSON,,,26TH,ST,S,,CHESTNUT,,,,,38.253005059,-85.794498294,0.536,1/13/2020 12:00:00 AM,0938,2,2,0,0,CLOUDY,DRY,False,OTHER INTERSECTION COLLISIONS,REAR END,STRAIGHT & LEVEL,DAYLIGHT,,,1/14/2020 8:08:49 AM,False,7947,Accepted,
26186289,0568000,LOUISVILLE METRO POLICE DEPT,Accepted,JEFFERSON,,,ZORN,AVE,,,RIVER,,,,,38.277344998,-85.699103152,1.751,1/13/2020 12:00:00 AM,1715,2,2,0,0,CLEAR,DRY,False,OTHER INTERSECTION COLLISIONS,REAR END,STRAIGHT & LEVEL,DAYLIGHT,,,1/14/2020 8:12:42 AM,False,2413,Accepted,
26186273,0568000,LOUISVILLE METRO POLICE DEPT,Accepted,JEFFERSON,US0150,,BROADWAY,,W,,12TH ST CONN,,,,,38.247625129,-85.771597462,1.653,1/13/2020 12:00:00 AM,1619,2,2,0,0,CLEAR,DRY,False,OTHER INTERSECTION COLLISIONS,REAR END,STRAIGHT & LEVEL,DAYLIGHT,,,1/14/2020 8:11:37 AM,False,7937,Accepted,
26186280,0568000,LOUISVILLE METRO POLICE DEPT,Accepted,JEFFERSON,US0031E,,BARDSTOWN,RD,,,DOUGLASS,,,,,38.224566417,-85.693920015,13.642,1/13/2020 12:00:00 AM,1340,2,2,0,0,CLEAR,DRY,False,OTHER INTERSECTION COLLISIONS,REAR END,STRAIGHT & LEVEL,DAYLIGHT,,,1/14/2020 8:12:03 AM,False,7740,Accepted,
26186249,0568000,LOUISVILLE METRO POLICE DEPT,Accepted,JEFFERSON,I 0264,,I264 W,,,,,,,,,38.187019087,-85.789769631,8.853,1/13/2020 12:00:00 AM,1017,1,1,0,1,CLOUDY,DRY,False,COLLISION WITH FIXED OBJECT NON - INTERSECTION - FIRST EVENT COLLISION 09 - 32 EXCLUDING 16,SINGLE VEHICLE,CURVE & LEVEL,DAYLIGHT,,,1/14/2020 8:08:59 AM,False,4903,Accepted,
26186259,0568000,LOUISVILLE METRO POLICE DEPT,Accepted,JEFFERSON,,,26TH,ST,S,,,,GARLAND,,DATE,38.243913885,-85.795574794,1.166,1/13/2020 12:00:00 AM,1145,1,1,0,0,CLEAR,DRY,False,COLLISION WITH FIXED OBJECT NON - INTERSECTION - FIRST EVENT COLLISION 09 - 32 EXCLUDING 16,SINGLE VEHICLE,STRAIGHT & LEVEL,DAYLIGHT,,,1/14/2020 8:10:02 AM,False,7184,Accepted,
26186304,0568000,LOUISVILLE METRO POLICE DEPT,Accepted,JEFFERSON,,,4TH,ST,S,,,,MONTANA,,CREEL,38.211757073,-85.764372801,3.124,1/13/2020 12:00:00 AM,1429,2,2,0,0,CLEAR,DRY,True,1 VEHICLE PARKED POSITION (NOT PARKING LOT/DRIVEWAY),SIDESWIPE-SAME DIRECTION,STRAIGHT & LEVEL,DAYLIGHT,,,1/14/2020 8:13:40 AM,False,7207,Accepted,
26186268,0568000,LOUISVILLE METRO POLICE DEPT,Accepted,JEFFERSON,,,45TH,ST,S,,,,WINNROSE,,DUMESNIL,38.238490283,-85.828255684,0.834,1/13/2020 12:00:00 AM,1545,2,2,0,0,CLEAR,DRY,True,1 VEHICLE PARKED POSITION (NOT PARKING LOT/DRIVEWAY),HEAD ON,STRAIGHT & LEVEL,DAYLIGHT,,,1/14/2020 8:11:05 AM,False,7328,Accepted,
26186313,0568000,LOUISVILLE METRO POLICE DEPT,Accepted,JEFFERSON,,1346,OLIVE,ST,,,,,,,,38.234811057,-85.799293361,0.127,1/13/2020 12:00:00 AM,0751,2,2,0,0,CLEAR,DRY,True,1 VEHICLE PARKED POSITION (NOT PARKING LOT/DRIVEWAY),SIDESWIPE-OPPOSITE DIRECTION,STRAIGHT & LEVEL,DAYLIGHT,,,1/14/2020 8:14:27 AM,False,7363,Accepted,
26220238,0568000,LOUISVILLE METRO POLICE DEPT,Accepted,JEFFERSON,US0031W,10513,DIXIE,HWY,,,,,ASHBY,,BROWNS PARK,38.102019112,-85.870228699,8.203,1/13/2020 12:00:00 AM,1730,2,2,0,0,CLEAR,DRY,False,SIDESWIPE COLLISION - SAME DIRECTION,SIDESWIPE-SAME DIRECTION,STRAIGHT & LEVEL,DUSK,,,1/21/2020 9:14:05 AM,False,7336,Accepted,
26198328,0568000,LOUISVILLE METRO POLICE DEPT,Accepted,JEFFERSON,I 0264,,I264 W,,,,,,,,,38.225303792,-85.642898264,17.487,1/13/2020 12:00:00 AM,1106,2,2,0,0,CLOUDY,DRY,False,SIDESWIPE COLLISION - SAME DIRECTION,SIDESWIPE-SAME DIRECTION,STRAIGHT & LEVEL,DAYLIGHT,,,1/16/2020 8:11:49 AM,False,8278,Accepted,
26198423,0568000,LOUISVILLE METRO POLICE DEPT,Accepted,JEFFERSON,I 0265,,I265 S,,,,,,,,,38.310806506,-85.574957565,34.227,1/13/2020 12:00:00 AM,0525,2,2,0,1,CLOUDY,DRY,False,SIDESWIPE COLLISION - SAME DIRECTION,SIDESWIPE-SAME DIRECTION,STRAIGHT & LEVEL,DARK-HWY LIGHTED/ON,,,1/16/2020 8:19:56 AM,False,2920,Accepted,
26187746,0566900,LOUISVILLE AIRPORT POLICE,Accepted,JEFFERSON,,600,TERMINAL,DR,,,,,,,,38.188067979,-85.745653052,0.815,1/13/2020 12:00:00 AM,0645,2,2,0,0,CLOUDY,WET,False,SIDESWIPE COLLISION - SAME DIRECTION,SIDESWIPE-SAME DIRECTION,CURVE & GRADE,DARK-HWY LIGHTED/ON,,,1/14/2020 11:26:26 AM,False,5860,Accepted,
26186261,0568000,LOUISVILLE METRO POLICE DEPT,Accepted,JEFFERSON,,,6TH,ST,S,,,,PARK,,MYRTLE,38.231694180,-85.764287425,1.750,1/13/2020 12:00:00 AM,1338,2,2,0,0,CLOUDY,DRY,False,SIDESWIPE COLLISION - SAME DIRECTION,SIDESWIPE-SAME DIRECTION,STRAIGHT & LEVEL,DAYLIGHT,,,1/14/2020 8:10:10 AM,False,7619,Accepted,
26186254,0568000,LOUISVILLE METRO POLICE DEPT,Accepted,JEFFERSON,,1313,MORTON,AVE,,,,,,,,38.239142039,-85.729867739,0.297,1/13/2020 12:00:00 AM,1344,2,2,0,0,CLEAR,DRY,False,SIDESWIPE COLLISION - SAME DIRECTION,SIDESWIPE-SAME DIRECTION,STRAIGHT & LEVEL,DAYLIGHT,,,1/14/2020 8:09:29 AM,False,5020,Accepted,
26192513,0568000,LOUISVILLE METRO POLICE DEPT,Accepted,JEFFERSON,US0042,,BROWNSBORO,RD,,,,,PENNSYLVANIA,,ZORN,38.261002054,-85.684522933,2.820,1/13/2020 12:00:00 AM,1654,2,2,0,0,CLEAR,DRY,False,SIDESWIPE COLLISION - SAME DIRECTION,SIDESWIPE-SAME DIRECTION,STRAIGHT & LEVEL,DAYLIGHT,,,1/15/2020 8:08:06 AM,False,7632,Accepted,
26186290,0568000,LOUISVILLE METRO POLICE DEPT,Accepted,JEFFERSON,,,RIVERPORT,DR,,,,,,,,38.161606438,-85.881102216,0.687,1/13/2020 12:00:00 AM,1545,2,2,0,0,CLEAR,DRY,False,SIDESWIPE COLLISION - SAME DIRECTION,SIDESWIPE-SAME DIRECTION,STRAIGHT & LEVEL,DAYLIGHT,,,1/14/2020 8:12:52 AM,False,7234,Accepted,
26186255,0568000,LOUISVILLE METRO POLICE DEPT,Accepted,JEFFERSON,KY1020,,2ND,ST,S,,,,KENTUCKY,,ST CATHERINE,38.238367521,-85.756331234,11.584,1/13/2020 12:00:00 AM,0856,2,2,0,0,CLOUDY,DRY,False,SIDESWIPE COLLISION - SAME DIRECTION,SIDESWIPE-SAME DIRECTION,STRAIGHT & LEVEL,DAYLIGHT,,,1/14/2020 8:09:41 AM,False,7619,Accepted,
26186303,0568000,LOUISVILLE METRO POLICE DEPT,Accepted,JEFFERSON,I 0265,,I265 E,,,,,I 0065,I65 S EXIT10 ON RAMP FROM I65,I 0265,I265 E EXIT12 OFF RAMP TO KY61,38.110606089,-85.685263654,11.178,1/13/2020 12:00:00 AM,1704,2,2,0,0,CLEAR,DRY,False,SIDESWIPE COLLISION - SAME DIRECTION,SIDESWIPE-SAME DIRECTION,STRAIGHT & GRADE,DAYLIGHT,,,1/14/2020 8:13:35 AM,False,7840,Accepted,
26186281,0568000,LOUISVILLE METRO POLICE DEPT,Accepted,JEFFERSON,US0031E,1250,BARDSTOWN,RD,,,,,,,,38.235902702,-85.716445735,15.121,1/13/2020 12:00:00 AM,0747,2,2,0,0,CLOUDY,DRY,False,1 VEHICLE ENTERING/LEAVING ENTRANCE,ANGLE,STRAIGHT & LEVEL,DARK-HWY LIGHTED/ON,,,1/14/2020 8:12:07 AM,False,2228,Accepted,
26186332,0568000,LOUISVILLE METRO POLICE DEPT,Accepted,JEFFERSON,KY1020,,NATIONAL,TPKE,,,,,,,,38.112630582,-85.747774378,2.664,1/13/2020 12:00:00 AM,2105,2,2,0,0,CLEAR,DRY,False,1 VEHICLE ENTERING/LEAVING ENTRANCE,ANGLE,STRAIGHT & LEVEL,DARK-HWY LIGHTED/OFF,,,1/14/2020 8:16:09 AM,False,7244,Accepted,
26220320,0568000,LOUISVILLE METRO POLICE DEPT,Accepted,JEFFERSON,KY1932,,BRECKENRIDGE,LN,,,,,HIKES,KY0155,TAYLORSVILLE,38.218567621,-85.628915466,2.728,1/13/2020 12:00:00 AM,1648,2,2,0,0,CLOUDY,DRY,True,1 VEHICLE ENTERING/LEAVING ENTRANCE,ANGLE,STRAIGHT & LEVEL,DAYLIGHT,,,1/21/2020 9:19:27 AM,False,6100,Accepted,
26186324,0568000,LOUISVILLE METRO POLICE DEPT,Accepted,JEFFERSON,I 0065,,I65 S,,,,,,,,,38.124165167,-85.702173476,125.792,1/13/2020 12:00:00 AM,2259,2,2,0,0,CLEAR,DRY,False,REAR END IN TRAFFIC LANES BOTH VEHICLES MOVING,REAR END,STRAIGHT & LEVEL,DARK-HWY LIGHTED/ON,,,1/14/2020 8:15:14 AM,False,5182,Accepted,
26186260,0568000,LOUISVILLE METRO POLICE DEPT,Accepted,JEFFERSON,US0031E,,BARDSTOWN,RD,,,,I 0265,I265 E EXIT17 OFF RAMP TO US31E,I 0265,I265 W EXIT17 ON RAMP FROM US31E,38.139958135,-85.582488903,4.798,1/13/2020 12:00:00 AM,1505,2,2,0,0,CLEAR,DRY,False,REAR END IN TRAFFIC LANES BOTH VEHICLES MOVING,REAR END,STRAIGHT & LEVEL,DAYLIGHT,,,1/14/2020 8:10:06 AM,False,2321,Accepted,
26186245,0568000,LOUISVILLE METRO POLICE DEPT,Accepted,JEFFERSON,I 0071,,I71 S,,,,,,,,,38.262312516,-85.723895194,0.067,1/13/2020 12:00:00 AM,0744,2,2,0,0,CLOUDY,DRY,False,REAR END IN TRAFFIC LANES BOTH VEHICLES MOVING,REAR END,STRAIGHT & LEVEL,DAYLIGHT,,,1/14/2020 8:08:40 AM,False,4903,Accepted,
26192582,0568000,LOUISVILLE METRO POLICE DEPT,Accepted,JEFFERSON,I 0064,,I64 E,,,,,I 0064,I64 E EXIT8 ON RAMP FROM  GRINSTEAD DR,I 0064,I64 TURN AROUND9,38.243206598,-85.696026092,8.438,1/13/2020 12:00:00 AM,1628,2,2,0,0,CLEAR,DRY,False,REAR END IN TRAFFIC LANES BOTH VEHICLES MOVING,REAR END,CURVE & LEVEL,DAYLIGHT,,,1/15/2020 8:13:02 AM,False,2308,Accepted,
26186317,0568000,LOUISVILLE METRO POLICE DEPT,Accepted,JEFFERSON,I 0064,,I64 E,,,,,,,,,38.222438979,-85.499816339,19.179,1/13/2020 12:00:00 AM,2020,2,2,0,0,CLEAR,DRY,False,REAR END IN TRAFFIC LANES BOTH VEHICLES MOVING,REAR END,STRAIGHT & LEVEL,DARK-HWY LIGHTED/ON,,,1/14/2020 8:14:47 AM,False,2013,Accepted,
26186300,0568000,LOUISVILLE METRO POLICE DEPT,Accepted,JEFFERSON,,,ANTLE,DR,,,,,,,,38.087509077,-85.667170512,0.181,1/13/2020 12:00:00 AM,1514,2,2,0,0,CLEAR,DRY,False,REAR END IN TRAFFIC LANES BOTH VEHICLES MOVING,REAR END,STRAIGHT & LEVEL,DAYLIGHT,,,1/14/2020 8:13:20 AM,False,4693,Accepted,
26186306,0568000,LOUISVILLE METRO POLICE DEPT,Accepted,JEFFERSON,US0031E,,BARDSTOWN,RD,,,,,ICHABOD,,BRENTLINGER,38.133121761,-85.579151873,4.298,1/13/2020 12:00:00 AM,1837,2,2,0,0,CLEAR,DRY,False,REAR END IN TRAFFIC LANES BOTH VEHICLES MOVING,REAR END,STRAIGHT & LEVEL,DARK-HWY LIGHTED/OFF,,,1/14/2020 8:14:01 AM,False,2321,Accepted,
26237592,0568000,LOUISVILLE METRO POLICE DEPT,Accepted,JEFFERSON,KY1932,,BRECKENRIDGE,LN,,,,,,,,38.219612444,-85.629906818,2.813,1/13/2020 12:00:00 AM,1824,3,3,0,1,CLEAR,DRY,False,REAR END IN TRAFFIC LANES BOTH VEHICLES MOVING,REAR END,STRAIGHT & LEVEL,DARK-HWY LIGHTED/ON,,,1/24/2020 8:35:07 AM,False,5119,Accepted,
26198335,0568000,LOUISVILLE METRO POLICE DEPT,Accepted,JEFFERSON,I 0264,,I264 W,,,,,,,,,38.193137465,-85.711851178,13.089,1/13/2020 12:00:00 AM,1742,2,2,0,0,CLOUDY,DRY,True,REAR END IN TRAFFIC LANES BOTH VEHICLES MOVING,REAR END,CURVE & GRADE,DAYLIGHT,,,1/16/2020 8:12:27 AM,False,7944,Accepted,
26186301,0568000,LOUISVILLE METRO POLICE DEPT,Accepted,JEFFERSON,I 0265,,I265 W,,,,,,,,,38.150103734,-85.539424335,19.816,1/13/2020 12:00:00 AM,1737,2,2,0,1,CLEAR,DRY,False,REAR END IN TRAFFIC LANES BOTH VEHICLES MOVING,REAR END,STRAIGHT & LEVEL,DUSK,,,1/14/2020 8:13:24 AM,False,4693,Accepted,
26186287,0568000,LOUISVILLE METRO POLICE DEPT,Accepted,JEFFERSON,,,TRADE PORT,DR,,,,,FREEPORT,,JOHNSONTOWN,38.121223829,-85.881507686,0.984,1/13/2020 12:00:00 AM,1444,2,2,0,0,CLEAR,DRY,False,REAR END IN TRAFFIC LANES BOTH VEHICLES MOVING,REAR END,STRAIGHT & LEVEL,DAYLIGHT,,,1/14/2020 8:12:35 AM,False,6877,Accepted,
26186246,0568000,LOUISVILLE METRO POLICE DEPT,Accepted,JEFFERSON,I 0064,,I64 E,,,,,,,,,38.277464801,-85.820859510,0.276,1/13/2020 12:00:00 AM,0802,4,4,0,0,CLOUDY,DRY,False,REAR END IN TRAFFIC LANES BOTH VEHICLES MOVING,REAR END,STRAIGHT & LEVEL,DAYLIGHT,,,1/14/2020 8:08:44 AM,False,4903,Accepted,
26198358,0568000,LOUISVILLE METRO POLICE DEPT,Accepted,JEFFERSON,I 0071,,I71 N,,,,,,,,,38.299602041,-85.618638009,6.802,1/13/2020 12:00:00 AM,1712,1,1,0,1,CLEAR,DRY,False,OTHER COLLISIONS ON SHOULDER,SINGLE VEHICLE,STRAIGHT & LEVEL,DARK-HWY NOT LIGHTED,,,1/16/2020 8:14:08 AM,False,2142,Accepted,
26260448,0568000,LOUISVILLE METRO POLICE DEPT,Accepted,JEFFERSON,I 0265,,,,,,,,,,,38.288209903,-85.513066318,0.005,1/13/2020 12:00:00 AM,1547,2,2,0,1,CLEAR,DRY,True,OTHER RAMP RELATED COLLISIONS NOT LISTED ABOVE,REAR END,STRAIGHT & LEVEL,DAYLIGHT,KY0146,I 0265,1/29/2020 8:11:36 AM,False,8278,Accepted,
26192521,0568000,LOUISVILLE METRO POLICE DEPT,Accepted,JEFFERSON,KY0155,12611,TAYLORSVILLE,RD,,,,,,,,38.188181843,-85.512623222,6.283,1/13/2020 12:00:00 AM,1819,2,2,0,0,CLEAR,DRY,True,COLLISION IN PARKING LOT,BACKING,STRAIGHT & LEVEL,DARK-HWY LIGHTED/ON,,,1/15/2020 8:08:44 AM,False,7755,Accepted,
26186314,0568000,LOUISVILLE METRO POLICE DEPT,Accepted,JEFFERSON,,3706,KLONDIKE,LN,,,,,,,,38.208954617,-85.639181196,0.665,1/13/2020 12:00:00 AM,0940,2,1,0,1,CLOUDY,DRY,False,COLLISION IN PARKING LOT,SINGLE VEHICLE,STRAIGHT & LEVEL,DAYLIGHT,,,1/14/2020 8:14:30 AM,False,6100,Accepted,
26189689,0561500,UNIV. OF LOUISVILLE POLICE,Accepted,JEFFERSON,US0060A,216,EASTERN,PKWY,,,,US0060A,3RD,,S BROOK CONNECTOR,38.212881977,-85.759765396,3.560,1/13/2020 12:00:00 AM,1418,2,2,0,0,CLOUDY,DRY,False,COLLISION IN PARKING LOT,BACKING,STRAIGHT & LEVEL,DAYLIGHT,,,1/14/2020 4:39:16 PM,False,5686,Accepted,
26193868,0568000,LOUISVILLE METRO POLICE DEPT,Accepted,JEFFERSON,US0031E,,BARDSTOWN,RD,,,,,ICHABOD,,BRENTLINGER,38.133308916,-85.579250813,4.312,1/13/2020 12:00:00 AM,1827,2,1,0,0,CLEAR,DRY,False,OTHER ROADWAY OR MID-BLOCK COLLISION,REAR END,STRAIGHT & LEVEL,DARK-HWY LIGHTED/OFF,,,1/15/2020 11:39:46 AM,False,2321,Accepted,
26186315,0568000,LOUISVILLE METRO POLICE DEPT,Accepted,JEFFERSON,KY1747,,HURSTBOURNE,PKWY,S,,,KY0155,TAYLORSVILLE,KY1747,KY1747 CROSSOVER,38.216166571,-85.590311513,11.088,1/13/2020 12:00:00 AM,1710,2,2,0,0,CLOUDY,DRY,False,OTHER ROADWAY OR MID-BLOCK COLLISION,REAR END,STRAIGHT & LEVEL,DUSK,,,1/14/2020 8:14:34 AM,False,6100,Accepted,
26190666,0560400,SHIVELY POLICE DEPARTMENT,Accepted,JEFFERSON,I 0264,,I264 W,,,,,,,,,38.202643937,-85.827261204,5.512,1/13/2020 12:00:00 AM,1825,1,1,0,1,CLEAR,DRY,False,OTHER ROADWAY OR MID-BLOCK COLLISION,SINGLE VEHICLE,STRAIGHT & LEVEL,DARK-HWY LIGHTED/ON,,,1/14/2020 8:33:01 PM,False,7128,Accepted,
26186248,0568000,LOUISVILLE METRO POLICE DEPT,Accepted,JEFFERSON,US0150,,BROADWAY,,E,,,,FLOYD,KY0061,PRESTON,38.245344774,-85.748389018,2.919,1/13/2020 12:00:00 AM,0753,2,2,0,1,CLEAR,DRY,False,OTHER ROADWAY OR MID-BLOCK COLLISION,REAR END,STRAIGHT & LEVEL,DAYLIGHT,,,1/14/2020 8:08:53 AM,False,7170,Accepted,
26186326,0568000,LOUISVILLE METRO POLICE DEPT,Accepted,JEFFERSON,KY1447,,WESTPORT,RD,,,,,CHAMBERLAIN,I 0265,I265 N EXIT33 ON RAMP FROM KY1447,38.299308005,-85.541683091,7.042,1/13/2020 12:00:00 AM,1733,2,2,0,0,CLOUDY,DRY,False,OTHER ROADWAY OR MID-BLOCK COLLISION,REAR END,STRAIGHT & LEVEL,DUSK,,,1/14/2020 8:15:33 AM,False,7751,Accepted,