IncidentID,AgencyORI,AgencyName,IncidentStatusDesc,County,RdwyNumber,Street,RoadwayName,StreetSfx,StreetDir,IntersectionRdwy,IntersectionRdwyName,BetweenStRdwy1,BetweenStRdwyName1,BetweenStRdwy2,BetweenStRdwyName2,Latitude,Longitude,Milepoint,CollisionDate,CollisionTime,UnitsInvolved,MotorVehiclesInvolved,NumberKilled,NumberInjured,Weather,RdwyConditionCode,HitandRun,DirAnalysisCode,MannerofCollision,RdwyCharacter,LightCondition,RampFromRdwyId,RampToRdwyId,AcceptedDate,IsSecondaryCollision,OwnerBadge,IncidentStatus,
26186286,0568000,LOUISVILLE METRO POLICE DEPT,Accepted,JEFFERSON,US0031W,,,,,,,,,,,38.091593119,-85.871926203,0.350,1/13/2020 12:00:00 AM,0900,2,2,0,0,CLOUDY,DRY,False,OTHER RAMP RELATED COLLISIONS NOT LISTED ABOVE,SIDESWIPE-SAME DIRECTION,CURVE & GRADE,DAYLIGHT,US31W N,KY0841,1/14/2020 8:12:30 AM,False,6877,Accepted,
26186294,0568000,LOUISVILLE METRO POLICE DEPT,Accepted,JEFFERSON,I 0065,,,,,,,,,,,38.185654110,-85.724320277,0.079,1/13/2020 12:00:00 AM,1716,2,2,0,0,CLEAR,DRY,False,OTHER RAMP RELATED COLLISIONS NOT LISTED ABOVE,REAR END,STRAIGHT & LEVEL,DAYLIGHT,I 0065,I 0264,1/14/2020 8:13:03 AM,False,2234,Accepted,
26186257,0568000,LOUISVILLE METRO POLICE DEPT,Accepted,JEFFERSON,I 0264,,,,,,,,,,,38.195398268,-85.706686415,0.078,1/13/2020 12:00:00 AM,1504,2,2,0,0,CLEAR,DRY,False,OTHER RAMP RELATED COLLISIONS NOT LISTED ABOVE,SIDESWIPE-SAME DIRECTION,STRAIGHT & LEVEL,DAYLIGHT,KY0864,I 0264,1/14/2020 8:09:50 AM,False,7400,Accepted,
26186323,0568000,LOUISVILLE METRO POLICE DEPT,Accepted,JEFFERSON,I 0065,,,,,,,,,,,38.157372743,-85.716530943,0.471,1/13/2020 12:00:00 AM,2059,2,2,0,0,CLEAR,DRY,False,OTHER RAMP RELATED COLLISIONS NOT LISTED ABOVE,SIDESWIPE-SAME DIRECTION,CURVE & LEVEL,DARK-HWY LIGHTED/ON,I 0065,KY1631,1/14/2020 8:15:08 AM,False,5182,Accepted,
26179889,0568000,LOUISVILLE METRO POLICE DEPT,Accepted,JEFFERSON,US0060,,FRANKFORT,AVE,,,,US0042,STORY,,BLUE HORSE,38.258595856,-85.721129052,0.023,1/12/2020 12:00:00 AM,0330,1,1,0,0,CLEAR,DRY,False,OTHER ROADWAY OR MID-BLOCK COLLISION,SINGLE VEHICLE,STRAIGHT & LEVEL,DARK-HWY LIGHTED/ON,,,1/13/2020 8:47:22 AM,False,7793,Accepted,
26179877,0568000,LOUISVILLE METRO POLICE DEPT,Accepted,JEFFERSON,US0060,,SHELBYVILLE,RD,,,,,,,,38.244060931,-85.547291831,9.477,1/12/2020 12:00:00 AM,1049,2,2,0,0,CLOUDY,DRY,False,OTHER ROADWAY OR MID-BLOCK COLLISION,REAR END,STRAIGHT & LEVEL,DAYLIGHT,,,1/13/2020 8:46:19 AM,False,2218,Accepted,
26179840,0568000,LOUISVILLE METRO POLICE DEPT,Accepted,JEFFERSON,,,4TH,ST,S,,ROSE,,,,,38.222559588,-85.762506531,2.372,1/12/2020 12:00:00 AM,0304,2,2,0,2,CLEAR,DRY,False,HEAD-ON COLLISION,HEAD ON,STRAIGHT & LEVEL,DARK (UNKNOWN ROADWAY LIGHTING),,,1/13/2020 8:44:02 AM,False,5050,Accepted,
26179904,0568000,LOUISVILLE METRO POLICE DEPT,Accepted,JEFFERSON,US0031W,,DIXIE,HWY,,,,,KERRICK,,LOWER HUNTERS,38.154089306,-85.835614987,12.315,1/12/2020 12:00:00 AM,1801,2,2,0,0,CLOUDY,DRY,True,REAR END IN TRAFFIC LANES BOTH VEHICLES MOVING,REAR END,STRAIGHT & LEVEL,DARK-HWY LIGHTED/OFF,,,1/13/2020 8:48:33 AM,False,7073,Accepted,
26179836,0568000,LOUISVILLE METRO POLICE DEPT,Accepted,JEFFERSON,I 0065,,I65 S,,,,,,,,,38.160083314,-85.720065203,128.472,1/12/2020 12:00:00 AM,0156,2,2,0,0,RAINING,WET,True,SIDESWIPE COLLISION - SAME DIRECTION,SIDESWIPE-SAME DIRECTION,STRAIGHT & LEVEL,DARK-HWY LIGHTED/ON,,,1/13/2020 8:43:37 AM,False,7344,Accepted,
26186265,0568000,LOUISVILLE METRO POLICE DEPT,Accepted,JEFFERSON,,112,FREEMAN,AVE,,,,,,,,38.165313251,-85.765856577,0.057,1/12/2020 12:00:00 AM,1330,2,2,0,0,CLEAR,DRY,False,1 VEHICLE PARKED POSITION (NOT PARKING LOT/DRIVEWAY),BACKING,STRAIGHT & LEVEL,DAYLIGHT,,,1/14/2020 8:10:34 AM,False,7424,Accepted,
26198350,0568000,LOUISVILLE METRO POLICE DEPT,Accepted,JEFFERSON,,1813,MUHAMMAD ALI,BLVD,W,,,,,,,38.253723437,-85.781001274,1.564,1/12/2020 12:00:00 AM,1644,2,2,0,0,CLOUDY,DRY,True,1 VEHICLE PARKED POSITION (NOT PARKING LOT/DRIVEWAY),SIDESWIPE-SAME DIRECTION,STRAIGHT & LEVEL,DAYLIGHT,,,1/16/2020 8:13:20 AM,False,5124,Accepted,
26179917,0568000,LOUISVILLE METRO POLICE DEPT,Accepted,JEFFERSON,,3711,RIVER PARK,DR,,,,,,,,38.255130679,-85.813218917,0.750,1/12/2020 12:00:00 AM,2118,2,2,0,0,CLEAR,DRY,True,1 VEHICLE PARKED POSITION (NOT PARKING LOT/DRIVEWAY),ANGLE,STRAIGHT & LEVEL,DARK-HWY LIGHTED/ON,,,1/13/2020 8:49:56 AM,False,7439,Accepted,
26179860,0568000,LOUISVILLE METRO POLICE DEPT,Accepted,JEFFERSON,US0150,,BROADWAY,,W,,,,12TH,,11TH,38.247421748,-85.770963842,1.687,1/12/2020 12:00:00 AM,0738,1,1,0,0,CLOUDY,DRY,False,COLLISION WITH FIXED OBJECT NON - INTERSECTION - FIRST EVENT COLLISION 09 - 32 EXCLUDING 16,SINGLE VEHICLE,STRAIGHT & LEVEL,DUSK,,,1/13/2020 8:46:05 AM,False,5168,Accepted,
26198427,0568000,LOUISVILLE METRO POLICE DEPT,Accepted,JEFFERSON,,300,HILLCREST,AVE,,,,,,,,38.259836056,-85.685121086,0.365,1/12/2020 12:00:00 AM,2121,1,1,0,0,CLEAR,DRY,False,COLLISION WITH FIXED OBJECT NON - INTERSECTION - FIRST EVENT COLLISION 09 - 32 EXCLUDING 16,SINGLE VEHICLE,STRAIGHT & GRADE,DARK-HWY LIGHTED/ON,,,1/16/2020 8:20:27 AM,False,2738,Accepted,
26179881,0568000,LOUISVILLE METRO POLICE DEPT,Accepted,JEFFERSON,US0031E,,BARDSTOWN,RD,,,BUECHEL,,,,,38.188275791,-85.639779412,9.541,1/12/2020 12:00:00 AM,1506,2,2,0,0,CLEAR,DRY,False,OTHER INTERSECTION COLLISIONS,REAR END,STRAIGHT & LEVEL,DAYLIGHT,,,1/13/2020 8:46:42 AM,False,7739,Accepted,
26179844,0568000,LOUISVILLE METRO POLICE DEPT,Accepted,JEFFERSON,US0031E,,BARDSTOWN,RD,,,,,GRINSTEAD,,ELLWOOD,38.238143555,-85.720503779,15.391,1/12/2020 12:00:00 AM,0359,2,1,0,1,CLEAR,DRY,True,COLLISION WITH PEDESTRIAN NON - INTERSECTION,SINGLE VEHICLE,STRAIGHT & LEVEL,DARK-HWY LIGHTED/ON,,,1/13/2020 8:44:43 AM,False,7049,Accepted,
26204843,0568000,LOUISVILLE METRO POLICE DEPT,Accepted,JEFFERSON,,5620,BARRETT,LN,,,,,,,,38.102236232,-85.867521570,0.127,1/12/2020 12:00:00 AM,1816,2,1,0,1,CLOUDY,DRY,True,COLLISION WITH PEDESTRIAN NON - INTERSECTION,SINGLE VEHICLE,STRAIGHT & LEVEL,DARK-HWY NOT LIGHTED,,,1/17/2020 8:19:52 AM,False,2311,Accepted,
26179878,0568000,LOUISVILLE METRO POLICE DEPT,Accepted,JEFFERSON,KY1065,,OUTER,LOOP,,,MINOR,,,,,38.136219550,-85.697021721,5.465,1/12/2020 12:00:00 AM,1341,2,2,0,0,CLOUDY,WET,False,OTHER INTERSECTION COLLISIONS,REAR END,STRAIGHT & LEVEL,DAYLIGHT,,,1/13/2020 8:46:25 AM,False,7315,Accepted,
26179887,0568000,LOUISVILLE METRO POLICE DEPT,Accepted,JEFFERSON,,,COOPER CHAPEL,RD,,KY0061,PRESTON,,,,,38.103769622,-85.672040316,0.030,1/12/2020 12:00:00 AM,0834,2,2,0,0,CLOUDY,DRY,False,OTHER INTERSECTION COLLISIONS,REAR END,STRAIGHT & LEVEL,DAYLIGHT,,,1/13/2020 8:47:12 AM,False,5040,Accepted,
26179908,0568000,LOUISVILLE METRO POLICE DEPT,Accepted,JEFFERSON,KY0061,,PRESTON,HWY,,,COOPER CHAPEL,,,,,38.103476964,-85.672691618,1.390,1/12/2020 12:00:00 AM,1914,2,2,0,0,CLEAR,DRY,False,OTHER INTERSECTION COLLISIONS,REAR END,STRAIGHT & LEVEL,DARK-HWY LIGHTED/ON,,,1/13/2020 8:48:50 AM,False,7418,Accepted,
26186252,0568000,LOUISVILLE METRO POLICE DEPT,Accepted,JEFFERSON,,,INDIAN,TRL,E,,INDIAN OAKS,,,,,38.170861543,-85.687746759,1.045,1/12/2020 12:00:00 AM,0129,2,2,0,1,CLOUDY,WET,False,,HEAD ON,STRAIGHT & LEVEL,DARK-HWY LIGHTED/ON,,,1/14/2020 8:09:11 AM,False,5053,Accepted,
26179975,1060900,SIMPSONVILLE POLICE DEPARTMENT,Accepted,JEFFERSON,US0060,,SHELBYVILLE,RD,,,LONG RUN,,,,,38.237127570,-85.439327436,15.700,1/12/2020 12:00:00 AM,0008,1,1,0,1,CLOUDY,WET,True,COLLISION WITH FIXED OBJECT IN INTERSECTION - FIRST EVENT COLLISION 09 - 32,SINGLE VEHICLE,CURVE & HILLCREST,DARK-HWY NOT LIGHTED,,,1/13/2020 8:56:29 AM,False,1110,Accepted,
26179845,0568000,LOUISVILLE METRO POLICE DEPT,Accepted,JEFFERSON,,,FULTON,ST,,,RIVER,,,,,38.266660207,-85.722217512,0.442,1/12/2020 12:00:00 AM,0331,1,1,0,0,CLOUDY,WET,False,COLLISION WITH FIXED OBJECT IN INTERSECTION - FIRST EVENT COLLISION 09 - 32,SINGLE VEHICLE,CURVE & GRADE,DARK-HWY NOT LIGHTED,,,1/13/2020 8:44:52 AM,False,7325,Accepted,
26220531,0568000,LOUISVILLE METRO POLICE DEPT,Accepted,JEFFERSON,KY1931,,MANSLICK,RD,,,IROQUOIS,,,,,38.163174143,-85.797708517,6.094,1/12/2020 12:00:00 AM,1603,1,1,0,0,CLEAR,WET,False,COLLISION WITH FIXED OBJECT IN INTERSECTION - FIRST EVENT COLLISION 09 - 32,SINGLE VEHICLE,STRAIGHT & GRADE,DAYLIGHT,,,1/21/2020 9:34:08 AM,False,7817,Accepted,
26198400,0568000,LOUISVILLE METRO POLICE DEPT,Accepted,JEFFERSON,,,KENTON,ST,W,,2ND,,,,,38.198192792,-85.763330354,0.279,1/12/2020 12:00:00 AM,1713,3,3,0,0,CLEAR,DRY,False,COLLISION WITH PARKED VEHICLE,REAR END,STRAIGHT & LEVEL,DAYLIGHT,,,1/16/2020 8:16:51 AM,False,5045,Accepted,
26179882,0568000,LOUISVILLE METRO POLICE DEPT,Accepted,JEFFERSON,,,CHAMBERLAIN,LN,,KY0022,BROWNSBORO,,,,,38.312608876,-85.567426954,4.037,1/12/2020 12:00:00 AM,1515,2,2,0,0,CLOUDY,DRY,False,ANGLE COLLISION - OTHER,ANGLE,STRAIGHT & LEVEL,DAYLIGHT,,,1/13/2020 8:46:46 AM,False,2969,Accepted,
26179875,0568000,LOUISVILLE METRO POLICE DEPT,Accepted,JEFFERSON,KY1450,,BLUE LICK,RD,,,ALTAIR,,,,,38.127413179,-85.689432710,2.944,1/12/2020 12:00:00 AM,1320,2,2,0,0,CLOUDY,DRY,False,ANGLE COLLISION - OTHER,ANGLE,STRAIGHT & LEVEL,DAYLIGHT,,,1/13/2020 8:46:15 AM,False,7269,Accepted,
26179895,0568000,LOUISVILLE METRO POLICE DEPT,Accepted,JEFFERSON,KY0864,,SHELBY,ST,S,,MARY,,,,,38.234649031,-85.741249129,14.791,1/12/2020 12:00:00 AM,1113,2,2,0,2,CLOUDY,DRY,False,ANGLE COLLISION - OTHER,ANGLE,STRAIGHT & LEVEL,DAYLIGHT,,,1/13/2020 8:47:51 AM,False,7418,Accepted,
26179898,0568000,LOUISVILLE METRO POLICE DEPT,Accepted,JEFFERSON,US0060A,,EASTERN,PKWY,,US0060A,WILLOW,,,,,38.232972514,-85.707877115,6.930,1/12/2020 12:00:00 AM,1732,2,2,0,0,CLEAR,DRY,False,ANGLE COLLISION - OTHER,ANGLE,STRAIGHT & GRADE,DAYLIGHT,,,1/13/2020 8:48:07 AM,False,2230,Accepted,
26179879,0568000,LOUISVILLE METRO POLICE DEPT,Accepted,JEFFERSON,KY1865,,TAYLOR,BLVD,,,BLUEGRASS,,,,,38.179592018,-85.783248266,5.029,1/12/2020 12:00:00 AM,1228,2,2,0,1,CLOUDY,DRY,False,ANGLE COLLISION - OTHER,ANGLE,STRAIGHT & LEVEL,DAYLIGHT,,,1/13/2020 8:46:32 AM,False,5111,Accepted,
26179888,0568000,LOUISVILLE METRO POLICE DEPT,Accepted,JEFFERSON,KY1865,,NEW CUT,RD,,,ORCHARD HILL,,,,,38.159464596,-85.778572693,3.627,1/12/2020 12:00:00 AM,1545,2,2,0,0,CLEAR,DRY,False,ANGLE COLLISION - OTHER,ANGLE,STRAIGHT & LEVEL,DAYLIGHT,,,1/13/2020 8:47:17 AM,False,7139,Accepted,
26179897,0568000,LOUISVILLE METRO POLICE DEPT,Accepted,JEFFERSON,,,GOOSE CREEK,RD,,,BLOSSOM,,,,,38.288118780,-85.579165511,1.182,1/12/2020 12:00:00 AM,1019,2,2,0,0,CLOUDY,DRY,False,ANGLE COLLISION - OTHER,ANGLE,STRAIGHT & LEVEL,DAYLIGHT,,,1/13/2020 8:48:04 AM,False,6929,Accepted,
26179811,0568000,LOUISVILLE METRO POLICE DEPT,Accepted,JEFFERSON,KY0864,,POPLAR LEVEL,RD,,I 0264,I264 E EXIT14 ON RAMP FROM KY864 S,,,,,38.195185349,-85.707408778,11.295,1/12/2020 12:00:00 AM,0056,2,2,0,0,CLEAR,DRY,False,OPPOSING LEFT TURN,OPPOSING LEFT TURN,CURVE & LEVEL,DARK-HWY LIGHTED/ON,,,1/13/2020 8:41:54 AM,False,5149,Accepted,
26179821,0568000,LOUISVILLE METRO POLICE DEPT,Accepted,JEFFERSON,KY1747,,HURSTBOURNE,PKWY,S,,AMBROSSE,,,,,38.193020947,-85.604712327,9.189,1/12/2020 12:00:00 AM,0143,2,2,0,1,CLOUDY,DRY,False,OPPOSING LEFT TURN,OPPOSING LEFT TURN,STRAIGHT & LEVEL,DARK-HWY LIGHTED/ON,,,1/13/2020 8:42:49 AM,False,7492,Accepted,
26179891,0568000,LOUISVILLE METRO POLICE DEPT,Accepted,JEFFERSON,US0150,,22ND,ST,N,,DUNCAN,,,,,38.262578450,-85.785849628,0.558,1/12/2020 12:00:00 AM,1610,2,2,0,0,CLOUDY,DRY,False,SIDESWIPE-SAME DIRECTION,SIDESWIPE-SAME DIRECTION,STRAIGHT & LEVEL,DAYLIGHT,,,1/13/2020 8:47:31 AM,False,7405,Accepted,
26179899,0568000,LOUISVILLE METRO POLICE DEPT,Accepted,JEFFERSON,,,DIXIE,HWY,,KY2054,ALGONQUIN,,,,,38.223154583,-85.792509672,1.867,1/12/2020 12:00:00 AM,1330,2,2,0,0,CLEAR,DRY,False,SIDESWIPE-SAME DIRECTION,SIDESWIPE-SAME DIRECTION,STRAIGHT & LEVEL,DAYLIGHT,,,1/13/2020 8:48:13 AM,False,5273,Accepted,
26248954,0568000,LOUISVILLE METRO POLICE DEPT,Accepted,JEFFERSON,,,BUECHEL BANK,RD,,,BRUCE,,,,,38.190732956,-85.647744975,0.141,1/12/2020 12:00:00 AM,0427,2,2,0,0,CLOUDY,DRY,True,OPPOSING LEFT TURN,OPPOSING LEFT TURN,STRAIGHT & LEVEL,DARK-HWY LIGHTED/ON,,,1/27/2020 8:33:12 AM,False,5153,Accepted,
26179867,0568000,LOUISVILLE METRO POLICE DEPT,Accepted,JEFFERSON,US0031E,,BARDSTOWN,RD,,,EDENSIDE,,,,,38.232781121,-85.710737461,14.726,1/12/2020 12:00:00 AM,1135,2,2,0,0,CLEAR,DRY,False,ANGLE COLLISION - OTHER,ANGLE,STRAIGHT & LEVEL,DAYLIGHT,,,1/13/2020 8:46:09 AM,False,7129,Accepted,
26179901,0568000,LOUISVILLE METRO POLICE DEPT,Accepted,JEFFERSON,,,LIBERTY,ST,W,,1ST,,,,,38.252528210,-85.752210508,0.879,1/12/2020 12:00:00 AM,1801,2,2,0,2,CLOUDY,DRY,False,ANGLE COLLISION - OTHER,ANGLE,STRAIGHT & LEVEL,DARK-HWY LIGHTED/ON,,,1/13/2020 8:48:23 AM,False,6360,Accepted,
26179823,0568000,LOUISVILLE METRO POLICE DEPT,Accepted,JEFFERSON,US0060A,,TAYLOR,BLVD,,US0060A,BERRY,,,,,38.196317387,-85.782962766,1.473,1/11/2020 12:00:00 AM,2015,2,2,0,0,RAINING,WET,False,ANGLE COLLISION - OTHER,ANGLE,STRAIGHT & LEVEL,DARK-HWY LIGHTED/ON,,,1/13/2020 8:43:21 AM,False,5175,Accepted,
26179815,0568000,LOUISVILLE METRO POLICE DEPT,Accepted,JEFFERSON,,,FEGENBUSH,LN,,,BELRAD,,,,,38.180046338,-85.638650955,0.495,1/11/2020 12:00:00 AM,1841,2,2,0,0,RAINING,WET,False,REAR END - ONE VEHICLE TURNING LEFT,REAR END,STRAIGHT & LEVEL,DARK (UNKNOWN ROADWAY LIGHTING),,,1/13/2020 8:42:37 AM,False,7492,Accepted,
26179754,0568000,LOUISVILLE METRO POLICE DEPT,Accepted,JEFFERSON,,,CHAMBERLAIN,LN,,,COLLINS,,,,,38.289877494,-85.515867874,0.219,1/11/2020 12:00:00 AM,1207,2,2,0,0,RAINING,WET,True,REAR END - ONE VEHICLE TURNING LEFT,REAR END,STRAIGHT & LEVEL,DAYLIGHT,,,1/13/2020 8:36:45 AM,False,7355,Accepted,
26179852,0568000,LOUISVILLE METRO POLICE DEPT,Accepted,JEFFERSON,KY0022,,BROWNSBORO,RD,,,BARBOUR,,,,,38.295418833,-85.602122997,2.119,1/11/2020 12:00:00 AM,1617,2,2,0,0,RAINING,WET,False,SIDESWIPE-SAME DIRECTION,SIDESWIPE-SAME DIRECTION,STRAIGHT & LEVEL,DAYLIGHT,,,1/13/2020 8:45:24 AM,False,6929,Accepted,
26179762,0568000,LOUISVILLE METRO POLICE DEPT,Accepted,JEFFERSON,I 0065,,I65 N,,,I 0065,I65 N EXIT125 ON RAMP,,,,,38.120520703,-85.701700022,125.541,1/11/2020 12:00:00 AM,1259,2,2,0,0,FOG WITH RAIN,WET,False,SIDESWIPE-SAME DIRECTION,SIDESWIPE-SAME DIRECTION,CURVE & LEVEL,DAYLIGHT,,,1/13/2020 8:37:22 AM,False,7669,Accepted,
26179787,0568000,LOUISVILLE METRO POLICE DEPT,Accepted,JEFFERSON,KY1020,,SOUTHERN,PKWY,,,ASHLAND,,,,,38.185232445,-85.767418208,8.077,1/11/2020 12:00:00 AM,1152,2,2,0,0,RAINING,WET,False,OPPOSITE DIRECTION - BOTH VEHICLES GOING STRAIGHT AHEAD,SIDESWIPE-OPPOSITE DIRECTION,STRAIGHT & LEVEL,DAYLIGHT,,,1/13/2020 8:39:20 AM,False,7301,Accepted,
26179885,0568000,LOUISVILLE METRO POLICE DEPT,Accepted,JEFFERSON,,,ANTLE,DR,,KY0061,PRESTON,,,,,38.087512289,-85.667777533,0.147,1/11/2020 12:00:00 AM,1409,2,2,0,0,CLEAR,DRY,True,VEHICLE BACKING IN INTERSECTION,BACKING,STRAIGHT & LEVEL,DAYLIGHT,,,1/13/2020 8:47:00 AM,False,7991,Accepted,
26198441,0568000,LOUISVILLE METRO POLICE DEPT,Accepted,JEFFERSON,,,CHAMBERLAIN,LN,,KY0022,BROWNSBORO,,,,,38.312605939,-85.567408180,4.038,1/11/2020 12:00:00 AM,1824,2,2,0,0,RAINING,WET,False,ANGLE COLLISION - OTHER,ANGLE,STRAIGHT & LEVEL,DARK-HWY NOT LIGHTED,,,1/16/2020 8:22:52 AM,False,5180,Accepted,
26179846,0568000,LOUISVILLE METRO POLICE DEPT,Accepted,JEFFERSON,,,THALIA,AVE,,KY1020,SOUTHSIDE,,,,,38.158107829,-85.764679568,0.001,1/11/2020 12:00:00 AM,1444,2,2,0,0,RAINING,WET,False,ANGLE COLLISION - OTHER,ANGLE,STRAIGHT & LEVEL,DAYLIGHT,,,1/13/2020 8:44:57 AM,False,7139,Accepted,
26179843,0568000,LOUISVILLE METRO POLICE DEPT,Accepted,JEFFERSON,,,INDIAN,TRL,E,,JEANINE,,,,,38.170706777,-85.688660271,0.993,1/11/2020 12:00:00 AM,2025,2,2,0,0,RAINING,WET,False,ANGLE COLLISION - OTHER,ANGLE,STRAIGHT & LEVEL,DARK-HWY LIGHTED/ON,,,1/13/2020 8:44:37 AM,False,5189,Accepted,
26179842,0568000,LOUISVILLE METRO POLICE DEPT,Accepted,JEFFERSON,,,CRAIGS CREEK,DR,,KY0022,BALLARDSVILLE,,,,,38.317483140,-85.550143792,,1/11/2020 12:00:00 AM,2010,2,2,0,0,RAINING,WET,False,ANGLE COLLISION - OTHER,ANGLE,STRAIGHT & LEVEL,DARK-HWY NOT LIGHTED,,,1/13/2020 8:44:29 AM,False,5180,Accepted,
26179766,0568000,LOUISVILLE METRO POLICE DEPT,Accepted,JEFFERSON,KY0864,,POPLAR LEVEL,RD,,,GILMORE,,,,,38.182698214,-85.698383139,10.290,1/11/2020 12:00:00 AM,1157,2,2,0,0,RAINING,WET,False,ANGLE COLLISION - OTHER,ANGLE,STRAIGHT & LEVEL,DAYLIGHT,,,1/13/2020 8:37:46 AM,False,7451,Accepted,
26179771,0568000,LOUISVILLE METRO POLICE DEPT,Accepted,JEFFERSON,KY1931,,GREENWOOD,RD,,,DATURA,,,,,38.144170587,-85.854997524,2.307,1/11/2020 12:00:00 AM,1219,2,2,0,1,RAINING,WET,False,ANGLE COLLISION - OTHER,ANGLE,STRAIGHT & GRADE,DAYLIGHT,,,1/13/2020 8:38:07 AM,False,7817,Accepted,
26179736,0568000,LOUISVILLE METRO POLICE DEPT,Accepted,JEFFERSON,,,LIBERTY,ST,E,,FLOYD,,,,,38.252146717,-85.748523253,0.201,1/11/2020 12:00:00 AM,0803,2,2,0,0,CLOUDY,WET,False,ANGLE COLLISION - OTHER,ANGLE,STRAIGHT & LEVEL,DAYLIGHT,,,1/13/2020 8:35:23 AM,False,6360,Accepted,
26179740,0568000,LOUISVILLE METRO POLICE DEPT,Accepted,JEFFERSON,KY0907,,3RD ST,RD,,,BAMBERRIE CROSS,,,,,38.136010426,-85.786982247,5.382,1/11/2020 12:00:00 AM,1258,2,2,0,2,RAINING,WET,False,ANGLE COLLISION - OTHER,ANGLE,STRAIGHT & LEVEL,DAYLIGHT,,,1/13/2020 8:35:41 AM,False,7139,Accepted,
26179759,0568000,LOUISVILLE METRO POLICE DEPT,Accepted,JEFFERSON,,,32ND,ST,S,,MUHAMMAD ALI,,,,,38.256406873,-85.804943554,1.969,1/11/2020 12:00:00 AM,1209,2,2,0,0,RAINING,WET,False,ANGLE COLLISION - OTHER,ANGLE,STRAIGHT & LEVEL,DAYLIGHT,,,1/13/2020 8:37:08 AM,False,7805,Accepted,
26179749,0568000,LOUISVILLE METRO POLICE DEPT,Accepted,JEFFERSON,,,LIBERTY,ST,E,KY0061,PRESTON,,,,,38.251299446,-85.746571515,0.326,1/11/2020 12:00:00 AM,1420,2,2,0,1,RAINING,WET,False,ANGLE COLLISION - OTHER,ANGLE,STRAIGHT & LEVEL,DAYLIGHT,,,1/13/2020 8:36:20 AM,False,2855,Accepted,
27657295,0568000,LOUISVILLE METRO POLICE DEPT,Accepted,JEFFERSON,,,15TH,ST,S,,GARLAND,,,,,38.242554358,-85.777469054,1.185,1/11/2020 12:00:00 AM,0353,2,2,0,1,CLEAR,DRY,False,ANGLE COLLISION - OTHER,ANGLE,STRAIGHT & LEVEL,DARK-HWY LIGHTED/ON,,,1/11/2021 8:47:04 AM,False,5256,Accepted,
26179756,0568000,LOUISVILLE METRO POLICE DEPT,Accepted,JEFFERSON,,,CHESTNUT,ST,E,KY0864,CHESTNUT ST CONN,,,,,38.246581228,-85.736071037,0.925,1/11/2020 12:00:00 AM,,2,2,0,0,RAINING,WET,True,COLLISION WITH PARKED VEHICLE,ANGLE,STRAIGHT & LEVEL,DAYLIGHT,,,1/13/2020 8:36:49 AM,False,6360,Accepted,
26180792,0561500,UNIV. OF LOUISVILLE POLICE,Accepted,JEFFERSON,KY2803,1980,ARTHUR,ST,,KY0061,BRANDEIS,,,,,38.218436892,-85.752861179,0.005,1/11/2020 12:00:00 AM,1111,2,2,0,0,RAINING,WET,True,ANGLE COLLISION - ONE VEHICLE TURNING LEFT,ANGLE,STRAIGHT & GRADE,DAYLIGHT,,,1/13/2020 10:28:13 AM,False,5636,Accepted,
26179900,0568000,LOUISVILLE METRO POLICE DEPT,Accepted,JEFFERSON,KY0841,,GENE SNYDER,FWY,,,WOODRIDGE,,,,,38.089676666,-85.865978872,0.552,1/11/2020 12:00:00 AM,1555,1,1,0,0,RAINING,WET,False,COLLISION WITH FIXED OBJECT IN INTERSECTION - FIRST EVENT COLLISION 09 - 32,SINGLE VEHICLE,STRAIGHT & GRADE,DAYLIGHT,,,1/13/2020 8:48:18 AM,False,2311,Accepted,
26179775,0568000,LOUISVILLE METRO POLICE DEPT,Accepted,JEFFERSON,,,MALLARD,DR,,,BLUE WING,,,,,38.146431766,-85.891762386,0.120,1/11/2020 12:00:00 AM,0551,1,1,0,1,CLOUDY,WET,False,NON-COLLISION OBJECT COLLISION,SINGLE VEHICLE,CURVE & LEVEL,DARK (UNKNOWN ROADWAY LIGHTING),,,1/13/2020 8:38:30 AM,False,5043,Accepted,
26179753,0568000,LOUISVILLE METRO POLICE DEPT,Accepted,JEFFERSON,I 0065,,,,,I 0065,I65 W EXIT12 OFF RAMP,,,,,38.191172997,-85.720602262,0.116,1/11/2020 12:00:00 AM,1502,1,1,0,0,RAINING,WET,False,NON-COLLISION OBJECT COLLISION,SINGLE VEHICLE,STRAIGHT & LEVEL,DAYLIGHT,,,1/13/2020 8:36:39 AM,False,2532,Accepted,
26179800,0568000,LOUISVILLE METRO POLICE DEPT,Accepted,JEFFERSON,US0031W,,DIXIE,HWY,,,CITATION,,,,,38.113279123,-85.862444981,9.083,1/11/2020 12:00:00 AM,2010,2,1,0,1,RAINING,WET,False,COLLISION WITH PEDESTRIAN IN INTERSECTION,SINGLE VEHICLE,STRAIGHT & LEVEL,DARK-HWY NOT LIGHTED,,,1/13/2020 8:40:38 AM,False,5033,Accepted,
26179796,0568000,LOUISVILLE METRO POLICE DEPT,Accepted,JEFFERSON,,,UPPER HUNTERS,TRCE,,,GRASTON,,,,,38.168349869,-85.835357284,0.372,1/11/2020 12:00:00 AM,1837,2,1,0,1,RAINING,WET,False,COLLISION WITH BICYCLE IN INTERSECTION,SINGLE VEHICLE,CURVE & LEVEL,DARK-HWY LIGHTED/ON,,,1/13/2020 8:40:16 AM,False,5212,Accepted,