IncidentID,AgencyORI,AgencyName,IncidentStatusDesc,County,RdwyNumber,Street,RoadwayName,StreetSfx,StreetDir,IntersectionRdwy,IntersectionRdwyName,BetweenStRdwy1,BetweenStRdwyName1,BetweenStRdwy2,BetweenStRdwyName2,Latitude,Longitude,Milepoint,CollisionDate,CollisionTime,UnitsInvolved,MotorVehiclesInvolved,NumberKilled,NumberInjured,Weather,RdwyConditionCode,HitandRun,DirAnalysisCode,MannerofCollision,RdwyCharacter,LightCondition,RampFromRdwyId,RampToRdwyId,AcceptedDate,IsSecondaryCollision,OwnerBadge,IncidentStatus,
26179892,0568000,LOUISVILLE METRO POLICE DEPT,Accepted,JEFFERSON,US0031E,,BARDSTOWN,RD,,,HEATHER,,,,,38.205679056,-85.666633053,11.562,1/11/2020 12:00:00 AM,1829,2,2,0,0,CLEAR,WET,False,OTHER INTERSECTION COLLISIONS,REAR END,STRAIGHT & LEVEL,DARK-HWY LIGHTED/ON,,,1/13/2020 8:47:36 AM,False,7482,Accepted,
26179910,0568000,LOUISVILLE METRO POLICE DEPT,Accepted,JEFFERSON,US0060A,,EASTERN,PKWY,,US0031E,BARDSTOWN,,,,,38.232000135,-85.709357583,6.829,1/11/2020 12:00:00 AM,2000,2,2,0,0,RAINING,WET,False,OTHER INTERSECTION COLLISIONS,REAR END,STRAIGHT & LEVEL,DARK-HWY LIGHTED/ON,,,1/13/2020 8:48:57 AM,False,5188,Accepted,
26179907,0568000,LOUISVILLE METRO POLICE DEPT,Accepted,JEFFERSON,,,TUCKER STATION,RD,,KY0155,TAYLORSVILLE,,,,,38.187261334,-85.523869292,4.519,1/11/2020 12:00:00 AM,1648,2,2,0,0,RAINING,WET,False,OTHER INTERSECTION COLLISIONS,REAR END,STRAIGHT & LEVEL,DAYLIGHT,,,1/13/2020 8:48:45 AM,False,6494,Accepted,
26220527,0568000,LOUISVILLE METRO POLICE DEPT,Accepted,JEFFERSON,KY1727,,TERRY,RD,,,FRANK LEE,,,,,38.166439925,-85.866195359,3.145,1/11/2020 12:00:00 AM,1808,2,2,0,0,RAINING,WET,False,OTHER INTERSECTION COLLISIONS,REAR END,CURVE & LEVEL,DARK-HWY NOT LIGHTED,,,1/21/2020 9:34:02 AM,False,7817,Accepted,
26204746,0568000,LOUISVILLE METRO POLICE DEPT,Accepted,JEFFERSON,KY2048,,DUTCHMANS,LN,,KY2048,CANNONS,,,,,38.225811483,-85.650831025,0.465,1/11/2020 12:00:00 AM,1811,2,2,0,0,RAINING,WET,False,OTHER INTERSECTION COLLISIONS,REAR END,STRAIGHT & LEVEL,DARK-HWY NOT LIGHTED,,,1/17/2020 8:11:25 AM,False,5006,Accepted,
26179751,0568000,LOUISVILLE METRO POLICE DEPT,Accepted,JEFFERSON,,,REHL,RD,,,,,,,,38.200433234,-85.527937615,0.589,1/11/2020 12:00:00 AM,1405,2,1,0,1,RAINING,WET,False,COLLISION WITH PEDESTRIAN NON - INTERSECTION,SINGLE VEHICLE,STRAIGHT & LEVEL,DAYLIGHT,,,1/13/2020 8:36:29 AM,False,2218,Accepted,
26179913,0568000,LOUISVILLE METRO POLICE DEPT,Accepted,JEFFERSON,KY1450,,BLUE LICK,RD,,,KURTZ,,,,,38.107954535,-85.691767550,1.578,1/11/2020 12:00:00 AM,2029,2,2,0,0,CLOUDY,DRY,False,OTHER INTERSECTION COLLISIONS,REAR END,STRAIGHT & LEVEL,DARK-HWY LIGHTED/ON,,,1/13/2020 8:49:17 AM,False,5116,Accepted,
26179739,0568000,LOUISVILLE METRO POLICE DEPT,Accepted,JEFFERSON,KY1747,,FERN VALLEY,RD,,KY0061,PRESTON,,,,,38.157091724,-85.696561332,1.964,1/11/2020 12:00:00 AM,1200,2,2,0,0,RAINING,WET,False,OTHER INTERSECTION COLLISIONS,REAR END,STRAIGHT & LEVEL,DAYLIGHT,,,1/13/2020 8:35:36 AM,False,7269,Accepted,
26182168,0560000,JEFFERSON COUNTY SHERIFF DEPT.,Accepted,JEFFERSON,,,DIXIE,HWY,,,,,,,,38.245528440,-85.783455627,0.248,1/11/2020 12:00:00 AM,2045,1,1,0,0,RAINING,WET,False,COLLISION WITH FIXED OBJECT NON - INTERSECTION - FIRST EVENT COLLISION 09 - 32 EXCLUDING 16,SINGLE VEHICLE,STRAIGHT & LEVEL,DARK-HWY NOT LIGHTED,,,1/13/2020 1:25:50 PM,False,4021,Accepted,
26179733,0568000,LOUISVILLE METRO POLICE DEPT,Accepted,JEFFERSON,I 0064,,I64 W,,,,,,,,,38.277349110,-85.803679321,1.267,1/11/2020 12:00:00 AM,1040,1,1,0,0,RAINING,WATER (STANDING OR MOVING),False,COLLISION WITH FIXED OBJECT NON - INTERSECTION - FIRST EVENT COLLISION 09 - 32 EXCLUDING 16,SINGLE VEHICLE,STRAIGHT & LEVEL,DARK-HWY LIGHTED/ON,,,1/13/2020 8:35:08 AM,False,7988,Accepted,
26179741,0568000,LOUISVILLE METRO POLICE DEPT,Accepted,JEFFERSON,US0031E,,BAXTER,AVE,,,,,LEXINGTON,,LIBERTY,38.248649131,-85.730859210,16.290,1/11/2020 12:00:00 AM,1219,1,1,0,0,RAINING,WET,False,COLLISION WITH FIXED OBJECT NON - INTERSECTION - FIRST EVENT COLLISION 09 - 32 EXCLUDING 16,SINGLE VEHICLE,STRAIGHT & GRADE,DAYLIGHT,,,1/13/2020 8:35:47 AM,False,2230,Accepted,
26179744,0568000,LOUISVILLE METRO POLICE DEPT,Accepted,JEFFERSON,I 0265,,I265 S,,,,,I 0071,I71 S EXIT35A RAMP TO I71 N,I 0071,I71 S,38.314586440,-85.581092679,34.690,1/11/2020 12:00:00 AM,1032,1,1,0,0,RAINING,WET,False,COLLISION WITH FIXED OBJECT NON - INTERSECTION - FIRST EVENT COLLISION 09 - 32 EXCLUDING 16,SINGLE VEHICLE,STRAIGHT & LEVEL,DAYLIGHT,,,1/13/2020 8:36:03 AM,False,2969,Accepted,
26179728,0568000,LOUISVILLE METRO POLICE DEPT,Accepted,JEFFERSON,,,FERN CREEK,RD,,,,,FERNDALE,US0031E,BARDSTOWN,38.157214528,-85.591503118,0.720,1/11/2020 12:00:00 AM,0657,1,1,0,1,CLOUDY,WET,False,COLLISION WITH FIXED OBJECT NON - INTERSECTION - FIRST EVENT COLLISION 09 - 32 EXCLUDING 16,SINGLE VEHICLE,STRAIGHT & LEVEL,DARK-HWY LIGHTED/ON,,,1/13/2020 8:34:50 AM,False,5116,Accepted,
26179797,0568000,LOUISVILLE METRO POLICE DEPT,Accepted,JEFFERSON,,,RUNDILL,RD,,,,,,,,38.165070887,-85.793623813,2.489,1/11/2020 12:00:00 AM,1909,1,1,0,2,RAINING,WET,False,COLLISION WITH FIXED OBJECT NON - INTERSECTION - FIRST EVENT COLLISION 09 - 32 EXCLUDING 16,SINGLE VEHICLE,CURVE & GRADE,DARK (UNKNOWN ROADWAY LIGHTING),,,1/13/2020 8:40:20 AM,False,5279,Accepted,
26179768,0568000,LOUISVILLE METRO POLICE DEPT,Accepted,JEFFERSON,KY0907,4700,VALLEY STATION,RD,,,,,,,,38.105709860,-85.848172682,1.055,1/11/2020 12:00:00 AM,1520,1,1,0,1,RAINING,WET,False,COLLISION WITH FIXED OBJECT NON - INTERSECTION - FIRST EVENT COLLISION 09 - 32 EXCLUDING 16,SINGLE VEHICLE,STRAIGHT & HILLCREST,DAYLIGHT,,,1/13/2020 8:37:55 AM,False,7496,Accepted,
26300749,0568000,LOUISVILLE METRO POLICE DEPT,Accepted,JEFFERSON,,,OLD FERN VALLEY,RD,,,,,,,,38.156058442,-85.686446088,0.527,1/11/2020 12:00:00 AM,1957,1,1,0,0,CLEAR,DRY,False,COLLISION WITH FIXED OBJECT NON - INTERSECTION - FIRST EVENT COLLISION 09 - 32 EXCLUDING 16,SINGLE VEHICLE,STRAIGHT & LEVEL,DARK-HWY LIGHTED/OFF,,,2/4/2020 11:57:57 AM,False,5138,Accepted,
26179782,0568000,LOUISVILLE METRO POLICE DEPT,Accepted,JEFFERSON,,1416,BROOK,ST,S,,,,,,,38.227728828,-85.754885300,1.516,1/11/2020 12:00:00 AM,1149,2,2,0,0,RAINING,WET,True,1 VEHICLE PARKED POSITION (NOT PARKING LOT/DRIVEWAY),SIDESWIPE-SAME DIRECTION,STRAIGHT & LEVEL,UNKNOWN,,,1/13/2020 8:39:04 AM,False,5213,Accepted,
26179776,0568000,LOUISVILLE METRO POLICE DEPT,Accepted,JEFFERSON,,,ST CATHERINE,ST,W,,,,1ST,KY1020,2ND,38.236933536,-85.755649479,0.039,1/11/2020 12:00:00 AM,1222,2,2,0,1,RAINING,WET,False,1 VEHICLE PARKED POSITION (NOT PARKING LOT/DRIVEWAY),ANGLE,STRAIGHT & LEVEL,DAYLIGHT,,,1/13/2020 8:38:36 AM,False,7441,Accepted,
26179745,0568000,LOUISVILLE METRO POLICE DEPT,Accepted,JEFFERSON,US0031E,,BARDSTOWN,RD,,,,,,,,38.231409719,-85.707075243,14.496,1/11/2020 12:00:00 AM,1254,2,2,0,0,RAINING,WET,False,1 VEHICLE ENTERING OR LEAVING PARKED POSITION (NOT PARKING LOT),SIDESWIPE-SAME DIRECTION,STRAIGHT & LEVEL,DAYLIGHT,,,1/13/2020 8:36:08 AM,False,5112,Accepted,
26179780,0568000,LOUISVILLE METRO POLICE DEPT,Accepted,JEFFERSON,I 0065,,I65 N,,,,,I 0065,I65 N EXIT133 ON RAMP FROM  WARNOCK ST,I 0065,I65 N EXIT134 ON RAMP FROM US61,38.215877220,-85.752201549,133.164,1/11/2020 12:00:00 AM,1611,2,2,0,0,RAINING,WET,False,SIDESWIPE COLLISION - SAME DIRECTION,SIDESWIPE-SAME DIRECTION,STRAIGHT & LEVEL,DAYLIGHT,,,1/13/2020 8:38:55 AM,False,7418,Accepted,
26179750,0568000,LOUISVILLE METRO POLICE DEPT,Accepted,JEFFERSON,US0031W,,DIXIE,HWY,,,,,,,,38.103936718,-85.869040926,8.350,1/11/2020 12:00:00 AM,1205,2,2,0,0,CLOUDY,WET,False,SIDESWIPE COLLISION - SAME DIRECTION,SIDESWIPE-SAME DIRECTION,STRAIGHT & LEVEL,DAYLIGHT,,,1/13/2020 8:36:25 AM,False,5250,Accepted,
26179738,0568000,LOUISVILLE METRO POLICE DEPT,Accepted,JEFFERSON,I 0065,,I65 N,,,,,,,,,38.205445462,-85.742583272,132.052,1/11/2020 12:00:00 AM,1107,2,2,0,0,RAINING,,True,SIDESWIPE COLLISION - SAME DIRECTION,SIDESWIPE-SAME DIRECTION,CURVE & LEVEL,DAYLIGHT,,,1/13/2020 8:35:29 AM,False,7872,Accepted,
26179808,0568000,LOUISVILLE METRO POLICE DEPT,Accepted,JEFFERSON,,5405,PAGES,LN,W,,,,,,,38.130522982,-85.857155675,0.508,1/11/2020 12:00:00 AM,2333,2,2,0,0,CLOUDY,WET,False,SIDESWIPE COLLISION - OPPOSITE DIRECTION,SIDESWIPE-OPPOSITE DIRECTION,STRAIGHT & LEVEL,DARK-HWY LIGHTED/ON,,,1/13/2020 8:41:38 AM,False,5033,Accepted,
26179724,0568000,LOUISVILLE METRO POLICE DEPT,Accepted,JEFFERSON,I 0265,,I265 N,,,,,I 0064,I64 W EXIT19B RAMP TO I265 N,I 0265,I265 N EXIT27 OFF RAMP TO US60,38.229636642,-85.504842664,25.958,1/11/2020 12:00:00 AM,0507,3,3,0,0,CLOUDY,WET,True,1 VEHICLE ENTERING/LEAVING ENTRANCE,ANGLE,STRAIGHT & LEVEL,DARK-HWY NOT LIGHTED,,,1/13/2020 8:34:16 AM,False,6931,Accepted,
26179792,0568000,LOUISVILLE METRO POLICE DEPT,Accepted,JEFFERSON,KY1865,,NEW CUT,RD,,,,,,,,38.146006991,-85.775263290,2.681,1/11/2020 12:00:00 AM,1028,2,2,0,0,RAINING,WET,False,1 VEHICLE ENTERING/LEAVING ENTRANCE,ANGLE,STRAIGHT & LEVEL,DAYLIGHT,,,1/13/2020 8:40:03 AM,False,7331,Accepted,
26179886,0568000,LOUISVILLE METRO POLICE DEPT,Accepted,JEFFERSON,,4008,INDIAN,TRL,E,,,,,,,38.171442381,-85.685345981,1.179,1/11/2020 12:00:00 AM,1530,2,2,0,0,RAINING,WET,False,1 VEHICLE ENTERING/LEAVING ENTRANCE,ANGLE,STRAIGHT & LEVEL,DAYLIGHT,,,1/13/2020 8:47:05 AM,False,5027,Accepted,
26179748,0568000,LOUISVILLE METRO POLICE DEPT,Accepted,JEFFERSON,US0060,,FRANKFORT,AVE,,,,,,,,38.253388993,-85.703261755,0.924,1/11/2020 12:00:00 AM,1422,2,2,0,0,RAINING,WET,False,1 VEHICLE ENTERING/LEAVING ENTRANCE,ANGLE,STRAIGHT & LEVEL,DAYLIGHT,,,1/13/2020 8:36:15 AM,False,7028,Accepted,
26179896,0568000,LOUISVILLE METRO POLICE DEPT,Accepted,JEFFERSON,KY1931,,MANSLICK,RD,,,,,,,,38.165206999,-85.797530551,6.234,1/11/2020 12:00:00 AM,0807,2,2,0,0,CLEAR,DRY,False,REAR END IN TRAFFIC LANES BOTH VEHICLES MOVING,REAR END,STRAIGHT & GRADE,DAYLIGHT,,,1/13/2020 8:47:57 AM,False,7524,Accepted,
26249004,0568000,LOUISVILLE METRO POLICE DEPT,Accepted,JEFFERSON,KY1865,,NEW CUT,RD,,,,,,,,38.122572433,-85.776837386,0.995,1/11/2020 12:00:00 AM,1542,3,3,0,0,CLOUDY,WET,True,REAR END IN TRAFFIC LANES BOTH VEHICLES MOVING,REAR END,STRAIGHT & LEVEL,DAYLIGHT,,,1/27/2020 8:36:06 AM,False,7221,Accepted,
26179783,0568000,LOUISVILLE METRO POLICE DEPT,Accepted,JEFFERSON,US0031E,,BARDSTOWN,RD,,,,,,,,38.125583354,-85.574580363,3.718,1/11/2020 12:00:00 AM,1900,2,2,0,0,RAINING,WET,False,REAR END IN TRAFFIC LANES BOTH VEHICLES MOVING,REAR END,STRAIGHT & LEVEL,DARK-HWY NOT LIGHTED,,,1/13/2020 8:39:08 AM,False,7698,Accepted,
26179789,0568000,LOUISVILLE METRO POLICE DEPT,Accepted,JEFFERSON,KY1934,,CANE RUN,RD,,,,,RALPH,I 0264,I264 W EXIT5 RAMP KY1934,38.207184831,-85.826919728,9.957,1/11/2020 12:00:00 AM,0732,2,2,0,0,CLOUDY,WET,False,REAR END IN TRAFFIC LANES BOTH VEHICLES MOVING,REAR END,STRAIGHT & LEVEL,DARK-HWY LIGHTED/ON,,,1/13/2020 8:39:46 AM,False,7420,Accepted,
26179742,0568000,LOUISVILLE METRO POLICE DEPT,Accepted,JEFFERSON,,,GRINSTEAD,DR,,,,KY1703,BAXTER,KY2860,GRINSTEAD,38.237912779,-85.722022217,0.067,1/11/2020 12:00:00 AM,1337,2,2,0,0,RAINING,WET,False,REAR END IN TRAFFIC LANES BOTH VEHICLES MOVING,REAR END,CURVE & LEVEL,DAYLIGHT,,,1/13/2020 8:35:53 AM,False,2230,Accepted,
26179851,0568000,LOUISVILLE METRO POLICE DEPT,Accepted,JEFFERSON,KY1020,,2ND,ST,S,,,US0031E,MARKET,,JEFFERSON,38.254631633,-85.753641471,12.707,1/11/2020 12:00:00 AM,2248,3,3,0,0,RAINING,WET,False,REAR END IN TRAFFIC LANES BOTH VEHICLES MOVING,REAR END,STRAIGHT & LEVEL,DARK-HWY LIGHTED/ON,,,1/13/2020 8:45:13 AM,False,7111,Accepted,
26179765,0568000,LOUISVILLE METRO POLICE DEPT,Accepted,JEFFERSON,,,ACADEMY RIDGE,PL,,,ACADEMY RIDGE,,,,,38.234778075,-85.497986961,0.006,1/11/2020 12:00:00 AM,1554,2,2,0,0,RAINING,WET,False,HEAD-ON COLLISION,HEAD ON,STRAIGHT & LEVEL,DAYLIGHT,,,1/13/2020 8:37:38 AM,False,6334,Accepted,
26256826,0568000,LOUISVILLE METRO POLICE DEPT,Accepted,JEFFERSON,KY1065,,OUTER,LOOP,,KY0061,PRESTON,,,,,38.138323576,-85.686788476,6.045,1/11/2020 12:00:00 AM,0001,2,2,0,1,CLEAR,DRY,False,HEAD-ON COLLISION,HEAD ON,STRAIGHT & LEVEL,DARK-HWY NOT LIGHTED,,,1/28/2020 3:02:46 PM,False,7415,Accepted,
26179774,0568000,LOUISVILLE METRO POLICE DEPT,Accepted,JEFFERSON,KY0864,6308,FEGENBUSH,LN,,,,,,,,38.158325769,-85.637243698,6.318,1/11/2020 12:00:00 AM,1433,2,2,0,4,RAINING,WET,False,HEAD-ON COLLISION,HEAD ON,CURVE & GRADE,DAYLIGHT,,,1/13/2020 8:38:22 AM,False,5005,Accepted,
26179784,0568000,LOUISVILLE METRO POLICE DEPT,Accepted,JEFFERSON,KY1703,,NEWBURG,RD,,,,,,,,38.217067510,-85.707794652,3.837,1/11/2020 12:00:00 AM,1515,2,2,0,4,RAINING,WET,False,HEAD-ON COLLISION,HEAD ON,CURVE & GRADE,DAYLIGHT,,,1/13/2020 8:39:13 AM,False,5112,Accepted,
26179828,0568000,LOUISVILLE METRO POLICE DEPT,Accepted,JEFFERSON,I 0265,,I265 N,,,I 0064,I64 W EXIT19B RAMP TO I265 N,,,,,38.227752163,-85.505247082,25.828,1/11/2020 12:00:00 AM,2119,2,2,0,0,RAINING,WET,False,HEAD-ON COLLISION,HEAD ON,STRAIGHT & LEVEL,DARK-HWY LIGHTED/ON,,,1/13/2020 8:43:26 AM,False,5292,Accepted,
26179799,0568000,LOUISVILLE METRO POLICE DEPT,Accepted,JEFFERSON,,,ROBBS,LN,,,GAYEWAY,,,,,38.135030111,-85.661555532,0.285,1/11/2020 12:00:00 AM,1949,2,2,0,3,RAINING,WET,False,HEAD-ON COLLISION,HEAD ON,CURVE & LEVEL,DARK-HWY NOT LIGHTED,,,1/13/2020 8:40:31 AM,False,5214,Accepted,
26179752,0568000,LOUISVILLE METRO POLICE DEPT,Accepted,JEFFERSON,I 0065,,I65 N,,,,,,,,,38.172784318,-85.720235999,129.357,1/11/2020 12:00:00 AM,1222,1,1,0,1,RAINING,WET,False,OTHER COLLISIONS ON SHOULDER,SINGLE VEHICLE,CURVE & GRADE,DAYLIGHT,,,1/13/2020 8:36:35 AM,False,7830,Accepted,
26179839,0568000,LOUISVILLE METRO POLICE DEPT,Accepted,JEFFERSON,KY1450,9000,BLUE LICK,RD,,,,,,,,38.119611937,-85.689493278,2.400,1/11/2020 12:00:00 AM,2004,1,1,0,0,RAINING,WET,True,OTHER COLLISIONS ON SHOULDER,SINGLE VEHICLE,STRAIGHT & LEVEL,DARK-HWY LIGHTED/OFF,,,1/13/2020 8:43:52 AM,False,7423,Accepted,
26179834,0568000,LOUISVILLE METRO POLICE DEPT,Accepted,JEFFERSON,KY0907,7300,SOUTHSIDE,DR,,,,,,,,38.146940302,-85.774156948,6.412,1/11/2020 12:00:00 AM,2155,1,1,0,0,RAINING,FLOODED,False,OTHER COLLISIONS ON SHOULDER,SINGLE VEHICLE,CURVE & LEVEL,DARK-HWY LIGHTED/ON,,,1/13/2020 8:43:32 AM,False,7321,Accepted,
26179856,0568000,LOUISVILLE METRO POLICE DEPT,Accepted,JEFFERSON,I 0065,,I65 S,,,,,,,,,38.171333782,-85.720745817,129.255,1/11/2020 12:00:00 AM,1540,1,1,0,0,RAINING,WET,False,OTHER ROADWAY OR MID-BLOCK COLLISION,SINGLE VEHICLE,STRAIGHT & LEVEL,DAYLIGHT,,,1/13/2020 8:45:36 AM,False,7830,Accepted,
26179734,0568000,LOUISVILLE METRO POLICE DEPT,Accepted,JEFFERSON,I 0264,,I264 W,,,,,,,,,38.288271413,-85.647371510,22.851,1/11/2020 12:00:00 AM,1011,1,1,0,1,RAINING,WET,False,OTHER ROADWAY OR MID-BLOCK COLLISION,SINGLE VEHICLE,STRAIGHT & LEVEL,DAYLIGHT,,,1/13/2020 8:35:12 AM,False,7433,Accepted,
26249003,0568000,LOUISVILLE METRO POLICE DEPT,Accepted,JEFFERSON,KY0841,,GENE SNYDER,FWY,,,,,,,,38.118755158,-85.784508541,5.632,1/11/2020 12:00:00 AM,1533,1,1,0,0,RAINING,WATER (STANDING OR MOVING),False,OTHER ROADWAY OR MID-BLOCK COLLISION,SINGLE VEHICLE,CURVE & GRADE,DAYLIGHT,,,1/27/2020 8:36:03 AM,False,7221,Accepted,
26198344,0568000,LOUISVILLE METRO POLICE DEPT,Accepted,JEFFERSON,KY1747,,HURSTBOURNE,PKWY,S,,,,BUNSEN,,HURSTBOURNE,38.218443075,-85.584676606,11.424,1/11/2020 12:00:00 AM,1415,2,2,0,0,CLOUDY,WET,False,OTHER ROADWAY OR MID-BLOCK COLLISION,REAR TO REAR,STRAIGHT & LEVEL,DAYLIGHT,,,1/16/2020 8:13:02 AM,False,5247,Accepted,
26220240,0568000,LOUISVILLE METRO POLICE DEPT,Accepted,JEFFERSON,I 0265,,,,,,,,,,,38.310927340,-85.570088596,0.387,1/11/2020 12:00:00 AM,1738,2,2,0,0,RAINING,WET,False,OTHER RAMP RELATED COLLISIONS NOT LISTED ABOVE,REAR END,STRAIGHT & LEVEL,DARK-HWY LIGHTED/ON,I 0265,KY0022,1/21/2020 9:14:21 AM,False,7746,Accepted,
26179857,0568000,LOUISVILLE METRO POLICE DEPT,Accepted,JEFFERSON,I 0064,,,,,,,,,,,38.259259963,-85.752043143,0.088,1/11/2020 12:00:00 AM,1019,1,1,0,1,RAINING,WET,False,COLLISION WITH FIXED OBJECT NOT IN GORE ,SINGLE VEHICLE,CURVE & LEVEL,DAYLIGHT,I 0064,N  3RD ST,1/13/2020 8:45:54 AM,False,2661,Accepted,
26179777,0568000,LOUISVILLE METRO POLICE DEPT,Accepted,JEFFERSON,I 0065,,,,,,,,,,,38.192017611,-85.731394949,1.319,1/11/2020 12:00:00 AM,1313,1,1,0,0,RAINING,WET,False,COLLISION WITH FIXED OBJECT NOT IN GORE ,SINGLE VEHICLE,CURVE & GRADE,DAYLIGHT,I 0065,I 0264,1/13/2020 8:38:41 AM,False,5204,Accepted,
26179837,0568000,LOUISVILLE METRO POLICE DEPT,Accepted,JEFFERSON,,3322,OLD OUTER,LOOP,,,,,,,,38.136476609,-85.691806544,0.576,1/11/2020 12:00:00 AM,1928,2,2,0,0,RAINING,WET,False,COLLISION IN PARKING LOT,HEAD ON,STRAIGHT & LEVEL,DARK-HWY LIGHTED/OFF,,,1/13/2020 8:43:42 AM,False,7423,Accepted,
26179838,0568000,LOUISVILLE METRO POLICE DEPT,Accepted,JEFFERSON,KY0061,7405,PRESTON,HWY,,,,,,,,38.141086804,-85.688187427,4.151,1/11/2020 12:00:00 AM,2009,2,2,0,0,RAINING,WET,True,COLLISION IN PARKING LOT,BACKING,STRAIGHT & LEVEL,DARK-HWY LIGHTED/ON,,,1/13/2020 8:43:47 AM,False,7423,Accepted,
26179893,0568000,LOUISVILLE METRO POLICE DEPT,Accepted,JEFFERSON,KY1065,4925,OUTER,LOOP,,,,,,,,38.138097794,-85.665514749,7.243,1/11/2020 12:00:00 AM,2034,2,1,0,1,CLOUDY,WET,True,COLLISION IN PARKING LOT,SINGLE VEHICLE,STRAIGHT & LEVEL,DARK-HWY LIGHTED/ON,,,1/13/2020 8:47:42 AM,False,5042,Accepted,
26220607,0568000,LOUISVILLE METRO POLICE DEPT,Accepted,JEFFERSON,KY0061,,PRESTON,HWY,,,,,FOREST,,PRESTWOOD,38.165852693,-85.702073287,5.653,1/11/2020 12:00:00 AM,2245,2,2,0,0,CLOUDY,WET,True,COLLISION IN PARKING LOT,BACKING,STRAIGHT & LEVEL,DARK-HWY LIGHTED/ON,,,1/21/2020 9:36:33 AM,False,2081,Accepted,
26220268,0568000,LOUISVILLE METRO POLICE DEPT,Accepted,JEFFERSON,,3594,GEORGETOWN,CIR,,,,,,,,38.194150913,-85.796845300,0.146,1/11/2020 12:00:00 AM,1900,2,2,0,0,RAINING,WET,True,COLLISION IN PARKING LOT,SIDESWIPE-SAME DIRECTION,STRAIGHT & LEVEL,DARK-HWY LIGHTED/OFF,,,1/21/2020 9:16:16 AM,False,7468,Accepted,
26262718,0568000,LOUISVILLE METRO POLICE DEPT,Accepted,JEFFERSON,,3708,FALCON CREST,DR,,,,,,,,38.117915891,-85.692667033,0.168,1/10/2020 12:00:00 AM,0837,2,2,0,0,CLOUDY,DRY,False,COLLISION IN PARKING LOT,ANGLE,STRAIGHT & LEVEL,DAYLIGHT,,,1/29/2020 3:25:21 PM,False,7269,Accepted,
26179647,0568000,LOUISVILLE METRO POLICE DEPT,Accepted,JEFFERSON,,,JEFFERSON,BLVD,,,,,,,,38.139216831,-85.672985463,,1/10/2020 12:00:00 AM,1231,2,2,0,0,CLOUDY,DRY,True,COLLISION IN PARKING LOT,BACKING,STRAIGHT & LEVEL,DAYLIGHT,,,1/13/2020 8:28:33 AM,False,4693,Accepted,
26590053,0568000,LOUISVILLE METRO POLICE DEPT,Accepted,JEFFERSON,,,PHILLIPS,LN,,,,,,,,38.193559929,-85.739575114,0.743,1/10/2020 12:00:00 AM,1911,3,3,0,0,RAINING,WET,False,OTHER ROADWAY OR MID-BLOCK COLLISION,OPPOSING LEFT TURN,STRAIGHT & LEVEL,DARK-HWY LIGHTED/ON,,,4/9/2020 8:28:49 AM,False,5252,Accepted,
26168837,0568000,LOUISVILLE METRO POLICE DEPT,Accepted,JEFFERSON,I 0064,,,,,,,,,,,38.258116866,-85.742482428,0.147,1/10/2020 12:00:00 AM,0458,1,1,0,1,CLEAR,DRY,False,OVERTURNED ON RAMP,SINGLE VEHICLE,CURVE & GRADE,DARK-HWY LIGHTED/ON,I 0064,I 0065,1/10/2020 8:28:28 AM,False,5195,Accepted,
26179621,0568000,LOUISVILLE METRO POLICE DEPT,Accepted,JEFFERSON,I 0265,,,,,,,,,,,38.139583863,-85.582377132,0.017,1/10/2020 12:00:00 AM,0900,2,2,0,0,CLOUDY,DRY,False,OTHER RAMP RELATED COLLISIONS NOT LISTED ABOVE,REAR END,STRAIGHT & LEVEL,DAYLIGHT,I 0265,US31E,1/13/2020 8:26:26 AM,False,4903,Accepted,
26168832,0568000,LOUISVILLE METRO POLICE DEPT,Accepted,JEFFERSON,KY1931,7605,GREENWOOD,RD,,,,,,,,38.147488039,-85.892590021,0.198,1/10/2020 12:00:00 AM,0102,1,1,0,1,CLEAR,DRY,False,OTHER ROADWAY OR MID-BLOCK COLLISION,SINGLE VEHICLE,STRAIGHT & LEVEL,DARK-HWY NOT LIGHTED,,,1/10/2020 8:28:02 AM,False,7365,Accepted,
26179709,0568000,LOUISVILLE METRO POLICE DEPT,Accepted,JEFFERSON,KY1747,,HURSTBOURNE,PKWY,,,,US0031E,BARDSTOWN,,HAMES,38.168689752,-85.605139054,7.470,1/10/2020 12:00:00 AM,2230,2,2,0,0,RAINING,WET,False,OTHER ROADWAY OR MID-BLOCK COLLISION,REAR END,STRAIGHT & LEVEL,DARK-HWY LIGHTED/ON,,,1/13/2020 8:33:43 AM,False,6668,Accepted,