IncidentID,AgencyORI,AgencyName,IncidentStatusDesc,County,RdwyNumber,Street,RoadwayName,StreetSfx,StreetDir,IntersectionRdwy,IntersectionRdwyName,BetweenStRdwy1,BetweenStRdwyName1,BetweenStRdwy2,BetweenStRdwyName2,Latitude,Longitude,Milepoint,CollisionDate,CollisionTime,UnitsInvolved,MotorVehiclesInvolved,NumberKilled,NumberInjured,Weather,RdwyConditionCode,HitandRun,DirAnalysisCode,MannerofCollision,RdwyCharacter,LightCondition,RampFromRdwyId,RampToRdwyId,AcceptedDate,IsSecondaryCollision,OwnerBadge,IncidentStatus,
26179699,0568000,LOUISVILLE METRO POLICE DEPT,Accepted,JEFFERSON,I 0071,,I71 S,,,,,,,,,38.293419436,-85.635527519,5.740,1/10/2020 12:00:00 AM,1756,2,2,0,0,RAINING,WET,False,OTHER ROADWAY OR MID-BLOCK COLLISION,REAR TO REAR,STRAIGHT & LEVEL,DUSK,,,1/13/2020 8:33:30 AM,False,5030,Accepted,
26179663,0568000,LOUISVILLE METRO POLICE DEPT,Accepted,JEFFERSON,I 0264,,I264 E,,,,,I 0264,I264 E EXIT22 OFF RAMP TO US42,I 0264,I264 E EXIT21 ON RAMP FROM KY1447,38.275202110,-85.631466103,21.687,1/10/2020 12:00:00 AM,1820,2,2,0,0,RAINING,WET,False,OTHER ROADWAY OR MID-BLOCK COLLISION,REAR END,STRAIGHT & LEVEL,DARK-HWY LIGHTED/ON,,,1/13/2020 8:30:42 AM,False,6406,Accepted,
26179850,0568000,LOUISVILLE METRO POLICE DEPT,Accepted,JEFFERSON,KY0864,,FEGENBUSH,LN,,,FENWICK,,,,,38.155196020,-85.636364544,6.087,1/10/2020 12:00:00 AM,2136,2,2,0,1,RAINING,WET,False,HEAD-ON COLLISION,HEAD ON,STRAIGHT & GRADE,DARK-HWY NOT LIGHTED,,,1/13/2020 8:45:09 AM,False,7415,Accepted,
26179688,0568000,LOUISVILLE METRO POLICE DEPT,Accepted,JEFFERSON,,,BLUEGRASS,AVE,,,,,,,,38.179544984,-85.783832094,0.822,1/10/2020 12:00:00 AM,2000,2,2,0,0,RAINING,WET,True,REAR END IN TRAFFIC LANES BOTH VEHICLES MOVING,REAR END,STRAIGHT & LEVEL,DARK-HWY LIGHTED/ON,,,1/13/2020 8:32:19 AM,False,7560,Accepted,
26186262,0568000,LOUISVILLE METRO POLICE DEPT,Accepted,JEFFERSON,I 0264,,I264 W,,,,,,,,,38.223210104,-85.647455591,17.211,1/10/2020 12:00:00 AM,0725,2,2,0,0,CLOUDY,DRY,False,REAR END IN TRAFFIC LANES BOTH VEHICLES MOVING,REAR END,STRAIGHT & LEVEL,DAYLIGHT,,,1/14/2020 8:10:19 AM,False,4656,Accepted,
26179653,0568000,LOUISVILLE METRO POLICE DEPT,Accepted,JEFFERSON,US0031W,,DIXIE,HWY,,,,,KINGSFORD,,LEWISTON,38.171656811,-85.826074716,13.562,1/10/2020 12:00:00 AM,1714,2,2,0,0,RAINING,WET,False,REAR END IN TRAFFIC LANES BOTH VEHICLES MOVING,REAR END,STRAIGHT & LEVEL,DARK-HWY LIGHTED/ON,,,1/13/2020 8:29:26 AM,False,5276,Accepted,
26179669,0568000,LOUISVILLE METRO POLICE DEPT,Accepted,JEFFERSON,US0031E,,BARDSTOWN,RD,,,,,,,,38.131708023,-85.578241259,4.165,1/10/2020 12:00:00 AM,1827,2,2,0,0,RAINING,WET,False,REAR END IN TRAFFIC LANES BOTH VEHICLES MOVING,REAR END,STRAIGHT & LEVEL,DARK-HWY NOT LIGHTED,,,1/13/2020 8:30:57 AM,False,7255,Accepted,
26179678,0568000,LOUISVILLE METRO POLICE DEPT,Accepted,JEFFERSON,US0031E,,BARDSTOWN,RD,,,,,,,,38.227458913,-85.699578519,14.006,1/10/2020 12:00:00 AM,1907,2,2,0,0,RAINING,WET,False,REAR END IN TRAFFIC LANES BOTH VEHICLES MOVING,REAR END,STRAIGHT & LEVEL,DARK-HWY LIGHTED/ON,,,1/13/2020 8:31:26 AM,False,5112,Accepted,
26179658,0568000,LOUISVILLE METRO POLICE DEPT,Accepted,JEFFERSON,US0031E,,BARDSTOWN,RD,,,,,,,,38.131537623,-85.578200031,4.177,1/10/2020 12:00:00 AM,1848,2,2,0,0,RAINING,WET,False,REAR END IN TRAFFIC LANES BOTH VEHICLES MOVING,REAR END,STRAIGHT & LEVEL,DUSK,,,1/13/2020 8:30:02 AM,False,7698,Accepted,
26179657,0568000,LOUISVILLE METRO POLICE DEPT,Accepted,JEFFERSON,KY1020,,3RD,ST,S,,,,,,,38.204741234,-85.763972807,9.472,1/10/2020 12:00:00 AM,1720,2,2,0,1,RAINING,WET,False,REAR END IN TRAFFIC LANES BOTH VEHICLES MOVING,REAR END,STRAIGHT & LEVEL,DUSK,,,1/13/2020 8:29:56 AM,False,7398,Accepted,
26179667,0568000,LOUISVILLE METRO POLICE DEPT,Accepted,JEFFERSON,,,SENECA,TRL,,,,,,,,38.159279732,-85.764805581,0.003,1/10/2020 12:00:00 AM,1553,2,2,0,0,CLOUDY,DRY,False,REAR END IN TRAFFIC LANES BOTH VEHICLES MOVING,REAR END,STRAIGHT & LEVEL,DAYLIGHT,,,1/13/2020 8:30:53 AM,False,7331,Accepted,
26179717,0568000,LOUISVILLE METRO POLICE DEPT,Accepted,JEFFERSON,US0031W,9208,DIXIE,HWY,,,,,,,,38.120274997,-85.856492136,9.671,1/10/2020 12:00:00 AM,2142,2,2,0,0,CLOUDY,WET,False,1 VEHICLE ENTERING/LEAVING ENTRANCE,ANGLE,STRAIGHT & LEVEL,DARK-HWY NOT LIGHTED,,,1/13/2020 8:33:51 AM,False,7072,Accepted,
26179631,0568000,LOUISVILLE METRO POLICE DEPT,Accepted,JEFFERSON,KY1020,,2ND,ST,S,,,,,,,38.254154266,-85.753588952,12.674,1/10/2020 12:00:00 AM,1200,2,2,0,0,CLOUDY,DRY,False,1 VEHICLE ENTERING/LEAVING ENTRANCE,ANGLE,STRAIGHT & LEVEL,DAYLIGHT,,,1/13/2020 8:27:22 AM,False,5168,Accepted,
26179676,0568000,LOUISVILLE METRO POLICE DEPT,Accepted,JEFFERSON,,,NORRIS,PL,,,,,DEERWOOD,,SHADY,38.227411813,-85.708824795,0.356,1/10/2020 12:00:00 AM,1558,2,2,0,0,CLOUDY,DRY,False,1 VEHICLE ENTERING/LEAVING ENTRANCE,ANGLE,STRAIGHT & LEVEL,DAYLIGHT,,,1/13/2020 8:31:22 AM,False,7960,Accepted,
26179714,0568000,LOUISVILLE METRO POLICE DEPT,Accepted,JEFFERSON,KY0061,,PRESTON,HWY,,,,,MINOR,,LAVISTA,38.145497522,-85.690690450,4.483,1/10/2020 12:00:00 AM,2359,2,2,0,0,RAINING,WET,False,1 VEHICLE ENTERING/LEAVING ENTRANCE,ANGLE,STRAIGHT & LEVEL,DARK-HWY LIGHTED/ON,,,1/13/2020 8:33:47 AM,False,6028,Accepted,
26179679,0568000,LOUISVILLE METRO POLICE DEPT,Accepted,JEFFERSON,KY2052,,SHEPHERDSVILLE,RD,,,,,INDIAN,,DELAWARE,38.188485376,-85.659517886,3.438,1/10/2020 12:00:00 AM,1538,2,2,0,0,CLOUDY,DRY,False,1 VEHICLE ENTERING/LEAVING ENTRANCE,ANGLE,STRAIGHT & LEVEL,DAYLIGHT,,,1/13/2020 8:31:35 AM,False,7294,Accepted,
26179689,0568000,LOUISVILLE METRO POLICE DEPT,Accepted,JEFFERSON,,,CHESTNUT,ST,W,,,,27TH,,26TH,38.253054915,-85.795035639,0.323,1/10/2020 12:00:00 AM,1838,2,2,0,0,RAINING,WET,False,1 VEHICLE ENTERING/LEAVING ENTRANCE,ANGLE,STRAIGHT & LEVEL,DARK-HWY LIGHTED/ON,,,1/13/2020 8:32:35 AM,False,7253,Accepted,
26179801,0568000,LOUISVILLE METRO POLICE DEPT,Accepted,JEFFERSON,,1100,CENTRAL,AVE,,,,,,,,38.207386194,-85.777125712,1.098,1/10/2020 12:00:00 AM,1951,2,2,0,0,RAINING,WET,False,1 VEHICLE ENTERING/LEAVING ENTRANCE,ANGLE,STRAIGHT & LEVEL,DUSK,,,1/13/2020 8:40:57 AM,False,7291,Accepted,
26179690,0568000,LOUISVILLE METRO POLICE DEPT,Accepted,JEFFERSON,,,MAGAZINE,ST,,,,,,,,38.248878237,-85.769331735,0.267,1/10/2020 12:00:00 AM,2212,2,2,0,0,RAINING,WET,True,VEHICLE BACKING NON INTERSECTION,BACKING,STRAIGHT & LEVEL,DARK-HWY LIGHTED/ON,,,1/13/2020 8:32:44 AM,False,7111,Accepted,
26168846,0568000,LOUISVILLE METRO POLICE DEPT,Accepted,JEFFERSON,US0031E,,BARDSTOWN,RD,,,,,GLENMARY FARM,,CAPTAIN,38.127467425,-85.575514874,3.860,1/10/2020 12:00:00 AM,0550,2,2,0,0,CLOUDY,WET,True,SIDESWIPE COLLISION - SAME DIRECTION,SIDESWIPE-SAME DIRECTION,STRAIGHT & LEVEL,DARK-HWY LIGHTED/OFF,,,1/10/2020 8:29:54 AM,False,5169,Accepted,
26179702,0568000,LOUISVILLE METRO POLICE DEPT,Accepted,JEFFERSON,KY1447,,WESTPORT,RD,,,,,,,,38.287050090,-85.573812262,5.144,1/10/2020 12:00:00 AM,2008,2,2,0,0,RAINING,WET,False,SIDESWIPE COLLISION - SAME DIRECTION,SIDESWIPE-SAME DIRECTION,STRAIGHT & LEVEL,DUSK,,,1/13/2020 8:33:34 AM,False,5030,Accepted,
26179743,0568000,LOUISVILLE METRO POLICE DEPT,Accepted,JEFFERSON,KY1020,,NATIONAL,TPKE,,,,,GLENGARRY,,SINCLAIR,38.123017741,-85.748421736,3.411,1/10/2020 12:00:00 AM,1559,2,2,0,0,CLEAR,DRY,True,SIDESWIPE COLLISION - SAME DIRECTION,SIDESWIPE-SAME DIRECTION,STRAIGHT & LEVEL,DAYLIGHT,,,1/13/2020 8:35:59 AM,False,7202,Accepted,
26179645,0568000,LOUISVILLE METRO POLICE DEPT,Accepted,JEFFERSON,KY0022,,BROWNSBORO,RD,,,,KY2050,HERR,KY2050,HERR,38.283753198,-85.628276085,0.452,1/10/2020 12:00:00 AM,1507,2,2,0,0,RAINING,WET,False,SIDESWIPE COLLISION - SAME DIRECTION,SIDESWIPE-SAME DIRECTION,STRAIGHT & LEVEL,DAYLIGHT,,,1/13/2020 8:28:18 AM,False,2969,Accepted,
26179761,0568000,LOUISVILLE METRO POLICE DEPT,Accepted,JEFFERSON,KY2860,,GRINSTEAD,DR,,,,,GLENMARY,US0060A,CHEROKEE,38.243212839,-85.705535504,0.965,1/10/2020 12:00:00 AM,1842,2,2,0,0,RAINING,WET,False,SIDESWIPE COLLISION - SAME DIRECTION,SIDESWIPE-SAME DIRECTION,CURVE & GRADE,DARK-HWY LIGHTED/ON,,,1/13/2020 8:37:16 AM,False,7129,Accepted,
26188478,0564400,INDIAN HILLS POLICE DEPARTMENT,Accepted,JEFFERSON,US0042,4600,BROWNSBORO,RD,,,,,,,,38.274954192,-85.644071688,5.241,1/10/2020 12:00:00 AM,1755,2,2,0,0,RAINING,WET,False,SIDESWIPE COLLISION - SAME DIRECTION,SIDESWIPE-SAME DIRECTION,STRAIGHT & LEVEL,DARK-HWY LIGHTED/ON,,,1/14/2020 1:58:56 PM,False,4433,Accepted,
26204897,0568000,LOUISVILLE METRO POLICE DEPT,Accepted,JEFFERSON,I 0065,,,,,,,,,,,38.191196079,-85.719961592,0.081,1/10/2020 12:00:00 AM,2034,3,3,0,0,RAINING,WET,True,SIDESWIPE COLLISION - SAME DIRECTION,SIDESWIPE-SAME DIRECTION,STRAIGHT & LEVEL,DARK-HWY LIGHTED/ON,,,1/17/2020 8:24:33 AM,False,7972,Accepted,
26179760,0568000,LOUISVILLE METRO POLICE DEPT,Accepted,JEFFERSON,KY2860,2210,GRINSTEAD,DR,,,,,EVERETT,,HILLIARD,38.240356729,-85.717320801,0.240,1/10/2020 12:00:00 AM,1814,2,2,0,0,RAINING,WET,False,1 VEHICLE ENTERING OR LEAVING PARKED POSITION (NOT PARKING LOT),REAR END,STRAIGHT & GRADE,DARK-HWY LIGHTED/ON,,,1/13/2020 8:37:11 AM,False,7129,Accepted,
26179613,0568000,LOUISVILLE METRO POLICE DEPT,Accepted,JEFFERSON,,8227,DELIDO,RD,,,,,,,,38.128636705,-85.653160542,0.159,1/10/2020 12:00:00 AM,0845,1,1,0,0,CLEAR,DRY,False,RAN OFF ROADWAY (1 VEHICLE WITH/EARTH EMBANKMENT/DITCH),SINGLE VEHICLE,CURVE & GRADE,DAYLIGHT,,,1/13/2020 8:26:11 AM,True,6933,Accepted,
26179654,0568000,LOUISVILLE METRO POLICE DEPT,Accepted,JEFFERSON,I 0064,,I64 E,,,,,,,,,38.260026280,-85.725019404,6.414,1/10/2020 12:00:00 AM,1810,1,1,0,0,RAINING,WET,False,RAN OFF ROADWAY (1 VEHICLE WITH/EARTH EMBANKMENT/DITCH),SINGLE VEHICLE,STRAIGHT & GRADE,DARK-HWY LIGHTED/ON,,,1/13/2020 8:29:35 AM,False,2855,Accepted,
26179721,0568000,LOUISVILLE METRO POLICE DEPT,Accepted,JEFFERSON,KY1020,3173,3RD,ST,S,,,,,,,38.202244538,-85.764387783,9.282,1/10/2020 12:00:00 AM,2006,2,2,0,0,RAINING,WET,False,1 VEHICLE PARKED POSITION (NOT PARKING LOT/DRIVEWAY),REAR END,STRAIGHT & LEVEL,DARK-HWY LIGHTED/ON,,,1/13/2020 8:34:00 AM,False,5252,Accepted,
26179802,0568000,LOUISVILLE METRO POLICE DEPT,Accepted,JEFFERSON,KY1020,3100,3RD,ST,S,,,,,,,38.201834169,-85.764465814,9.251,1/10/2020 12:00:00 AM,2207,2,2,0,0,RAINING,WET,True,1 VEHICLE PARKED POSITION (NOT PARKING LOT/DRIVEWAY),SIDESWIPE-SAME DIRECTION,STRAIGHT & LEVEL,DUSK,,,1/13/2020 8:41:21 AM,False,7291,Accepted,
26179629,0568000,LOUISVILLE METRO POLICE DEPT,Accepted,JEFFERSON,,,GRIFFITHS,AVE,,,,,,,,38.266343066,-85.790706601,0.670,1/10/2020 12:00:00 AM,1100,2,2,0,0,CLOUDY,DRY,False,1 VEHICLE PARKED POSITION (NOT PARKING LOT/DRIVEWAY),SIDESWIPE-SAME DIRECTION,STRAIGHT & LEVEL,DAYLIGHT,,,1/13/2020 8:27:12 AM,False,7988,Accepted,
26198364,0568000,LOUISVILLE METRO POLICE DEPT,Accepted,JEFFERSON,KY1142,980,PALATKA,RD,,,,,,,,38.151951815,-85.784446890,0.976,1/10/2020 12:00:00 AM,1740,1,1,0,0,RAINING,WET,False,COLLISION WITH FIXED OBJECT NON - INTERSECTION - FIRST EVENT COLLISION 09 - 32 EXCLUDING 16,SINGLE VEHICLE,CURVE & LEVEL,DARK-HWY LIGHTED/ON,,,1/16/2020 8:15:14 AM,False,7053,Accepted,
26179662,0568000,LOUISVILLE METRO POLICE DEPT,Accepted,JEFFERSON,KY1934,,CANE RUN,RD,,KY2049,CRUMS,,,,,38.198842383,-85.837873296,9.141,1/10/2020 12:00:00 AM,1424,2,2,0,0,RAINING,WET,False,OTHER INTERSECTION COLLISIONS,REAR END,STRAIGHT & LEVEL,DAYLIGHT,,,1/13/2020 8:30:29 AM,False,5032,Accepted,
26179726,0568000,LOUISVILLE METRO POLICE DEPT,Accepted,JEFFERSON,US0031E,,BARDSTOWN,RD,,,CEDARLOOK,,,,,38.147034664,-85.585838709,5.331,1/10/2020 12:00:00 AM,1839,3,3,0,1,RAINING,WET,False,OTHER INTERSECTION COLLISIONS,REAR END,STRAIGHT & LEVEL,DARK-HWY LIGHTED/ON,,,1/13/2020 8:34:39 AM,False,5011,Accepted,
26179660,0568000,LOUISVILLE METRO POLICE DEPT,Accepted,JEFFERSON,KY1934,,CANE RUN,RD,,KY2049,CRUMS,,,,,38.199275501,-85.837366384,9.186,1/10/2020 12:00:00 AM,0902,2,2,0,1,CLEAR,DRY,False,OTHER INTERSECTION COLLISIONS,REAR END,STRAIGHT & LEVEL,DAYLIGHT,,,1/13/2020 8:30:13 AM,False,5032,Accepted,
26179666,0568000,LOUISVILLE METRO POLICE DEPT,Accepted,JEFFERSON,KY1932,,BRECKENRIDGE,LN,,,CHURCHILL PARK,,,,,38.214617039,-85.627425058,2.431,1/10/2020 12:00:00 AM,0747,2,2,0,0,CLEAR,DRY,False,OTHER INTERSECTION COLLISIONS,REAR END,STRAIGHT & LEVEL,DAYLIGHT,,,1/13/2020 8:30:47 AM,False,7448,Accepted,
26179616,0568000,LOUISVILLE METRO POLICE DEPT,Accepted,JEFFERSON,KY1020,,3RD,ST,S,US0060A,EASTERN,,,,,38.213735031,-85.762287986,9.868,1/10/2020 12:00:00 AM,0714,1,1,0,0,CLEAR,DRY,False,OTHER INTERSECTION COLLISIONS,SINGLE VEHICLE,STRAIGHT & LEVEL,DARK-HWY LIGHTED/ON,,,1/13/2020 8:26:19 AM,False,7418,Accepted,
26179628,0568000,LOUISVILLE METRO POLICE DEPT,Accepted,JEFFERSON,,,COUNTRY CLUB,RD,,,ZORN,,,,,38.270729453,-85.694130096,0.686,1/10/2020 12:00:00 AM,1038,2,2,0,0,CLOUDY,DRY,False,OTHER INTERSECTION COLLISIONS,REAR END,STRAIGHT & LEVEL,DAYLIGHT,,,1/13/2020 8:27:06 AM,False,5243,Accepted,
26179652,0568000,LOUISVILLE METRO POLICE DEPT,Accepted,JEFFERSON,,,7TH,ST,S,,MAGNOLIA,,,,,38.229641748,-85.767551459,0.871,1/10/2020 12:00:00 AM,1735,2,2,0,0,RAINING,WET,True,OTHER INTERSECTION COLLISIONS,REAR END,STRAIGHT & LEVEL,DAYLIGHT,,,1/13/2020 8:29:06 AM,False,7433,Accepted,
26179626,0568000,LOUISVILLE METRO POLICE DEPT,Accepted,JEFFERSON,,,COMMERCE PARK,CT,,KY1865,NEW CUT,,,,,38.117618612,-85.775368440,,1/10/2020 12:00:00 AM,0840,2,2,0,0,CLOUDY,DRY,True,OTHER INTERSECTION COLLISIONS,REAR END,STRAIGHT & LEVEL,DAYLIGHT,,,1/13/2020 8:27:00 AM,False,7202,Accepted,
26179685,0568000,LOUISVILLE METRO POLICE DEPT,Accepted,JEFFERSON,KY1065,,OUTER,LOOP,,,CAROL,,,,,38.138440773,-85.684792179,6.156,1/10/2020 12:00:00 AM,1940,2,2,0,0,RAINING,WET,False,OTHER INTERSECTION COLLISIONS,REAR END,STRAIGHT & LEVEL,DARK-HWY LIGHTED/ON,,,1/13/2020 8:31:58 AM,False,5214,Accepted,
26179905,0568000,LOUISVILLE METRO POLICE DEPT,Accepted,JEFFERSON,,,ROY WILKINS,AVE,,,CHESTNUT,,,,,38.249869713,-85.766142235,0.537,1/10/2020 12:00:00 AM,0741,2,2,0,0,CLEAR,DRY,False,OTHER INTERSECTION COLLISIONS,REAR END,STRAIGHT & LEVEL,DAYLIGHT,,,1/13/2020 8:48:36 AM,False,5173,Accepted,
26906868,0568000,LOUISVILLE METRO POLICE DEPT,Accepted,JEFFERSON,KY1931,,ST ANDREWS CHURCH,RD,,,CARDINAL OAKS,,,,,38.152955393,-85.817129790,4.557,1/10/2020 12:00:00 AM,1700,3,3,0,0,RAINING,WET,False,OTHER INTERSECTION COLLISIONS,REAR END,STRAIGHT & LEVEL,DAYLIGHT,,,7/8/2020 8:48:28 AM,False,7267,Accepted,
26179758,0568000,LOUISVILLE METRO POLICE DEPT,Accepted,JEFFERSON,,,STONY BROOK,DR,,,MICHAEL EDWARD,,,,,38.174236298,-85.600598792,0.292,1/10/2020 12:00:00 AM,0812,2,2,0,0,CLOUDY,DRY,False,OTHER INTERSECTION COLLISIONS,REAR END,STRAIGHT & LEVEL,DAYLIGHT,,,1/13/2020 8:37:00 AM,False,6494,Accepted,
26179675,0568000,LOUISVILLE METRO POLICE DEPT,Accepted,JEFFERSON,KY1020,,NATIONAL,TPKE,,,SAM,,,,,38.145144374,-85.757409474,4.987,1/10/2020 12:00:00 AM,1828,2,1,0,1,RAINING,WET,False,COLLISION WITH PEDESTRIAN IN INTERSECTION,SINGLE VEHICLE,STRAIGHT & LEVEL,DARK-HWY NOT LIGHTED,,,1/13/2020 8:31:18 AM,False,7139,Accepted,
26179732,0568000,LOUISVILLE METRO POLICE DEPT,Accepted,JEFFERSON,,,9TH,ST,S,US0150,BROADWAY,,,,,38.246800500,-85.766378011,,1/10/2020 12:00:00 AM,1332,2,1,0,1,CLOUDY,DRY,False,COLLISION WITH PEDESTRIAN IN INTERSECTION,SINGLE VEHICLE,STRAIGHT & LEVEL,DAYLIGHT,,,1/13/2020 8:35:02 AM,False,5187,Accepted,
26204783,0568000,LOUISVILLE METRO POLICE DEPT,Accepted,JEFFERSON,,,DEERING,RD,,,FLOWERVALE,,,,,38.090054585,-85.871939452,1.572,1/10/2020 12:00:00 AM,1739,2,2,0,0,CLEAR,DRY,True,ANGLE COLLISION - ONE VEHICLE TURNING LEFT,ANGLE,CURVE & LEVEL,DARK (UNKNOWN ROADWAY LIGHTING),,,1/17/2020 8:15:25 AM,False,7483,Accepted,
26168861,0568000,LOUISVILLE METRO POLICE DEPT,Accepted,JEFFERSON,,,SPRING,ST,S,,QUARRY,,,,,38.250727587,-85.718043164,0.158,1/10/2020 12:00:00 AM,0130,2,2,0,0,CLOUDY,WET,True,COLLISION WITH PARKED VEHICLE,BACKING,STRAIGHT & LEVEL,DARK-HWY LIGHTED/ON,,,1/10/2020 8:31:58 AM,False,5152,Accepted,
27657271,0568000,LOUISVILLE METRO POLICE DEPT,Accepted,JEFFERSON,KY1934,,GREENBELT,HWY,,,DISTRIBUTION,,,,,38.149563826,-85.886344896,4.636,1/10/2020 12:00:00 AM,0704,2,2,0,0,CLOUDY,DRY,False,ANGLE COLLISION - OTHER,ANGLE,STRAIGHT & LEVEL,DAWN,,,1/11/2021 8:46:02 AM,False,7340,Accepted,
26179730,0568000,LOUISVILLE METRO POLICE DEPT,Accepted,JEFFERSON,KY1020,,2ND,ST,S,US0150,BROADWAY,,,,,38.245860118,-85.755084009,12.095,1/10/2020 12:00:00 AM,1352,2,2,0,0,CLOUDY,WET,False,ANGLE COLLISION - OTHER,ANGLE,STRAIGHT & LEVEL,DAYLIGHT,,,1/13/2020 8:34:56 AM,False,5168,Accepted,
26179686,0568000,LOUISVILLE METRO POLICE DEPT,Accepted,JEFFERSON,KY1747,,FERN VALLEY,RD,,,PARAMOUNT PARK,,,,,38.157102734,-85.712395617,1.085,1/10/2020 12:00:00 AM,1940,2,2,0,0,RAINING,WET,False,ANGLE COLLISION - OTHER,ANGLE,STRAIGHT & LEVEL,DARK (UNKNOWN ROADWAY LIGHTING),,,1/13/2020 8:32:04 AM,False,5248,Accepted,
26179659,0568000,LOUISVILLE METRO POLICE DEPT,Accepted,JEFFERSON,,,KENTUCKY,ST,E,KY0864,SHELBY,,,,,38.236937925,-85.740858941,0.757,1/10/2020 12:00:00 AM,1738,2,2,0,0,RAINING,WET,False,ANGLE COLLISION - OTHER,ANGLE,STRAIGHT & LEVEL,DARK-HWY LIGHTED/ON,,,1/13/2020 8:30:06 AM,False,7418,Accepted,
26179681,0568000,LOUISVILLE METRO POLICE DEPT,Accepted,JEFFERSON,,,CHAMBERLAIN,LN,,,OSCAR,,,,,38.300768916,-85.542820097,2.223,1/10/2020 12:00:00 AM,1812,2,2,0,0,RAINING,WET,False,ANGLE COLLISION - OTHER,ANGLE,CURVE & HILLCREST,DARK-HWY LIGHTED/ON,,,1/13/2020 8:31:44 AM,False,7355,Accepted,
26179727,0568000,LOUISVILLE METRO POLICE DEPT,Accepted,JEFFERSON,KY0864,,BEULAH CHURCH,RD,,I 0265,I265 E EXIT15 ON RAMP FROM KY864,,,,,38.125697121,-85.614538828,3.437,1/10/2020 12:00:00 AM,2151,2,2,0,0,RAINING,WET,False,ANGLE COLLISION - OTHER,ANGLE,STRAIGHT & LEVEL,DARK-HWY LIGHTED/ON,,,1/13/2020 8:34:47 AM,False,5011,Accepted,
26179772,0568000,LOUISVILLE METRO POLICE DEPT,Accepted,JEFFERSON,KY1934,,CANE RUN,RD,,,TRAPPERS,,,,,38.203384297,-85.832164173,9.591,1/10/2020 12:00:00 AM,1109,2,2,0,0,CLOUDY,DRY,False,ANGLE COLLISION - OTHER,ANGLE,STRAIGHT & LEVEL,DAYLIGHT,,,1/13/2020 8:38:14 AM,False,7458,Accepted,
26192616,0568000,LOUISVILLE METRO POLICE DEPT,Accepted,JEFFERSON,KY1065,,OUTER,LOOP,,,SMYRNA,,,,,38.138062512,-85.641921629,8.507,1/10/2020 12:00:00 AM,0628,2,2,0,3,CLOUDY,DRY,False,ANGLE COLLISION - OTHER,ANGLE,STRAIGHT & HILLCREST,DARK-HWY NOT LIGHTED,,,1/15/2020 8:14:58 AM,False,5141,Accepted,
26198421,0568000,LOUISVILLE METRO POLICE DEPT,Accepted,JEFFERSON,,,26TH,ST,S,,CHESTNUT,,,,,38.253023569,-85.794486768,0.534,1/10/2020 12:00:00 AM,2127,2,2,0,0,RAINING,WET,False,ANGLE COLLISION - OTHER,ANGLE,STRAIGHT & LEVEL,DARK-HWY LIGHTED/ON,,,1/16/2020 8:19:37 AM,False,5158,Accepted,
26179906,0568000,LOUISVILLE METRO POLICE DEPT,Accepted,JEFFERSON,US0031W,,MAIN,ST,W,,12TH,,,,,38.258066915,-85.769708708,21.205,1/10/2020 12:00:00 AM,1217,2,2,0,0,CLEAR,DRY,False,SIDESWIPE-SAME DIRECTION,SIDESWIPE-SAME DIRECTION,STRAIGHT & LEVEL,DAYLIGHT,,,1/13/2020 8:48:40 AM,False,5173,Accepted,
26179611,0568000,LOUISVILLE METRO POLICE DEPT,Accepted,JEFFERSON,US0031W,,DIXIE,HWY,,,ASHBY,,,,,38.102960262,-85.869652310,8.275,1/10/2020 12:00:00 AM,0639,2,2,0,0,CLOUDY,DRY,True,REAR END - ONE VEHICLE TURNING LEFT,REAR END,STRAIGHT & LEVEL,DARK-HWY NOT LIGHTED,,,1/13/2020 8:25:56 AM,False,2311,Accepted,
26179604,0568000,LOUISVILLE METRO POLICE DEPT,Accepted,JEFFERSON,,,ENGLISH STATION,RD,S,,ENGLISH VILLA,,,,,38.239273337,-85.494314157,0.093,1/10/2020 12:00:00 AM,0757,2,2,0,0,CLOUDY,DRY,False,OPPOSING LEFT TURN,OPPOSING LEFT TURN,STRAIGHT & LEVEL,DAYLIGHT,,,1/13/2020 8:25:42 AM,False,6334,Accepted,
26179648,0568000,LOUISVILLE METRO POLICE DEPT,Accepted,JEFFERSON,KY1747,,FERN VALLEY,RD,,KY1747,KY1747 CROSSOVER,,,,,38.157394860,-85.695642697,2.017,1/10/2020 12:00:00 AM,1331,4,4,0,0,CLOUDY,DRY,False,OPPOSING LEFT TURN,OPPOSING LEFT TURN,STRAIGHT & LEVEL,DAYLIGHT,,,1/13/2020 8:28:37 AM,False,4693,Accepted,
26310236,0568000,LOUISVILLE METRO POLICE DEPT,Accepted,JEFFERSON,,,BLUEGRASS,AVE,,KY1865,TAYLOR,,,,,38.179599343,-85.783267762,0.853,1/10/2020 12:00:00 AM,1945,2,2,0,2,RAINING,WET,False,OPPOSING LEFT TURN,OPPOSING LEFT TURN,STRAIGHT & LEVEL,DARK-HWY LIGHTED/ON,,,2/6/2020 10:20:22 AM,False,7455,Accepted,